subject	block	trial	texture	category	image	trialOnset	itiOnset	trialEnd	iti	EEGtrigger	responseKey	responseTime	accuracy
131	1	1	13	bathroom	sun_aavhrsfjbserjtht.tif	1024605.850221	1024606.108814	1024606.849195	7.507944e-01	3	none	NaN	NaN
131	1	2	49	bathroom	sun_asfwthctfqerjvxr.tif	1024607.618638	1024607.877224	1024608.617501	8.425582e-01	39	none	NaN	NaN
131	1	3	25	bathroom	sun_agyqfjcfkdcydepw.tif	1024609.387058	1024609.645652	1024610.385847	6.590306e-01	15	39	1024613.502424	1
131	1	4	38	bathroom	sun_anhioqovhscjqqwb.tif	1024614.275236	1024614.533830	1024615.274160	7.841630e-01	28	none	NaN	NaN
131	1	5	37	bathroom	sun_amzlamotzwfkwjco.tif	1024616.052024	1024616.310592	1024617.051007	7.174258e-01	27	none	NaN	NaN
131	1	6	16	bathroom	sun_acduarbnmmoglmiv.tif	1024617.820422	1024618.079011	1024618.819237	6.923993e-01	6	none	NaN	NaN
131	1	7	41	bathroom	sun_aoybiabnpadelefl.tif	1024619.588843	1024619.847438	1024620.587720	6.923993e-01	31	39	1024622.206283	1
131	1	8	55	bathroom	sun_avhrdrntsqrjzccq.tif	1024622.983881	1024623.242470	1024623.982818	6.923993e-01	45	none	NaN	NaN
131	1	9	60	bathroom	sun_azqyogdvyhahyram.tif	1024624.752299	1024625.010883	1024625.751036	7.424522e-01	50	37	1024626.774337	1
131	1	10	29	bathroom	sun_ahqjwnzgolcaoidx.tif	1024627.546732	1024627.805325	1024628.545643	7.341101e-01	19	none	NaN	NaN
131	1	11	15	bathroom	sun_abjtwfukuwddzted.tif	1024629.315158	1024629.573752	1024630.314065	8.342160e-01	5	37	1024631.478508	1
131	1	12	39	bathroom	sun_anryaplzeujmzfkd.tif	1024632.251397	1024632.509989	1024633.250209	6.757150e-01	29	none	NaN	NaN
131	1	13	17	bathroom	sun_acegryoqftbzowsg.tif	1024634.019820	1024634.278413	1024635.018554	8.091895e-01	7	none	NaN	NaN
131	1	14	30	bathroom	sun_ajlawzvmubibwbpy.tif	1024635.788239	1024636.046832	1024636.787092	8.175317e-01	20	none	NaN	NaN
131	1	15	23	bathroom	sun_aghyqhbptboemmoq.tif	1024637.556664	1024637.815245	1024638.555579	7.841630e-01	13	none	NaN	NaN
131	1	16	53	bathroom	sun_ausgutylgojavyoq.tif	1024639.325081	1024639.583670	1024640.324036	7.507944e-01	43	none	NaN	NaN
131	1	17	59	bathroom	sun_axyrejkiiaqiurjk.tif	1024641.093503	1024641.352094	1024642.092226	7.424522e-01	49	none	NaN	NaN
131	1	18	58	bathroom	sun_axxbkopsgyouuebh.tif	1024642.853582	1024643.112171	1024643.852527	7.341101e-01	48	none	NaN	NaN
131	1	19	14	bathroom	sun_abapwbhyhkfixyex.tif	1024644.621999	1024644.880590	1024645.620890	7.090836e-01	4	none	NaN	NaN
131	1	20	33	bathroom	sun_aljolscmmzydegqp.tif	1024646.390422	1024646.649013	1024647.389373	6.923993e-01	23	none	NaN	NaN
131	1	21	46	bathroom	sun_apmqjbnwghzuhhzh.tif	1024648.158843	1024648.417430	1024649.157766	7.341101e-01	36	39	1024650.030436	1
131	1	22	18	bathroom	sun_acgyywnybuveqsro.tif	1024650.803133	1024651.061721	1024651.801944	6.757150e-01	8	none	NaN	NaN
131	1	23	19	bathroom	sun_aclfzgynxzxlbepz.tif	1024652.571550	1024652.830141	1024653.570401	7.758209e-01	9	none	NaN	NaN
131	1	24	11	bathroom	labelme_sfxiulhjbhlyiyt.tif	1024654.339972	1024654.598561	1024655.338834	6.673728e-01	1	39	1024656.773987	1
131	1	25	27	bathroom	sun_ahcvzmoyaycdoftf.tif	1024657.551488	1024657.810083	1024658.550405	8.258738e-01	17	none	NaN	NaN
131	1	26	21	bathroom	sun_aggnnqpdorgxpvce.tif	1024659.319911	1024659.578497	1024660.318623	7.591366e-01	11	none	NaN	NaN
131	1	27	42	bathroom	sun_apeeialkgkuxddgh.tif	1024661.088330	1024661.346922	1024662.087202	7.591366e-01	32	none	NaN	NaN
131	1	28	56	bathroom	sun_awnqiikzaispgmwo.tif	1024662.856748	1024663.115335	1024663.855561	8.175317e-01	46	none	NaN	NaN
131	1	29	44	bathroom	sun_apkruvsevgegsdwp.tif	1024664.625168	1024664.883761	1024665.623881	7.424522e-01	34	none	NaN	NaN
131	1	30	20	bathroom	sun_afcoljnjfoxjtgja.tif	1024666.393590	1024666.652187	1024667.392488	7.174258e-01	10	none	NaN	NaN
131	1	31	28	bathroom	sun_ahijqszoswveeyji.tif	1024668.162002	1024668.420601	1024669.160922	8.425582e-01	18	none	NaN	NaN
131	1	32	26	bathroom	sun_ahaulkltgpkeeemi.tif	1024669.930433	1024670.189021	1024670.929169	7.674787e-01	16	none	NaN	NaN
131	1	33	22	bathroom	sun_agguqiubmwhqqunb.tif	1024671.698854	1024671.957443	1024672.697639	6.923993e-01	12	none	NaN	NaN
131	1	34	47	bathroom	sun_apynckhmoftszqoq.tif	1024673.467274	1024673.725867	1024674.466013	7.591366e-01	37	none	NaN	NaN
131	1	35	45	bathroom	sun_apkxzenqapsujocq.tif	1024675.235692	1024675.494279	1024676.234475	8.175317e-01	35	none	NaN	NaN
131	1	36	34	bathroom	sun_alkosphxlxwjwgjd.tif	1024677.004111	1024677.262703	1024678.003049	8.342160e-01	24	none	NaN	NaN
131	1	37	12	bathroom	sun_aapitsgbtktqubfy.tif	1024678.772532	1024679.031120	1024679.771299	8.091895e-01	2	none	NaN	NaN
131	1	38	52	bathroom	sun_aunuadmjocsddsrl.tif	1024680.540952	1024680.799543	1024681.539730	7.090836e-01	42	none	NaN	NaN
131	1	39	50	bathroom	sun_aspsyogrekjtfozg.tif	1024682.309371	1024682.567960	1024683.308288	7.925052e-01	40	none	NaN	NaN
131	1	40	54	bathroom	sun_auzqhkafidnkrwmo.tif	1024684.077792	1024684.336381	1024685.076506	6.506885e-01	44	none	NaN	NaN
131	1	41	31	bathroom	sun_akiytfaagpdsphgz.tif	1024685.846215	1024686.104802	1024686.845060	6.590306e-01	21	39	1024687.974344	1
131	1	42	48	bathroom	sun_aqrpegblszgcoujh.tif	1024688.749092	1024689.007684	1024689.747881	8.091895e-01	38	none	NaN	NaN
131	1	43	35	bathroom	sun_alotolagknyrgtsk.tif	1024690.517515	1024690.776103	1024691.516291	8.008474e-01	25	none	NaN	NaN
131	1	44	24	bathroom	sun_agrwbmhcpmfuwmsg.tif	1024692.285932	1024692.544526	1024693.284872	7.257679e-01	14	none	NaN	NaN
131	1	45	40	bathroom	sun_aofnryafpsjimzsb.tif	1024694.054353	1024694.312946	1024695.053297	7.841630e-01	30	none	NaN	NaN
131	1	46	36	bathroom	sun_ambriybtogmepttm.tif	1024695.822770	1024696.081366	1024696.821502	7.758209e-01	26	none	NaN	NaN
131	1	47	57	bathroom	sun_axldvoqbuvuggfmq.tif	1024697.591195	1024697.849780	1024698.589985	8.258738e-01	47	none	NaN	NaN
131	1	48	43	bathroom	sun_apjevzvycyhuqghb.tif	1024699.359613	1024699.618200	1024700.358333	6.506885e-01	33	none	NaN	NaN
131	1	49	32	bathroom	sun_aleqenyvunhactkl.tif	1024701.128034	1024701.386620	1024702.126936	7.007414e-01	22	none	NaN	NaN
131	1	50	51	bathroom	sun_atstyziqcmkahyxk.tif	1024702.896456	1024703.155041	1024703.895230	8.008474e-01	41	none	NaN	NaN
131	1	51	59	bathroom	sun_axyrejkiiaqiurjk.tif	1024704.664874	1024704.923465	1024705.663811	7.007414e-01	49	none	NaN	NaN
131	1	52	11	bathroom	labelme_sfxiulhjbhlyiyt.tif	1024706.433293	1024706.691888	1024707.432166	7.341101e-01	1	none	NaN	NaN
131	1	53	25	bathroom	sun_agyqfjcfkdcydepw.tif	1024708.201717	1024708.460307	1024709.200545	7.507944e-01	15	none	NaN	NaN
131	1	54	16	bathroom	sun_acduarbnmmoglmiv.tif	1024709.970135	1024710.228726	1024710.969161	7.174258e-01	6	none	NaN	NaN
131	1	55	21	bathroom	sun_aggnnqpdorgxpvce.tif	1024711.738556	1024711.997149	1024712.737486	7.591366e-01	11	none	NaN	NaN
131	1	56	51	bathroom	sun_atstyziqcmkahyxk.tif	1024713.506976	1024713.765564	1024714.505857	7.925052e-01	41	none	NaN	NaN
131	1	57	32	bathroom	sun_aleqenyvunhactkl.tif	1024715.275395	1024715.533976	1024716.274171	7.925052e-01	22	none	NaN	NaN
131	1	58	33	bathroom	sun_aljolscmmzydegqp.tif	1024717.035475	1024717.294060	1024718.034189	7.674787e-01	23	none	NaN	NaN
131	1	59	18	bathroom	sun_acgyywnybuveqsro.tif	1024718.803892	1024719.062479	1024719.802620	7.090836e-01	8	none	NaN	NaN
131	1	60	36	bathroom	sun_ambriybtogmepttm.tif	1024720.572312	1024720.830902	1024721.571275	7.841630e-01	26	none	NaN	NaN
131	1	61	13	bathroom	sun_aavhrsfjbserjtht.tif	1024722.340731	1024722.599326	1024723.339681	8.509003e-01	3	none	NaN	NaN
131	1	62	56	bathroom	sun_awnqiikzaispgmwo.tif	1024724.109153	1024724.367738	1024725.107916	7.758209e-01	46	39	1024726.382411	1
131	1	63	14	bathroom	sun_abapwbhyhkfixyex.tif	1024727.153837	1024727.412428	1024728.152616	6.590306e-01	4	none	NaN	NaN
131	1	64	45	bathroom	sun_apkxzenqapsujocq.tif	1024728.922265	1024729.180856	1024729.921227	8.091895e-01	35	none	NaN	NaN
131	1	65	38	bathroom	sun_anhioqovhscjqqwb.tif	1024730.690681	1024730.949269	1024731.689563	8.258738e-01	28	37	1024732.550473	1
131	1	66	44	bathroom	sun_apkruvsevgegsdwp.tif	1024733.326631	1024733.585219	1024734.325390	8.008474e-01	34	37	1024735.270433	1
131	1	67	35	bathroom	sun_alotolagknyrgtsk.tif	1024736.045987	1024736.304580	1024737.044778	6.673728e-01	25	none	NaN	NaN
131	1	68	55	bathroom	sun_avhrdrntsqrjzccq.tif	1024737.814411	1024738.073001	1024738.813182	6.757150e-01	45	39	1024739.974417	1
131	1	69	22	bathroom	sun_agguqiubmwhqqunb.tif	1024740.750655	1024741.009245	1024741.749508	6.840571e-01	12	none	NaN	NaN
131	1	70	24	bathroom	sun_agrwbmhcpmfuwmsg.tif	1024742.519073	1024742.777669	1024743.518037	7.424522e-01	14	none	NaN	NaN
131	1	71	47	bathroom	sun_apynckhmoftszqoq.tif	1024744.287494	1024744.546083	1024745.286409	8.342160e-01	37	none	NaN	NaN
131	1	72	53	bathroom	sun_ausgutylgojavyoq.tif	1024746.055918	1024746.314505	1024747.054820	7.591366e-01	43	none	NaN	NaN
131	1	73	15	bathroom	sun_abjtwfukuwddzted.tif	1024747.824333	1024748.082925	1024748.823278	8.008474e-01	5	none	NaN	NaN
131	1	74	28	bathroom	sun_ahijqszoswveeyji.tif	1024749.592757	1024749.851343	1024750.591472	7.257679e-01	18	none	NaN	NaN
131	1	75	26	bathroom	sun_ahaulkltgpkeeemi.tif	1024751.361175	1024751.619747	1024752.359997	8.175317e-01	16	37	1024753.102338	1
131	1	76	58	bathroom	sun_axxbkopsgyouuebh.tif	1024753.880340	1024754.138935	1024754.879079	6.840571e-01	48	none	NaN	NaN
131	1	77	17	bathroom	sun_acegryoqftbzowsg.tif	1024755.648762	1024755.907352	1024756.647491	6.840571e-01	7	37	1024757.550497	1
131	1	78	54	bathroom	sun_auzqhkafidnkrwmo.tif	1024758.326416	1024758.585008	1024759.325191	8.342160e-01	44	none	NaN	NaN
131	1	79	30	bathroom	sun_ajlawzvmubibwbpy.tif	1024760.094836	1024760.353426	1024761.093752	7.174258e-01	20	none	NaN	NaN
131	1	80	19	bathroom	sun_aclfzgynxzxlbepz.tif	1024761.863256	1024762.121847	1024762.862081	8.258738e-01	9	none	NaN	NaN
131	1	81	60	bathroom	sun_azqyogdvyhahyram.tif	1024763.631678	1024763.890263	1024764.630422	7.257679e-01	50	none	NaN	NaN
131	1	82	50	bathroom	sun_aspsyogrekjtfozg.tif	1024765.400099	1024765.658694	1024766.398835	7.758209e-01	40	none	NaN	NaN
131	1	83	42	bathroom	sun_apeeialkgkuxddgh.tif	1024767.168521	1024767.427107	1024768.167331	7.007414e-01	32	none	NaN	NaN
131	1	84	49	bathroom	sun_asfwthctfqerjvxr.tif	1024768.936939	1024769.195528	1024769.935869	7.674787e-01	39	none	NaN	NaN
131	1	85	27	bathroom	sun_ahcvzmoyaycdoftf.tif	1024770.705354	1024770.963945	1024771.704118	7.007414e-01	17	none	NaN	NaN
131	1	86	12	bathroom	sun_aapitsgbtktqubfy.tif	1024772.473780	1024772.732360	1024773.472658	7.257679e-01	2	none	NaN	NaN
131	1	87	23	bathroom	sun_aghyqhbptboemmoq.tif	1024774.242200	1024774.500783	1024775.241136	6.506885e-01	13	39	1024776.230125	1
131	1	88	20	bathroom	sun_afcoljnjfoxjtgja.tif	1024777.003268	1024777.261852	1024778.002203	8.425582e-01	10	none	NaN	NaN
131	1	89	40	bathroom	sun_aofnryafpsjimzsb.tif	1024778.771690	1024779.030281	1024779.770435	6.590306e-01	30	none	NaN	NaN
131	1	90	39	bathroom	sun_anryaplzeujmzfkd.tif	1024780.540119	1024780.798702	1024781.538866	6.840571e-01	29	none	NaN	NaN
131	1	91	43	bathroom	sun_apjevzvycyhuqghb.tif	1024782.308525	1024782.567116	1024783.307264	8.258738e-01	33	none	NaN	NaN
131	1	92	34	bathroom	sun_alkosphxlxwjwgjd.tif	1024784.076951	1024784.335540	1024785.075712	6.673728e-01	24	none	NaN	NaN
131	1	93	41	bathroom	sun_aoybiabnpadelefl.tif	1024785.845371	1024786.103950	1024786.844171	8.425582e-01	31	none	NaN	NaN
131	1	94	46	bathroom	sun_apmqjbnwghzuhhzh.tif	1024787.613790	1024787.872382	1024788.612560	6.757150e-01	36	none	NaN	NaN
131	1	95	57	bathroom	sun_axldvoqbuvuggfmq.tif	1024789.382212	1024789.640800	1024790.380990	8.509003e-01	47	none	NaN	NaN
131	1	96	31	bathroom	sun_akiytfaagpdsphgz.tif	1024791.150633	1024791.409218	1024792.149348	7.507944e-01	21	37	1024792.958528	1
131	1	97	37	bathroom	sun_amzlamotzwfkwjco.tif	1024793.736528	1024793.995118	1024794.735388	7.090836e-01	27	none	NaN	NaN
131	1	98	29	bathroom	sun_ahqjwnzgolcaoidx.tif	1024795.504944	1024795.763537	1024796.503817	7.674787e-01	19	none	NaN	NaN
131	1	99	52	bathroom	sun_aunuadmjocsddsrl.tif	1024797.273363	1024797.531955	1024798.272282	7.925052e-01	42	none	NaN	NaN
131	1	100	48	bathroom	sun_aqrpegblszgcoujh.tif	1024799.041785	1024799.300376	1024800.040842	6.673728e-01	38	none	NaN	NaN
131	2	1	62	kitchen	labelme_kxvouciolcpqplr.tif	1024810.269585	1024810.528180	1024811.218465	8.258738e-01	52	none	NaN	NaN
131	2	2	82	kitchen	sun_aenotlpyftoioydp.tif	1024811.987959	1024812.246551	1024812.936626	7.007414e-01	72	none	NaN	NaN
131	2	3	80	kitchen	sun_aegoxogugdkwpmpj.tif	1024813.706328	1024813.964913	1024814.655030	8.258738e-01	70	none	NaN	NaN
131	2	4	84	kitchen	sun_aexklacwqwezaorf.tif	1024815.424695	1024815.683289	1024816.373556	7.507944e-01	74	none	NaN	NaN
131	2	5	88	kitchen	sun_agubuxuukhzyzpdp.tif	1024817.143066	1024817.401648	1024818.091883	7.424522e-01	78	none	NaN	NaN
131	2	6	85	kitchen	sun_afuyedyxivkhecmu.tif	1024818.861441	1024819.120024	1024819.810205	7.925052e-01	75	39	1024825.110549	0
131	2	7	73	kitchen	sun_abrcnpqqhmjwekyf.tif	1024825.885068	1024826.143655	1024826.833750	7.591366e-01	63	none	NaN	NaN
131	2	8	99	kitchen	sun_akcjzhbbjlbogpdi.tif	1024827.603441	1024827.862028	1024828.552136	7.257679e-01	89	none	NaN	NaN
131	2	9	75	kitchen	sun_acgtpgfybqjmzeyw.tif	1024829.321812	1024829.580393	1024830.270622	7.591366e-01	65	none	NaN	NaN
131	2	10	92	kitchen	sun_ahpczsiumwwocjkv.tif	1024831.040182	1024831.298770	1024831.988943	7.591366e-01	82	none	NaN	NaN
131	2	11	67	kitchen	sun_aarfiyshqohlwkmo.tif	1024832.758549	1024833.017141	1024833.707326	7.507944e-01	57	37	1024835.582534	1
131	2	12	89	kitchen	sun_agzzivivdpnawacl.tif	1024836.353779	1024836.612372	1024837.302481	7.090836e-01	79	none	NaN	NaN
131	2	13	87	kitchen	sun_agorklincwxrdtga.tif	1024838.072150	1024838.330744	1024839.020986	8.342160e-01	77	none	NaN	NaN
131	2	14	70	kitchen	sun_abdxkyyxwfskuaqb.tif	1024839.790525	1024840.049115	1024840.739257	7.007414e-01	60	none	NaN	NaN
131	2	15	69	kitchen	sun_abdenxonkemggwsq.tif	1024841.508895	1024841.767484	1024842.457560	6.506885e-01	59	none	NaN	NaN
131	2	16	66	kitchen	sun_aapllqyqlykszopd.tif	1024843.227264	1024843.485852	1024844.176058	7.341101e-01	56	37	1024849.542482	0
131	2	17	104	kitchen	sun_auticobqsbwgoppi.tif	1024850.317626	1024850.576203	1024851.266378	8.008474e-01	94	none	NaN	NaN
131	2	18	90	kitchen	sun_ahdycvpopffkzzsu.tif	1024852.035993	1024852.294586	1024852.984866	6.840571e-01	80	none	NaN	NaN
131	2	19	96	kitchen	sun_ajcbwwvdlsvjyzje.tif	1024853.754364	1024854.012956	1024854.703173	6.923993e-01	86	none	NaN	NaN
131	2	20	65	kitchen	sun_aamedkxepzlwuxes.tif	1024855.472740	1024855.731333	1024856.421451	7.090836e-01	55	none	NaN	NaN
131	2	21	106	kitchen	sun_awcpdzzznmweyyhv.tif	1024857.191103	1024857.449700	1024858.139883	7.674787e-01	96	none	NaN	NaN
131	2	22	83	kitchen	sun_aeqdocilnnpuvuhx.tif	1024858.909480	1024859.168072	1024859.858185	8.425582e-01	73	none	NaN	NaN
131	2	23	64	kitchen	sun_aadbddgrdsjugojn.tif	1024860.627847	1024860.886442	1024861.576590	7.841630e-01	54	none	NaN	NaN
131	2	24	61	kitchen	labelme_brsyyvweiuaazfr.tif	1024862.346214	1024862.604808	1024863.294965	7.174258e-01	51	none	NaN	NaN
131	2	25	107	kitchen	sun_axyyrmzcupyhlivc.tif	1024864.064588	1024864.323180	1024865.013382	7.341101e-01	97	none	NaN	NaN
131	2	26	91	kitchen	sun_ahljzhgcdpomplvg.tif	1024865.782958	1024866.041564	1024866.731865	6.590306e-01	81	none	NaN	NaN
131	2	27	94	kitchen	sun_ahywdevtimnqcsln.tif	1024867.501329	1024867.759919	1024868.450376	7.507944e-01	84	none	NaN	NaN
131	2	28	78	kitchen	sun_adgqasybjyktddhj.tif	1024869.219701	1024869.478289	1024870.168565	7.257679e-01	68	none	NaN	NaN
131	2	29	102	kitchen	sun_auaiucuqpdausiva.tif	1024870.938074	1024871.196659	1024871.886855	6.923993e-01	92	none	NaN	NaN
131	2	30	95	kitchen	sun_aixorpehvfykdynp.tif	1024872.656441	1024872.915029	1024873.605375	6.673728e-01	85	none	NaN	NaN
131	2	31	81	kitchen	sun_aehawpgmrlhlvcow.tif	1024874.374809	1024874.633403	1024875.323555	7.007414e-01	71	39	1024876.838258	1
131	2	32	74	kitchen	sun_acfmftudsenhrfhy.tif	1024877.611350	1024877.869943	1024878.560258	8.342160e-01	64	37	1024879.342252	1
131	2	33	72	kitchen	sun_abpwyqmlzafvklqo.tif	1024880.113834	1024880.372421	1024881.062590	7.090836e-01	62	none	NaN	NaN
131	2	34	109	kitchen	sun_aypmqwcualkenuoe.tif	1024881.832204	1024882.090796	1024882.781084	7.174258e-01	99	37	1024883.942412	1
131	2	35	63	kitchen	labelme_rykdqxenmhulbdn.tif	1024884.718393	1024884.976987	1024885.667254	7.758209e-01	53	none	NaN	NaN
131	2	36	105	kitchen	sun_avszsnwsbuqfgzbn.tif	1024886.436769	1024886.695357	1024887.385640	7.090836e-01	95	none	NaN	NaN
131	2	37	98	kitchen	sun_akchetnepxlcxhsu.tif	1024888.155142	1024888.413725	1024889.103861	8.091895e-01	88	none	NaN	NaN
131	2	38	86	kitchen	sun_aggjlwcdjsjcaemh.tif	1024889.873512	1024890.132100	1024890.822416	6.673728e-01	76	none	NaN	NaN
131	2	39	68	kitchen	sun_aaxxjlsuzvqlgylf.tif	1024891.591883	1024891.850468	1024892.540617	7.591366e-01	58	none	NaN	NaN
131	2	40	71	kitchen	sun_abftihopvusyfakt.tif	1024893.310252	1024893.568842	1024894.258931	8.425582e-01	61	none	NaN	NaN
131	2	41	93	kitchen	sun_ahspylgoovwmwvgk.tif	1024895.028621	1024895.287211	1024895.977529	7.674787e-01	83	39	1024897.286642	1
131	2	42	100	kitchen	sun_amjjdeyrggfqgmom.tif	1024898.064960	1024898.323558	1024899.013833	8.175317e-01	90	none	NaN	NaN
131	2	43	108	kitchen	sun_aymvwlarqodbwuoc.tif	1024899.783335	1024900.041927	1024900.732193	6.757150e-01	98	none	NaN	NaN
131	2	44	76	kitchen	sun_acwjdupvyjsugpay.tif	1024901.501708	1024901.760298	1024902.450596	7.841630e-01	66	none	NaN	NaN
131	2	45	97	kitchen	sun_ajkqhtgcbgpcwrwn.tif	1024903.220081	1024903.478663	1024904.168954	7.758209e-01	87	none	NaN	NaN
131	2	46	79	kitchen	sun_admlmbcdswaszruo.tif	1024904.938444	1024905.197037	1024905.887121	8.258738e-01	69	none	NaN	NaN
131	2	47	77	kitchen	sun_acxkpeoqbwcxfvip.tif	1024906.656810	1024906.915405	1024907.605491	7.925052e-01	67	none	NaN	NaN
131	2	48	103	kitchen	sun_aunzlwrbjumxhwdj.tif	1024908.375188	1024908.633773	1024909.323998	7.841630e-01	93	none	NaN	NaN
131	2	49	110	kitchen	sun_azmutvzbxypaceni.tif	1024910.093559	1024910.352147	1024911.042232	8.008474e-01	100	none	NaN	NaN
131	2	50	101	kitchen	sun_aqeaevwwwjoqhzvl.tif	1024911.811926	1024912.070515	1024912.760734	7.174258e-01	91	none	NaN	NaN
131	2	51	88	kitchen	sun_agubuxuukhzyzpdp.tif	1024913.530298	1024913.788887	1024914.479150	8.175317e-01	78	none	NaN	NaN
131	2	52	92	kitchen	sun_ahpczsiumwwocjkv.tif	1024915.248672	1024915.507260	1024916.197430	6.923993e-01	82	39	1024917.286832	1
131	2	53	66	kitchen	sun_aapllqyqlykszopd.tif	1024918.059792	1024918.318380	1024919.008687	8.091895e-01	56	none	NaN	NaN
131	2	54	102	kitchen	sun_auaiucuqpdausiva.tif	1024919.778164	1024920.036752	1024920.726861	7.925052e-01	92	37	1024921.630609	1
131	2	55	78	kitchen	sun_adgqasybjyktddhj.tif	1024922.405767	1024922.664361	1024923.354598	7.925052e-01	68	none	NaN	NaN
131	2	56	68	kitchen	sun_aaxxjlsuzvqlgylf.tif	1024924.124135	1024924.382727	1024925.072894	6.757150e-01	58	none	NaN	NaN
131	2	57	62	kitchen	labelme_kxvouciolcpqplr.tif	1024925.842505	1024926.101096	1024926.791214	6.590306e-01	52	none	NaN	NaN
131	2	58	100	kitchen	sun_amjjdeyrggfqgmom.tif	1024927.560873	1024927.819463	1024928.509698	6.923993e-01	90	none	NaN	NaN
131	2	59	74	kitchen	sun_acfmftudsenhrfhy.tif	1024929.279245	1024929.537836	1024930.228080	7.174258e-01	64	none	NaN	NaN
131	2	60	109	kitchen	sun_aypmqwcualkenuoe.tif	1024930.997621	1024931.256206	1024931.946334	8.425582e-01	99	none	NaN	NaN
131	2	61	105	kitchen	sun_avszsnwsbuqfgzbn.tif	1024932.715988	1024932.974576	1024933.664800	7.591366e-01	95	none	NaN	NaN
131	2	62	67	kitchen	sun_aarfiyshqohlwkmo.tif	1024934.434361	1024934.692945	1024935.383273	6.840571e-01	57	none	NaN	NaN
131	2	63	83	kitchen	sun_aeqdocilnnpuvuhx.tif	1024936.152728	1024936.411315	1024937.101883	6.673728e-01	73	none	NaN	NaN
131	2	64	90	kitchen	sun_ahdycvpopffkzzsu.tif	1024937.871101	1024938.129692	1024938.819953	6.757150e-01	80	none	NaN	NaN
131	2	65	75	kitchen	sun_acgtpgfybqjmzeyw.tif	1024939.589462	1024939.848054	1024940.538375	7.758209e-01	65	none	NaN	NaN
131	2	66	101	kitchen	sun_aqeaevwwwjoqhzvl.tif	1024941.307837	1024941.566434	1024942.256535	7.758209e-01	91	none	NaN	NaN
131	2	67	82	kitchen	sun_aenotlpyftoioydp.tif	1024943.026206	1024943.284798	1024943.975076	6.840571e-01	72	39	1024945.342662	1
131	2	68	97	kitchen	sun_ajkqhtgcbgpcwrwn.tif	1024946.120948	1024946.379530	1024947.069840	7.007414e-01	87	none	NaN	NaN
131	2	69	77	kitchen	sun_acxkpeoqbwcxfvip.tif	1024947.839316	1024948.097905	1024948.787994	7.341101e-01	67	none	NaN	NaN
131	2	70	63	kitchen	labelme_rykdqxenmhulbdn.tif	1024949.557686	1024949.816274	1024950.506471	7.424522e-01	53	none	NaN	NaN
131	2	71	87	kitchen	sun_agorklincwxrdtga.tif	1024951.276051	1024951.534640	1024952.224715	8.342160e-01	77	none	NaN	NaN
131	2	72	84	kitchen	sun_aexklacwqwezaorf.tif	1024952.994423	1024953.253017	1024953.943174	7.674787e-01	74	none	NaN	NaN
131	2	73	94	kitchen	sun_ahywdevtimnqcsln.tif	1024954.712797	1024954.971388	1024955.661522	6.923993e-01	84	37	1024956.798482	1
131	2	74	65	kitchen	sun_aamedkxepzlwuxes.tif	1024957.573961	1024957.832553	1024958.522661	8.509003e-01	55	none	NaN	NaN
131	2	75	96	kitchen	sun_ajcbwwvdlsvjyzje.tif	1024959.292336	1024959.550927	1024960.241352	7.507944e-01	86	39	1024961.438747	1
131	2	76	106	kitchen	sun_awcpdzzznmweyyhv.tif	1024962.211894	1024962.470491	1024963.160721	8.008474e-01	96	none	NaN	NaN
131	2	77	80	kitchen	sun_aegoxogugdkwpmpj.tif	1024963.930269	1024964.188860	1024964.878933	8.258738e-01	70	37	1024966.422333	1
131	2	78	95	kitchen	sun_aixorpehvfykdynp.tif	1024967.200178	1024967.458768	1024968.148895	7.424522e-01	85	none	NaN	NaN
131	2	79	81	kitchen	sun_aehawpgmrlhlvcow.tif	1024968.918548	1024969.177138	1024969.867462	8.175317e-01	71	none	NaN	NaN
131	2	80	76	kitchen	sun_acwjdupvyjsugpay.tif	1024970.636920	1024970.895512	1024971.585709	6.590306e-01	66	39	1024972.614691	1
131	2	81	61	kitchen	labelme_brsyyvweiuaazfr.tif	1024973.389647	1024973.648233	1024974.338378	8.091895e-01	51	none	NaN	NaN
131	2	82	98	kitchen	sun_akchetnepxlcxhsu.tif	1024975.108015	1024975.366605	1024976.056866	8.008474e-01	88	none	NaN	NaN
131	2	83	91	kitchen	sun_ahljzhgcdpomplvg.tif	1024976.826389	1024977.084974	1024977.775172	6.506885e-01	81	none	NaN	NaN
131	2	84	72	kitchen	sun_abpwyqmlzafvklqo.tif	1024978.544760	1024978.803339	1024979.493499	6.590306e-01	62	none	NaN	NaN
131	2	85	107	kitchen	sun_axyyrmzcupyhlivc.tif	1024980.263127	1024980.521717	1024981.211960	7.424522e-01	97	39	1024982.222707	1
131	2	86	104	kitchen	sun_auticobqsbwgoppi.tif	1024982.999174	1024983.257765	1024983.948013	6.840571e-01	94	none	NaN	NaN
131	2	87	108	kitchen	sun_aymvwlarqodbwuoc.tif	1024984.717546	1024984.976134	1024985.666228	7.257679e-01	98	none	NaN	NaN
131	2	88	93	kitchen	sun_ahspylgoovwmwvgk.tif	1024986.435915	1024986.694503	1024987.384721	8.258738e-01	83	none	NaN	NaN
131	2	89	86	kitchen	sun_aggjlwcdjsjcaemh.tif	1024988.154289	1024988.412874	1024989.103152	8.175317e-01	76	none	NaN	NaN
131	2	90	103	kitchen	sun_aunzlwrbjumxhwdj.tif	1024989.872660	1024990.131249	1024990.821438	6.506885e-01	93	none	NaN	NaN
131	2	91	73	kitchen	sun_abrcnpqqhmjwekyf.tif	1024991.591025	1024991.849613	1024992.539699	7.341101e-01	63	none	NaN	NaN
131	2	92	89	kitchen	sun_agzzivivdpnawacl.tif	1024993.309396	1024993.568008	1024994.258278	7.674787e-01	79	none	NaN	NaN
131	2	93	71	kitchen	sun_abftihopvusyfakt.tif	1024995.027764	1024995.286352	1024995.976510	6.757150e-01	61	none	NaN	NaN
131	2	94	85	kitchen	sun_afuyedyxivkhecmu.tif	1024996.746136	1024997.004728	1024997.694805	8.509003e-01	75	none	NaN	NaN
131	2	95	64	kitchen	sun_aadbddgrdsjugojn.tif	1024998.464509	1024998.723096	1024999.413286	6.673728e-01	54	none	NaN	NaN
131	2	96	110	kitchen	sun_azmutvzbxypaceni.tif	1025000.182877	1025000.441467	1025001.131721	8.425582e-01	100	none	NaN	NaN
131	2	97	70	kitchen	sun_abdxkyyxwfskuaqb.tif	1025001.901252	1025002.159840	1025002.850021	8.342160e-01	60	none	NaN	NaN
131	2	98	99	kitchen	sun_akcjzhbbjlbogpdi.tif	1025003.619619	1025003.878205	1025004.568317	7.841630e-01	89	none	NaN	NaN
131	2	99	79	kitchen	sun_admlmbcdswaszruo.tif	1025005.337937	1025005.596578	1025006.286730	8.091895e-01	69	none	NaN	NaN
131	2	100	69	kitchen	sun_abdenxonkemggwsq.tif	1025007.056363	1025007.314947	1025008.005271	7.257679e-01	59	none	NaN	NaN
131	3	1	27	bathroom	sun_ahcvzmoyaycdoftf.tif	1025015.339576	1025015.598162	1025016.413557	8.258738e-01	17	none	NaN	NaN
131	3	2	21	bathroom	sun_aggnnqpdorgxpvce.tif	1025017.183069	1025017.441656	1025018.257214	6.923993e-01	11	39	1025020.014720	1
131	3	3	19	bathroom	sun_aclfzgynxzxlbepz.tif	1025020.786638	1025021.045227	1025021.860463	8.258738e-01	9	none	NaN	NaN
131	3	4	46	bathroom	sun_apmqjbnwghzuhhzh.tif	1025022.630135	1025022.888716	1025023.704027	7.090836e-01	36	none	NaN	NaN
131	3	5	17	bathroom	sun_acegryoqftbzowsg.tif	1025024.473631	1025024.732221	1025025.547671	8.425582e-01	7	none	NaN	NaN
131	3	6	34	bathroom	sun_alkosphxlxwjwgjd.tif	1025026.317123	1025026.575717	1025027.390974	7.257679e-01	24	none	NaN	NaN
131	3	7	18	bathroom	sun_acgyywnybuveqsro.tif	1025028.160618	1025028.419207	1025029.234621	7.090836e-01	8	none	NaN	NaN
131	3	8	38	bathroom	sun_anhioqovhscjqqwb.tif	1025030.004114	1025030.262701	1025031.077923	6.757150e-01	28	none	NaN	NaN
131	3	9	50	bathroom	sun_aspsyogrekjtfozg.tif	1025031.847607	1025032.106190	1025032.921418	8.425582e-01	40	none	NaN	NaN
131	3	10	29	bathroom	sun_ahqjwnzgolcaoidx.tif	1025033.691101	1025033.949688	1025034.764957	7.090836e-01	19	37	1025036.350733	1
131	3	11	53	bathroom	sun_ausgutylgojavyoq.tif	1025037.127843	1025037.386431	1025038.201867	6.590306e-01	43	none	NaN	NaN
131	3	12	59	bathroom	sun_axyrejkiiaqiurjk.tif	1025038.971335	1025039.229927	1025040.045186	7.841630e-01	49	none	NaN	NaN
131	3	13	24	bathroom	sun_agrwbmhcpmfuwmsg.tif	1025040.814829	1025041.073418	1025041.888839	8.008474e-01	14	none	NaN	NaN
131	3	14	58	bathroom	sun_axxbkopsgyouuebh.tif	1025042.658323	1025042.916918	1025043.732241	7.507944e-01	48	none	NaN	NaN
131	3	15	31	bathroom	sun_akiytfaagpdsphgz.tif	1025044.501822	1025044.760409	1025045.575779	6.840571e-01	21	none	NaN	NaN
131	3	16	13	bathroom	sun_aavhrsfjbserjtht.tif	1025046.345318	1025046.603908	1025047.419170	7.591366e-01	3	none	NaN	NaN
131	3	17	54	bathroom	sun_auzqhkafidnkrwmo.tif	1025048.188811	1025048.447399	1025049.262836	8.342160e-01	44	37	1025050.630927	1
131	3	18	37	bathroom	sun_amzlamotzwfkwjco.tif	1025051.408667	1025051.667257	1025052.482668	7.341101e-01	27	none	NaN	NaN
131	3	19	49	bathroom	sun_asfwthctfqerjvxr.tif	1025053.252163	1025053.510760	1025054.325965	7.174258e-01	39	none	NaN	NaN
131	3	20	45	bathroom	sun_apkxzenqapsujocq.tif	1025055.095658	1025055.354245	1025056.169617	6.757150e-01	35	none	NaN	NaN
131	3	21	39	bathroom	sun_anryaplzeujmzfkd.tif	1025056.939153	1025057.197741	1025058.012972	6.506885e-01	29	none	NaN	NaN
131	3	22	51	bathroom	sun_atstyziqcmkahyxk.tif	1025058.782650	1025059.041240	1025059.856578	7.674787e-01	41	none	NaN	NaN
131	3	23	30	bathroom	sun_ajlawzvmubibwbpy.tif	1025060.626139	1025060.884737	1025061.699979	6.923993e-01	20	none	NaN	NaN
131	3	24	33	bathroom	sun_aljolscmmzydegqp.tif	1025062.469635	1025062.728227	1025063.543531	7.841630e-01	23	none	NaN	NaN
131	3	25	20	bathroom	sun_afcoljnjfoxjtgja.tif	1025064.313130	1025064.571720	1025065.387090	6.757150e-01	10	none	NaN	NaN
131	3	26	60	bathroom	sun_azqyogdvyhahyram.tif	1025066.156624	1025066.415214	1025067.230465	8.091895e-01	50	none	NaN	NaN
131	3	27	22	bathroom	sun_agguqiubmwhqqunb.tif	1025068.000116	1025068.258709	1025069.074079	7.674787e-01	12	39	1025071.078706	1
131	3	28	55	bathroom	sun_avhrdrntsqrjzccq.tif	1025071.853938	1025072.112530	1025072.927852	7.174258e-01	45	none	NaN	NaN
131	3	29	52	bathroom	sun_aunuadmjocsddsrl.tif	1025073.697437	1025073.956029	1025074.771403	7.007414e-01	42	none	NaN	NaN
131	3	30	14	bathroom	sun_abapwbhyhkfixyex.tif	1025075.540931	1025075.799523	1025076.614783	7.925052e-01	4	none	NaN	NaN
131	3	31	35	bathroom	sun_alotolagknyrgtsk.tif	1025077.384427	1025077.643013	1025078.458466	7.758209e-01	25	39	1025080.030806	1
131	3	32	11	bathroom	labelme_sfxiulhjbhlyiyt.tif	1025080.804483	1025081.063076	1025081.878317	7.341101e-01	1	none	NaN	NaN
131	3	33	48	bathroom	sun_aqrpegblszgcoujh.tif	1025082.647976	1025082.906558	1025083.721888	8.258738e-01	38	none	NaN	NaN
131	3	34	28	bathroom	sun_ahijqszoswveeyji.tif	1025084.491476	1025084.750061	1025085.565351	7.507944e-01	18	37	1025087.014759	0
131	3	35	57	bathroom	sun_axldvoqbuvuggfmq.tif	1025087.786401	1025088.044993	1025088.860298	7.925052e-01	47	none	NaN	NaN
131	3	36	26	bathroom	sun_ahaulkltgpkeeemi.tif	1025089.629898	1025089.888488	1025090.703785	7.257679e-01	16	none	NaN	NaN
131	3	37	23	bathroom	sun_aghyqhbptboemmoq.tif	1025091.473398	1025091.731987	1025092.547300	8.175317e-01	13	none	NaN	NaN
131	3	38	47	bathroom	sun_apynckhmoftszqoq.tif	1025093.316888	1025093.575476	1025094.390867	7.424522e-01	37	none	NaN	NaN
131	3	39	42	bathroom	sun_apeeialkgkuxddgh.tif	1025095.160384	1025095.418973	1025096.234346	7.674787e-01	32	39	1025097.382759	1
131	3	40	25	bathroom	sun_agyqfjcfkdcydepw.tif	1025098.155019	1025098.413607	1025099.228868	6.840571e-01	15	none	NaN	NaN
131	3	41	32	bathroom	sun_aleqenyvunhactkl.tif	1025099.998515	1025100.257106	1025101.072466	7.507944e-01	22	39	1025102.110817	1
131	3	42	12	bathroom	sun_aapitsgbtktqubfy.tif	1025102.884710	1025103.143293	1025103.958588	8.008474e-01	2	none	NaN	NaN
131	3	43	36	bathroom	sun_ambriybtogmepttm.tif	1025104.728201	1025104.986788	1025105.802054	7.007414e-01	26	none	NaN	NaN
131	3	44	44	bathroom	sun_apkruvsevgegsdwp.tif	1025106.571697	1025106.830286	1025107.645575	8.509003e-01	34	none	NaN	NaN
131	3	45	56	bathroom	sun_awnqiikzaispgmwo.tif	1025108.415191	1025108.673783	1025109.489139	6.757150e-01	46	none	NaN	NaN
131	3	46	15	bathroom	sun_abjtwfukuwddzted.tif	1025110.258690	1025110.517274	1025111.332493	8.425582e-01	5	none	NaN	NaN
131	3	47	16	bathroom	sun_acduarbnmmoglmiv.tif	1025112.102180	1025112.360773	1025113.176023	6.923993e-01	6	none	NaN	NaN
131	3	48	43	bathroom	sun_apjevzvycyhuqghb.tif	1025113.945673	1025114.204262	1025115.019543	7.758209e-01	33	none	NaN	NaN
131	3	49	40	bathroom	sun_aofnryafpsjimzsb.tif	1025115.789172	1025116.047758	1025116.863028	6.673728e-01	30	none	NaN	NaN
131	3	50	41	bathroom	sun_aoybiabnpadelefl.tif	1025117.632665	1025117.891252	1025118.706558	6.673728e-01	31	none	NaN	NaN
131	3	51	27	bathroom	sun_ahcvzmoyaycdoftf.tif	1025119.476158	1025119.734751	1025120.550074	8.342160e-01	17	37	1025121.678934	1
131	3	52	36	bathroom	sun_ambriybtogmepttm.tif	1025122.454113	1025122.712702	1025123.528135	8.342160e-01	26	none	NaN	NaN
131	3	53	37	bathroom	sun_amzlamotzwfkwjco.tif	1025124.297609	1025124.556198	1025125.371550	8.091895e-01	27	none	NaN	NaN
131	3	54	14	bathroom	sun_abapwbhyhkfixyex.tif	1025126.141104	1025126.399693	1025127.215162	8.008474e-01	4	none	NaN	NaN
131	3	55	40	bathroom	sun_aofnryafpsjimzsb.tif	1025127.984596	1025128.243183	1025129.058600	7.174258e-01	30	none	NaN	NaN
131	3	56	41	bathroom	sun_aoybiabnpadelefl.tif	1025129.828094	1025130.086684	1025130.902102	6.590306e-01	31	none	NaN	NaN
131	3	57	39	bathroom	sun_anryaplzeujmzfkd.tif	1025131.671588	1025131.930179	1025132.745383	6.840571e-01	29	none	NaN	NaN
131	3	58	43	bathroom	sun_apjevzvycyhuqghb.tif	1025133.515078	1025133.773668	1025134.588928	6.923993e-01	33	none	NaN	NaN
131	3	59	60	bathroom	sun_azqyogdvyhahyram.tif	1025135.358571	1025135.617163	1025136.432531	7.007414e-01	50	39	1025138.598494	1
131	3	60	38	bathroom	sun_anhioqovhscjqqwb.tif	1025139.370885	1025139.629475	1025140.444837	7.257679e-01	28	none	NaN	NaN
131	3	61	12	bathroom	sun_aapitsgbtktqubfy.tif	1025141.214379	1025141.472968	1025142.288345	7.424522e-01	2	none	NaN	NaN
131	3	62	11	bathroom	labelme_sfxiulhjbhlyiyt.tif	1025143.057876	1025143.316462	1025144.131690	7.758209e-01	1	none	NaN	NaN
131	3	63	30	bathroom	sun_ajlawzvmubibwbpy.tif	1025144.901371	1025145.159960	1025145.975227	8.175317e-01	20	none	NaN	NaN
131	3	64	28	bathroom	sun_ahijqszoswveeyji.tif	1025146.744861	1025147.003457	1025147.818757	6.506885e-01	18	none	NaN	NaN
131	3	65	48	bathroom	sun_aqrpegblszgcoujh.tif	1025148.588356	1025148.846948	1025149.662220	7.507944e-01	38	none	NaN	NaN
131	3	66	25	bathroom	sun_agyqfjcfkdcydepw.tif	1025150.431854	1025150.690444	1025151.505810	7.424522e-01	15	none	NaN	NaN
131	3	67	23	bathroom	sun_aghyqhbptboemmoq.tif	1025152.275346	1025152.533939	1025153.349324	6.923993e-01	13	none	NaN	NaN
131	3	68	16	bathroom	sun_acduarbnmmoglmiv.tif	1025154.118835	1025154.377432	1025155.192713	7.341101e-01	6	none	NaN	NaN
131	3	69	58	bathroom	sun_axxbkopsgyouuebh.tif	1025155.962337	1025156.220925	1025157.036377	8.258738e-01	48	none	NaN	NaN
131	3	70	21	bathroom	sun_aggnnqpdorgxpvce.tif	1025157.805828	1025158.064420	1025158.879728	8.175317e-01	11	none	NaN	NaN
131	3	71	26	bathroom	sun_ahaulkltgpkeeemi.tif	1025159.649325	1025159.907918	1025160.723192	8.091895e-01	16	none	NaN	NaN
131	3	72	34	bathroom	sun_alkosphxlxwjwgjd.tif	1025161.492821	1025161.751408	1025162.566734	6.506885e-01	24	none	NaN	NaN
131	3	73	52	bathroom	sun_aunuadmjocsddsrl.tif	1025163.336311	1025163.594904	1025164.410165	6.673728e-01	42	none	NaN	NaN
131	3	74	15	bathroom	sun_abjtwfukuwddzted.tif	1025165.179809	1025165.438401	1025166.253788	7.591366e-01	5	none	NaN	NaN
131	3	75	13	bathroom	sun_aavhrsfjbserjtht.tif	1025167.023307	1025167.281898	1025168.097100	7.674787e-01	3	none	NaN	NaN
131	3	76	46	bathroom	sun_apmqjbnwghzuhhzh.tif	1025168.866798	1025169.125385	1025169.940831	8.425582e-01	36	none	NaN	NaN
131	3	77	59	bathroom	sun_axyrejkiiaqiurjk.tif	1025170.710288	1025170.968882	1025171.784118	7.925052e-01	49	none	NaN	NaN
131	3	78	42	bathroom	sun_apeeialkgkuxddgh.tif	1025172.553786	1025172.812372	1025173.627644	7.841630e-01	32	none	NaN	NaN
131	3	79	24	bathroom	sun_agrwbmhcpmfuwmsg.tif	1025174.397284	1025174.655870	1025175.471194	8.008474e-01	14	none	NaN	NaN
131	3	80	35	bathroom	sun_alotolagknyrgtsk.tif	1025176.240777	1025176.499367	1025177.314581	7.174258e-01	25	37	1025179.342989	1
131	3	81	57	bathroom	sun_axldvoqbuvuggfmq.tif	1025180.119623	1025180.378212	1025181.193491	8.258738e-01	47	none	NaN	NaN
131	3	82	32	bathroom	sun_aleqenyvunhactkl.tif	1025181.963117	1025182.221706	1025183.037020	7.424522e-01	22	none	NaN	NaN
131	3	83	55	bathroom	sun_avhrdrntsqrjzccq.tif	1025183.806608	1025184.065203	1025184.880472	7.925052e-01	45	39	1025188.086712	0
131	3	84	22	bathroom	sun_agguqiubmwhqqunb.tif	1025188.861620	1025189.120211	1025189.935525	6.590306e-01	12	none	NaN	NaN
131	3	85	45	bathroom	sun_apkxzenqapsujocq.tif	1025190.705115	1025190.963708	1025191.779112	7.341101e-01	35	none	NaN	NaN
131	3	86	20	bathroom	sun_afcoljnjfoxjtgja.tif	1025192.548609	1025192.807206	1025193.622622	7.841630e-01	10	37	1025194.382812	1
131	3	87	19	bathroom	sun_aclfzgynxzxlbepz.tif	1025195.159534	1025195.418127	1025196.233511	7.591366e-01	9	none	NaN	NaN
131	3	88	31	bathroom	sun_akiytfaagpdsphgz.tif	1025197.003030	1025197.261617	1025198.076913	7.591366e-01	21	none	NaN	NaN
131	3	89	47	bathroom	sun_apynckhmoftszqoq.tif	1025198.846524	1025199.105118	1025199.920441	8.509003e-01	37	none	NaN	NaN
131	3	90	17	bathroom	sun_acegryoqftbzowsg.tif	1025200.690019	1025200.948610	1025201.763875	6.840571e-01	7	none	NaN	NaN
131	3	91	33	bathroom	sun_aljolscmmzydegqp.tif	1025202.533514	1025202.792103	1025203.607373	7.257679e-01	23	none	NaN	NaN
131	3	92	51	bathroom	sun_atstyziqcmkahyxk.tif	1025204.377009	1025204.635598	1025205.450855	6.673728e-01	41	37	1025206.446915	1
131	3	93	54	bathroom	sun_auzqhkafidnkrwmo.tif	1025207.221496	1025207.480084	1025208.295543	8.175317e-01	44	none	NaN	NaN
131	3	94	18	bathroom	sun_acgyywnybuveqsro.tif	1025209.064990	1025209.323582	1025210.138893	7.007414e-01	8	none	NaN	NaN
131	3	95	50	bathroom	sun_aspsyogrekjtfozg.tif	1025210.908485	1025211.167075	1025211.982355	7.090836e-01	40	none	NaN	NaN
131	3	96	53	bathroom	sun_ausgutylgojavyoq.tif	1025212.751979	1025213.010562	1025213.825902	7.758209e-01	43	none	NaN	NaN
131	3	97	56	bathroom	sun_awnqiikzaispgmwo.tif	1025214.595473	1025214.854057	1025215.669382	8.091895e-01	46	37	1025216.398764	1
131	3	98	49	bathroom	sun_asfwthctfqerjvxr.tif	1025217.173028	1025217.431617	1025218.247036	7.591366e-01	39	none	NaN	NaN
131	3	99	44	bathroom	sun_apkruvsevgegsdwp.tif	1025219.016527	1025219.275114	1025220.090528	6.590306e-01	34	none	NaN	NaN
131	3	100	29	bathroom	sun_ahqjwnzgolcaoidx.tif	1025220.860022	1025221.118610	1025221.933857	8.342160e-01	19	none	NaN	NaN
131	4	1	68	kitchen	sun_aaxxjlsuzvqlgylf.tif	1025231.245319	1025231.503909	1025232.202512	7.257679e-01	58	none	NaN	NaN
131	4	2	77	kitchen	sun_acxkpeoqbwcxfvip.tif	1025232.972029	1025233.230612	1025233.929148	7.007414e-01	67	none	NaN	NaN
131	4	3	79	kitchen	sun_admlmbcdswaszruo.tif	1025234.698741	1025234.957330	1025235.655800	8.175317e-01	69	none	NaN	NaN
131	4	4	86	kitchen	sun_aggjlwcdjsjcaemh.tif	1025236.425449	1025236.684038	1025237.382605	7.090836e-01	76	none	NaN	NaN
131	4	5	94	kitchen	sun_ahywdevtimnqcsln.tif	1025238.152161	1025238.410756	1025239.109247	7.007414e-01	84	none	NaN	NaN
131	4	6	95	kitchen	sun_aixorpehvfykdynp.tif	1025239.878878	1025240.137459	1025240.835945	6.757150e-01	85	none	NaN	NaN
131	4	7	75	kitchen	sun_acgtpgfybqjmzeyw.tif	1025241.605583	1025241.864176	1025242.562723	7.507944e-01	65	none	NaN	NaN
131	4	8	88	kitchen	sun_agubuxuukhzyzpdp.tif	1025243.332297	1025243.590888	1025244.289396	6.590306e-01	78	none	NaN	NaN
131	4	9	85	kitchen	sun_afuyedyxivkhecmu.tif	1025245.059010	1025245.317597	1025246.016179	7.841630e-01	75	37	1025247.102604	1
131	4	10	104	kitchen	sun_auticobqsbwgoppi.tif	1025247.878420	1025248.137064	1025248.835553	7.591366e-01	94	39	1025249.999019	1
131	4	11	72	kitchen	sun_abpwyqmlzafvklqo.tif	1025250.773011	1025251.031603	1025251.730191	7.925052e-01	62	none	NaN	NaN
131	4	12	66	kitchen	sun_aapllqyqlykszopd.tif	1025252.499722	1025252.758309	1025253.456833	7.257679e-01	56	none	NaN	NaN
131	4	13	69	kitchen	sun_abdenxonkemggwsq.tif	1025254.226429	1025254.485020	1025255.183495	8.091895e-01	59	39	1025256.798949	1
131	4	14	108	kitchen	sun_aymvwlarqodbwuoc.tif	1025257.571411	1025257.830005	1025258.528615	6.757150e-01	98	none	NaN	NaN
131	4	15	105	kitchen	sun_avszsnwsbuqfgzbn.tif	1025259.298133	1025259.556722	1025260.255246	7.507944e-01	95	none	NaN	NaN
131	4	16	78	kitchen	sun_adgqasybjyktddhj.tif	1025261.024842	1025261.283433	1025261.981881	8.008474e-01	68	none	NaN	NaN
131	4	17	101	kitchen	sun_aqeaevwwwjoqhzvl.tif	1025262.751554	1025263.010144	1025263.708609	8.509003e-01	91	39	1025264.695046	1
131	4	18	99	kitchen	sun_akcjzhbbjlbogpdi.tif	1025265.470919	1025265.729505	1025266.428002	6.840571e-01	89	none	NaN	NaN
131	4	19	90	kitchen	sun_ahdycvpopffkzzsu.tif	1025267.197630	1025267.456219	1025268.154747	7.424522e-01	80	none	NaN	NaN
131	4	20	70	kitchen	sun_abdxkyyxwfskuaqb.tif	1025268.924339	1025269.182947	1025269.881574	8.342160e-01	60	none	NaN	NaN
131	4	21	81	kitchen	sun_aehawpgmrlhlvcow.tif	1025270.651051	1025270.909642	1025271.608134	8.008474e-01	71	39	1025272.510993	1
131	4	22	106	kitchen	sun_awcpdzzznmweyyhv.tif	1025273.286997	1025273.545592	1025274.244023	8.091895e-01	96	none	NaN	NaN
131	4	23	93	kitchen	sun_ahspylgoovwmwvgk.tif	1025275.013716	1025275.272296	1025275.970757	6.506885e-01	83	none	NaN	NaN
131	4	24	97	kitchen	sun_ajkqhtgcbgpcwrwn.tif	1025276.740425	1025276.999015	1025277.697652	7.174258e-01	87	none	NaN	NaN
131	4	25	91	kitchen	sun_ahljzhgcdpomplvg.tif	1025278.467134	1025278.725723	1025279.424207	7.257679e-01	81	none	NaN	NaN
131	4	26	96	kitchen	sun_ajcbwwvdlsvjyzje.tif	1025280.193846	1025280.452438	1025281.151007	8.091895e-01	86	none	NaN	NaN
131	4	27	62	kitchen	labelme_kxvouciolcpqplr.tif	1025281.920559	1025282.179150	1025282.877566	7.758209e-01	52	none	NaN	NaN
131	4	28	109	kitchen	sun_aypmqwcualkenuoe.tif	1025283.647274	1025283.905864	1025284.604345	7.758209e-01	99	37	1025285.470856	1
131	4	29	76	kitchen	sun_acwjdupvyjsugpay.tif	1025286.241513	1025286.500107	1025287.198604	8.091895e-01	66	none	NaN	NaN
131	4	30	87	kitchen	sun_agorklincwxrdtga.tif	1025287.968217	1025288.226812	1025288.925380	8.425582e-01	77	none	NaN	NaN
131	4	31	102	kitchen	sun_auaiucuqpdausiva.tif	1025289.694935	1025289.953525	1025290.652166	8.342160e-01	92	none	NaN	NaN
131	4	32	110	kitchen	sun_azmutvzbxypaceni.tif	1025291.421649	1025291.680237	1025292.378777	7.674787e-01	100	39	1025293.342968	1
131	4	33	98	kitchen	sun_akchetnepxlcxhsu.tif	1025294.115982	1025294.374575	1025295.073056	6.673728e-01	88	none	NaN	NaN
131	4	34	100	kitchen	sun_amjjdeyrggfqgmom.tif	1025295.842696	1025296.101287	1025296.799898	7.341101e-01	90	37	1025297.518836	1
131	4	35	107	kitchen	sun_axyyrmzcupyhlivc.tif	1025298.295131	1025298.553717	1025299.252239	7.674787e-01	97	none	NaN	NaN
131	4	36	65	kitchen	sun_aamedkxepzlwuxes.tif	1025300.021838	1025300.280432	1025300.979074	8.175317e-01	55	none	NaN	NaN
131	4	37	64	kitchen	sun_aadbddgrdsjugojn.tif	1025301.748552	1025302.007141	1025302.705619	7.341101e-01	54	37	1025303.414955	1
131	4	38	89	kitchen	sun_agzzivivdpnawacl.tif	1025304.192642	1025304.451229	1025305.149677	8.425582e-01	79	none	NaN	NaN
131	4	39	103	kitchen	sun_aunzlwrbjumxhwdj.tif	1025305.919356	1025306.177945	1025306.876581	6.840571e-01	93	none	NaN	NaN
131	4	40	71	kitchen	sun_abftihopvusyfakt.tif	1025307.646065	1025307.904656	1025308.603260	7.424522e-01	61	none	NaN	NaN
131	4	41	83	kitchen	sun_aeqdocilnnpuvuhx.tif	1025309.372778	1025309.631367	1025310.329855	6.506885e-01	73	none	NaN	NaN
131	4	42	73	kitchen	sun_abrcnpqqhmjwekyf.tif	1025311.099493	1025311.358080	1025312.056606	6.506885e-01	63	none	NaN	NaN
131	4	43	84	kitchen	sun_aexklacwqwezaorf.tif	1025312.826206	1025313.084789	1025313.783210	7.174258e-01	74	none	NaN	NaN
131	4	44	92	kitchen	sun_ahpczsiumwwocjkv.tif	1025314.552912	1025314.811504	1025315.510035	7.674787e-01	82	none	NaN	NaN
131	4	45	82	kitchen	sun_aenotlpyftoioydp.tif	1025316.279624	1025316.538217	1025317.236762	8.258738e-01	72	39	1025318.215061	1
131	4	46	80	kitchen	sun_aegoxogugdkwpmpj.tif	1025318.990646	1025319.249239	1025319.947799	6.923993e-01	70	none	NaN	NaN
131	4	47	61	kitchen	labelme_brsyyvweiuaazfr.tif	1025320.717361	1025320.975951	1025321.674491	7.090836e-01	51	none	NaN	NaN
131	4	48	63	kitchen	labelme_rykdqxenmhulbdn.tif	1025322.444075	1025322.702664	1025323.401270	8.175317e-01	53	39	1025324.670929	0
131	4	49	67	kitchen	sun_aarfiyshqohlwkmo.tif	1025325.447050	1025325.705642	1025326.404235	7.007414e-01	57	none	NaN	NaN
131	4	50	74	kitchen	sun_acfmftudsenhrfhy.tif	1025327.173764	1025327.432351	1025328.131018	7.424522e-01	64	none	NaN	NaN
131	4	51	91	kitchen	sun_ahljzhgcdpomplvg.tif	1025328.900473	1025329.159061	1025329.857559	7.925052e-01	81	none	NaN	NaN
131	4	52	85	kitchen	sun_afuyedyxivkhecmu.tif	1025330.627187	1025330.885777	1025331.584338	8.258738e-01	75	none	NaN	NaN
131	4	53	78	kitchen	sun_adgqasybjyktddhj.tif	1025332.353899	1025332.612486	1025333.310944	6.757150e-01	68	none	NaN	NaN
131	4	54	92	kitchen	sun_ahpczsiumwwocjkv.tif	1025334.080604	1025334.339193	1025335.037701	6.590306e-01	82	none	NaN	NaN
131	4	55	87	kitchen	sun_agorklincwxrdtga.tif	1025335.807324	1025336.065909	1025336.764485	8.258738e-01	77	none	NaN	NaN
131	4	56	102	kitchen	sun_auaiucuqpdausiva.tif	1025337.534035	1025337.792625	1025338.491264	7.257679e-01	92	none	NaN	NaN
131	4	57	66	kitchen	sun_aapllqyqlykszopd.tif	1025339.260744	1025339.519335	1025340.217989	8.008474e-01	56	39	1025341.406898	1
131	4	58	106	kitchen	sun_awcpdzzznmweyyhv.tif	1025342.180311	1025342.438893	1025343.137419	7.090836e-01	96	none	NaN	NaN
131	4	59	64	kitchen	sun_aadbddgrdsjugojn.tif	1025343.907017	1025344.165610	1025344.864168	7.090836e-01	54	none	NaN	NaN
131	4	60	80	kitchen	sun_aegoxogugdkwpmpj.tif	1025345.633734	1025345.892322	1025346.590742	6.673728e-01	70	none	NaN	NaN
131	4	61	73	kitchen	sun_abrcnpqqhmjwekyf.tif	1025347.360444	1025347.619033	1025348.317517	7.674787e-01	63	none	NaN	NaN
131	4	62	105	kitchen	sun_avszsnwsbuqfgzbn.tif	1025349.087153	1025349.345748	1025350.044354	7.424522e-01	95	none	NaN	NaN
131	4	63	62	kitchen	labelme_kxvouciolcpqplr.tif	1025350.813869	1025351.072464	1025351.771079	7.174258e-01	52	none	NaN	NaN
131	4	64	89	kitchen	sun_agzzivivdpnawacl.tif	1025352.540581	1025352.799166	1025353.497624	6.673728e-01	79	none	NaN	NaN
131	4	65	103	kitchen	sun_aunzlwrbjumxhwdj.tif	1025354.267296	1025354.525838	1025355.224411	8.258738e-01	93	37	1025356.158693	1
131	4	66	108	kitchen	sun_aymvwlarqodbwuoc.tif	1025356.936605	1025357.195193	1025357.893693	8.425582e-01	98	none	NaN	NaN
131	4	67	72	kitchen	sun_abpwyqmlzafvklqo.tif	1025358.663317	1025358.921907	1025359.620375	7.591366e-01	62	none	NaN	NaN
131	4	68	70	kitchen	sun_abdxkyyxwfskuaqb.tif	1025360.390027	1025360.648620	1025361.347097	6.923993e-01	60	none	NaN	NaN
131	4	69	68	kitchen	sun_aaxxjlsuzvqlgylf.tif	1025362.116738	1025362.375331	1025363.073980	6.757150e-01	58	37	1025363.831077	1
131	4	70	110	kitchen	sun_azmutvzbxypaceni.tif	1025364.602538	1025364.861129	1025365.559785	7.507944e-01	100	none	NaN	NaN
131	4	71	107	kitchen	sun_axyyrmzcupyhlivc.tif	1025366.329251	1025366.587842	1025367.286499	6.923993e-01	97	none	NaN	NaN
131	4	72	97	kitchen	sun_ajkqhtgcbgpcwrwn.tif	1025368.055957	1025368.314553	1025369.013030	7.341101e-01	87	none	NaN	NaN
131	4	73	65	kitchen	sun_aamedkxepzlwuxes.tif	1025369.782675	1025370.041265	1025370.739917	7.591366e-01	55	39	1025371.871088	1
131	4	74	99	kitchen	sun_akcjzhbbjlbogpdi.tif	1025372.643845	1025372.902431	1025373.600905	6.840571e-01	89	none	NaN	NaN
131	4	75	94	kitchen	sun_ahywdevtimnqcsln.tif	1025374.370558	1025374.629148	1025375.327561	7.841630e-01	84	none	NaN	NaN
131	4	76	83	kitchen	sun_aeqdocilnnpuvuhx.tif	1025376.097268	1025376.355857	1025377.054351	8.342160e-01	73	none	NaN	NaN
131	4	77	86	kitchen	sun_aggjlwcdjsjcaemh.tif	1025377.823979	1025378.082570	1025378.781093	6.673728e-01	76	none	NaN	NaN
131	4	78	95	kitchen	sun_aixorpehvfykdynp.tif	1025379.550697	1025379.809285	1025380.507918	7.591366e-01	85	none	NaN	NaN
131	4	79	74	kitchen	sun_acfmftudsenhrfhy.tif	1025381.277404	1025381.535998	1025382.234466	7.591366e-01	64	none	NaN	NaN
131	4	80	77	kitchen	sun_acxkpeoqbwcxfvip.tif	1025383.004115	1025383.262711	1025383.961180	7.758209e-01	67	none	NaN	NaN
131	4	81	79	kitchen	sun_admlmbcdswaszruo.tif	1025384.730829	1025384.989423	1025385.687892	7.925052e-01	69	none	NaN	NaN
131	4	82	84	kitchen	sun_aexklacwqwezaorf.tif	1025386.457539	1025386.716132	1025387.414780	8.509003e-01	74	none	NaN	NaN
131	4	83	88	kitchen	sun_agubuxuukhzyzpdp.tif	1025388.184254	1025388.442839	1025389.141301	7.925052e-01	78	none	NaN	NaN
131	4	84	109	kitchen	sun_aypmqwcualkenuoe.tif	1025389.910967	1025390.169551	1025390.868152	8.425582e-01	99	none	NaN	NaN
131	4	85	63	kitchen	labelme_rykdqxenmhulbdn.tif	1025391.637676	1025391.896265	1025392.594688	6.590306e-01	53	none	NaN	NaN
131	4	86	101	kitchen	sun_aqeaevwwwjoqhzvl.tif	1025393.364389	1025393.622979	1025394.321458	8.342160e-01	91	none	NaN	NaN
131	4	87	93	kitchen	sun_ahspylgoovwmwvgk.tif	1025395.091104	1025395.349692	1025396.048172	7.841630e-01	83	none	NaN	NaN
131	4	88	81	kitchen	sun_aehawpgmrlhlvcow.tif	1025396.817816	1025397.076407	1025397.775011	7.341101e-01	71	none	NaN	NaN
131	4	89	90	kitchen	sun_ahdycvpopffkzzsu.tif	1025398.544530	1025398.803117	1025399.501627	8.258738e-01	80	none	NaN	NaN
131	4	90	98	kitchen	sun_akchetnepxlcxhsu.tif	1025400.271240	1025400.529831	1025401.228390	7.758209e-01	88	none	NaN	NaN
131	4	91	69	kitchen	sun_abdenxonkemggwsq.tif	1025401.997949	1025402.256538	1025402.955097	6.923993e-01	59	none	NaN	NaN
131	4	92	96	kitchen	sun_ajcbwwvdlsvjyzje.tif	1025403.724660	1025403.983256	1025404.681798	6.840571e-01	86	none	NaN	NaN
131	4	93	75	kitchen	sun_acgtpgfybqjmzeyw.tif	1025405.451374	1025405.709966	1025406.408607	8.175317e-01	65	none	NaN	NaN
131	4	94	76	kitchen	sun_acwjdupvyjsugpay.tif	1025407.178090	1025407.436675	1025408.135184	7.174258e-01	66	none	NaN	NaN
131	4	95	104	kitchen	sun_auticobqsbwgoppi.tif	1025408.904800	1025409.163388	1025409.861946	8.008474e-01	94	none	NaN	NaN
131	4	96	82	kitchen	sun_aenotlpyftoioydp.tif	1025410.631508	1025410.890104	1025411.588655	7.841630e-01	72	none	NaN	NaN
131	4	97	61	kitchen	labelme_brsyyvweiuaazfr.tif	1025412.358221	1025412.616811	1025413.315255	7.007414e-01	51	none	NaN	NaN
131	4	98	71	kitchen	sun_abftihopvusyfakt.tif	1025414.084939	1025414.343527	1025415.042166	6.590306e-01	61	none	NaN	NaN
131	4	99	67	kitchen	sun_aarfiyshqohlwkmo.tif	1025415.811643	1025416.070239	1025416.768848	6.923993e-01	57	none	NaN	NaN
131	4	100	100	kitchen	sun_amjjdeyrggfqgmom.tif	1025417.538358	1025417.796955	1025418.495500	7.507944e-01	90	none	NaN	NaN
131	5	1	47	bathroom	sun_apynckhmoftszqoq.tif	1025446.758996	1025447.017589	1025447.724467	7.591366e-01	37	none	NaN	NaN
131	5	2	55	bathroom	sun_avhrdrntsqrjzccq.tif	1025448.494051	1025448.752638	1025449.459592	6.506885e-01	45	39	1025453.135013	1
131	5	3	45	bathroom	sun_apkxzenqapsujocq.tif	1025453.907752	1025454.166337	1025454.873223	7.424522e-01	35	none	NaN	NaN
131	5	4	41	bathroom	sun_aoybiabnpadelefl.tif	1025455.642802	1025455.901398	1025456.608307	7.090836e-01	31	none	NaN	NaN
131	5	5	21	bathroom	sun_aggnnqpdorgxpvce.tif	1025457.377860	1025457.636448	1025458.343447	7.174258e-01	11	none	NaN	NaN
131	5	6	36	bathroom	sun_ambriybtogmepttm.tif	1025459.112914	1025459.371501	1025460.078322	8.509003e-01	26	none	NaN	NaN
131	5	7	24	bathroom	sun_agrwbmhcpmfuwmsg.tif	1025460.847934	1025461.106556	1025461.813402	6.757150e-01	14	none	NaN	NaN
131	5	8	37	bathroom	sun_amzlamotzwfkwjco.tif	1025462.583023	1025462.841615	1025463.548372	7.007414e-01	27	none	NaN	NaN
131	5	9	20	bathroom	sun_afcoljnjfoxjtgja.tif	1025464.309730	1025464.568317	1025465.275230	7.257679e-01	10	none	NaN	NaN
131	5	10	40	bathroom	sun_aofnryafpsjimzsb.tif	1025466.044786	1025466.303375	1025467.010366	7.507944e-01	30	none	NaN	NaN
131	5	11	42	bathroom	sun_apeeialkgkuxddgh.tif	1025467.779841	1025468.038426	1025468.745350	8.091895e-01	32	none	NaN	NaN
131	5	12	13	bathroom	sun_aavhrsfjbserjtht.tif	1025469.514892	1025469.773487	1025470.480295	8.175317e-01	3	none	NaN	NaN
131	5	13	11	bathroom	labelme_sfxiulhjbhlyiyt.tif	1025471.249945	1025471.508534	1025472.215335	7.257679e-01	1	none	NaN	NaN
131	5	14	34	bathroom	sun_alkosphxlxwjwgjd.tif	1025472.985000	1025473.243592	1025473.950551	6.590306e-01	24	37	1025475.247239	1
131	5	15	51	bathroom	sun_atstyziqcmkahyxk.tif	1025476.021341	1025476.279931	1025476.986851	7.257679e-01	41	39	1025478.167001	1
131	5	16	32	bathroom	sun_aleqenyvunhactkl.tif	1025478.940906	1025479.199495	1025479.906367	7.841630e-01	22	none	NaN	NaN
131	5	17	26	bathroom	sun_ahaulkltgpkeeemi.tif	1025480.675954	1025480.934549	1025481.641340	7.925052e-01	16	none	NaN	NaN
131	5	18	33	bathroom	sun_aljolscmmzydegqp.tif	1025482.411010	1025482.669607	1025483.376569	7.007414e-01	23	37	1025484.199180	1
131	5	19	28	bathroom	sun_ahijqszoswveeyji.tif	1025484.971887	1025485.230473	1025485.937304	7.007414e-01	18	none	NaN	NaN
131	5	20	19	bathroom	sun_aclfzgynxzxlbepz.tif	1025486.706937	1025486.965532	1025487.672312	7.591366e-01	9	none	NaN	NaN
131	5	21	35	bathroom	sun_alotolagknyrgtsk.tif	1025488.441993	1025488.700580	1025489.407446	7.174258e-01	25	none	NaN	NaN
131	5	22	58	bathroom	sun_axxbkopsgyouuebh.tif	1025490.177046	1025490.435635	1025491.142488	8.509003e-01	48	none	NaN	NaN
131	5	23	27	bathroom	sun_ahcvzmoyaycdoftf.tif	1025491.912101	1025492.170692	1025492.877615	7.174258e-01	17	none	NaN	NaN
131	5	24	23	bathroom	sun_aghyqhbptboemmoq.tif	1025493.647154	1025493.905741	1025494.612568	8.091895e-01	13	none	NaN	NaN
131	5	25	56	bathroom	sun_awnqiikzaispgmwo.tif	1025495.382207	1025495.640802	1025496.347655	8.175317e-01	46	none	NaN	NaN
131	5	26	15	bathroom	sun_abjtwfukuwddzted.tif	1025497.117262	1025497.375848	1025498.082669	7.424522e-01	5	none	NaN	NaN
131	5	27	48	bathroom	sun_aqrpegblszgcoujh.tif	1025498.852317	1025499.110903	1025499.817751	8.425582e-01	38	none	NaN	NaN
131	5	28	18	bathroom	sun_acgyywnybuveqsro.tif	1025500.587365	1025500.845957	1025501.552724	8.175317e-01	8	none	NaN	NaN
131	5	29	60	bathroom	sun_azqyogdvyhahyram.tif	1025502.322425	1025502.581010	1025503.288007	8.008474e-01	50	none	NaN	NaN
131	5	30	46	bathroom	sun_apmqjbnwghzuhhzh.tif	1025504.057473	1025504.316068	1025505.023051	6.757150e-01	36	none	NaN	NaN
131	5	31	30	bathroom	sun_ajlawzvmubibwbpy.tif	1025505.792526	1025506.051119	1025506.758118	6.590306e-01	20	none	NaN	NaN
131	5	32	31	bathroom	sun_akiytfaagpdsphgz.tif	1025507.527582	1025507.786175	1025508.493088	8.425582e-01	21	none	NaN	NaN
131	5	33	16	bathroom	sun_acduarbnmmoglmiv.tif	1025509.262642	1025509.521227	1025510.228008	6.673728e-01	6	none	NaN	NaN
131	5	34	29	bathroom	sun_ahqjwnzgolcaoidx.tif	1025510.997691	1025511.256283	1025511.963129	7.090836e-01	19	39	1025513.255057	1
131	5	35	49	bathroom	sun_asfwthctfqerjvxr.tif	1025514.025694	1025514.284285	1025514.991228	7.674787e-01	39	none	NaN	NaN
131	5	36	43	bathroom	sun_apjevzvycyhuqghb.tif	1025515.760747	1025516.019336	1025516.726302	8.008474e-01	33	none	NaN	NaN
131	5	37	22	bathroom	sun_agguqiubmwhqqunb.tif	1025517.495797	1025517.754388	1025518.461206	7.007414e-01	12	none	NaN	NaN
131	5	38	17	bathroom	sun_acegryoqftbzowsg.tif	1025519.230853	1025519.489437	1025520.196203	6.673728e-01	7	none	NaN	NaN
131	5	39	44	bathroom	sun_apkruvsevgegsdwp.tif	1025520.965905	1025521.224497	1025521.931417	7.758209e-01	34	39	1025522.735145	1
131	5	40	52	bathroom	sun_aunuadmjocsddsrl.tif	1025523.510099	1025523.768689	1025524.475544	8.008474e-01	42	none	NaN	NaN
131	5	41	59	bathroom	sun_axyrejkiiaqiurjk.tif	1025525.245150	1025525.503739	1025526.210643	8.008474e-01	49	none	NaN	NaN
131	5	42	53	bathroom	sun_ausgutylgojavyoq.tif	1025526.980203	1025527.238795	1025527.945669	7.090836e-01	43	none	NaN	NaN
131	5	43	12	bathroom	sun_aapitsgbtktqubfy.tif	1025528.715258	1025528.973850	1025529.680798	6.590306e-01	2	none	NaN	NaN
131	5	44	25	bathroom	sun_agyqfjcfkdcydepw.tif	1025530.450310	1025530.708899	1025531.415883	7.674787e-01	15	none	NaN	NaN
131	5	45	14	bathroom	sun_abapwbhyhkfixyex.tif	1025532.185366	1025532.443955	1025533.150826	7.591366e-01	4	none	NaN	NaN
131	5	46	54	bathroom	sun_auzqhkafidnkrwmo.tif	1025533.920416	1025534.179004	1025534.886006	8.091895e-01	44	none	NaN	NaN
131	5	47	39	bathroom	sun_anryaplzeujmzfkd.tif	1025535.655469	1025535.914060	1025536.620953	7.841630e-01	29	none	NaN	NaN
131	5	48	38	bathroom	sun_anhioqovhscjqqwb.tif	1025537.390521	1025537.649115	1025538.356102	6.757150e-01	28	none	NaN	NaN
131	5	49	57	bathroom	sun_axldvoqbuvuggfmq.tif	1025539.125576	1025539.384162	1025540.091119	7.758209e-01	47	none	NaN	NaN
131	5	50	50	bathroom	sun_aspsyogrekjtfozg.tif	1025540.860634	1025541.119223	1025541.826169	8.091895e-01	40	none	NaN	NaN
131	5	51	50	bathroom	sun_aspsyogrekjtfozg.tif	1025542.595686	1025542.854276	1025543.561200	7.674787e-01	40	none	NaN	NaN
131	5	52	58	bathroom	sun_axxbkopsgyouuebh.tif	1025544.330738	1025544.589331	1025545.296209	8.258738e-01	48	none	NaN	NaN
131	5	53	13	bathroom	sun_aavhrsfjbserjtht.tif	1025546.065795	1025546.324389	1025547.031314	8.258738e-01	3	none	NaN	NaN
131	5	54	28	bathroom	sun_ahijqszoswveeyji.tif	1025547.800848	1025548.059435	1025548.766407	7.424522e-01	18	none	NaN	NaN
131	5	55	31	bathroom	sun_akiytfaagpdsphgz.tif	1025549.535896	1025549.794490	1025550.501440	7.591366e-01	21	none	NaN	NaN
131	5	56	14	bathroom	sun_abapwbhyhkfixyex.tif	1025551.270959	1025551.529544	1025552.236505	8.342160e-01	4	none	NaN	NaN
131	5	57	26	bathroom	sun_ahaulkltgpkeeemi.tif	1025553.006009	1025553.264593	1025553.971513	7.341101e-01	16	none	NaN	NaN
131	5	58	45	bathroom	sun_apkxzenqapsujocq.tif	1025554.741062	1025554.999652	1025555.706579	8.258738e-01	35	none	NaN	NaN
131	5	59	52	bathroom	sun_aunuadmjocsddsrl.tif	1025556.476112	1025556.734705	1025557.441508	7.841630e-01	42	none	NaN	NaN
131	5	60	15	bathroom	sun_abjtwfukuwddzted.tif	1025558.211169	1025558.469755	1025559.176737	8.425582e-01	5	none	NaN	NaN
131	5	61	42	bathroom	sun_apeeialkgkuxddgh.tif	1025559.946222	1025560.204805	1025560.911703	8.342160e-01	32	none	NaN	NaN
131	5	62	32	bathroom	sun_aleqenyvunhactkl.tif	1025561.681271	1025561.939862	1025562.646735	8.342160e-01	22	none	NaN	NaN
131	5	63	34	bathroom	sun_alkosphxlxwjwgjd.tif	1025563.416328	1025563.674918	1025564.381804	7.758209e-01	24	none	NaN	NaN
131	5	64	16	bathroom	sun_acduarbnmmoglmiv.tif	1025565.151385	1025565.409978	1025566.116960	8.258738e-01	6	none	NaN	NaN
131	5	65	44	bathroom	sun_apkruvsevgegsdwp.tif	1025566.886435	1025567.145025	1025567.851985	7.591366e-01	34	none	NaN	NaN
131	5	66	36	bathroom	sun_ambriybtogmepttm.tif	1025568.621511	1025568.880079	1025569.586972	7.507944e-01	26	none	NaN	NaN
131	5	67	27	bathroom	sun_ahcvzmoyaycdoftf.tif	1025570.356542	1025570.615131	1025571.321944	6.840571e-01	17	none	NaN	NaN
131	5	68	33	bathroom	sun_aljolscmmzydegqp.tif	1025572.091590	1025572.350190	1025573.056942	8.175317e-01	23	39	1025575.623220	1
131	5	69	49	bathroom	sun_asfwthctfqerjvxr.tif	1025576.395865	1025576.654455	1025577.361328	6.923993e-01	39	none	NaN	NaN
131	5	70	46	bathroom	sun_apmqjbnwghzuhhzh.tif	1025578.130921	1025578.389505	1025579.096445	6.590306e-01	36	39	1025580.182887	1
131	5	71	60	bathroom	sun_azqyogdvyhahyram.tif	1025580.958722	1025581.217314	1025581.924305	6.923993e-01	50	37	1025582.703270	1
131	5	72	56	bathroom	sun_awnqiikzaispgmwo.tif	1025583.477887	1025583.736473	1025584.443304	8.342160e-01	46	none	NaN	NaN
131	5	73	53	bathroom	sun_ausgutylgojavyoq.tif	1025585.212944	1025585.471533	1025586.178494	7.925052e-01	43	none	NaN	NaN
131	5	74	12	bathroom	sun_aapitsgbtktqubfy.tif	1025586.947993	1025587.206585	1025587.913550	7.925052e-01	2	none	NaN	NaN
131	5	75	38	bathroom	sun_anhioqovhscjqqwb.tif	1025588.683047	1025588.941636	1025589.648500	6.923993e-01	28	none	NaN	NaN
131	5	76	47	bathroom	sun_apynckhmoftszqoq.tif	1025590.418104	1025590.676691	1025591.383569	6.923993e-01	37	none	NaN	NaN
131	5	77	55	bathroom	sun_avhrdrntsqrjzccq.tif	1025592.153154	1025592.411743	1025593.118586	6.840571e-01	45	none	NaN	NaN
131	5	78	29	bathroom	sun_ahqjwnzgolcaoidx.tif	1025593.888205	1025594.146794	1025594.853680	8.425582e-01	19	none	NaN	NaN
131	5	79	20	bathroom	sun_afcoljnjfoxjtgja.tif	1025595.623260	1025595.881853	1025596.588684	7.841630e-01	10	37	1025597.831133	1
131	5	80	59	bathroom	sun_axyrejkiiaqiurjk.tif	1025598.609554	1025598.868145	1025599.575095	6.506885e-01	49	none	NaN	NaN
131	5	81	39	bathroom	sun_anryaplzeujmzfkd.tif	1025600.344607	1025600.603197	1025601.309966	7.257679e-01	29	none	NaN	NaN
131	5	82	18	bathroom	sun_acgyywnybuveqsro.tif	1025602.079661	1025602.338253	1025603.045070	7.341101e-01	8	none	NaN	NaN
131	5	83	21	bathroom	sun_aggnnqpdorgxpvce.tif	1025603.814720	1025604.073303	1025604.780085	7.090836e-01	11	none	NaN	NaN
131	5	84	37	bathroom	sun_amzlamotzwfkwjco.tif	1025605.549770	1025605.808360	1025606.515332	7.174258e-01	27	39	1025608.415308	1
131	5	85	11	bathroom	labelme_sfxiulhjbhlyiyt.tif	1025609.186710	1025609.445300	1025610.152296	7.341101e-01	1	37	1025610.663293	1
131	5	86	35	bathroom	sun_alotolagknyrgtsk.tif	1025611.438921	1025611.697533	1025612.404339	7.507944e-01	25	37	1025613.175383	1
131	5	87	30	bathroom	sun_ajlawzvmubibwbpy.tif	1025613.949762	1025614.208347	1025614.915326	7.674787e-01	20	none	NaN	NaN
131	5	88	57	bathroom	sun_axldvoqbuvuggfmq.tif	1025615.684815	1025615.943404	1025616.650174	6.840571e-01	47	none	NaN	NaN
131	5	89	22	bathroom	sun_agguqiubmwhqqunb.tif	1025617.419869	1025617.678459	1025618.385280	6.757150e-01	12	none	NaN	NaN
131	5	90	19	bathroom	sun_aclfzgynxzxlbepz.tif	1025619.154925	1025619.413539	1025620.120319	7.341101e-01	9	none	NaN	NaN
131	5	91	25	bathroom	sun_agyqfjcfkdcydepw.tif	1025620.889977	1025621.148570	1025621.855336	6.673728e-01	15	37	1025622.991393	1
131	5	92	43	bathroom	sun_apjevzvycyhuqghb.tif	1025623.767828	1025624.026420	1025624.733306	6.673728e-01	33	none	NaN	NaN
131	5	93	54	bathroom	sun_auzqhkafidnkrwmo.tif	1025625.502885	1025625.761476	1025626.468459	7.758209e-01	44	none	NaN	NaN
131	5	94	51	bathroom	sun_atstyziqcmkahyxk.tif	1025627.237938	1025627.496530	1025628.203431	7.424522e-01	41	none	NaN	NaN
131	5	95	24	bathroom	sun_agrwbmhcpmfuwmsg.tif	1025628.972995	1025629.231583	1025629.938578	6.840571e-01	14	none	NaN	NaN
131	5	96	23	bathroom	sun_aghyqhbptboemmoq.tif	1025630.708044	1025630.966634	1025631.673533	6.923993e-01	13	39	1025632.703320	1
131	5	97	40	bathroom	sun_aofnryafpsjimzsb.tif	1025633.477452	1025633.736044	1025634.442863	6.506885e-01	30	none	NaN	NaN
131	5	98	41	bathroom	sun_aoybiabnpadelefl.tif	1025635.212509	1025635.471098	1025636.177996	7.507944e-01	31	none	NaN	NaN
131	5	99	48	bathroom	sun_aqrpegblszgcoujh.tif	1025636.947568	1025637.206154	1025637.912969	7.925052e-01	38	none	NaN	NaN
131	5	100	17	bathroom	sun_acegryoqftbzowsg.tif	1025638.682616	1025638.941208	1025639.647998	8.258738e-01	7	none	NaN	NaN
131	6	1	64	kitchen	sun_aadbddgrdsjugojn.tif	1025652.629779	1025652.888370	1025653.628585	8.425582e-01	54	none	NaN	NaN
131	6	2	81	kitchen	sun_aehawpgmrlhlvcow.tif	1025654.398201	1025654.656792	1025655.396914	7.090836e-01	71	none	NaN	NaN
131	6	3	108	kitchen	sun_aymvwlarqodbwuoc.tif	1025656.166617	1025656.425209	1025657.165429	6.840571e-01	98	none	NaN	NaN
131	6	4	65	kitchen	sun_aamedkxepzlwuxes.tif	1025657.935037	1025658.193626	1025658.933876	8.258738e-01	55	none	NaN	NaN
131	6	5	87	kitchen	sun_agorklincwxrdtga.tif	1025659.703461	1025659.962045	1025660.702244	8.175317e-01	77	none	NaN	NaN
131	6	6	90	kitchen	sun_ahdycvpopffkzzsu.tif	1025661.471876	1025661.730462	1025662.470636	7.507944e-01	80	none	NaN	NaN
131	6	7	99	kitchen	sun_akcjzhbbjlbogpdi.tif	1025663.240298	1025663.498885	1025664.239085	7.674787e-01	89	39	1025665.727393	1
131	6	8	93	kitchen	sun_ahspylgoovwmwvgk.tif	1025666.501867	1025666.760459	1025667.500756	7.007414e-01	83	none	NaN	NaN
131	6	9	62	kitchen	labelme_kxvouciolcpqplr.tif	1025668.270283	1025668.528876	1025669.269056	6.673728e-01	52	none	NaN	NaN
131	6	10	69	kitchen	sun_abdenxonkemggwsq.tif	1025670.038706	1025670.297296	1025671.037470	6.840571e-01	59	none	NaN	NaN
131	6	11	98	kitchen	sun_akchetnepxlcxhsu.tif	1025671.807123	1025672.065715	1025672.806059	7.841630e-01	88	none	NaN	NaN
131	6	12	106	kitchen	sun_awcpdzzznmweyyhv.tif	1025673.575546	1025673.834141	1025674.574271	7.925052e-01	96	none	NaN	NaN
131	6	13	109	kitchen	sun_aypmqwcualkenuoe.tif	1025675.343967	1025675.602552	1025676.342779	6.923993e-01	99	none	NaN	NaN
131	6	14	100	kitchen	sun_amjjdeyrggfqgmom.tif	1025677.112387	1025677.370976	1025678.111208	7.174258e-01	90	none	NaN	NaN
131	6	15	89	kitchen	sun_agzzivivdpnawacl.tif	1025678.880803	1025679.139394	1025679.879739	8.258738e-01	79	none	NaN	NaN
131	6	16	103	kitchen	sun_aunzlwrbjumxhwdj.tif	1025680.649225	1025680.907817	1025681.648153	6.923993e-01	93	none	NaN	NaN
131	6	17	78	kitchen	sun_adgqasybjyktddhj.tif	1025682.417643	1025682.676233	1025683.416587	8.342160e-01	68	none	NaN	NaN
131	6	18	68	kitchen	sun_aaxxjlsuzvqlgylf.tif	1025684.186064	1025684.444656	1025685.185002	8.258738e-01	58	none	NaN	NaN
131	6	19	71	kitchen	sun_abftihopvusyfakt.tif	1025685.954479	1025686.213079	1025686.953396	7.090836e-01	61	none	NaN	NaN
131	6	20	105	kitchen	sun_avszsnwsbuqfgzbn.tif	1025687.722903	1025687.981495	1025688.721742	6.506885e-01	95	37	1025689.519237	0
131	6	21	73	kitchen	sun_abrcnpqqhmjwekyf.tif	1025690.292123	1025690.550709	1025691.290841	7.591366e-01	63	none	NaN	NaN
131	6	22	67	kitchen	sun_aarfiyshqohlwkmo.tif	1025692.060534	1025692.319129	1025693.059445	7.758209e-01	57	none	NaN	NaN
131	6	23	86	kitchen	sun_aggjlwcdjsjcaemh.tif	1025693.828961	1025694.087553	1025694.827717	8.008474e-01	76	none	NaN	NaN
131	6	24	74	kitchen	sun_acfmftudsenhrfhy.tif	1025695.597379	1025695.855965	1025696.596329	6.590306e-01	64	none	NaN	NaN
131	6	25	66	kitchen	sun_aapllqyqlykszopd.tif	1025697.365800	1025697.624389	1025698.364645	7.174258e-01	56	none	NaN	NaN
131	6	26	95	kitchen	sun_aixorpehvfykdynp.tif	1025699.134219	1025699.392807	1025700.133177	7.591366e-01	85	none	NaN	NaN
131	6	27	70	kitchen	sun_abdxkyyxwfskuaqb.tif	1025700.902638	1025701.161224	1025701.901434	8.342160e-01	60	39	1025704.823361	1
131	6	28	75	kitchen	sun_acgtpgfybqjmzeyw.tif	1025705.598957	1025705.857551	1025706.597788	8.425582e-01	65	none	NaN	NaN
131	6	29	94	kitchen	sun_ahywdevtimnqcsln.tif	1025707.367382	1025707.625972	1025708.366140	7.424522e-01	84	none	NaN	NaN
131	6	30	85	kitchen	sun_afuyedyxivkhecmu.tif	1025709.135799	1025709.394395	1025710.134760	7.841630e-01	75	none	NaN	NaN
131	6	31	107	kitchen	sun_axyyrmzcupyhlivc.tif	1025710.904220	1025711.162810	1025711.903010	8.175317e-01	97	none	NaN	NaN
131	6	32	91	kitchen	sun_ahljzhgcdpomplvg.tif	1025712.672642	1025712.931233	1025713.671522	7.257679e-01	81	none	NaN	NaN
131	6	33	96	kitchen	sun_ajcbwwvdlsvjyzje.tif	1025714.441061	1025714.699654	1025715.439814	7.758209e-01	86	39	1025716.271489	1
131	6	34	82	kitchen	sun_aenotlpyftoioydp.tif	1025717.043642	1025717.302232	1025718.042596	7.591366e-01	72	37	1025718.711406	1
131	6	35	102	kitchen	sun_auaiucuqpdausiva.tif	1025719.487730	1025719.746315	1025720.486556	8.008474e-01	92	37	1025721.167344	1
131	6	36	72	kitchen	sun_abpwyqmlzafvklqo.tif	1025721.940162	1025722.198751	1025722.938931	7.257679e-01	62	none	NaN	NaN
131	6	37	84	kitchen	sun_aexklacwqwezaorf.tif	1025723.708583	1025723.967172	1025724.707318	7.674787e-01	74	39	1025725.655287	1
131	6	38	101	kitchen	sun_aqeaevwwwjoqhzvl.tif	1025726.427944	1025726.686538	1025727.426878	7.674787e-01	91	none	NaN	NaN
131	6	39	110	kitchen	sun_azmutvzbxypaceni.tif	1025728.196367	1025728.454952	1025729.195284	6.590306e-01	100	none	NaN	NaN
131	6	40	83	kitchen	sun_aeqdocilnnpuvuhx.tif	1025729.964781	1025730.223375	1025730.963659	8.008474e-01	73	none	NaN	NaN
131	6	41	77	kitchen	sun_acxkpeoqbwcxfvip.tif	1025731.733202	1025731.991792	1025732.731969	8.258738e-01	67	none	NaN	NaN
131	6	42	63	kitchen	labelme_rykdqxenmhulbdn.tif	1025733.501625	1025733.760214	1025734.500557	6.506885e-01	53	none	NaN	NaN
131	6	43	80	kitchen	sun_aegoxogugdkwpmpj.tif	1025735.270044	1025735.528636	1025736.268920	7.090836e-01	70	none	NaN	NaN
131	6	44	79	kitchen	sun_admlmbcdswaszruo.tif	1025737.038468	1025737.297049	1025738.037265	7.925052e-01	69	37	1025739.303340	1
131	6	45	61	kitchen	labelme_brsyyvweiuaazfr.tif	1025740.074803	1025740.333399	1025741.073659	7.007414e-01	51	none	NaN	NaN
131	6	46	97	kitchen	sun_ajkqhtgcbgpcwrwn.tif	1025741.843230	1025742.101818	1025742.841992	7.090836e-01	87	none	NaN	NaN
131	6	47	88	kitchen	sun_agubuxuukhzyzpdp.tif	1025743.611648	1025743.870239	1025744.610572	7.341101e-01	78	none	NaN	NaN
131	6	48	104	kitchen	sun_auticobqsbwgoppi.tif	1025745.380065	1025745.638655	1025746.378948	7.758209e-01	94	none	NaN	NaN
131	6	49	76	kitchen	sun_acwjdupvyjsugpay.tif	1025747.148486	1025747.407077	1025748.147349	7.591366e-01	66	none	NaN	NaN
131	6	50	92	kitchen	sun_ahpczsiumwwocjkv.tif	1025748.916908	1025749.175536	1025749.915698	7.174258e-01	82	none	NaN	NaN
131	6	51	105	kitchen	sun_avszsnwsbuqfgzbn.tif	1025750.685330	1025750.943915	1025751.684120	8.258738e-01	95	none	NaN	NaN
131	6	52	92	kitchen	sun_ahpczsiumwwocjkv.tif	1025752.453749	1025752.712332	1025753.453050	8.342160e-01	82	none	NaN	NaN
131	6	53	83	kitchen	sun_aeqdocilnnpuvuhx.tif	1025754.222168	1025754.480757	1025755.221053	7.341101e-01	73	none	NaN	NaN
131	6	54	94	kitchen	sun_ahywdevtimnqcsln.tif	1025755.990587	1025756.249182	1025756.989372	8.091895e-01	84	none	NaN	NaN
131	6	55	101	kitchen	sun_aqeaevwwwjoqhzvl.tif	1025757.759011	1025758.017601	1025758.757897	7.007414e-01	91	none	NaN	NaN
131	6	56	81	kitchen	sun_aehawpgmrlhlvcow.tif	1025759.527428	1025759.786022	1025760.526353	6.840571e-01	71	none	NaN	NaN
131	6	57	87	kitchen	sun_agorklincwxrdtga.tif	1025761.295805	1025761.554436	1025762.294547	8.091895e-01	77	none	NaN	NaN
131	6	58	89	kitchen	sun_agzzivivdpnawacl.tif	1025763.064267	1025763.322852	1025764.063051	7.257679e-01	79	none	NaN	NaN
131	6	59	74	kitchen	sun_acfmftudsenhrfhy.tif	1025764.832682	1025765.091276	1025765.831415	8.008474e-01	64	none	NaN	NaN
131	6	60	67	kitchen	sun_aarfiyshqohlwkmo.tif	1025766.601106	1025766.859692	1025767.599888	6.923993e-01	57	none	NaN	NaN
131	6	61	63	kitchen	labelme_rykdqxenmhulbdn.tif	1025768.369525	1025768.628117	1025769.368321	6.673728e-01	53	none	NaN	NaN
131	6	62	84	kitchen	sun_aexklacwqwezaorf.tif	1025770.137943	1025770.396539	1025771.136736	6.590306e-01	74	none	NaN	NaN
131	6	63	103	kitchen	sun_aunzlwrbjumxhwdj.tif	1025771.906366	1025772.164958	1025772.905255	6.923993e-01	93	37	1025774.039219	1
131	6	64	91	kitchen	sun_ahljzhgcdpomplvg.tif	1025774.817583	1025775.076179	1025775.816415	6.923993e-01	81	none	NaN	NaN
131	6	65	62	kitchen	labelme_kxvouciolcpqplr.tif	1025776.586007	1025776.844597	1025777.584874	7.424522e-01	52	37	1025779.975191	0
131	6	66	106	kitchen	sun_awcpdzzznmweyyhv.tif	1025780.748468	1025781.007055	1025781.747360	6.673728e-01	96	none	NaN	NaN
131	6	67	68	kitchen	sun_aaxxjlsuzvqlgylf.tif	1025782.516886	1025782.775477	1025783.515662	7.507944e-01	58	none	NaN	NaN
131	6	68	65	kitchen	sun_aamedkxepzlwuxes.tif	1025784.285308	1025784.543894	1025785.284087	7.341101e-01	55	none	NaN	NaN
131	6	69	96	kitchen	sun_ajcbwwvdlsvjyzje.tif	1025786.045382	1025786.303975	1025787.044209	7.007414e-01	86	none	NaN	NaN
131	6	70	110	kitchen	sun_azmutvzbxypaceni.tif	1025787.813809	1025788.072391	1025788.812623	8.425582e-01	100	none	NaN	NaN
131	6	71	77	kitchen	sun_acxkpeoqbwcxfvip.tif	1025789.582223	1025789.840814	1025790.581148	8.509003e-01	67	39	1025791.863569	1
131	6	72	86	kitchen	sun_aggjlwcdjsjcaemh.tif	1025792.635250	1025792.893844	1025793.634044	7.925052e-01	76	none	NaN	NaN
131	6	73	64	kitchen	sun_aadbddgrdsjugojn.tif	1025794.403672	1025794.662261	1025795.402575	6.757150e-01	54	none	NaN	NaN
131	6	74	76	kitchen	sun_acwjdupvyjsugpay.tif	1025796.172094	1025796.430683	1025797.170992	8.175317e-01	66	none	NaN	NaN
131	6	75	104	kitchen	sun_auticobqsbwgoppi.tif	1025797.940510	1025798.199103	1025798.939370	8.509003e-01	94	none	NaN	NaN
131	6	76	95	kitchen	sun_aixorpehvfykdynp.tif	1025799.708929	1025799.967518	1025800.707646	7.507944e-01	85	none	NaN	NaN
131	6	77	109	kitchen	sun_aypmqwcualkenuoe.tif	1025801.469008	1025801.727600	1025802.467950	8.342160e-01	99	none	NaN	NaN
131	6	78	108	kitchen	sun_aymvwlarqodbwuoc.tif	1025803.237430	1025803.496020	1025804.236159	6.757150e-01	98	37	1025805.311342	1
131	6	79	100	kitchen	sun_amjjdeyrggfqgmom.tif	1025806.081913	1025806.340505	1025807.080641	7.591366e-01	90	none	NaN	NaN
131	6	80	99	kitchen	sun_akcjzhbbjlbogpdi.tif	1025807.850336	1025808.108924	1025808.849078	6.590306e-01	89	none	NaN	NaN
131	6	81	70	kitchen	sun_abdxkyyxwfskuaqb.tif	1025809.618754	1025809.877347	1025810.617658	7.174258e-01	60	none	NaN	NaN
131	6	82	75	kitchen	sun_acgtpgfybqjmzeyw.tif	1025811.387174	1025811.645766	1025812.385977	6.673728e-01	65	37	1025813.271176	1
131	6	83	90	kitchen	sun_ahdycvpopffkzzsu.tif	1025814.048150	1025814.306737	1025815.047001	6.757150e-01	80	none	NaN	NaN
131	6	84	97	kitchen	sun_ajkqhtgcbgpcwrwn.tif	1025815.816563	1025816.075155	1025816.815474	6.840571e-01	87	none	NaN	NaN
131	6	85	88	kitchen	sun_agubuxuukhzyzpdp.tif	1025817.584986	1025817.843577	1025818.583937	6.506885e-01	78	none	NaN	NaN
131	6	86	80	kitchen	sun_aegoxogugdkwpmpj.tif	1025819.353406	1025819.612001	1025820.352348	8.091895e-01	70	none	NaN	NaN
131	6	87	82	kitchen	sun_aenotlpyftoioydp.tif	1025821.121827	1025821.380416	1025822.120607	7.257679e-01	72	none	NaN	NaN
131	6	88	102	kitchen	sun_auaiucuqpdausiva.tif	1025822.890248	1025823.148833	1025823.888976	7.925052e-01	92	39	1025826.983543	1
131	6	89	66	kitchen	sun_aapllqyqlykszopd.tif	1025827.761745	1025828.020333	1025828.760487	7.841630e-01	56	none	NaN	NaN
131	6	90	78	kitchen	sun_adgqasybjyktddhj.tif	1025829.530165	1025829.788751	1025830.529050	8.091895e-01	68	none	NaN	NaN
131	6	91	61	kitchen	labelme_brsyyvweiuaazfr.tif	1025831.298585	1025831.557170	1025832.297443	8.175317e-01	51	none	NaN	NaN
131	6	92	79	kitchen	sun_admlmbcdswaszruo.tif	1025833.067002	1025833.325593	1025834.065920	8.425582e-01	69	37	1025834.863443	1
131	6	93	73	kitchen	sun_abrcnpqqhmjwekyf.tif	1025835.636213	1025835.894809	1025836.635151	7.674787e-01	63	none	NaN	NaN
131	6	94	69	kitchen	sun_abdenxonkemggwsq.tif	1025837.404637	1025837.663230	1025838.403392	6.757150e-01	59	none	NaN	NaN
131	6	95	98	kitchen	sun_akchetnepxlcxhsu.tif	1025839.173059	1025839.431647	1025840.172000	7.758209e-01	88	none	NaN	NaN
131	6	96	107	kitchen	sun_axyyrmzcupyhlivc.tif	1025840.941479	1025841.200068	1025841.940323	7.841630e-01	97	none	NaN	NaN
131	6	97	71	kitchen	sun_abftihopvusyfakt.tif	1025842.709900	1025842.968490	1025843.708749	7.507944e-01	61	none	NaN	NaN
131	6	98	85	kitchen	sun_afuyedyxivkhecmu.tif	1025844.478316	1025844.736907	1025845.477178	7.341101e-01	75	none	NaN	NaN
131	6	99	93	kitchen	sun_ahspylgoovwmwvgk.tif	1025846.246737	1025846.505326	1025847.245510	7.424522e-01	83	none	NaN	NaN
131	6	100	72	kitchen	sun_abpwyqmlzafvklqo.tif	1025848.015160	1025848.273751	1025849.013968	7.424522e-01	62	none	NaN	NaN
131	7	1	30	bathroom	sun_ajlawzvmubibwbpy.tif	1025856.990723	1025857.249316	1025857.939461	6.673728e-01	20	37	1025858.823422	1
131	7	2	24	bathroom	sun_agrwbmhcpmfuwmsg.tif	1025859.601643	1025859.860237	1025860.550388	7.424522e-01	14	none	NaN	NaN
131	7	3	18	bathroom	sun_acgyywnybuveqsro.tif	1025861.320016	1025861.578604	1025862.268806	7.674787e-01	8	none	NaN	NaN
131	7	4	11	bathroom	labelme_sfxiulhjbhlyiyt.tif	1025863.038379	1025863.296971	1025863.987103	7.507944e-01	1	none	NaN	NaN
131	7	5	36	bathroom	sun_ambriybtogmepttm.tif	1025864.756756	1025865.015348	1025865.705621	7.841630e-01	26	none	NaN	NaN
131	7	6	59	bathroom	sun_axyrejkiiaqiurjk.tif	1025866.475130	1025866.733720	1025867.423957	8.008474e-01	49	39	1025868.479470	1
131	7	7	41	bathroom	sun_aoybiabnpadelefl.tif	1025869.252879	1025869.511468	1025870.201598	7.007414e-01	31	none	NaN	NaN
131	7	8	27	bathroom	sun_ahcvzmoyaycdoftf.tif	1025870.971251	1025871.229844	1025871.920057	7.341101e-01	17	none	NaN	NaN
131	7	9	33	bathroom	sun_aljolscmmzydegqp.tif	1025872.689615	1025872.948209	1025873.638496	7.424522e-01	23	none	NaN	NaN
131	7	10	19	bathroom	sun_aclfzgynxzxlbepz.tif	1025874.407995	1025874.666609	1025875.356933	6.757150e-01	9	none	NaN	NaN
131	7	11	50	bathroom	sun_aspsyogrekjtfozg.tif	1025876.126362	1025876.384954	1025877.075094	7.507944e-01	40	none	NaN	NaN
131	7	12	25	bathroom	sun_agyqfjcfkdcydepw.tif	1025877.844730	1025878.103323	1025878.793511	6.506885e-01	15	37	1025879.703232	1
131	7	13	48	bathroom	sun_aqrpegblszgcoujh.tif	1025880.480679	1025880.739274	1025881.429420	8.008474e-01	38	none	NaN	NaN
131	7	14	52	bathroom	sun_aunuadmjocsddsrl.tif	1025882.199048	1025882.457637	1025883.147832	8.342160e-01	42	none	NaN	NaN
131	7	15	45	bathroom	sun_apkxzenqapsujocq.tif	1025883.917417	1025884.176005	1025884.866203	7.925052e-01	35	none	NaN	NaN
131	7	16	54	bathroom	sun_auzqhkafidnkrwmo.tif	1025885.635792	1025885.894380	1025886.584580	6.840571e-01	44	none	NaN	NaN
131	7	17	43	bathroom	sun_apjevzvycyhuqghb.tif	1025887.354158	1025887.612751	1025888.303020	6.923993e-01	33	37	1025889.047474	1
131	7	18	23	bathroom	sun_aghyqhbptboemmoq.tif	1025889.823270	1025890.081868	1025890.771945	7.591366e-01	13	none	NaN	NaN
131	7	19	57	bathroom	sun_axldvoqbuvuggfmq.tif	1025891.541645	1025891.800237	1025892.490433	7.507944e-01	47	none	NaN	NaN
131	7	20	13	bathroom	sun_aavhrsfjbserjtht.tif	1025893.260017	1025893.518608	1025894.208833	8.175317e-01	3	none	NaN	NaN
131	7	21	28	bathroom	sun_ahijqszoswveeyji.tif	1025894.978385	1025895.236974	1025895.927203	7.341101e-01	18	39	1025896.863498	1
131	7	22	51	bathroom	sun_atstyziqcmkahyxk.tif	1025897.639356	1025897.897947	1025898.588019	7.257679e-01	41	none	NaN	NaN
131	7	23	55	bathroom	sun_avhrdrntsqrjzccq.tif	1025899.357724	1025899.616318	1025900.306406	7.090836e-01	45	none	NaN	NaN
131	7	24	40	bathroom	sun_aofnryafpsjimzsb.tif	1025901.076096	1025901.334686	1025902.024819	6.923993e-01	30	none	NaN	NaN
131	7	25	44	bathroom	sun_apkruvsevgegsdwp.tif	1025902.794464	1025903.053054	1025903.743126	8.091895e-01	34	none	NaN	NaN
131	7	26	42	bathroom	sun_apeeialkgkuxddgh.tif	1025904.512840	1025904.771430	1025905.461717	8.175317e-01	32	none	NaN	NaN
131	7	27	20	bathroom	sun_afcoljnjfoxjtgja.tif	1025906.231210	1025906.489803	1025907.179871	7.174258e-01	10	none	NaN	NaN
131	7	28	17	bathroom	sun_acegryoqftbzowsg.tif	1025907.949573	1025908.208172	1025908.898351	8.258738e-01	7	none	NaN	NaN
131	7	29	37	bathroom	sun_amzlamotzwfkwjco.tif	1025909.667950	1025909.926538	1025910.616641	6.923993e-01	27	none	NaN	NaN
131	7	30	16	bathroom	sun_acduarbnmmoglmiv.tif	1025911.386323	1025911.644912	1025912.335014	6.840571e-01	6	none	NaN	NaN
131	7	31	34	bathroom	sun_alkosphxlxwjwgjd.tif	1025913.104690	1025913.363279	1025914.054238	8.342160e-01	24	none	NaN	NaN
131	7	32	49	bathroom	sun_asfwthctfqerjvxr.tif	1025914.823063	1025915.081648	1025915.771841	7.674787e-01	39	none	NaN	NaN
131	7	33	31	bathroom	sun_akiytfaagpdsphgz.tif	1025916.541432	1025916.800017	1025917.490336	7.925052e-01	21	none	NaN	NaN
131	7	34	53	bathroom	sun_ausgutylgojavyoq.tif	1025918.259802	1025918.518392	1025919.208667	7.090836e-01	43	39	1025920.687468	1
131	7	35	39	bathroom	sun_anryaplzeujmzfkd.tif	1025921.462980	1025921.721568	1025922.411691	8.425582e-01	29	none	NaN	NaN
131	7	36	21	bathroom	sun_aggnnqpdorgxpvce.tif	1025923.181349	1025923.439943	1025924.130112	7.925052e-01	11	39	1025925.103672	1
131	7	37	56	bathroom	sun_awnqiikzaispgmwo.tif	1025925.875689	1025926.134276	1025926.824567	7.341101e-01	46	none	NaN	NaN
131	7	38	14	bathroom	sun_abapwbhyhkfixyex.tif	1025927.594059	1025927.852649	1025928.542936	8.175317e-01	4	none	NaN	NaN
131	7	39	60	bathroom	sun_azqyogdvyhahyram.tif	1025929.312428	1025929.571019	1025930.261174	7.591366e-01	50	none	NaN	NaN
131	7	40	38	bathroom	sun_anhioqovhscjqqwb.tif	1025931.030788	1025931.289385	1025931.979557	8.258738e-01	28	none	NaN	NaN
131	7	41	47	bathroom	sun_apynckhmoftszqoq.tif	1025932.749164	1025933.007754	1025933.697983	6.506885e-01	37	none	NaN	NaN
131	7	42	12	bathroom	sun_aapitsgbtktqubfy.tif	1025934.467537	1025934.726130	1025935.416453	8.008474e-01	2	none	NaN	NaN
131	7	43	22	bathroom	sun_agguqiubmwhqqunb.tif	1025936.185905	1025936.444499	1025937.134749	7.424522e-01	12	37	1025938.231579	1
131	7	44	46	bathroom	sun_apmqjbnwghzuhhzh.tif	1025939.005371	1025939.263964	1025939.954053	8.342160e-01	36	none	NaN	NaN
131	7	45	58	bathroom	sun_axxbkopsgyouuebh.tif	1025940.723741	1025940.982332	1025941.672573	8.258738e-01	48	none	NaN	NaN
131	7	46	35	bathroom	sun_alotolagknyrgtsk.tif	1025942.442111	1025942.700702	1025943.390805	8.425582e-01	25	none	NaN	NaN
131	7	47	26	bathroom	sun_ahaulkltgpkeeemi.tif	1025944.160482	1025944.419070	1025945.109296	8.091895e-01	16	none	NaN	NaN
131	7	48	29	bathroom	sun_ahqjwnzgolcaoidx.tif	1025945.878853	1025946.137439	1025946.827605	6.673728e-01	19	none	NaN	NaN
131	7	49	32	bathroom	sun_aleqenyvunhactkl.tif	1025947.597220	1025947.855812	1025948.545912	7.591366e-01	22	none	NaN	NaN
131	7	50	15	bathroom	sun_abjtwfukuwddzted.tif	1025949.315592	1025949.574181	1025950.264400	6.590306e-01	5	none	NaN	NaN
131	7	51	16	bathroom	sun_acduarbnmmoglmiv.tif	1025951.033961	1025951.292554	1025951.982655	7.174258e-01	6	none	NaN	NaN
131	7	52	53	bathroom	sun_ausgutylgojavyoq.tif	1025952.752338	1025953.010923	1025953.701076	8.342160e-01	43	none	NaN	NaN
131	7	53	23	bathroom	sun_aghyqhbptboemmoq.tif	1025954.470704	1025954.729295	1025955.419543	7.758209e-01	13	none	NaN	NaN
131	7	54	17	bathroom	sun_acegryoqftbzowsg.tif	1025956.189073	1025956.447664	1025957.137854	6.673728e-01	7	none	NaN	NaN
131	7	55	32	bathroom	sun_aleqenyvunhactkl.tif	1025957.907442	1025958.166033	1025958.856226	8.425582e-01	22	37	1025960.031652	1
131	7	56	37	bathroom	sun_amzlamotzwfkwjco.tif	1025960.801984	1025961.060571	1025961.750841	8.091895e-01	27	none	NaN	NaN
131	7	57	59	bathroom	sun_axyrejkiiaqiurjk.tif	1025962.520352	1025962.778939	1025963.469011	7.507944e-01	49	37	1025967.399589	0
131	7	58	41	bathroom	sun_aoybiabnpadelefl.tif	1025968.175959	1025968.434549	1025969.124751	7.007414e-01	31	none	NaN	NaN
131	7	59	26	bathroom	sun_ahaulkltgpkeeemi.tif	1025969.894325	1025970.152917	1025970.843115	8.091895e-01	16	none	NaN	NaN
131	7	60	55	bathroom	sun_avhrdrntsqrjzccq.tif	1025971.612698	1025971.871289	1025972.561425	6.757150e-01	45	none	NaN	NaN
131	7	61	40	bathroom	sun_aofnryafpsjimzsb.tif	1025973.331072	1025973.589663	1025974.279791	7.341101e-01	30	none	NaN	NaN
131	7	62	33	bathroom	sun_aljolscmmzydegqp.tif	1025975.049440	1025975.308024	1025975.998154	6.923993e-01	23	none	NaN	NaN
131	7	63	24	bathroom	sun_agrwbmhcpmfuwmsg.tif	1025976.767811	1025977.026394	1025977.716717	7.591366e-01	14	none	NaN	NaN
131	7	64	39	bathroom	sun_anryaplzeujmzfkd.tif	1025978.486173	1025978.744772	1025979.434920	8.509003e-01	29	none	NaN	NaN
131	7	65	38	bathroom	sun_anhioqovhscjqqwb.tif	1025980.204555	1025980.463142	1025981.153265	6.590306e-01	28	none	NaN	NaN
131	7	66	15	bathroom	sun_abjtwfukuwddzted.tif	1025981.922921	1025982.181514	1025982.871671	6.757150e-01	5	none	NaN	NaN
131	7	67	42	bathroom	sun_apeeialkgkuxddgh.tif	1025983.641287	1025983.899884	1025984.589960	7.841630e-01	32	none	NaN	NaN
131	7	68	11	bathroom	labelme_sfxiulhjbhlyiyt.tif	1025985.359661	1025985.618251	1025986.308452	8.509003e-01	1	none	NaN	NaN
131	7	69	12	bathroom	sun_aapitsgbtktqubfy.tif	1025987.078030	1025987.336623	1025988.026775	6.840571e-01	2	none	NaN	NaN
131	7	70	43	bathroom	sun_apjevzvycyhuqghb.tif	1025988.796398	1025989.054991	1025989.745172	7.257679e-01	33	none	NaN	NaN
131	7	71	47	bathroom	sun_apynckhmoftszqoq.tif	1025990.514769	1025990.773364	1025991.463626	8.008474e-01	37	37	1025992.303680	1
131	7	72	34	bathroom	sun_alkosphxlxwjwgjd.tif	1025993.075645	1025993.334231	1025994.024315	7.591366e-01	24	none	NaN	NaN
131	7	73	30	bathroom	sun_ajlawzvmubibwbpy.tif	1025994.794014	1025995.052605	1025995.742795	7.174258e-01	20	none	NaN	NaN
131	7	74	56	bathroom	sun_awnqiikzaispgmwo.tif	1025996.512387	1025996.770975	1025997.461067	6.590306e-01	46	none	NaN	NaN
131	7	75	36	bathroom	sun_ambriybtogmepttm.tif	1025998.230754	1025998.489342	1025999.179422	8.175317e-01	26	none	NaN	NaN
131	7	76	46	bathroom	sun_apmqjbnwghzuhhzh.tif	1025999.949127	1026000.207719	1026000.897881	6.673728e-01	36	none	NaN	NaN
131	7	77	14	bathroom	sun_abapwbhyhkfixyex.tif	1026001.667493	1026001.926084	1026002.616261	7.758209e-01	4	none	NaN	NaN
131	7	78	19	bathroom	sun_aclfzgynxzxlbepz.tif	1026003.385865	1026003.644455	1026004.334721	6.923993e-01	9	none	NaN	NaN
131	7	79	25	bathroom	sun_agyqfjcfkdcydepw.tif	1026005.104239	1026005.362821	1026006.053055	7.007414e-01	15	none	NaN	NaN
131	7	80	13	bathroom	sun_aavhrsfjbserjtht.tif	1026006.822607	1026007.081192	1026007.771384	7.257679e-01	3	none	NaN	NaN
131	7	81	60	bathroom	sun_azqyogdvyhahyram.tif	1026008.540975	1026008.799564	1026009.489785	7.424522e-01	50	none	NaN	NaN
131	7	82	50	bathroom	sun_aspsyogrekjtfozg.tif	1026010.259346	1026010.517935	1026011.208021	6.506885e-01	40	39	1026012.719850	1
131	7	83	22	bathroom	sun_agguqiubmwhqqunb.tif	1026013.495893	1026013.754477	1026014.444596	6.590306e-01	12	none	NaN	NaN
131	7	84	20	bathroom	sun_afcoljnjfoxjtgja.tif	1026015.214261	1026015.472843	1026016.163128	8.258738e-01	10	none	NaN	NaN
131	7	85	18	bathroom	sun_acgyywnybuveqsro.tif	1026016.932629	1026017.191224	1026017.881344	6.757150e-01	8	none	NaN	NaN
131	7	86	58	bathroom	sun_axxbkopsgyouuebh.tif	1026018.651000	1026018.909592	1026019.599806	7.758209e-01	48	none	NaN	NaN
131	7	87	35	bathroom	sun_alotolagknyrgtsk.tif	1026020.369364	1026020.627958	1026021.318270	7.257679e-01	25	none	NaN	NaN
131	7	88	44	bathroom	sun_apkruvsevgegsdwp.tif	1026022.087743	1026022.346328	1026023.036607	7.007414e-01	34	none	NaN	NaN
131	7	89	48	bathroom	sun_aqrpegblszgcoujh.tif	1026023.806113	1026024.064702	1026024.754872	7.841630e-01	38	none	NaN	NaN
131	7	90	45	bathroom	sun_apkxzenqapsujocq.tif	1026025.524481	1026025.783075	1026026.473371	7.841630e-01	35	none	NaN	NaN
131	7	91	57	bathroom	sun_axldvoqbuvuggfmq.tif	1026027.242844	1026027.501443	1026028.191618	7.090836e-01	47	39	1026029.343743	1
131	7	92	51	bathroom	sun_atstyziqcmkahyxk.tif	1026030.120702	1026030.379293	1026031.069361	7.174258e-01	41	none	NaN	NaN
131	7	93	31	bathroom	sun_akiytfaagpdsphgz.tif	1026031.839076	1026032.097663	1026032.787766	7.925052e-01	21	none	NaN	NaN
131	7	94	29	bathroom	sun_ahqjwnzgolcaoidx.tif	1026033.557442	1026033.816035	1026034.506225	8.258738e-01	19	none	NaN	NaN
131	7	95	54	bathroom	sun_auzqhkafidnkrwmo.tif	1026035.275815	1026035.534400	1026036.224684	8.425582e-01	44	37	1026037.015684	1
131	7	96	49	bathroom	sun_asfwthctfqerjvxr.tif	1026037.786640	1026038.045227	1026038.735335	7.758209e-01	39	none	NaN	NaN
131	7	97	52	bathroom	sun_aunuadmjocsddsrl.tif	1026039.505009	1026039.763595	1026040.453827	7.674787e-01	42	none	NaN	NaN
131	7	98	28	bathroom	sun_ahijqszoswveeyji.tif	1026041.223377	1026041.481961	1026042.172285	6.840571e-01	18	none	NaN	NaN
131	7	99	21	bathroom	sun_aggnnqpdorgxpvce.tif	1026042.941751	1026043.200340	1026043.890459	7.090836e-01	11	37	1026044.495577	1
131	7	100	27	bathroom	sun_ahcvzmoyaycdoftf.tif	1026045.269053	1026045.527649	1026046.217760	7.674787e-01	17	none	NaN	NaN
131	8	1	66	kitchen	sun_aapllqyqlykszopd.tif	1026053.268651	1026053.527243	1026054.209040	6.757150e-01	56	none	NaN	NaN
131	8	2	91	kitchen	sun_ahljzhgcdpomplvg.tif	1026054.978682	1026055.237268	1026055.919122	7.591366e-01	81	37	1026056.687560	1
131	8	3	104	kitchen	sun_auticobqsbwgoppi.tif	1026057.464477	1026057.723065	1026058.404910	8.509003e-01	94	none	NaN	NaN
131	8	4	109	kitchen	sun_aypmqwcualkenuoe.tif	1026059.174508	1026059.433100	1026060.114956	7.758209e-01	99	none	NaN	NaN
131	8	5	81	kitchen	sun_aehawpgmrlhlvcow.tif	1026060.884537	1026061.143127	1026061.824877	7.090836e-01	71	37	1026062.503776	1
131	8	6	101	kitchen	sun_aqeaevwwwjoqhzvl.tif	1026063.278576	1026063.537167	1026064.218893	7.257679e-01	91	none	NaN	NaN
131	8	7	85	kitchen	sun_afuyedyxivkhecmu.tif	1026064.988602	1026065.247195	1026065.929082	8.258738e-01	75	none	NaN	NaN
131	8	8	83	kitchen	sun_aeqdocilnnpuvuhx.tif	1026066.698634	1026066.957225	1026067.639192	6.923993e-01	73	none	NaN	NaN
131	8	9	80	kitchen	sun_aegoxogugdkwpmpj.tif	1026068.408666	1026068.667255	1026069.349211	8.091895e-01	70	none	NaN	NaN
131	8	10	86	kitchen	sun_aggjlwcdjsjcaemh.tif	1026070.118689	1026070.377284	1026071.059225	6.673728e-01	76	39	1026072.671812	1
131	8	11	65	kitchen	sun_aamedkxepzlwuxes.tif	1026073.446989	1026073.705584	1026074.387356	7.007414e-01	55	none	NaN	NaN
131	8	12	98	kitchen	sun_akchetnepxlcxhsu.tif	1026075.157019	1026075.415609	1026076.097364	7.007414e-01	88	none	NaN	NaN
131	8	13	77	kitchen	sun_acxkpeoqbwcxfvip.tif	1026076.867047	1026077.125638	1026077.807522	8.008474e-01	67	none	NaN	NaN
131	8	14	96	kitchen	sun_ajcbwwvdlsvjyzje.tif	1026078.577073	1026078.835667	1026079.517622	8.258738e-01	86	none	NaN	NaN
131	8	15	84	kitchen	sun_aexklacwqwezaorf.tif	1026080.287109	1026080.545694	1026081.227650	7.257679e-01	74	37	1026082.039567	0
131	8	16	79	kitchen	sun_admlmbcdswaszruo.tif	1026082.814610	1026083.073204	1026083.755068	7.507944e-01	69	none	NaN	NaN
131	8	17	89	kitchen	sun_agzzivivdpnawacl.tif	1026084.524635	1026084.783201	1026085.465038	8.425582e-01	79	37	1026086.071756	1
131	8	18	92	kitchen	sun_ahpczsiumwwocjkv.tif	1026086.843604	1026087.102196	1026087.784081	8.425582e-01	82	none	NaN	NaN
131	8	19	93	kitchen	sun_ahspylgoovwmwvgk.tif	1026088.553628	1026088.812225	1026089.494167	7.758209e-01	83	39	1026090.423435	1
131	8	20	87	kitchen	sun_agorklincwxrdtga.tif	1026091.197924	1026091.456512	1026092.138273	7.841630e-01	77	37	1026092.855815	1
131	8	21	68	kitchen	sun_aaxxjlsuzvqlgylf.tif	1026093.633673	1026093.892260	1026094.574132	6.840571e-01	58	none	NaN	NaN
131	8	22	76	kitchen	sun_acwjdupvyjsugpay.tif	1026095.343697	1026095.602286	1026096.284225	6.590306e-01	66	none	NaN	NaN
131	8	23	67	kitchen	sun_aarfiyshqohlwkmo.tif	1026097.053688	1026097.312315	1026097.994195	6.590306e-01	57	none	NaN	NaN
131	8	24	97	kitchen	sun_ajkqhtgcbgpcwrwn.tif	1026098.763758	1026099.022342	1026099.704169	7.507944e-01	87	none	NaN	NaN
131	8	25	110	kitchen	sun_azmutvzbxypaceni.tif	1026100.473785	1026100.732379	1026101.414143	7.174258e-01	100	none	NaN	NaN
131	8	26	105	kitchen	sun_avszsnwsbuqfgzbn.tif	1026102.183811	1026102.442406	1026103.124305	7.841630e-01	95	none	NaN	NaN
131	8	27	70	kitchen	sun_abdxkyyxwfskuaqb.tif	1026103.893839	1026104.152430	1026104.834261	8.509003e-01	60	none	NaN	NaN
131	8	28	69	kitchen	sun_abdenxonkemggwsq.tif	1026105.603875	1026105.862456	1026106.544270	7.507944e-01	59	none	NaN	NaN
131	8	29	64	kitchen	sun_aadbddgrdsjugojn.tif	1026107.313900	1026107.572489	1026108.254374	8.425582e-01	54	none	NaN	NaN
131	8	30	72	kitchen	sun_abpwyqmlzafvklqo.tif	1026109.023922	1026109.282518	1026109.964348	7.674787e-01	62	none	NaN	NaN
131	8	31	71	kitchen	sun_abftihopvusyfakt.tif	1026110.733957	1026110.992547	1026111.674467	7.591366e-01	61	none	NaN	NaN
131	8	32	108	kitchen	sun_aymvwlarqodbwuoc.tif	1026112.443985	1026112.702581	1026113.384309	8.342160e-01	98	none	NaN	NaN
131	8	33	102	kitchen	sun_auaiucuqpdausiva.tif	1026114.154011	1026114.412611	1026115.094517	7.341101e-01	92	none	NaN	NaN
131	8	34	75	kitchen	sun_acgtpgfybqjmzeyw.tif	1026115.864046	1026116.122637	1026116.804402	7.925052e-01	65	none	NaN	NaN
131	8	35	100	kitchen	sun_amjjdeyrggfqgmom.tif	1026117.574070	1026117.832661	1026118.514612	8.258738e-01	90	none	NaN	NaN
131	8	36	74	kitchen	sun_acfmftudsenhrfhy.tif	1026119.284100	1026119.542688	1026120.224628	7.674787e-01	64	none	NaN	NaN
131	8	37	73	kitchen	sun_abrcnpqqhmjwekyf.tif	1026120.994131	1026121.252720	1026121.934451	8.008474e-01	63	none	NaN	NaN
131	8	38	94	kitchen	sun_ahywdevtimnqcsln.tif	1026122.704160	1026122.962749	1026123.644712	8.175317e-01	84	none	NaN	NaN
131	8	39	106	kitchen	sun_awcpdzzznmweyyhv.tif	1026124.414182	1026124.672780	1026125.354509	6.923993e-01	96	none	NaN	NaN
131	8	40	103	kitchen	sun_aunzlwrbjumxhwdj.tif	1026126.124211	1026126.382812	1026127.064680	7.174258e-01	93	none	NaN	NaN
131	8	41	99	kitchen	sun_akcjzhbbjlbogpdi.tif	1026127.834247	1026128.092835	1026128.774769	7.424522e-01	89	none	NaN	NaN
131	8	42	63	kitchen	labelme_rykdqxenmhulbdn.tif	1026129.544270	1026129.802863	1026130.484800	8.258738e-01	53	none	NaN	NaN
131	8	43	61	kitchen	labelme_brsyyvweiuaazfr.tif	1026131.254304	1026131.512891	1026132.194669	7.507944e-01	51	none	NaN	NaN
131	8	44	88	kitchen	sun_agubuxuukhzyzpdp.tif	1026132.964331	1026133.222920	1026133.904830	7.591366e-01	78	none	NaN	NaN
131	8	45	95	kitchen	sun_aixorpehvfykdynp.tif	1026134.674353	1026134.932950	1026135.614752	7.090836e-01	85	none	NaN	NaN
131	8	46	62	kitchen	labelme_kxvouciolcpqplr.tif	1026136.384392	1026136.642972	1026137.324809	7.841630e-01	52	none	NaN	NaN
131	8	47	78	kitchen	sun_adgqasybjyktddhj.tif	1026138.094414	1026138.353014	1026139.034780	8.425582e-01	68	none	NaN	NaN
131	8	48	82	kitchen	sun_aenotlpyftoioydp.tif	1026139.804443	1026140.063033	1026140.744924	6.757150e-01	72	37	1026141.895791	1
131	8	49	90	kitchen	sun_ahdycvpopffkzzsu.tif	1026142.673957	1026142.932549	1026143.614351	7.424522e-01	80	none	NaN	NaN
131	8	50	107	kitchen	sun_axyyrmzcupyhlivc.tif	1026144.383988	1026144.642593	1026145.324484	6.840571e-01	97	none	NaN	NaN
131	8	51	109	kitchen	sun_aypmqwcualkenuoe.tif	1026146.094015	1026146.352606	1026147.034353	7.758209e-01	99	none	NaN	NaN
131	8	52	75	kitchen	sun_acgtpgfybqjmzeyw.tif	1026147.804044	1026148.062628	1026148.744573	7.174258e-01	65	none	NaN	NaN
131	8	53	76	kitchen	sun_acwjdupvyjsugpay.tif	1026149.514075	1026149.772660	1026150.454637	6.757150e-01	66	none	NaN	NaN
131	8	54	66	kitchen	sun_aapllqyqlykszopd.tif	1026151.224101	1026151.482692	1026152.164611	6.506885e-01	56	none	NaN	NaN
131	8	55	107	kitchen	sun_axyyrmzcupyhlivc.tif	1026152.934132	1026153.192720	1026153.874680	7.007414e-01	97	37	1026155.095800	1
131	8	56	64	kitchen	sun_aadbddgrdsjugojn.tif	1026155.870372	1026156.128964	1026156.810793	8.258738e-01	54	37	1026158.431922	1
131	8	57	101	kitchen	sun_aqeaevwwwjoqhzvl.tif	1026159.207016	1026159.465606	1026160.147388	6.923993e-01	91	none	NaN	NaN
131	8	58	79	kitchen	sun_admlmbcdswaszruo.tif	1026160.917047	1026161.175634	1026161.857384	7.257679e-01	69	none	NaN	NaN
131	8	59	61	kitchen	labelme_brsyyvweiuaazfr.tif	1026162.627066	1026162.885665	1026163.567485	7.591366e-01	51	none	NaN	NaN
131	8	60	92	kitchen	sun_ahpczsiumwwocjkv.tif	1026164.337101	1026164.595688	1026165.277530	7.591366e-01	82	none	NaN	NaN
131	8	61	63	kitchen	labelme_rykdqxenmhulbdn.tif	1026166.047127	1026166.305716	1026166.987564	7.341101e-01	53	none	NaN	NaN
131	8	62	93	kitchen	sun_ahspylgoovwmwvgk.tif	1026167.757163	1026168.015748	1026168.697697	7.257679e-01	83	none	NaN	NaN
131	8	63	106	kitchen	sun_awcpdzzznmweyyhv.tif	1026169.467190	1026169.725773	1026170.407718	6.923993e-01	96	none	NaN	NaN
131	8	64	83	kitchen	sun_aeqdocilnnpuvuhx.tif	1026171.177218	1026171.435808	1026172.117586	6.840571e-01	73	none	NaN	NaN
131	8	65	70	kitchen	sun_abdxkyyxwfskuaqb.tif	1026172.887247	1026173.145830	1026173.827643	7.007414e-01	60	none	NaN	NaN
131	8	66	84	kitchen	sun_aexklacwqwezaorf.tif	1026174.597273	1026174.855864	1026175.537839	7.758209e-01	74	none	NaN	NaN
131	8	67	78	kitchen	sun_adgqasybjyktddhj.tif	1026176.307296	1026176.565889	1026177.247713	7.925052e-01	68	none	NaN	NaN
131	8	68	77	kitchen	sun_acxkpeoqbwcxfvip.tif	1026178.017332	1026178.275919	1026178.957874	7.841630e-01	67	none	NaN	NaN
131	8	69	74	kitchen	sun_acfmftudsenhrfhy.tif	1026179.727362	1026179.985948	1026180.667752	8.091895e-01	64	none	NaN	NaN
131	8	70	94	kitchen	sun_ahywdevtimnqcsln.tif	1026181.437386	1026181.695980	1026182.377842	7.090836e-01	84	39	1026184.033314	1
131	8	71	95	kitchen	sun_aixorpehvfykdynp.tif	1026184.807395	1026185.065984	1026185.747758	6.673728e-01	85	39	1026187.423809	1
131	8	72	73	kitchen	sun_abrcnpqqhmjwekyf.tif	1026188.194085	1026188.452678	1026189.134437	8.008474e-01	63	37	1026189.839818	1
131	8	73	88	kitchen	sun_agubuxuukhzyzpdp.tif	1026190.613151	1026190.871741	1026191.553579	8.175317e-01	78	none	NaN	NaN
131	8	74	98	kitchen	sun_akchetnepxlcxhsu.tif	1026192.323177	1026192.581770	1026193.263579	8.008474e-01	88	none	NaN	NaN
131	8	75	80	kitchen	sun_aegoxogugdkwpmpj.tif	1026194.033213	1026194.291800	1026194.973534	6.673728e-01	70	39	1026196.199761	1
131	8	76	65	kitchen	sun_aamedkxepzlwuxes.tif	1026196.977797	1026197.236382	1026197.918323	7.674787e-01	55	none	NaN	NaN
131	8	77	103	kitchen	sun_aunzlwrbjumxhwdj.tif	1026198.687827	1026198.946416	1026199.628231	7.424522e-01	93	none	NaN	NaN
131	8	78	86	kitchen	sun_aggjlwcdjsjcaemh.tif	1026200.397851	1026200.656439	1026201.338371	8.091895e-01	76	none	NaN	NaN
131	8	79	71	kitchen	sun_abftihopvusyfakt.tif	1026202.107878	1026202.366486	1026203.048382	7.424522e-01	61	none	NaN	NaN
131	8	80	81	kitchen	sun_aehawpgmrlhlvcow.tif	1026203.817912	1026204.076498	1026204.758354	8.342160e-01	71	none	NaN	NaN
131	8	81	96	kitchen	sun_ajcbwwvdlsvjyzje.tif	1026205.527937	1026205.786528	1026206.468417	6.590306e-01	86	none	NaN	NaN
131	8	82	102	kitchen	sun_auaiucuqpdausiva.tif	1026207.237968	1026207.496555	1026208.178515	6.923993e-01	92	none	NaN	NaN
131	8	83	62	kitchen	labelme_kxvouciolcpqplr.tif	1026208.947998	1026209.206587	1026209.888340	7.341101e-01	52	none	NaN	NaN
131	8	84	108	kitchen	sun_aymvwlarqodbwuoc.tif	1026210.658029	1026210.916611	1026211.598454	6.590306e-01	98	none	NaN	NaN
131	8	85	72	kitchen	sun_abpwyqmlzafvklqo.tif	1026212.359717	1026212.618303	1026213.300096	8.175317e-01	62	none	NaN	NaN
131	8	86	87	kitchen	sun_agorklincwxrdtga.tif	1026214.069736	1026214.328330	1026215.010107	7.341101e-01	77	none	NaN	NaN
131	8	87	90	kitchen	sun_ahdycvpopffkzzsu.tif	1026215.779769	1026216.038367	1026216.720127	7.925052e-01	80	none	NaN	NaN
131	8	88	82	kitchen	sun_aenotlpyftoioydp.tif	1026217.489801	1026217.748386	1026218.430198	6.840571e-01	72	none	NaN	NaN
131	8	89	100	kitchen	sun_amjjdeyrggfqgmom.tif	1026219.199825	1026219.458416	1026220.140378	7.174258e-01	90	39	1026221.151795	1
131	8	90	67	kitchen	sun_aarfiyshqohlwkmo.tif	1026221.927534	1026222.186124	1026222.867866	7.090836e-01	57	none	NaN	NaN
131	8	91	104	kitchen	sun_auticobqsbwgoppi.tif	1026223.637556	1026223.896153	1026224.578079	8.091895e-01	94	none	NaN	NaN
131	8	92	110	kitchen	sun_azmutvzbxypaceni.tif	1026225.347585	1026225.606177	1026226.288140	7.674787e-01	100	none	NaN	NaN
131	8	93	105	kitchen	sun_avszsnwsbuqfgzbn.tif	1026227.057619	1026227.316208	1026227.998063	8.175317e-01	95	none	NaN	NaN
131	8	94	97	kitchen	sun_ajkqhtgcbgpcwrwn.tif	1026228.767646	1026229.026240	1026229.708194	8.342160e-01	87	none	NaN	NaN
131	8	95	85	kitchen	sun_afuyedyxivkhecmu.tif	1026230.477676	1026230.736280	1026231.418189	8.342160e-01	75	none	NaN	NaN
131	8	96	89	kitchen	sun_agzzivivdpnawacl.tif	1026232.187709	1026232.446295	1026233.128278	7.925052e-01	79	none	NaN	NaN
131	8	97	91	kitchen	sun_ahljzhgcdpomplvg.tif	1026233.897730	1026234.156328	1026234.838152	6.673728e-01	81	none	NaN	NaN
131	8	98	99	kitchen	sun_akcjzhbbjlbogpdi.tif	1026235.607757	1026235.866351	1026236.548221	6.506885e-01	89	none	NaN	NaN
131	8	99	68	kitchen	sun_aaxxjlsuzvqlgylf.tif	1026237.317790	1026237.576382	1026238.258245	6.757150e-01	58	none	NaN	NaN
131	8	100	69	kitchen	sun_abdenxonkemggwsq.tif	1026239.027820	1026239.286410	1026239.968335	6.506885e-01	59	none	NaN	NaN
131	9	1	11	bathroom	labelme_sfxiulhjbhlyiyt.tif	1026256.219867	1026256.478455	1026257.127058	7.758209e-01	1	none	NaN	NaN
131	9	2	24	bathroom	sun_agrwbmhcpmfuwmsg.tif	1026257.896527	1026258.155109	1026258.803626	8.509003e-01	14	none	NaN	NaN
131	9	3	60	bathroom	sun_azqyogdvyhahyram.tif	1026259.573188	1026259.831778	1026260.480193	7.007414e-01	50	none	NaN	NaN
131	9	4	19	bathroom	sun_aclfzgynxzxlbepz.tif	1026261.249850	1026261.508440	1026262.156890	7.925052e-01	9	none	NaN	NaN
131	9	5	14	bathroom	sun_abapwbhyhkfixyex.tif	1026262.926512	1026263.185106	1026263.833643	8.175317e-01	4	none	NaN	NaN
131	9	6	15	bathroom	sun_abjtwfukuwddzted.tif	1026264.603169	1026264.861762	1026265.510154	6.923993e-01	5	39	1026266.815873	1
131	9	7	21	bathroom	sun_aggnnqpdorgxpvce.tif	1026267.589467	1026267.848061	1026268.496977	7.507944e-01	11	none	NaN	NaN
131	9	8	38	bathroom	sun_anhioqovhscjqqwb.tif	1026269.266132	1026269.524721	1026270.173333	6.506885e-01	28	none	NaN	NaN
131	9	9	44	bathroom	sun_apkruvsevgegsdwp.tif	1026270.942792	1026271.201382	1026271.849843	6.590306e-01	34	none	NaN	NaN
131	9	10	56	bathroom	sun_awnqiikzaispgmwo.tif	1026272.619455	1026272.878044	1026273.526443	6.590306e-01	46	none	NaN	NaN
131	9	11	16	bathroom	sun_acduarbnmmoglmiv.tif	1026274.296119	1026274.554707	1026275.203128	8.258738e-01	6	none	NaN	NaN
131	9	12	45	bathroom	sun_apkxzenqapsujocq.tif	1026275.972780	1026276.231369	1026276.879907	8.008474e-01	35	none	NaN	NaN
131	9	13	18	bathroom	sun_acgyywnybuveqsro.tif	1026277.649438	1026277.908035	1026278.556565	8.425582e-01	8	none	NaN	NaN
131	9	14	20	bathroom	sun_afcoljnjfoxjtgja.tif	1026279.326108	1026279.584697	1026280.233078	7.758209e-01	10	37	1026281.543825	1
131	9	15	49	bathroom	sun_asfwthctfqerjvxr.tif	1026282.320744	1026282.579331	1026283.227878	8.091895e-01	39	none	NaN	NaN
131	9	16	31	bathroom	sun_akiytfaagpdsphgz.tif	1026283.997405	1026284.255989	1026284.904562	7.591366e-01	21	none	NaN	NaN
131	9	17	17	bathroom	sun_acegryoqftbzowsg.tif	1026285.674061	1026285.932649	1026286.581226	7.424522e-01	7	none	NaN	NaN
131	9	18	54	bathroom	sun_auzqhkafidnkrwmo.tif	1026287.350730	1026287.609318	1026288.257865	8.509003e-01	44	none	NaN	NaN
131	9	19	50	bathroom	sun_aspsyogrekjtfozg.tif	1026289.027390	1026289.285975	1026289.934576	8.175317e-01	40	none	NaN	NaN
131	9	20	34	bathroom	sun_alkosphxlxwjwgjd.tif	1026290.704050	1026290.962632	1026291.611090	7.341101e-01	24	37	1026292.695885	1
131	9	21	53	bathroom	sun_ausgutylgojavyoq.tif	1026293.473459	1026293.732053	1026294.380448	6.840571e-01	43	none	NaN	NaN
131	9	22	13	bathroom	sun_aavhrsfjbserjtht.tif	1026295.150121	1026295.408714	1026296.057303	6.673728e-01	3	none	NaN	NaN
131	9	23	52	bathroom	sun_aunuadmjocsddsrl.tif	1026296.826785	1026297.085375	1026297.733835	6.506885e-01	42	none	NaN	NaN
131	9	24	12	bathroom	sun_aapitsgbtktqubfy.tif	1026298.503446	1026298.762035	1026299.410504	7.591366e-01	2	none	NaN	NaN
131	9	25	39	bathroom	sun_anryaplzeujmzfkd.tif	1026300.180110	1026300.438700	1026301.087227	7.341101e-01	29	none	NaN	NaN
131	9	26	29	bathroom	sun_ahqjwnzgolcaoidx.tif	1026301.856774	1026302.115362	1026302.763755	7.090836e-01	19	none	NaN	NaN
131	9	27	26	bathroom	sun_ahaulkltgpkeeemi.tif	1026303.533440	1026303.792027	1026304.440414	6.673728e-01	16	37	1026305.135616	1
131	9	28	51	bathroom	sun_atstyziqcmkahyxk.tif	1026305.910792	1026306.169387	1026306.817887	7.090836e-01	41	none	NaN	NaN
131	9	29	41	bathroom	sun_aoybiabnpadelefl.tif	1026307.587453	1026307.846047	1026308.494604	7.841630e-01	31	none	NaN	NaN
131	9	30	28	bathroom	sun_ahijqszoswveeyji.tif	1026309.264112	1026309.522703	1026310.171249	7.424522e-01	18	none	NaN	NaN
131	9	31	57	bathroom	sun_axldvoqbuvuggfmq.tif	1026310.940783	1026311.199367	1026311.847741	7.925052e-01	47	none	NaN	NaN
131	9	32	32	bathroom	sun_aleqenyvunhactkl.tif	1026312.617444	1026312.876032	1026313.524402	6.923993e-01	22	39	1026314.463952	1
131	9	33	25	bathroom	sun_agyqfjcfkdcydepw.tif	1026315.236707	1026315.495298	1026316.143782	8.008474e-01	15	none	NaN	NaN
131	9	34	30	bathroom	sun_ajlawzvmubibwbpy.tif	1026316.913370	1026317.171957	1026317.820448	8.258738e-01	20	none	NaN	NaN
131	9	35	58	bathroom	sun_axxbkopsgyouuebh.tif	1026318.590027	1026318.848619	1026319.496978	7.507944e-01	48	none	NaN	NaN
131	9	36	48	bathroom	sun_aqrpegblszgcoujh.tif	1026320.266689	1026320.525280	1026321.173706	7.674787e-01	38	none	NaN	NaN
131	9	37	36	bathroom	sun_ambriybtogmepttm.tif	1026321.943353	1026322.201947	1026322.850420	8.258738e-01	26	none	NaN	NaN
131	9	38	33	bathroom	sun_aljolscmmzydegqp.tif	1026323.620017	1026323.878599	1026324.527135	7.674787e-01	23	none	NaN	NaN
131	9	39	42	bathroom	sun_apeeialkgkuxddgh.tif	1026325.296676	1026325.555264	1026326.203673	7.841630e-01	32	none	NaN	NaN
131	9	40	55	bathroom	sun_avhrdrntsqrjzccq.tif	1026326.973343	1026327.231930	1026327.880422	6.757150e-01	45	37	1026328.968007	1
131	9	41	46	bathroom	sun_apmqjbnwghzuhhzh.tif	1026329.742751	1026330.001340	1026330.649870	6.840571e-01	36	none	NaN	NaN
131	9	42	22	bathroom	sun_agguqiubmwhqqunb.tif	1026331.419408	1026331.678003	1026332.326475	6.590306e-01	12	none	NaN	NaN
131	9	43	27	bathroom	sun_ahcvzmoyaycdoftf.tif	1026333.096076	1026333.354667	1026334.003051	6.757150e-01	17	none	NaN	NaN
131	9	44	47	bathroom	sun_apynckhmoftszqoq.tif	1026334.772737	1026335.031331	1026335.679810	6.840571e-01	37	none	NaN	NaN
131	9	45	59	bathroom	sun_axyrejkiiaqiurjk.tif	1026336.449399	1026336.707989	1026337.356406	7.424522e-01	49	none	NaN	NaN
131	9	46	35	bathroom	sun_alotolagknyrgtsk.tif	1026338.126063	1026338.384654	1026339.033023	6.673728e-01	25	37	1026340.112068	1
131	9	47	40	bathroom	sun_aofnryafpsjimzsb.tif	1026340.887135	1026341.145722	1026341.794251	7.090836e-01	30	39	1026343.983838	1
131	9	48	23	bathroom	sun_aghyqhbptboemmoq.tif	1026344.757635	1026345.016221	1026345.664668	7.841630e-01	13	none	NaN	NaN
131	9	49	43	bathroom	sun_apjevzvycyhuqghb.tif	1026346.434298	1026346.692891	1026347.341254	6.673728e-01	33	none	NaN	NaN
131	9	50	37	bathroom	sun_amzlamotzwfkwjco.tif	1026348.110962	1026348.369555	1026349.018020	8.091895e-01	27	none	NaN	NaN
131	9	51	26	bathroom	sun_ahaulkltgpkeeemi.tif	1026349.787621	1026350.046214	1026350.694820	7.591366e-01	16	none	NaN	NaN
131	9	52	56	bathroom	sun_awnqiikzaispgmwo.tif	1026351.464283	1026351.722876	1026352.371386	8.008474e-01	46	none	NaN	NaN
131	9	53	15	bathroom	sun_abjtwfukuwddzted.tif	1026353.140946	1026353.399540	1026354.047903	8.091895e-01	5	39	1026354.951864	1
131	9	54	14	bathroom	sun_abapwbhyhkfixyex.tif	1026355.726847	1026355.985433	1026356.634019	7.925052e-01	4	none	NaN	NaN
131	9	55	58	bathroom	sun_axxbkopsgyouuebh.tif	1026357.403504	1026357.662033	1026358.310466	7.257679e-01	48	none	NaN	NaN
131	9	56	53	bathroom	sun_ausgutylgojavyoq.tif	1026359.080166	1026359.338763	1026359.987223	7.591366e-01	43	none	NaN	NaN
131	9	57	50	bathroom	sun_aspsyogrekjtfozg.tif	1026360.756831	1026361.015422	1026361.663805	8.425582e-01	40	none	NaN	NaN
131	9	58	19	bathroom	sun_aclfzgynxzxlbepz.tif	1026362.433493	1026362.692084	1026363.340685	8.342160e-01	9	none	NaN	NaN
131	9	59	46	bathroom	sun_apmqjbnwghzuhhzh.tif	1026364.110158	1026364.368748	1026365.017300	7.674787e-01	36	none	NaN	NaN
131	9	60	18	bathroom	sun_acgyywnybuveqsro.tif	1026365.786815	1026366.045409	1026366.693851	7.007414e-01	8	none	NaN	NaN
131	9	61	16	bathroom	sun_acduarbnmmoglmiv.tif	1026367.463480	1026367.722071	1026368.370437	7.925052e-01	6	none	NaN	NaN
131	9	62	49	bathroom	sun_asfwthctfqerjvxr.tif	1026369.140148	1026369.398737	1026370.047212	7.257679e-01	39	none	NaN	NaN
131	9	63	28	bathroom	sun_ahijqszoswveeyji.tif	1026370.816804	1026371.075397	1026371.723819	7.507944e-01	18	none	NaN	NaN
131	9	64	33	bathroom	sun_aljolscmmzydegqp.tif	1026372.493471	1026372.752057	1026373.400468	8.342160e-01	23	none	NaN	NaN
131	9	65	34	bathroom	sun_alkosphxlxwjwgjd.tif	1026374.170132	1026374.428718	1026375.077120	7.174258e-01	24	none	NaN	NaN
131	9	66	45	bathroom	sun_apkxzenqapsujocq.tif	1026375.846791	1026376.105385	1026376.753828	7.341101e-01	35	none	NaN	NaN
131	9	67	35	bathroom	sun_alotolagknyrgtsk.tif	1026377.523458	1026377.782047	1026378.430607	8.342160e-01	25	none	NaN	NaN
131	9	68	24	bathroom	sun_agrwbmhcpmfuwmsg.tif	1026379.200116	1026379.458706	1026380.107232	8.425582e-01	14	none	NaN	NaN
131	9	69	52	bathroom	sun_aunuadmjocsddsrl.tif	1026380.876776	1026381.135366	1026381.783944	7.257679e-01	42	none	NaN	NaN
131	9	70	43	bathroom	sun_apjevzvycyhuqghb.tif	1026382.553445	1026382.812031	1026383.460469	7.174258e-01	33	none	NaN	NaN
131	9	71	29	bathroom	sun_ahqjwnzgolcaoidx.tif	1026384.230104	1026384.488688	1026385.137273	7.174258e-01	19	none	NaN	NaN
131	9	72	20	bathroom	sun_afcoljnjfoxjtgja.tif	1026385.906765	1026386.165354	1026386.813922	7.841630e-01	10	39	1026387.920124	1
131	9	73	27	bathroom	sun_ahcvzmoyaycdoftf.tif	1026388.692861	1026388.951442	1026389.600041	8.008474e-01	17	none	NaN	NaN
131	9	74	32	bathroom	sun_aleqenyvunhactkl.tif	1026390.369523	1026390.628109	1026391.276656	8.175317e-01	22	none	NaN	NaN
131	9	75	37	bathroom	sun_amzlamotzwfkwjco.tif	1026392.046184	1026392.304777	1026392.953225	8.342160e-01	27	none	NaN	NaN
131	9	76	40	bathroom	sun_aofnryafpsjimzsb.tif	1026393.722844	1026393.981440	1026394.629935	7.007414e-01	30	none	NaN	NaN
131	9	77	30	bathroom	sun_ajlawzvmubibwbpy.tif	1026395.399510	1026395.658100	1026396.306564	6.757150e-01	20	none	NaN	NaN
131	9	78	13	bathroom	sun_aavhrsfjbserjtht.tif	1026397.076166	1026397.334762	1026397.983269	7.507944e-01	3	none	NaN	NaN
131	9	79	21	bathroom	sun_aggnnqpdorgxpvce.tif	1026398.752837	1026399.011419	1026399.659837	6.923993e-01	11	none	NaN	NaN
131	9	80	54	bathroom	sun_auzqhkafidnkrwmo.tif	1026400.429493	1026400.688089	1026401.336471	8.258738e-01	44	37	1026402.208141	1
131	9	81	48	bathroom	sun_aqrpegblszgcoujh.tif	1026402.982027	1026403.240613	1026403.888987	6.923993e-01	38	none	NaN	NaN
131	9	82	39	bathroom	sun_anryaplzeujmzfkd.tif	1026404.658688	1026404.917273	1026405.565879	7.341101e-01	29	none	NaN	NaN
131	9	83	31	bathroom	sun_akiytfaagpdsphgz.tif	1026406.335349	1026406.593939	1026407.242395	6.923993e-01	21	none	NaN	NaN
131	9	84	57	bathroom	sun_axldvoqbuvuggfmq.tif	1026408.012012	1026408.270604	1026408.918975	6.590306e-01	47	none	NaN	NaN
131	9	85	51	bathroom	sun_atstyziqcmkahyxk.tif	1026409.688675	1026409.947268	1026410.595822	7.257679e-01	41	none	NaN	NaN
131	9	86	42	bathroom	sun_apeeialkgkuxddgh.tif	1026411.365340	1026411.623928	1026412.272319	7.758209e-01	32	37	1026414.031745	0
131	9	87	38	bathroom	sun_anhioqovhscjqqwb.tif	1026414.810416	1026415.069001	1026415.717455	7.591366e-01	28	none	NaN	NaN
131	9	88	47	bathroom	sun_apynckhmoftszqoq.tif	1026416.487079	1026416.745672	1026417.394065	8.091895e-01	37	37	1026418.232168	1
131	9	89	55	bathroom	sun_avhrdrntsqrjzccq.tif	1026419.006247	1026419.264838	1026419.913377	7.424522e-01	45	none	NaN	NaN
131	9	90	12	bathroom	sun_aapitsgbtktqubfy.tif	1026420.682903	1026420.941498	1026421.590109	7.174258e-01	2	none	NaN	NaN
131	9	91	11	bathroom	labelme_sfxiulhjbhlyiyt.tif	1026422.359567	1026422.618159	1026423.266720	7.758209e-01	1	none	NaN	NaN
131	9	92	22	bathroom	sun_agguqiubmwhqqunb.tif	1026424.036247	1026424.294822	1026424.943341	6.840571e-01	12	none	NaN	NaN
131	9	93	36	bathroom	sun_ambriybtogmepttm.tif	1026425.712892	1026425.971484	1026426.619893	8.175317e-01	26	none	NaN	NaN
131	9	94	41	bathroom	sun_aoybiabnpadelefl.tif	1026427.389558	1026427.648146	1026428.296645	8.425582e-01	31	none	NaN	NaN
131	9	95	60	bathroom	sun_azqyogdvyhahyram.tif	1026429.066218	1026429.324810	1026429.973422	8.258738e-01	50	none	NaN	NaN
131	9	96	59	bathroom	sun_axyrejkiiaqiurjk.tif	1026430.742880	1026431.001471	1026431.650061	6.506885e-01	49	39	1026432.688101	1
131	9	97	17	bathroom	sun_acegryoqftbzowsg.tif	1026433.462246	1026433.720833	1026434.369332	7.007414e-01	7	none	NaN	NaN
131	9	98	23	bathroom	sun_aghyqhbptboemmoq.tif	1026435.138907	1026435.397493	1026436.046007	7.674787e-01	13	none	NaN	NaN
131	9	99	25	bathroom	sun_agyqfjcfkdcydepw.tif	1026436.815567	1026437.074154	1026437.722649	6.757150e-01	15	none	NaN	NaN
131	9	100	44	bathroom	sun_apkruvsevgegsdwp.tif	1026438.492230	1026438.750822	1026439.399400	7.090836e-01	34	39	1026440.231999	1
131	10	1	73	kitchen	sun_abrcnpqqhmjwekyf.tif	1026451.354988	1026451.613573	1026452.437346	8.175317e-01	63	none	NaN	NaN
131	10	2	62	kitchen	labelme_kxvouciolcpqplr.tif	1026453.206815	1026453.465412	1026454.289024	7.257679e-01	52	none	NaN	NaN
131	10	3	99	kitchen	sun_akcjzhbbjlbogpdi.tif	1026455.058658	1026455.317245	1026456.141031	8.008474e-01	89	none	NaN	NaN
131	10	4	70	kitchen	sun_abdxkyyxwfskuaqb.tif	1026456.910491	1026457.169082	1026457.992795	7.758209e-01	60	37	1026458.896069	1
131	10	5	95	kitchen	sun_aixorpehvfykdynp.tif	1026459.671564	1026459.930151	1026460.753890	6.673728e-01	85	39	1026462.080186	1
131	10	6	97	kitchen	sun_ajkqhtgcbgpcwrwn.tif	1026462.858055	1026463.116642	1026463.940272	7.758209e-01	87	none	NaN	NaN
131	10	7	82	kitchen	sun_aenotlpyftoioydp.tif	1026464.709891	1026464.968479	1026465.792245	7.090836e-01	72	none	NaN	NaN
131	10	8	110	kitchen	sun_azmutvzbxypaceni.tif	1026466.561748	1026466.820319	1026467.644129	6.757150e-01	100	none	NaN	NaN
131	10	9	69	kitchen	sun_abdenxonkemggwsq.tif	1026468.413562	1026468.672153	1026469.495837	6.506885e-01	59	none	NaN	NaN
131	10	10	67	kitchen	sun_aarfiyshqohlwkmo.tif	1026470.265400	1026470.523985	1026471.348080	8.342160e-01	57	none	NaN	NaN
131	10	11	103	kitchen	sun_aunzlwrbjumxhwdj.tif	1026472.117234	1026472.375823	1026473.199494	7.591366e-01	93	none	NaN	NaN
131	10	12	66	kitchen	sun_aapllqyqlykszopd.tif	1026473.969069	1026474.227661	1026475.051308	8.509003e-01	56	none	NaN	NaN
131	10	13	78	kitchen	sun_adgqasybjyktddhj.tif	1026475.820902	1026476.079494	1026476.903284	8.342160e-01	68	none	NaN	NaN
131	10	14	107	kitchen	sun_axyyrmzcupyhlivc.tif	1026477.672737	1026477.931329	1026478.754896	7.507944e-01	97	39	1026479.783937	1
131	10	15	96	kitchen	sun_ajcbwwvdlsvjyzje.tif	1026480.558931	1026480.817523	1026481.641124	6.923993e-01	86	none	NaN	NaN
131	10	16	94	kitchen	sun_ahywdevtimnqcsln.tif	1026482.410771	1026482.669361	1026483.492905	6.840571e-01	84	none	NaN	NaN
131	10	17	109	kitchen	sun_aypmqwcualkenuoe.tif	1026484.262608	1026484.521196	1026485.344980	8.258738e-01	99	none	NaN	NaN
131	10	18	105	kitchen	sun_avszsnwsbuqfgzbn.tif	1026486.114444	1026486.373035	1026487.196687	7.007414e-01	95	none	NaN	NaN
131	10	19	83	kitchen	sun_aeqdocilnnpuvuhx.tif	1026487.966280	1026488.224869	1026489.048493	7.424522e-01	73	none	NaN	NaN
131	10	20	86	kitchen	sun_aggjlwcdjsjcaemh.tif	1026489.818112	1026490.076703	1026490.900334	6.757150e-01	76	none	NaN	NaN
131	10	21	85	kitchen	sun_afuyedyxivkhecmu.tif	1026491.669951	1026491.928540	1026492.752126	7.507944e-01	75	39	1026494.912234	1
131	10	22	65	kitchen	sun_aamedkxepzlwuxes.tif	1026495.690600	1026495.949191	1026496.772854	7.841630e-01	55	none	NaN	NaN
131	10	23	74	kitchen	sun_acfmftudsenhrfhy.tif	1026497.542440	1026497.801027	1026498.624586	8.175317e-01	64	39	1026499.600211	1
131	10	24	88	kitchen	sun_agubuxuukhzyzpdp.tif	1026500.378586	1026500.637176	1026501.460870	8.091895e-01	78	none	NaN	NaN
131	10	25	92	kitchen	sun_ahpczsiumwwocjkv.tif	1026502.230421	1026502.489011	1026503.312579	6.840571e-01	82	none	NaN	NaN
131	10	26	81	kitchen	sun_aehawpgmrlhlvcow.tif	1026504.082254	1026504.340844	1026505.164437	7.007414e-01	71	none	NaN	NaN
131	10	27	101	kitchen	sun_aqeaevwwwjoqhzvl.tif	1026505.934091	1026506.192676	1026507.016467	7.674787e-01	91	none	NaN	NaN
131	10	28	90	kitchen	sun_ahdycvpopffkzzsu.tif	1026507.785930	1026508.044517	1026508.868267	8.342160e-01	80	none	NaN	NaN
131	10	29	76	kitchen	sun_acwjdupvyjsugpay.tif	1026509.637764	1026509.896353	1026510.719977	6.923993e-01	66	none	NaN	NaN
131	10	30	87	kitchen	sun_agorklincwxrdtga.tif	1026511.489591	1026511.748189	1026512.571869	7.174258e-01	77	none	NaN	NaN
131	10	31	100	kitchen	sun_amjjdeyrggfqgmom.tif	1026513.341438	1026513.600024	1026514.423824	7.090836e-01	90	39	1026515.608039	1
131	10	32	63	kitchen	labelme_rykdqxenmhulbdn.tif	1026516.386122	1026516.644708	1026517.468456	8.425582e-01	53	37	1026518.127999	1
131	10	33	89	kitchen	sun_agzzivivdpnawacl.tif	1026518.905281	1026519.163875	1026519.987510	7.674787e-01	79	none	NaN	NaN
131	10	34	84	kitchen	sun_aexklacwqwezaorf.tif	1026520.757121	1026521.015712	1026521.839462	6.673728e-01	74	none	NaN	NaN
131	10	35	71	kitchen	sun_abftihopvusyfakt.tif	1026522.608953	1026522.867545	1026523.691156	6.840571e-01	61	37	1026524.743809	1
131	10	36	80	kitchen	sun_aegoxogugdkwpmpj.tif	1026525.520175	1026525.778770	1026526.602392	8.258738e-01	70	none	NaN	NaN
131	10	37	77	kitchen	sun_acxkpeoqbwcxfvip.tif	1026527.372013	1026527.630602	1026528.454328	6.673728e-01	67	none	NaN	NaN
131	10	38	64	kitchen	sun_aadbddgrdsjugojn.tif	1026529.223848	1026529.482438	1026530.305998	8.509003e-01	54	none	NaN	NaN
131	10	39	106	kitchen	sun_awcpdzzznmweyyhv.tif	1026531.075682	1026531.334273	1026532.157963	6.923993e-01	96	none	NaN	NaN
131	10	40	68	kitchen	sun_aaxxjlsuzvqlgylf.tif	1026532.927519	1026533.186111	1026534.009723	7.174258e-01	58	none	NaN	NaN
131	10	41	61	kitchen	labelme_brsyyvweiuaazfr.tif	1026534.779356	1026535.037943	1026535.861653	7.841630e-01	51	none	NaN	NaN
131	10	42	91	kitchen	sun_ahljzhgcdpomplvg.tif	1026536.631193	1026536.889782	1026537.713347	8.258738e-01	81	none	NaN	NaN
131	10	43	75	kitchen	sun_acgtpgfybqjmzeyw.tif	1026538.483028	1026538.741617	1026539.565293	7.424522e-01	65	39	1026542.704164	0
131	10	44	102	kitchen	sun_auaiucuqpdausiva.tif	1026543.479652	1026543.738238	1026544.561828	7.674787e-01	92	none	NaN	NaN
131	10	45	98	kitchen	sun_akchetnepxlcxhsu.tif	1026545.331486	1026545.590076	1026546.413718	7.507944e-01	88	none	NaN	NaN
131	10	46	104	kitchen	sun_auticobqsbwgoppi.tif	1026547.183322	1026547.441912	1026548.265534	7.758209e-01	94	none	NaN	NaN
131	10	47	108	kitchen	sun_aymvwlarqodbwuoc.tif	1026549.035156	1026549.293740	1026550.117455	8.258738e-01	98	none	NaN	NaN
131	10	48	93	kitchen	sun_ahspylgoovwmwvgk.tif	1026550.886994	1026551.145582	1026551.969139	8.091895e-01	83	none	NaN	NaN
131	10	49	79	kitchen	sun_admlmbcdswaszruo.tif	1026552.738823	1026552.997411	1026553.820981	6.590306e-01	69	37	1026554.680295	1
131	10	50	72	kitchen	sun_abpwyqmlzafvklqo.tif	1026555.458186	1026555.716778	1026556.540564	7.007414e-01	62	none	NaN	NaN
131	10	51	96	kitchen	sun_ajcbwwvdlsvjyzje.tif	1026557.310022	1026557.568617	1026558.392342	8.091895e-01	86	none	NaN	NaN
131	10	52	75	kitchen	sun_acgtpgfybqjmzeyw.tif	1026559.161858	1026559.420450	1026560.244102	7.591366e-01	65	none	NaN	NaN
131	10	53	81	kitchen	sun_aehawpgmrlhlvcow.tif	1026561.013698	1026561.272288	1026562.095886	6.757150e-01	71	37	1026563.104027	1
131	10	54	86	kitchen	sun_aggjlwcdjsjcaemh.tif	1026563.874869	1026564.133459	1026564.957077	8.091895e-01	76	none	NaN	NaN
131	10	55	103	kitchen	sun_aunzlwrbjumxhwdj.tif	1026565.726706	1026565.985293	1026566.808988	7.257679e-01	93	none	NaN	NaN
131	10	56	77	kitchen	sun_acxkpeoqbwcxfvip.tif	1026567.578540	1026567.837127	1026568.660911	7.090836e-01	67	none	NaN	NaN
131	10	57	62	kitchen	labelme_kxvouciolcpqplr.tif	1026569.430378	1026569.688965	1026570.512737	7.841630e-01	52	none	NaN	NaN
131	10	58	64	kitchen	sun_aadbddgrdsjugojn.tif	1026571.282212	1026571.540820	1026572.364573	7.341101e-01	54	none	NaN	NaN
131	10	59	98	kitchen	sun_akchetnepxlcxhsu.tif	1026573.134052	1026573.392640	1026574.216380	6.673728e-01	88	none	NaN	NaN
131	10	60	70	kitchen	sun_abdxkyyxwfskuaqb.tif	1026574.985882	1026575.244472	1026576.068037	7.591366e-01	60	none	NaN	NaN
131	10	61	94	kitchen	sun_ahywdevtimnqcsln.tif	1026576.837721	1026577.096308	1026577.919888	7.257679e-01	84	37	1026579.264243	1
131	10	62	102	kitchen	sun_auaiucuqpdausiva.tif	1026580.040896	1026580.299484	1026581.123243	7.341101e-01	92	none	NaN	NaN
131	10	63	95	kitchen	sun_aixorpehvfykdynp.tif	1026581.892728	1026582.151319	1026582.974960	8.425582e-01	85	none	NaN	NaN
131	10	64	97	kitchen	sun_ajkqhtgcbgpcwrwn.tif	1026583.744568	1026584.003157	1026584.826846	6.506885e-01	87	none	NaN	NaN
131	10	65	78	kitchen	sun_adgqasybjyktddhj.tif	1026585.596402	1026585.854994	1026586.678674	7.424522e-01	68	none	NaN	NaN
131	10	66	83	kitchen	sun_aeqdocilnnpuvuhx.tif	1026587.448235	1026587.706825	1026588.530444	6.590306e-01	73	none	NaN	NaN
131	10	67	109	kitchen	sun_aypmqwcualkenuoe.tif	1026589.300072	1026589.558665	1026590.382335	7.674787e-01	99	none	NaN	NaN
131	10	68	79	kitchen	sun_admlmbcdswaszruo.tif	1026591.151909	1026591.410499	1026592.234066	7.007414e-01	69	none	NaN	NaN
131	10	69	105	kitchen	sun_avszsnwsbuqfgzbn.tif	1026593.003750	1026593.262337	1026594.086070	7.925052e-01	95	none	NaN	NaN
131	10	70	85	kitchen	sun_afuyedyxivkhecmu.tif	1026594.855581	1026595.114167	1026595.937888	7.925052e-01	75	none	NaN	NaN
131	10	71	76	kitchen	sun_acwjdupvyjsugpay.tif	1026596.707414	1026596.966005	1026597.789720	8.008474e-01	66	none	NaN	NaN
131	10	72	65	kitchen	sun_aamedkxepzlwuxes.tif	1026598.559255	1026598.817840	1026599.641519	7.090836e-01	55	none	NaN	NaN
131	10	73	61	kitchen	labelme_brsyyvweiuaazfr.tif	1026600.411090	1026600.669676	1026601.493315	8.425582e-01	51	none	NaN	NaN
131	10	74	90	kitchen	sun_ahdycvpopffkzzsu.tif	1026602.262923	1026602.521516	1026603.345292	6.757150e-01	80	none	NaN	NaN
131	10	75	82	kitchen	sun_aenotlpyftoioydp.tif	1026604.114760	1026604.373351	1026605.197141	7.507944e-01	72	none	NaN	NaN
131	10	76	108	kitchen	sun_aymvwlarqodbwuoc.tif	1026605.966593	1026606.225185	1026607.048755	7.424522e-01	98	none	NaN	NaN
131	10	77	68	kitchen	sun_aaxxjlsuzvqlgylf.tif	1026607.818430	1026608.077020	1026608.900632	8.342160e-01	58	none	NaN	NaN
131	10	78	101	kitchen	sun_aqeaevwwwjoqhzvl.tif	1026609.670266	1026609.928857	1026610.752637	6.590306e-01	91	none	NaN	NaN
131	10	79	106	kitchen	sun_awcpdzzznmweyyhv.tif	1026611.522104	1026611.780691	1026612.604334	8.258738e-01	96	none	NaN	NaN
131	10	80	92	kitchen	sun_ahpczsiumwwocjkv.tif	1026613.373940	1026613.632532	1026614.456243	6.923993e-01	82	none	NaN	NaN
131	10	81	110	kitchen	sun_azmutvzbxypaceni.tif	1026615.225780	1026615.484367	1026616.307939	7.758209e-01	100	none	NaN	NaN
131	10	82	73	kitchen	sun_abrcnpqqhmjwekyf.tif	1026617.077613	1026617.336204	1026618.159836	8.008474e-01	63	none	NaN	NaN
131	10	83	99	kitchen	sun_akcjzhbbjlbogpdi.tif	1026618.929449	1026619.188039	1026620.011761	6.923993e-01	89	none	NaN	NaN
131	10	84	100	kitchen	sun_amjjdeyrggfqgmom.tif	1026620.781284	1026621.039878	1026621.863629	8.008474e-01	90	none	NaN	NaN
131	10	85	74	kitchen	sun_acfmftudsenhrfhy.tif	1026622.633118	1026622.891713	1026623.715404	6.590306e-01	64	none	NaN	NaN
131	10	86	71	kitchen	sun_abftihopvusyfakt.tif	1026624.484953	1026624.743548	1026625.567264	7.925052e-01	61	37	1026626.560137	1
131	10	87	93	kitchen	sun_ahspylgoovwmwvgk.tif	1026627.337788	1026627.596378	1026628.420064	7.341101e-01	83	none	NaN	NaN
131	10	88	91	kitchen	sun_ahljzhgcdpomplvg.tif	1026629.189621	1026629.448209	1026630.271890	7.591366e-01	81	none	NaN	NaN
131	10	89	84	kitchen	sun_aexklacwqwezaorf.tif	1026631.041457	1026631.300047	1026632.123892	8.425582e-01	74	none	NaN	NaN
131	10	90	88	kitchen	sun_agubuxuukhzyzpdp.tif	1026632.893292	1026633.151887	1026633.975670	7.591366e-01	78	37	1026635.960133	0
131	10	91	80	kitchen	sun_aegoxogugdkwpmpj.tif	1026636.730434	1026636.989021	1026637.812574	7.841630e-01	70	none	NaN	NaN
131	10	92	63	kitchen	labelme_rykdqxenmhulbdn.tif	1026638.582267	1026638.840856	1026639.664618	8.175317e-01	53	none	NaN	NaN
131	10	93	69	kitchen	sun_abdenxonkemggwsq.tif	1026640.434103	1026640.692691	1026641.516381	7.925052e-01	59	none	NaN	NaN
131	10	94	89	kitchen	sun_agzzivivdpnawacl.tif	1026642.285939	1026642.544523	1026643.368307	8.175317e-01	79	none	NaN	NaN
131	10	95	87	kitchen	sun_agorklincwxrdtga.tif	1026644.137777	1026644.396365	1026645.220032	6.506885e-01	77	39	1026647.552153	1
131	10	96	72	kitchen	sun_abpwyqmlzafvklqo.tif	1026648.325260	1026648.583846	1026649.407439	7.341101e-01	62	none	NaN	NaN
131	10	97	66	kitchen	sun_aapllqyqlykszopd.tif	1026650.177096	1026650.435683	1026651.259411	6.840571e-01	56	none	NaN	NaN
131	10	98	107	kitchen	sun_axyyrmzcupyhlivc.tif	1026652.028933	1026652.287526	1026653.111316	7.174258e-01	97	none	NaN	NaN
131	10	99	104	kitchen	sun_auticobqsbwgoppi.tif	1026653.880769	1026654.139358	1026654.963130	7.174258e-01	94	none	NaN	NaN
131	10	100	67	kitchen	sun_aarfiyshqohlwkmo.tif	1026655.732602	1026655.991194	1026656.814943	7.257679e-01	57	none	NaN	NaN
131	11	1	17	bathroom	sun_acegryoqftbzowsg.tif	1026776.427268	1026776.685850	1026777.384356	8.509003e-01	7	none	NaN	NaN
131	11	2	12	bathroom	sun_aapitsgbtktqubfy.tif	1026778.153980	1026778.412566	1026779.111056	7.591366e-01	2	none	NaN	NaN
131	11	3	27	bathroom	sun_ahcvzmoyaycdoftf.tif	1026779.880691	1026780.139280	1026780.837767	7.674787e-01	17	none	NaN	NaN
131	11	4	39	bathroom	sun_anryaplzeujmzfkd.tif	1026781.607402	1026781.865997	1026782.564652	8.091895e-01	29	37	1026783.648542	0
131	11	5	51	bathroom	sun_atstyziqcmkahyxk.tif	1026784.426867	1026784.685456	1026785.383900	7.925052e-01	41	none	NaN	NaN
131	11	6	53	bathroom	sun_ausgutylgojavyoq.tif	1026786.153581	1026786.412168	1026787.110655	7.758209e-01	43	none	NaN	NaN
131	11	7	55	bathroom	sun_avhrdrntsqrjzccq.tif	1026787.880288	1026788.138882	1026788.837497	7.674787e-01	45	none	NaN	NaN
131	11	8	36	bathroom	sun_ambriybtogmepttm.tif	1026789.607002	1026789.865590	1026790.564094	8.091895e-01	26	none	NaN	NaN
131	11	9	22	bathroom	sun_agguqiubmwhqqunb.tif	1026791.333713	1026791.592321	1026792.290967	6.673728e-01	12	37	1026793.920303	0
131	11	10	35	bathroom	sun_alotolagknyrgtsk.tif	1026794.695383	1026794.953975	1026795.652624	6.590306e-01	25	none	NaN	NaN
131	11	11	28	bathroom	sun_ahijqszoswveeyji.tif	1026796.422094	1026796.680686	1026797.379310	7.090836e-01	18	none	NaN	NaN
131	11	12	30	bathroom	sun_ajlawzvmubibwbpy.tif	1026798.148804	1026798.407394	1026799.105854	7.424522e-01	20	none	NaN	NaN
131	11	13	25	bathroom	sun_agyqfjcfkdcydepw.tif	1026799.875520	1026800.134111	1026800.832599	7.507944e-01	15	none	NaN	NaN
131	11	14	11	bathroom	labelme_sfxiulhjbhlyiyt.tif	1026801.602226	1026801.860819	1026802.559468	8.342160e-01	1	none	NaN	NaN
131	11	15	49	bathroom	sun_asfwthctfqerjvxr.tif	1026803.328942	1026803.587529	1026804.286149	8.258738e-01	39	none	NaN	NaN
131	11	16	56	bathroom	sun_awnqiikzaispgmwo.tif	1026805.055651	1026805.314241	1026806.012860	8.258738e-01	46	none	NaN	NaN
131	11	17	29	bathroom	sun_ahqjwnzgolcaoidx.tif	1026806.782366	1026807.040957	1026807.739589	6.506885e-01	19	none	NaN	NaN
131	11	18	34	bathroom	sun_alkosphxlxwjwgjd.tif	1026808.509074	1026808.767665	1026809.466237	7.341101e-01	24	none	NaN	NaN
131	11	19	54	bathroom	sun_auzqhkafidnkrwmo.tif	1026810.235784	1026810.494372	1026811.192985	7.674787e-01	44	none	NaN	NaN
131	11	20	48	bathroom	sun_aqrpegblszgcoujh.tif	1026811.962503	1026812.221094	1026812.919680	7.257679e-01	38	none	NaN	NaN
131	11	21	33	bathroom	sun_aljolscmmzydegqp.tif	1026813.689211	1026813.947806	1026814.646441	8.091895e-01	23	none	NaN	NaN
131	11	22	52	bathroom	sun_aunuadmjocsddsrl.tif	1026815.415927	1026815.674517	1026816.373174	7.758209e-01	42	none	NaN	NaN
131	11	23	41	bathroom	sun_aoybiabnpadelefl.tif	1026817.142639	1026817.401231	1026818.099871	8.342160e-01	31	none	NaN	NaN
131	11	24	15	bathroom	sun_abjtwfukuwddzted.tif	1026818.869350	1026819.127935	1026819.826599	6.757150e-01	5	none	NaN	NaN
131	11	25	13	bathroom	sun_aavhrsfjbserjtht.tif	1026820.596058	1026820.854653	1026821.553298	6.923993e-01	3	37	1026824.424139	1
131	11	26	40	bathroom	sun_aofnryafpsjimzsb.tif	1026825.200627	1026825.459206	1026826.157647	8.258738e-01	30	37	1026826.944332	1
131	11	27	16	bathroom	sun_acduarbnmmoglmiv.tif	1026827.719794	1026827.978387	1026828.676865	8.425582e-01	6	none	NaN	NaN
131	11	28	18	bathroom	sun_acgyywnybuveqsro.tif	1026829.446504	1026829.705094	1026830.403630	8.342160e-01	8	none	NaN	NaN
131	11	29	45	bathroom	sun_apkxzenqapsujocq.tif	1026831.173214	1026831.431804	1026832.130367	6.590306e-01	35	37	1026833.280413	1
131	11	30	60	bathroom	sun_azqyogdvyhahyram.tif	1026834.051071	1026834.309653	1026835.008117	6.590306e-01	50	37	1026835.784539	1
131	11	31	38	bathroom	sun_anhioqovhscjqqwb.tif	1026836.561893	1026836.820483	1026837.519096	8.008474e-01	28	none	NaN	NaN
131	11	32	44	bathroom	sun_apkruvsevgegsdwp.tif	1026838.288601	1026838.547195	1026839.245602	7.174258e-01	34	none	NaN	NaN
131	11	33	26	bathroom	sun_ahaulkltgpkeeemi.tif	1026840.015312	1026840.273906	1026840.972355	6.506885e-01	16	none	NaN	NaN
131	11	34	37	bathroom	sun_amzlamotzwfkwjco.tif	1026841.742028	1026842.000621	1026842.699204	8.425582e-01	27	none	NaN	NaN
131	11	35	43	bathroom	sun_apjevzvycyhuqghb.tif	1026843.468740	1026843.727323	1026844.425996	6.673728e-01	33	none	NaN	NaN
131	11	36	14	bathroom	sun_abapwbhyhkfixyex.tif	1026845.195453	1026845.454039	1026846.152509	7.925052e-01	4	37	1026846.832423	1
131	11	37	21	bathroom	sun_aggnnqpdorgxpvce.tif	1026847.606178	1026847.864766	1026848.563428	7.591366e-01	11	none	NaN	NaN
131	11	38	31	bathroom	sun_akiytfaagpdsphgz.tif	1026849.332889	1026849.591478	1026850.290031	8.008474e-01	21	none	NaN	NaN
131	11	39	57	bathroom	sun_axldvoqbuvuggfmq.tif	1026851.059599	1026851.318192	1026852.016651	7.174258e-01	47	none	NaN	NaN
131	11	40	59	bathroom	sun_axyrejkiiaqiurjk.tif	1026852.786313	1026853.044902	1026853.743512	6.840571e-01	49	39	1026854.440292	1
131	11	41	50	bathroom	sun_aspsyogrekjtfozg.tif	1026855.213721	1026855.472305	1026856.170934	7.257679e-01	40	none	NaN	NaN
131	11	42	32	bathroom	sun_aleqenyvunhactkl.tif	1026856.940431	1026857.199018	1026857.897681	8.509003e-01	22	none	NaN	NaN
131	11	43	42	bathroom	sun_apeeialkgkuxddgh.tif	1026858.667145	1026858.925734	1026859.624302	6.590306e-01	32	37	1026860.400822	1
131	11	44	20	bathroom	sun_afcoljnjfoxjtgja.tif	1026861.177962	1026861.436556	1026862.135044	7.007414e-01	10	none	NaN	NaN
131	11	45	24	bathroom	sun_agrwbmhcpmfuwmsg.tif	1026862.904676	1026863.163266	1026863.861842	7.841630e-01	14	37	1026864.520468	1
131	11	46	23	bathroom	sun_aghyqhbptboemmoq.tif	1026865.298722	1026865.557303	1026866.255797	7.841630e-01	13	none	NaN	NaN
131	11	47	58	bathroom	sun_axxbkopsgyouuebh.tif	1026867.025429	1026867.284020	1026867.982663	6.923993e-01	48	none	NaN	NaN
131	11	48	19	bathroom	sun_aclfzgynxzxlbepz.tif	1026868.752142	1026869.010730	1026869.709153	7.007414e-01	9	none	NaN	NaN
131	11	49	46	bathroom	sun_apmqjbnwghzuhhzh.tif	1026870.478857	1026870.737441	1026871.435926	7.424522e-01	36	none	NaN	NaN
131	11	50	47	bathroom	sun_apynckhmoftszqoq.tif	1026872.205565	1026872.464156	1026873.162590	6.923993e-01	37	none	NaN	NaN
131	11	51	39	bathroom	sun_anryaplzeujmzfkd.tif	1026873.932273	1026874.190873	1026874.889476	7.424522e-01	29	none	NaN	NaN
131	11	52	17	bathroom	sun_acegryoqftbzowsg.tif	1026875.658992	1026875.917574	1026876.616160	6.840571e-01	7	37	1026877.408518	1
131	11	53	16	bathroom	sun_acduarbnmmoglmiv.tif	1026878.186495	1026878.445084	1026879.143683	7.341101e-01	6	none	NaN	NaN
131	11	54	38	bathroom	sun_anhioqovhscjqqwb.tif	1026879.913206	1026880.171799	1026880.870323	7.007414e-01	28	none	NaN	NaN
131	11	55	13	bathroom	sun_aavhrsfjbserjtht.tif	1026881.639923	1026881.898511	1026882.597067	7.591366e-01	3	none	NaN	NaN
131	11	56	46	bathroom	sun_apmqjbnwghzuhhzh.tif	1026883.366634	1026883.625221	1026884.323804	7.174258e-01	36	none	NaN	NaN
131	11	57	53	bathroom	sun_ausgutylgojavyoq.tif	1026885.093347	1026885.351940	1026886.050550	7.341101e-01	43	none	NaN	NaN
131	11	58	19	bathroom	sun_aclfzgynxzxlbepz.tif	1026886.820058	1026887.078643	1026887.777218	7.925052e-01	9	none	NaN	NaN
131	11	59	57	bathroom	sun_axldvoqbuvuggfmq.tif	1026888.546767	1026888.805360	1026889.503984	6.757150e-01	47	39	1026890.624517	1
131	11	60	31	bathroom	sun_akiytfaagpdsphgz.tif	1026891.399594	1026891.658184	1026892.356779	6.757150e-01	21	none	NaN	NaN
131	11	61	55	bathroom	sun_avhrdrntsqrjzccq.tif	1026893.126310	1026893.384900	1026894.083496	7.591366e-01	45	none	NaN	NaN
131	11	62	34	bathroom	sun_alkosphxlxwjwgjd.tif	1026894.853023	1026895.111612	1026895.810238	7.007414e-01	24	none	NaN	NaN
131	11	63	24	bathroom	sun_agrwbmhcpmfuwmsg.tif	1026896.579731	1026896.838322	1026897.536808	6.757150e-01	14	none	NaN	NaN
131	11	64	12	bathroom	sun_aapitsgbtktqubfy.tif	1026898.306449	1026898.565037	1026899.263614	8.342160e-01	2	none	NaN	NaN
131	11	65	36	bathroom	sun_ambriybtogmepttm.tif	1026900.033159	1026900.291749	1026900.990413	8.008474e-01	26	none	NaN	NaN
131	11	66	45	bathroom	sun_apkxzenqapsujocq.tif	1026901.759870	1026902.018458	1026902.716885	7.674787e-01	35	none	NaN	NaN
131	11	67	23	bathroom	sun_aghyqhbptboemmoq.tif	1026903.486578	1026903.745172	1026904.443704	8.175317e-01	13	none	NaN	NaN
131	11	68	44	bathroom	sun_apkruvsevgegsdwp.tif	1026905.213296	1026905.471885	1026906.170523	6.673728e-01	34	none	NaN	NaN
131	11	69	14	bathroom	sun_abapwbhyhkfixyex.tif	1026906.940007	1026907.198599	1026907.897154	7.424522e-01	4	none	NaN	NaN
131	11	70	56	bathroom	sun_awnqiikzaispgmwo.tif	1026908.666712	1026908.925303	1026909.623789	6.923993e-01	46	none	NaN	NaN
131	11	71	41	bathroom	sun_aoybiabnpadelefl.tif	1026910.393431	1026910.652023	1026911.350567	7.591366e-01	31	none	NaN	NaN
131	11	72	37	bathroom	sun_amzlamotzwfkwjco.tif	1026912.120139	1026912.378732	1026913.077300	8.425582e-01	27	none	NaN	NaN
131	11	73	58	bathroom	sun_axxbkopsgyouuebh.tif	1026913.846856	1026914.105441	1026914.803980	7.841630e-01	48	none	NaN	NaN
131	11	74	60	bathroom	sun_azqyogdvyhahyram.tif	1026915.573567	1026915.832158	1026916.530687	8.258738e-01	50	none	NaN	NaN
131	11	75	35	bathroom	sun_alotolagknyrgtsk.tif	1026917.300274	1026917.558865	1026918.257409	8.175317e-01	25	none	NaN	NaN
131	11	76	11	bathroom	labelme_sfxiulhjbhlyiyt.tif	1026919.026989	1026919.285578	1026919.984017	6.840571e-01	1	none	NaN	NaN
131	11	77	42	bathroom	sun_apeeialkgkuxddgh.tif	1026920.753702	1026921.012291	1026921.710747	8.091895e-01	32	none	NaN	NaN
131	11	78	29	bathroom	sun_ahqjwnzgolcaoidx.tif	1026922.480411	1026922.739006	1026923.437654	7.090836e-01	19	none	NaN	NaN
131	11	79	51	bathroom	sun_atstyziqcmkahyxk.tif	1026924.207129	1026924.465715	1026925.164271	6.506885e-01	41	none	NaN	NaN
131	11	80	27	bathroom	sun_ahcvzmoyaycdoftf.tif	1026925.933835	1026926.192427	1026926.891030	7.758209e-01	17	none	NaN	NaN
131	11	81	59	bathroom	sun_axyrejkiiaqiurjk.tif	1026927.660554	1026927.919140	1026928.617617	8.425582e-01	49	none	NaN	NaN
131	11	82	52	bathroom	sun_aunuadmjocsddsrl.tif	1026929.387263	1026929.645850	1026930.344431	6.840571e-01	42	none	NaN	NaN
131	11	83	20	bathroom	sun_afcoljnjfoxjtgja.tif	1026931.113975	1026931.372565	1026932.071019	8.175317e-01	10	39	1026935.224483	1
131	11	84	15	bathroom	sun_abjtwfukuwddzted.tif	1026936.002149	1026936.260744	1026936.959268	7.174258e-01	5	none	NaN	NaN
131	11	85	49	bathroom	sun_asfwthctfqerjvxr.tif	1026937.728865	1026937.987457	1026938.685872	7.925052e-01	39	39	1026940.752511	1
131	11	86	21	bathroom	sun_aggnnqpdorgxpvce.tif	1026941.524295	1026941.782887	1026942.481402	6.923993e-01	11	none	NaN	NaN
131	11	87	32	bathroom	sun_aleqenyvunhactkl.tif	1026943.251005	1026943.509598	1026944.208147	7.507944e-01	22	none	NaN	NaN
131	11	88	43	bathroom	sun_apjevzvycyhuqghb.tif	1026944.977724	1026945.236314	1026945.934740	7.257679e-01	33	none	NaN	NaN
131	11	89	40	bathroom	sun_aofnryafpsjimzsb.tif	1026946.704436	1026946.963021	1026947.661646	7.341101e-01	30	none	NaN	NaN
131	11	90	26	bathroom	sun_ahaulkltgpkeeemi.tif	1026948.431143	1026948.689673	1026949.388365	7.090836e-01	16	none	NaN	NaN
131	11	91	54	bathroom	sun_auzqhkafidnkrwmo.tif	1026950.157857	1026950.416446	1026951.114930	8.008474e-01	44	none	NaN	NaN
131	11	92	18	bathroom	sun_acgyywnybuveqsro.tif	1026951.884570	1026952.143158	1026952.841747	8.175317e-01	8	none	NaN	NaN
131	11	93	47	bathroom	sun_apynckhmoftszqoq.tif	1026953.611281	1026953.869867	1026954.568449	7.507944e-01	37	none	NaN	NaN
131	11	94	25	bathroom	sun_agyqfjcfkdcydepw.tif	1026955.337988	1026955.596577	1026956.295026	7.257679e-01	15	none	NaN	NaN
131	11	95	28	bathroom	sun_ahijqszoswveeyji.tif	1026957.064700	1026957.323293	1026958.021937	8.258738e-01	18	none	NaN	NaN
131	11	96	48	bathroom	sun_aqrpegblszgcoujh.tif	1026958.791415	1026959.050006	1026959.748487	7.507944e-01	38	none	NaN	NaN
131	11	97	50	bathroom	sun_aspsyogrekjtfozg.tif	1026960.518127	1026960.776718	1026961.475287	7.090836e-01	40	none	NaN	NaN
131	11	98	22	bathroom	sun_agguqiubmwhqqunb.tif	1026962.244837	1026962.503426	1026963.202066	6.673728e-01	12	none	NaN	NaN
131	11	99	33	bathroom	sun_aljolscmmzydegqp.tif	1026963.971552	1026964.230140	1026964.928802	7.841630e-01	23	39	1026966.616404	1
131	11	100	30	bathroom	sun_ajlawzvmubibwbpy.tif	1026967.391613	1026967.650195	1026968.348678	7.758209e-01	20	none	NaN	NaN
131	12	1	75	kitchen	sun_acgtpgfybqjmzeyw.tif	1026973.155660	1026973.414244	1026974.104386	7.174258e-01	65	none	NaN	NaN
131	12	2	65	kitchen	sun_aamedkxepzlwuxes.tif	1026974.874026	1026975.132614	1026975.822899	7.257679e-01	55	none	NaN	NaN
131	12	3	82	kitchen	sun_aenotlpyftoioydp.tif	1026976.592398	1026976.850988	1026977.541253	7.758209e-01	72	none	NaN	NaN
131	12	4	68	kitchen	sun_aaxxjlsuzvqlgylf.tif	1026978.310767	1026978.569362	1026979.259546	8.175317e-01	58	39	1026980.040628	1
131	12	5	110	kitchen	sun_azmutvzbxypaceni.tif	1026980.813249	1026981.071837	1026981.762098	7.090836e-01	100	39	1026982.536596	1
131	12	6	84	kitchen	sun_aexklacwqwezaorf.tif	1026983.307390	1026983.565979	1026984.256127	6.590306e-01	74	none	NaN	NaN
131	12	7	83	kitchen	sun_aeqdocilnnpuvuhx.tif	1026985.025756	1026985.284373	1026985.974668	7.257679e-01	73	none	NaN	NaN
131	12	8	70	kitchen	sun_abdxkyyxwfskuaqb.tif	1026986.744133	1026987.002724	1026987.692890	7.925052e-01	60	none	NaN	NaN
131	12	9	61	kitchen	labelme_brsyyvweiuaazfr.tif	1026988.462498	1026988.721095	1026989.411352	8.175317e-01	51	none	NaN	NaN
131	12	10	80	kitchen	sun_aegoxogugdkwpmpj.tif	1026990.180877	1026990.439463	1026991.129618	7.007414e-01	70	none	NaN	NaN
131	12	11	103	kitchen	sun_aunzlwrbjumxhwdj.tif	1026991.899241	1026992.157833	1026992.848154	7.841630e-01	93	none	NaN	NaN
131	12	12	63	kitchen	labelme_rykdqxenmhulbdn.tif	1026993.617611	1026993.876201	1026994.566392	7.007414e-01	53	none	NaN	NaN
131	12	13	71	kitchen	sun_abftihopvusyfakt.tif	1026995.335984	1026995.594573	1026996.284770	6.923993e-01	61	none	NaN	NaN
131	12	14	89	kitchen	sun_agzzivivdpnawacl.tif	1026997.054355	1026997.312949	1026998.003047	7.591366e-01	79	37	1026998.576247	1
131	12	15	85	kitchen	sun_afuyedyxivkhecmu.tif	1026999.348294	1026999.606884	1027000.297041	8.091895e-01	75	37	1027001.024480	1
131	12	16	92	kitchen	sun_ahpczsiumwwocjkv.tif	1027001.800730	1027002.059317	1027002.749429	7.341101e-01	82	none	NaN	NaN
131	12	17	93	kitchen	sun_ahspylgoovwmwvgk.tif	1027003.519094	1027003.777681	1027004.467793	7.174258e-01	83	none	NaN	NaN
131	12	18	108	kitchen	sun_aymvwlarqodbwuoc.tif	1027005.237472	1027005.496061	1027006.186316	6.923993e-01	98	none	NaN	NaN
131	12	19	101	kitchen	sun_aqeaevwwwjoqhzvl.tif	1027006.955835	1027007.214433	1027007.904749	6.673728e-01	91	none	NaN	NaN
131	12	20	99	kitchen	sun_akcjzhbbjlbogpdi.tif	1027008.674210	1027008.932795	1027009.623072	6.757150e-01	89	none	NaN	NaN
131	12	21	105	kitchen	sun_avszsnwsbuqfgzbn.tif	1027010.392579	1027010.651161	1027011.341310	6.673728e-01	95	none	NaN	NaN
131	12	22	106	kitchen	sun_awcpdzzznmweyyhv.tif	1027012.110951	1027012.369541	1027013.059674	7.424522e-01	96	none	NaN	NaN
131	12	23	100	kitchen	sun_amjjdeyrggfqgmom.tif	1027013.829322	1027014.087916	1027014.778025	7.841630e-01	90	39	1027015.552659	1
131	12	24	107	kitchen	sun_axyyrmzcupyhlivc.tif	1027016.323453	1027016.582051	1027017.272154	6.923993e-01	97	none	NaN	NaN
131	12	25	109	kitchen	sun_aypmqwcualkenuoe.tif	1027018.041832	1027018.300423	1027018.990639	8.342160e-01	99	none	NaN	NaN
131	12	26	87	kitchen	sun_agorklincwxrdtga.tif	1027019.760204	1027020.018789	1027020.708978	7.090836e-01	77	none	NaN	NaN
131	12	27	78	kitchen	sun_adgqasybjyktddhj.tif	1027021.478574	1027021.737165	1027022.427456	7.591366e-01	68	none	NaN	NaN
131	12	28	76	kitchen	sun_acwjdupvyjsugpay.tif	1027023.196945	1027023.455534	1027024.145619	6.590306e-01	66	none	NaN	NaN
131	12	29	64	kitchen	sun_aadbddgrdsjugojn.tif	1027024.915312	1027025.173900	1027025.864005	7.257679e-01	54	none	NaN	NaN
131	12	30	77	kitchen	sun_acxkpeoqbwcxfvip.tif	1027026.633685	1027026.892270	1027027.582401	7.424522e-01	67	none	NaN	NaN
131	12	31	72	kitchen	sun_abpwyqmlzafvklqo.tif	1027028.352060	1027028.610643	1027029.300825	8.008474e-01	62	none	NaN	NaN
131	12	32	95	kitchen	sun_aixorpehvfykdynp.tif	1027030.070429	1027030.329016	1027031.019109	6.840571e-01	85	none	NaN	NaN
131	12	33	86	kitchen	sun_aggjlwcdjsjcaemh.tif	1027031.788794	1027032.047384	1027032.737467	7.174258e-01	76	none	NaN	NaN
131	12	34	91	kitchen	sun_ahljzhgcdpomplvg.tif	1027033.507163	1027033.765755	1027034.455837	7.674787e-01	81	39	1027037.024591	1
131	12	35	90	kitchen	sun_ahdycvpopffkzzsu.tif	1027037.803090	1027038.061682	1027038.751782	7.674787e-01	80	none	NaN	NaN
131	12	36	62	kitchen	labelme_kxvouciolcpqplr.tif	1027039.521460	1027039.780049	1027040.470216	7.174258e-01	52	none	NaN	NaN
131	12	37	81	kitchen	sun_aehawpgmrlhlvcow.tif	1027041.239834	1027041.498424	1027042.188735	7.591366e-01	71	none	NaN	NaN
131	12	38	97	kitchen	sun_ajkqhtgcbgpcwrwn.tif	1027042.958203	1027043.216793	1027043.906980	6.673728e-01	87	none	NaN	NaN
131	12	39	79	kitchen	sun_admlmbcdswaszruo.tif	1027044.676577	1027044.935166	1027045.625356	6.506885e-01	69	none	NaN	NaN
131	12	40	88	kitchen	sun_agubuxuukhzyzpdp.tif	1027046.394945	1027046.653535	1027047.343788	7.925052e-01	78	none	NaN	NaN
131	12	41	98	kitchen	sun_akchetnepxlcxhsu.tif	1027048.113314	1027048.371909	1027049.062172	6.923993e-01	88	none	NaN	NaN
131	12	42	74	kitchen	sun_acfmftudsenhrfhy.tif	1027049.831689	1027050.090277	1027050.780533	6.757150e-01	64	none	NaN	NaN
131	12	43	67	kitchen	sun_aarfiyshqohlwkmo.tif	1027051.550055	1027051.808646	1027052.498776	7.507944e-01	57	39	1027053.456579	1
131	12	44	66	kitchen	sun_aapllqyqlykszopd.tif	1027054.227713	1027054.486303	1027055.176467	7.925052e-01	56	none	NaN	NaN
131	12	45	73	kitchen	sun_abrcnpqqhmjwekyf.tif	1027055.946083	1027056.204671	1027056.894783	6.757150e-01	63	37	1027057.520651	1
131	12	46	96	kitchen	sun_ajcbwwvdlsvjyzje.tif	1027058.298408	1027058.557005	1027059.247219	8.425582e-01	86	none	NaN	NaN
131	12	47	69	kitchen	sun_abdenxonkemggwsq.tif	1027060.016788	1027060.275377	1027060.965624	8.258738e-01	59	none	NaN	NaN
131	12	48	104	kitchen	sun_auticobqsbwgoppi.tif	1027061.735155	1027061.993746	1027062.684012	7.424522e-01	94	none	NaN	NaN
131	12	49	94	kitchen	sun_ahywdevtimnqcsln.tif	1027063.453525	1027063.712118	1027064.402330	6.840571e-01	84	none	NaN	NaN
131	12	50	102	kitchen	sun_auaiucuqpdausiva.tif	1027065.171897	1027065.430489	1027066.120634	8.091895e-01	92	none	NaN	NaN
131	12	51	106	kitchen	sun_awcpdzzznmweyyhv.tif	1027066.890267	1027067.148857	1027067.839105	8.425582e-01	96	none	NaN	NaN
131	12	52	109	kitchen	sun_aypmqwcualkenuoe.tif	1027068.608636	1027068.867227	1027069.557566	8.425582e-01	99	39	1027072.272668	1
131	12	53	64	kitchen	sun_aadbddgrdsjugojn.tif	1027073.046367	1027073.304956	1027073.995036	7.424522e-01	54	none	NaN	NaN
131	12	54	89	kitchen	sun_agzzivivdpnawacl.tif	1027074.764739	1027075.023331	1027075.713449	7.758209e-01	79	none	NaN	NaN
131	12	55	70	kitchen	sun_abdxkyyxwfskuaqb.tif	1027076.483115	1027076.741702	1027077.431969	8.258738e-01	60	none	NaN	NaN
131	12	56	67	kitchen	sun_aarfiyshqohlwkmo.tif	1027078.201481	1027078.460075	1027079.150167	6.506885e-01	57	37	1027079.976634	1
131	12	57	87	kitchen	sun_agorklincwxrdtga.tif	1027080.754013	1027081.012605	1027081.702852	7.257679e-01	77	none	NaN	NaN
131	12	58	61	kitchen	labelme_brsyyvweiuaazfr.tif	1027082.472381	1027082.730976	1027083.421199	6.590306e-01	51	none	NaN	NaN
131	12	59	73	kitchen	sun_abrcnpqqhmjwekyf.tif	1027084.190758	1027084.449343	1027085.139497	7.007414e-01	63	none	NaN	NaN
131	12	60	85	kitchen	sun_afuyedyxivkhecmu.tif	1027085.909125	1027086.167709	1027086.857846	6.506885e-01	75	none	NaN	NaN
131	12	61	66	kitchen	sun_aapllqyqlykszopd.tif	1027087.627495	1027087.886084	1027088.576177	7.674787e-01	56	none	NaN	NaN
131	12	62	74	kitchen	sun_acfmftudsenhrfhy.tif	1027089.337523	1027089.596115	1027090.286222	7.758209e-01	64	none	NaN	NaN
131	12	63	100	kitchen	sun_amjjdeyrggfqgmom.tif	1027091.055895	1027091.314481	1027092.004751	7.090836e-01	90	none	NaN	NaN
131	12	64	65	kitchen	sun_aamedkxepzlwuxes.tif	1027092.774269	1027093.032856	1027093.723178	8.258738e-01	55	none	NaN	NaN
131	12	65	99	kitchen	sun_akcjzhbbjlbogpdi.tif	1027094.492636	1027094.751227	1027095.441450	7.925052e-01	89	none	NaN	NaN
131	12	66	98	kitchen	sun_akchetnepxlcxhsu.tif	1027096.211001	1027096.469596	1027097.159756	8.342160e-01	88	37	1027097.792648	1
131	12	67	102	kitchen	sun_auaiucuqpdausiva.tif	1027098.563333	1027098.821926	1027099.512212	7.591366e-01	92	none	NaN	NaN
131	12	68	69	kitchen	sun_abdenxonkemggwsq.tif	1027100.281711	1027100.540298	1027101.230428	7.507944e-01	59	none	NaN	NaN
131	12	69	82	kitchen	sun_aenotlpyftoioydp.tif	1027102.000075	1027102.258663	1027102.948735	6.840571e-01	72	37	1027103.640591	1
131	12	70	94	kitchen	sun_ahywdevtimnqcsln.tif	1027104.419142	1027104.677734	1027105.367878	7.507944e-01	84	none	NaN	NaN
131	12	71	78	kitchen	sun_adgqasybjyktddhj.tif	1027106.137513	1027106.396100	1027107.086296	7.090836e-01	68	none	NaN	NaN
131	12	72	83	kitchen	sun_aeqdocilnnpuvuhx.tif	1027107.855882	1027108.114474	1027108.804738	8.509003e-01	73	none	NaN	NaN
131	12	73	76	kitchen	sun_acwjdupvyjsugpay.tif	1027109.574255	1027109.832848	1027110.523065	7.841630e-01	66	none	NaN	NaN
131	12	74	77	kitchen	sun_acxkpeoqbwcxfvip.tif	1027111.292625	1027111.551215	1027112.241355	7.507944e-01	67	none	NaN	NaN
131	12	75	68	kitchen	sun_aaxxjlsuzvqlgylf.tif	1027113.010993	1027113.269585	1027113.959699	8.008474e-01	58	37	1027115.136421	0
131	12	76	71	kitchen	sun_abftihopvusyfakt.tif	1027115.913873	1027116.172463	1027116.862747	7.591366e-01	61	none	NaN	NaN
131	12	77	88	kitchen	sun_agubuxuukhzyzpdp.tif	1027117.632245	1027117.890838	1027118.581043	8.175317e-01	78	37	1027119.360748	1
131	12	78	81	kitchen	sun_aehawpgmrlhlvcow.tif	1027120.134723	1027120.393316	1027121.083407	8.342160e-01	71	none	NaN	NaN
131	12	79	80	kitchen	sun_aegoxogugdkwpmpj.tif	1027121.853096	1027122.111688	1027122.801818	7.758209e-01	70	none	NaN	NaN
131	12	80	97	kitchen	sun_ajkqhtgcbgpcwrwn.tif	1027123.571472	1027123.830058	1027124.520317	6.840571e-01	87	none	NaN	NaN
131	12	81	63	kitchen	labelme_rykdqxenmhulbdn.tif	1027125.289837	1027125.548429	1027126.238573	6.923993e-01	53	none	NaN	NaN
131	12	82	91	kitchen	sun_ahljzhgcdpomplvg.tif	1027127.008211	1027127.266802	1027127.957018	6.590306e-01	81	none	NaN	NaN
131	12	83	75	kitchen	sun_acgtpgfybqjmzeyw.tif	1027128.726580	1027128.985172	1027129.675251	8.342160e-01	65	none	NaN	NaN
131	12	84	110	kitchen	sun_azmutvzbxypaceni.tif	1027130.444950	1027130.703542	1027131.393805	7.341101e-01	100	none	NaN	NaN
131	12	85	90	kitchen	sun_ahdycvpopffkzzsu.tif	1027132.163323	1027132.421909	1027133.112052	8.175317e-01	80	none	NaN	NaN
131	12	86	95	kitchen	sun_aixorpehvfykdynp.tif	1027133.881693	1027134.140278	1027134.830466	6.757150e-01	85	none	NaN	NaN
131	12	87	105	kitchen	sun_avszsnwsbuqfgzbn.tif	1027135.600062	1027135.858652	1027136.548910	8.258738e-01	95	39	1027137.648841	1
131	12	88	62	kitchen	labelme_kxvouciolcpqplr.tif	1027138.419524	1027138.678114	1027139.368305	6.673728e-01	52	none	NaN	NaN
131	12	89	72	kitchen	sun_abpwyqmlzafvklqo.tif	1027140.137893	1027140.396482	1027141.086600	7.341101e-01	62	none	NaN	NaN
131	12	90	104	kitchen	sun_auticobqsbwgoppi.tif	1027141.856267	1027142.114857	1027142.805010	8.091895e-01	94	none	NaN	NaN
131	12	91	92	kitchen	sun_ahpczsiumwwocjkv.tif	1027143.574637	1027143.833223	1027144.523501	7.007414e-01	82	none	NaN	NaN
131	12	92	84	kitchen	sun_aexklacwqwezaorf.tif	1027145.293007	1027145.551602	1027146.241691	8.425582e-01	74	none	NaN	NaN
131	12	93	79	kitchen	sun_admlmbcdswaszruo.tif	1027147.011374	1027147.269969	1027147.960248	8.091895e-01	69	none	NaN	NaN
131	12	94	107	kitchen	sun_axyyrmzcupyhlivc.tif	1027148.729745	1027148.988339	1027149.678636	7.841630e-01	97	none	NaN	NaN
131	12	95	108	kitchen	sun_aymvwlarqodbwuoc.tif	1027150.448120	1027150.706702	1027151.396804	7.341101e-01	98	none	NaN	NaN
131	12	96	96	kitchen	sun_ajcbwwvdlsvjyzje.tif	1027152.166489	1027152.425073	1027153.115375	8.008474e-01	86	none	NaN	NaN
131	12	97	93	kitchen	sun_ahspylgoovwmwvgk.tif	1027153.884859	1027154.143447	1027154.833741	8.008474e-01	83	none	NaN	NaN
131	12	98	86	kitchen	sun_aggjlwcdjsjcaemh.tif	1027155.603222	1027155.861820	1027156.551955	8.258738e-01	76	none	NaN	NaN
131	12	99	103	kitchen	sun_aunzlwrbjumxhwdj.tif	1027157.321603	1027157.580187	1027158.270485	7.674787e-01	93	none	NaN	NaN
131	12	100	101	kitchen	sun_aqeaevwwwjoqhzvl.tif	1027159.039966	1027159.298562	1027159.988789	8.509003e-01	91	none	NaN	NaN
131	13	1	47	bathroom	sun_apynckhmoftszqoq.tif	1027167.022891	1027167.281477	1027168.038455	7.925052e-01	37	37	1027168.728705	1
131	13	2	39	bathroom	sun_anryaplzeujmzfkd.tif	1027169.500339	1027169.758931	1027170.515780	7.007414e-01	29	none	NaN	NaN
131	13	3	29	bathroom	sun_ahqjwnzgolcaoidx.tif	1027171.285467	1027171.544031	1027172.301029	6.840571e-01	19	none	NaN	NaN
131	13	4	35	bathroom	sun_alotolagknyrgtsk.tif	1027173.070550	1027173.329143	1027174.086091	7.341101e-01	25	none	NaN	NaN
131	13	5	21	bathroom	sun_aggnnqpdorgxpvce.tif	1027174.855647	1027175.114241	1027175.871177	7.507944e-01	11	none	NaN	NaN
131	13	6	23	bathroom	sun_aghyqhbptboemmoq.tif	1027176.640755	1027176.899348	1027177.656270	6.673728e-01	13	37	1027179.968482	0
131	13	7	36	bathroom	sun_ambriybtogmepttm.tif	1027180.744826	1027181.003411	1027181.760237	7.341101e-01	26	none	NaN	NaN
131	13	8	60	bathroom	sun_azqyogdvyhahyram.tif	1027182.529960	1027182.788522	1027183.545511	7.007414e-01	50	none	NaN	NaN
131	13	9	42	bathroom	sun_apeeialkgkuxddgh.tif	1027184.315032	1027184.573621	1027185.330634	8.425582e-01	32	none	NaN	NaN
131	13	10	32	bathroom	sun_aleqenyvunhactkl.tif	1027186.100135	1027186.358741	1027187.115746	7.174258e-01	22	none	NaN	NaN
131	13	11	12	bathroom	sun_aapitsgbtktqubfy.tif	1027187.885234	1027188.143829	1027188.900728	7.841630e-01	2	none	NaN	NaN
131	13	12	54	bathroom	sun_auzqhkafidnkrwmo.tif	1027189.670340	1027189.928928	1027190.685988	8.175317e-01	44	none	NaN	NaN
131	13	13	48	bathroom	sun_aqrpegblszgcoujh.tif	1027191.455441	1027191.714035	1027192.470966	7.674787e-01	38	none	NaN	NaN
131	13	14	56	bathroom	sun_awnqiikzaispgmwo.tif	1027193.240550	1027193.499138	1027194.256091	6.757150e-01	46	none	NaN	NaN
131	13	15	27	bathroom	sun_ahcvzmoyaycdoftf.tif	1027195.025648	1027195.284243	1027196.041232	7.674787e-01	17	39	1027197.120463	1
131	13	16	51	bathroom	sun_atstyziqcmkahyxk.tif	1027197.895158	1027198.153751	1027198.910771	8.008474e-01	41	none	NaN	NaN
131	13	17	22	bathroom	sun_agguqiubmwhqqunb.tif	1027199.680266	1027199.938854	1027200.695883	7.507944e-01	12	none	NaN	NaN
131	13	18	33	bathroom	sun_aljolscmmzydegqp.tif	1027201.465368	1027201.723955	1027202.480971	8.091895e-01	23	none	NaN	NaN
131	13	19	50	bathroom	sun_aspsyogrekjtfozg.tif	1027203.250469	1027203.509061	1027204.265987	7.174258e-01	40	none	NaN	NaN
131	13	20	28	bathroom	sun_ahijqszoswveeyji.tif	1027205.035576	1027205.294168	1027206.051194	6.673728e-01	18	none	NaN	NaN
131	13	21	30	bathroom	sun_ajlawzvmubibwbpy.tif	1027206.820675	1027207.079268	1027207.836269	7.424522e-01	20	none	NaN	NaN
131	13	22	25	bathroom	sun_agyqfjcfkdcydepw.tif	1027208.605784	1027208.864369	1027209.621292	8.258738e-01	15	none	NaN	NaN
131	13	23	57	bathroom	sun_axldvoqbuvuggfmq.tif	1027210.390883	1027210.649478	1027211.406447	8.509003e-01	47	none	NaN	NaN
131	13	24	16	bathroom	sun_acduarbnmmoglmiv.tif	1027212.175990	1027212.434579	1027213.191429	7.758209e-01	6	none	NaN	NaN
131	13	25	55	bathroom	sun_avhrdrntsqrjzccq.tif	1027213.961094	1027214.219683	1027214.976527	7.090836e-01	45	37	1027216.688766	0
131	13	26	45	bathroom	sun_apkxzenqapsujocq.tif	1027217.464568	1027217.723154	1027218.480097	7.591366e-01	35	none	NaN	NaN
131	13	27	44	bathroom	sun_apkruvsevgegsdwp.tif	1027219.249671	1027219.508260	1027220.265289	6.757150e-01	34	none	NaN	NaN
131	13	28	58	bathroom	sun_axxbkopsgyouuebh.tif	1027221.034775	1027221.293366	1027222.050365	8.091895e-01	48	none	NaN	NaN
131	13	29	17	bathroom	sun_acegryoqftbzowsg.tif	1027222.819873	1027223.078469	1027223.835354	8.175317e-01	7	none	NaN	NaN
131	13	30	37	bathroom	sun_amzlamotzwfkwjco.tif	1027224.604977	1027224.863570	1027225.620526	6.673728e-01	27	none	NaN	NaN
131	13	31	19	bathroom	sun_aclfzgynxzxlbepz.tif	1027226.390087	1027226.648668	1027227.405631	8.342160e-01	9	none	NaN	NaN
131	13	32	43	bathroom	sun_apjevzvycyhuqghb.tif	1027228.175187	1027228.433781	1027229.190603	6.590306e-01	33	none	NaN	NaN
131	13	33	26	bathroom	sun_ahaulkltgpkeeemi.tif	1027229.960292	1027230.218879	1027230.975818	6.757150e-01	16	37	1027232.096815	1
131	13	34	52	bathroom	sun_aunuadmjocsddsrl.tif	1027232.871512	1027233.130095	1027233.887180	6.923993e-01	42	none	NaN	NaN
131	13	35	49	bathroom	sun_asfwthctfqerjvxr.tif	1027234.656615	1027234.915205	1027235.672020	7.424522e-01	39	none	NaN	NaN
131	13	36	20	bathroom	sun_afcoljnjfoxjtgja.tif	1027236.441718	1027236.700307	1027237.457226	6.590306e-01	10	none	NaN	NaN
131	13	37	40	bathroom	sun_aofnryafpsjimzsb.tif	1027238.226821	1027238.485412	1027239.242235	6.840571e-01	30	none	NaN	NaN
131	13	38	59	bathroom	sun_axyrejkiiaqiurjk.tif	1027240.011925	1027240.270514	1027241.027375	7.424522e-01	49	none	NaN	NaN
131	13	39	18	bathroom	sun_acgyywnybuveqsro.tif	1027241.797027	1027242.055617	1027242.812606	6.506885e-01	8	none	NaN	NaN
131	13	40	11	bathroom	labelme_sfxiulhjbhlyiyt.tif	1027243.582130	1027243.840717	1027244.597577	8.342160e-01	1	none	NaN	NaN
131	13	41	41	bathroom	sun_aoybiabnpadelefl.tif	1027245.367234	1027245.625818	1027246.382842	6.757150e-01	31	37	1027247.232920	1
131	13	42	13	bathroom	sun_aavhrsfjbserjtht.tif	1027248.003176	1027248.261767	1027249.018710	7.591366e-01	3	none	NaN	NaN
131	13	43	24	bathroom	sun_agrwbmhcpmfuwmsg.tif	1027249.788285	1027250.046875	1027250.804082	8.509003e-01	14	none	NaN	NaN
131	13	44	38	bathroom	sun_anhioqovhscjqqwb.tif	1027251.573385	1027251.831979	1027252.588942	8.091895e-01	28	none	NaN	NaN
131	13	45	34	bathroom	sun_alkosphxlxwjwgjd.tif	1027253.358492	1027253.617080	1027254.373907	7.507944e-01	24	none	NaN	NaN
131	13	46	53	bathroom	sun_ausgutylgojavyoq.tif	1027255.143593	1027255.402185	1027256.159041	8.342160e-01	43	none	NaN	NaN
131	13	47	31	bathroom	sun_akiytfaagpdsphgz.tif	1027256.928698	1027257.187246	1027257.944111	8.008474e-01	21	none	NaN	NaN
131	13	48	46	bathroom	sun_apmqjbnwghzuhhzh.tif	1027258.713804	1027258.972387	1027259.729339	7.090836e-01	36	none	NaN	NaN
131	13	49	14	bathroom	sun_abapwbhyhkfixyex.tif	1027260.498905	1027260.757493	1027261.514416	7.591366e-01	4	none	NaN	NaN
131	13	50	15	bathroom	sun_abjtwfukuwddzted.tif	1027262.284008	1027262.542595	1027263.299617	7.257679e-01	5	39	1027264.504879	1
131	13	51	22	bathroom	sun_agguqiubmwhqqunb.tif	1027265.278643	1027265.537231	1027266.294217	6.923993e-01	12	none	NaN	NaN
131	13	52	57	bathroom	sun_axldvoqbuvuggfmq.tif	1027267.063743	1027267.322336	1027268.079295	8.258738e-01	47	none	NaN	NaN
131	13	53	54	bathroom	sun_auzqhkafidnkrwmo.tif	1027268.848847	1027269.107439	1027269.864384	7.758209e-01	44	none	NaN	NaN
131	13	54	14	bathroom	sun_abapwbhyhkfixyex.tif	1027270.633956	1027270.892544	1027271.649588	7.424522e-01	4	none	NaN	NaN
131	13	55	32	bathroom	sun_aleqenyvunhactkl.tif	1027272.419055	1027272.677648	1027273.434688	8.258738e-01	22	none	NaN	NaN
131	13	56	53	bathroom	sun_ausgutylgojavyoq.tif	1027274.204161	1027274.462751	1027275.219638	7.674787e-01	43	37	1027275.776514	1
131	13	57	43	bathroom	sun_apjevzvycyhuqghb.tif	1027276.548153	1027276.806736	1027277.563561	7.591366e-01	33	none	NaN	NaN
131	13	58	37	bathroom	sun_amzlamotzwfkwjco.tif	1027278.333250	1027278.591840	1027279.348757	6.923993e-01	27	none	NaN	NaN
131	13	59	13	bathroom	sun_aavhrsfjbserjtht.tif	1027280.118359	1027280.376947	1027281.133904	7.174258e-01	3	none	NaN	NaN
131	13	60	50	bathroom	sun_aspsyogrekjtfozg.tif	1027281.903460	1027282.162051	1027282.919000	7.925052e-01	40	none	NaN	NaN
131	13	61	25	bathroom	sun_agyqfjcfkdcydepw.tif	1027283.688560	1027283.947150	1027284.704043	7.090836e-01	15	none	NaN	NaN
131	13	62	16	bathroom	sun_acduarbnmmoglmiv.tif	1027285.473666	1027285.732255	1027286.489083	7.925052e-01	6	none	NaN	NaN
131	13	63	46	bathroom	sun_apmqjbnwghzuhhzh.tif	1027287.258772	1027287.517359	1027288.274311	7.591366e-01	36	none	NaN	NaN
131	13	64	26	bathroom	sun_ahaulkltgpkeeemi.tif	1027289.043870	1027289.302464	1027290.059434	6.923993e-01	16	none	NaN	NaN
131	13	65	56	bathroom	sun_awnqiikzaispgmwo.tif	1027290.828975	1027291.087562	1027291.844432	8.175317e-01	46	none	NaN	NaN
131	13	66	45	bathroom	sun_apkxzenqapsujocq.tif	1027292.614082	1027292.872668	1027293.629633	7.341101e-01	35	37	1027294.392909	1
131	13	67	35	bathroom	sun_alotolagknyrgtsk.tif	1027295.166611	1027295.425201	1027296.182050	6.840571e-01	25	39	1027297.536889	1
131	13	68	38	bathroom	sun_anhioqovhscjqqwb.tif	1027298.311394	1027298.569983	1027299.326884	8.091895e-01	28	none	NaN	NaN
131	13	69	19	bathroom	sun_aclfzgynxzxlbepz.tif	1027300.096499	1027300.355082	1027301.112099	8.425582e-01	9	37	1027301.640570	1
131	13	70	15	bathroom	sun_abjtwfukuwddzted.tif	1027302.415467	1027302.674052	1027303.430961	6.590306e-01	5	none	NaN	NaN
131	13	71	58	bathroom	sun_axxbkopsgyouuebh.tif	1027304.200564	1027304.459155	1027305.216076	8.008474e-01	48	none	NaN	NaN
131	13	72	48	bathroom	sun_aqrpegblszgcoujh.tif	1027305.985674	1027306.244258	1027307.001270	7.507944e-01	38	none	NaN	NaN
131	13	73	34	bathroom	sun_alkosphxlxwjwgjd.tif	1027307.770772	1027308.029367	1027308.786177	8.258738e-01	24	none	NaN	NaN
131	13	74	24	bathroom	sun_agrwbmhcpmfuwmsg.tif	1027309.555879	1027309.814466	1027310.571324	6.506885e-01	14	37	1027311.441010	1
131	13	75	47	bathroom	sun_apynckhmoftszqoq.tif	1027312.216849	1027312.475437	1027313.232254	7.174258e-01	37	none	NaN	NaN
131	13	76	42	bathroom	sun_apeeialkgkuxddgh.tif	1027313.993613	1027314.252202	1027315.009089	7.841630e-01	32	none	NaN	NaN
131	13	77	27	bathroom	sun_ahcvzmoyaycdoftf.tif	1027315.778716	1027316.037304	1027316.794356	7.341101e-01	17	none	NaN	NaN
131	13	78	31	bathroom	sun_akiytfaagpdsphgz.tif	1027317.563817	1027317.822409	1027318.579322	7.257679e-01	21	39	1027319.592859	1
131	13	79	60	bathroom	sun_azqyogdvyhahyram.tif	1027320.366593	1027320.625183	1027321.382195	6.673728e-01	50	none	NaN	NaN
131	13	80	12	bathroom	sun_aapitsgbtktqubfy.tif	1027322.151700	1027322.410292	1027323.167219	7.257679e-01	2	none	NaN	NaN
131	13	81	21	bathroom	sun_aggnnqpdorgxpvce.tif	1027323.936807	1027324.195396	1027324.952219	6.840571e-01	11	none	NaN	NaN
131	13	82	40	bathroom	sun_aofnryafpsjimzsb.tif	1027325.721905	1027325.980497	1027326.737454	8.342160e-01	30	none	NaN	NaN
131	13	83	20	bathroom	sun_afcoljnjfoxjtgja.tif	1027327.507012	1027327.765600	1027328.522562	7.758209e-01	10	none	NaN	NaN
131	13	84	39	bathroom	sun_anryaplzeujmzfkd.tif	1027329.292112	1027329.550703	1027330.307568	7.007414e-01	29	none	NaN	NaN
131	13	85	59	bathroom	sun_axyrejkiiaqiurjk.tif	1027331.077216	1027331.335810	1027332.092826	7.007414e-01	49	none	NaN	NaN
131	13	86	52	bathroom	sun_aunuadmjocsddsrl.tif	1027332.862321	1027333.120908	1027333.877783	7.841630e-01	42	none	NaN	NaN
131	13	87	18	bathroom	sun_acgyywnybuveqsro.tif	1027334.647422	1027334.906013	1027335.662881	8.425582e-01	8	none	NaN	NaN
131	13	88	11	bathroom	labelme_sfxiulhjbhlyiyt.tif	1027336.432529	1027336.691117	1027337.447992	7.090836e-01	1	none	NaN	NaN
131	13	89	28	bathroom	sun_ahijqszoswveeyji.tif	1027338.217630	1027338.476220	1027339.233088	7.674787e-01	18	none	NaN	NaN
131	13	90	44	bathroom	sun_apkruvsevgegsdwp.tif	1027340.002730	1027340.261320	1027341.018278	6.590306e-01	34	none	NaN	NaN
131	13	91	23	bathroom	sun_aghyqhbptboemmoq.tif	1027341.787834	1027342.046426	1027342.803254	8.425582e-01	13	39	1027344.096788	1
131	13	92	51	bathroom	sun_atstyziqcmkahyxk.tif	1027344.874231	1027345.132821	1027345.889837	7.925052e-01	41	none	NaN	NaN
131	13	93	36	bathroom	sun_ambriybtogmepttm.tif	1027346.659332	1027346.917919	1027347.674888	7.758209e-01	26	none	NaN	NaN
131	13	94	30	bathroom	sun_ajlawzvmubibwbpy.tif	1027348.444439	1027348.703027	1027349.459940	6.923993e-01	20	39	1027350.633048	1
131	13	95	33	bathroom	sun_aljolscmmzydegqp.tif	1027351.405723	1027351.664294	1027352.421195	7.841630e-01	23	none	NaN	NaN
131	13	96	17	bathroom	sun_acegryoqftbzowsg.tif	1027353.190808	1027353.449402	1027354.206213	8.175317e-01	7	none	NaN	NaN
131	13	97	41	bathroom	sun_aoybiabnpadelefl.tif	1027354.975917	1027355.234505	1027355.991535	8.258738e-01	31	none	NaN	NaN
131	13	98	55	bathroom	sun_avhrdrntsqrjzccq.tif	1027356.761014	1027357.019607	1027357.776558	7.257679e-01	45	none	NaN	NaN
131	13	99	49	bathroom	sun_asfwthctfqerjvxr.tif	1027358.546116	1027358.804709	1027359.561665	6.506885e-01	39	none	NaN	NaN
131	13	100	29	bathroom	sun_ahqjwnzgolcaoidx.tif	1027360.331221	1027360.589812	1027361.346811	8.008474e-01	19	none	NaN	NaN
131	14	1	74	kitchen	sun_acfmftudsenhrfhy.tif	1027369.456938	1027369.715526	1027370.363903	6.673728e-01	64	none	NaN	NaN
131	14	2	64	kitchen	sun_aadbddgrdsjugojn.tif	1027371.133596	1027371.392186	1027372.040743	7.841630e-01	54	none	NaN	NaN
131	14	3	104	kitchen	sun_auticobqsbwgoppi.tif	1027372.810265	1027373.068803	1027373.717287	8.425582e-01	94	none	NaN	NaN
131	14	4	94	kitchen	sun_ahywdevtimnqcsln.tif	1027374.486926	1027374.745516	1027375.393889	8.509003e-01	84	none	NaN	NaN
131	14	5	92	kitchen	sun_ahpczsiumwwocjkv.tif	1027376.163588	1027376.422176	1027377.070569	6.923993e-01	82	none	NaN	NaN
131	14	6	82	kitchen	sun_aenotlpyftoioydp.tif	1027377.840253	1027378.098835	1027378.747377	7.424522e-01	72	none	NaN	NaN
131	14	7	89	kitchen	sun_agzzivivdpnawacl.tif	1027379.516912	1027379.775503	1027380.423953	6.506885e-01	79	none	NaN	NaN
131	14	8	100	kitchen	sun_amjjdeyrggfqgmom.tif	1027381.193576	1027381.452164	1027382.100615	7.925052e-01	90	none	NaN	NaN
131	14	9	76	kitchen	sun_acwjdupvyjsugpay.tif	1027382.870239	1027383.128830	1027383.777415	7.174258e-01	66	39	1027385.200966	1
131	14	10	70	kitchen	sun_abdxkyyxwfskuaqb.tif	1027385.973330	1027386.231901	1027386.880454	7.090836e-01	60	none	NaN	NaN
131	14	11	86	kitchen	sun_aggjlwcdjsjcaemh.tif	1027387.649976	1027387.908569	1027388.557177	8.425582e-01	76	none	NaN	NaN
131	14	12	107	kitchen	sun_axyyrmzcupyhlivc.tif	1027389.326639	1027389.585230	1027390.233826	7.257679e-01	97	none	NaN	NaN
131	14	13	83	kitchen	sun_aeqdocilnnpuvuhx.tif	1027391.003304	1027391.261890	1027391.910363	6.590306e-01	73	none	NaN	NaN
131	14	14	65	kitchen	sun_aamedkxepzlwuxes.tif	1027392.679964	1027392.938556	1027393.587160	6.590306e-01	55	none	NaN	NaN
131	14	15	105	kitchen	sun_avszsnwsbuqfgzbn.tif	1027394.356626	1027394.615212	1027395.263677	7.341101e-01	95	none	NaN	NaN
131	14	16	68	kitchen	sun_aaxxjlsuzvqlgylf.tif	1027396.033291	1027396.291878	1027396.940336	7.007414e-01	58	37	1027397.608933	1
131	14	17	90	kitchen	sun_ahdycvpopffkzzsu.tif	1027398.385620	1027398.644206	1027399.292787	7.591366e-01	80	none	NaN	NaN
131	14	18	72	kitchen	sun_abpwyqmlzafvklqo.tif	1027400.062286	1027400.320875	1027400.969330	6.923993e-01	62	none	NaN	NaN
131	14	19	101	kitchen	sun_aqeaevwwwjoqhzvl.tif	1027401.738950	1027401.997536	1027402.646018	7.591366e-01	91	none	NaN	NaN
131	14	20	103	kitchen	sun_aunzlwrbjumxhwdj.tif	1027403.415608	1027403.674198	1027404.322714	8.342160e-01	93	none	NaN	NaN
131	14	21	78	kitchen	sun_adgqasybjyktddhj.tif	1027405.092273	1027405.350862	1027405.999296	8.258738e-01	68	none	NaN	NaN
131	14	22	97	kitchen	sun_ajkqhtgcbgpcwrwn.tif	1027406.768933	1027407.027523	1027407.676072	6.506885e-01	87	none	NaN	NaN
131	14	23	99	kitchen	sun_akcjzhbbjlbogpdi.tif	1027408.445599	1027408.704181	1027409.352594	8.425582e-01	89	none	NaN	NaN
131	14	24	108	kitchen	sun_aymvwlarqodbwuoc.tif	1027410.122260	1027410.380847	1027411.029278	7.841630e-01	98	none	NaN	NaN
131	14	25	84	kitchen	sun_aexklacwqwezaorf.tif	1027411.798923	1027412.057509	1027412.706089	8.008474e-01	74	none	NaN	NaN
131	14	26	67	kitchen	sun_aarfiyshqohlwkmo.tif	1027413.475584	1027413.734174	1027414.382746	6.840571e-01	57	37	1027415.240889	1
131	14	27	61	kitchen	labelme_brsyyvweiuaazfr.tif	1027416.011430	1027416.270018	1027416.918448	7.174258e-01	51	none	NaN	NaN
131	14	28	73	kitchen	sun_abrcnpqqhmjwekyf.tif	1027417.688089	1027417.946684	1027418.595098	6.673728e-01	63	none	NaN	NaN
131	14	29	69	kitchen	sun_abdenxonkemggwsq.tif	1027419.364755	1027419.623343	1027420.271817	7.424522e-01	59	none	NaN	NaN
131	14	30	88	kitchen	sun_agubuxuukhzyzpdp.tif	1027421.041417	1027421.300007	1027421.948479	6.590306e-01	78	none	NaN	NaN
131	14	31	85	kitchen	sun_afuyedyxivkhecmu.tif	1027422.718077	1027422.976670	1027423.625116	7.507944e-01	75	none	NaN	NaN
131	14	32	75	kitchen	sun_acgtpgfybqjmzeyw.tif	1027424.394743	1027424.653333	1027425.301820	6.757150e-01	65	none	NaN	NaN
131	14	33	87	kitchen	sun_agorklincwxrdtga.tif	1027426.071406	1027426.329993	1027426.978360	8.091895e-01	77	none	NaN	NaN
131	14	34	102	kitchen	sun_auaiucuqpdausiva.tif	1027427.748067	1027428.006659	1027428.655129	7.007414e-01	92	none	NaN	NaN
131	14	35	95	kitchen	sun_aixorpehvfykdynp.tif	1027429.424730	1027429.683319	1027430.331757	8.091895e-01	85	none	NaN	NaN
131	14	36	109	kitchen	sun_aypmqwcualkenuoe.tif	1027431.101390	1027431.360001	1027432.008574	7.090836e-01	99	none	NaN	NaN
131	14	37	96	kitchen	sun_ajcbwwvdlsvjyzje.tif	1027432.778059	1027433.036651	1027433.685127	6.840571e-01	86	none	NaN	NaN
131	14	38	93	kitchen	sun_ahspylgoovwmwvgk.tif	1027434.454719	1027434.713310	1027435.361731	6.506885e-01	83	none	NaN	NaN
131	14	39	79	kitchen	sun_admlmbcdswaszruo.tif	1027436.131380	1027436.389967	1027437.038417	8.425582e-01	69	39	1027438.080963	1
131	14	40	80	kitchen	sun_aegoxogugdkwpmpj.tif	1027438.859085	1027439.117634	1027439.766069	7.424522e-01	70	none	NaN	NaN
131	14	41	62	kitchen	labelme_kxvouciolcpqplr.tif	1027440.535746	1027440.794343	1027441.442880	7.674787e-01	52	39	1027442.289048	1
131	14	42	71	kitchen	sun_abftihopvusyfakt.tif	1027443.063253	1027443.321843	1027443.970340	8.342160e-01	61	none	NaN	NaN
131	14	43	63	kitchen	labelme_rykdqxenmhulbdn.tif	1027444.739918	1027444.998504	1027445.647094	7.007414e-01	53	37	1027446.481067	1
131	14	44	81	kitchen	sun_aehawpgmrlhlvcow.tif	1027447.259082	1027447.517665	1027448.166212	6.923993e-01	71	none	NaN	NaN
131	14	45	91	kitchen	sun_ahljzhgcdpomplvg.tif	1027448.935742	1027449.194329	1027449.842915	8.175317e-01	81	none	NaN	NaN
131	14	46	77	kitchen	sun_acxkpeoqbwcxfvip.tif	1027450.612402	1027450.870996	1027451.519432	7.341101e-01	67	none	NaN	NaN
131	14	47	110	kitchen	sun_azmutvzbxypaceni.tif	1027452.289065	1027452.547659	1027453.196137	8.258738e-01	100	37	1027453.881138	1
131	14	48	66	kitchen	sun_aapllqyqlykszopd.tif	1027454.658085	1027454.916677	1027455.565226	7.674787e-01	56	none	NaN	NaN
131	14	49	98	kitchen	sun_akchetnepxlcxhsu.tif	1027456.334750	1027456.593336	1027457.241755	8.091895e-01	88	none	NaN	NaN
131	14	50	106	kitchen	sun_awcpdzzznmweyyhv.tif	1027458.011410	1027458.269999	1027458.918491	7.591366e-01	96	none	NaN	NaN
131	14	51	92	kitchen	sun_ahpczsiumwwocjkv.tif	1027459.688071	1027459.946659	1027460.595101	8.258738e-01	82	none	NaN	NaN
131	14	52	80	kitchen	sun_aegoxogugdkwpmpj.tif	1027461.364733	1027461.623323	1027462.271846	7.507944e-01	70	none	NaN	NaN
131	14	53	94	kitchen	sun_ahywdevtimnqcsln.tif	1027463.041390	1027463.299981	1027463.948430	8.175317e-01	84	none	NaN	NaN
131	14	54	89	kitchen	sun_agzzivivdpnawacl.tif	1027464.718056	1027464.976647	1027465.625006	6.757150e-01	79	none	NaN	NaN
131	14	55	97	kitchen	sun_ajkqhtgcbgpcwrwn.tif	1027466.394720	1027466.653309	1027467.301805	7.174258e-01	87	none	NaN	NaN
131	14	56	108	kitchen	sun_aymvwlarqodbwuoc.tif	1027468.071386	1027468.329973	1027468.978561	7.758209e-01	98	37	1027469.633046	1
131	14	57	67	kitchen	sun_aarfiyshqohlwkmo.tif	1027470.407033	1027470.665623	1027471.314143	7.090836e-01	57	none	NaN	NaN
131	14	58	75	kitchen	sun_acgtpgfybqjmzeyw.tif	1027472.083696	1027472.342280	1027472.990796	7.758209e-01	65	none	NaN	NaN
131	14	59	63	kitchen	labelme_rykdqxenmhulbdn.tif	1027473.760355	1027474.018948	1027474.667460	7.507944e-01	53	none	NaN	NaN
131	14	60	73	kitchen	sun_abrcnpqqhmjwekyf.tif	1027475.437022	1027475.695611	1027476.344128	7.341101e-01	63	none	NaN	NaN
131	14	61	76	kitchen	sun_acwjdupvyjsugpay.tif	1027477.113682	1027477.372275	1027478.020684	7.925052e-01	66	none	NaN	NaN
131	14	62	82	kitchen	sun_aenotlpyftoioydp.tif	1027478.790345	1027479.048934	1027479.697423	8.008474e-01	72	none	NaN	NaN
131	14	63	61	kitchen	labelme_brsyyvweiuaazfr.tif	1027480.467004	1027480.725599	1027481.374091	8.008474e-01	51	none	NaN	NaN
131	14	64	64	kitchen	sun_aadbddgrdsjugojn.tif	1027482.143672	1027482.402256	1027483.050745	7.257679e-01	54	none	NaN	NaN
131	14	65	62	kitchen	labelme_kxvouciolcpqplr.tif	1027483.820329	1027484.078921	1027484.727386	8.091895e-01	52	37	1027486.848720	0
131	14	66	86	kitchen	sun_aggjlwcdjsjcaemh.tif	1027487.624104	1027487.882693	1027488.531248	7.841630e-01	76	none	NaN	NaN
131	14	67	91	kitchen	sun_ahljzhgcdpomplvg.tif	1027489.300766	1027489.559354	1027490.207966	8.342160e-01	81	none	NaN	NaN
131	14	68	66	kitchen	sun_aapllqyqlykszopd.tif	1027490.977426	1027491.236017	1027491.884540	8.175317e-01	56	none	NaN	NaN
131	14	69	81	kitchen	sun_aehawpgmrlhlvcow.tif	1027492.654087	1027492.912678	1027493.561057	7.925052e-01	71	none	NaN	NaN
131	14	70	104	kitchen	sun_auticobqsbwgoppi.tif	1027494.330753	1027494.589335	1027495.237729	7.424522e-01	94	none	NaN	NaN
131	14	71	87	kitchen	sun_agorklincwxrdtga.tif	1027496.007414	1027496.266007	1027496.914431	7.841630e-01	77	none	NaN	NaN
131	14	72	78	kitchen	sun_adgqasybjyktddhj.tif	1027497.684075	1027497.942664	1027498.591145	7.257679e-01	68	none	NaN	NaN
131	14	73	99	kitchen	sun_akcjzhbbjlbogpdi.tif	1027499.360739	1027499.619329	1027500.267785	8.008474e-01	89	none	NaN	NaN
131	14	74	105	kitchen	sun_avszsnwsbuqfgzbn.tif	1027501.037406	1027501.295991	1027501.944490	6.840571e-01	95	none	NaN	NaN
131	14	75	77	kitchen	sun_acxkpeoqbwcxfvip.tif	1027502.714068	1027502.972653	1027503.621168	7.674787e-01	67	none	NaN	NaN
131	14	76	69	kitchen	sun_abdenxonkemggwsq.tif	1027504.390732	1027504.649315	1027505.297872	8.342160e-01	59	none	NaN	NaN
131	14	77	88	kitchen	sun_agubuxuukhzyzpdp.tif	1027506.067392	1027506.325987	1027506.974559	6.923993e-01	78	none	NaN	NaN
131	14	78	68	kitchen	sun_aaxxjlsuzvqlgylf.tif	1027507.744048	1027508.002642	1027508.651023	7.507944e-01	58	none	NaN	NaN
131	14	79	96	kitchen	sun_ajcbwwvdlsvjyzje.tif	1027509.420715	1027509.679303	1027510.327721	6.757150e-01	86	none	NaN	NaN
131	14	80	83	kitchen	sun_aeqdocilnnpuvuhx.tif	1027511.097379	1027511.355970	1027512.004436	6.673728e-01	73	39	1027513.369009	1
131	14	81	98	kitchen	sun_akchetnepxlcxhsu.tif	1027514.142064	1027514.400647	1027515.049182	7.007414e-01	88	none	NaN	NaN
131	14	82	74	kitchen	sun_acfmftudsenhrfhy.tif	1027515.818727	1027516.077312	1027516.725884	8.258738e-01	64	none	NaN	NaN
131	14	83	100	kitchen	sun_amjjdeyrggfqgmom.tif	1027517.495388	1027517.753978	1027518.402534	7.925052e-01	90	none	NaN	NaN
131	14	84	90	kitchen	sun_ahdycvpopffkzzsu.tif	1027519.172055	1027519.430643	1027520.079224	8.509003e-01	80	none	NaN	NaN
131	14	85	84	kitchen	sun_aexklacwqwezaorf.tif	1027520.848715	1027521.107304	1027521.755806	7.758209e-01	74	37	1027522.585020	1
131	14	86	71	kitchen	sun_abftihopvusyfakt.tif	1027523.359540	1027523.618127	1027524.266624	6.590306e-01	61	37	1027524.969210	1
131	14	87	72	kitchen	sun_abpwyqmlzafvklqo.tif	1027525.745238	1027526.003829	1027526.652348	7.257679e-01	62	none	NaN	NaN
131	14	88	107	kitchen	sun_axyyrmzcupyhlivc.tif	1027527.421896	1027527.680491	1027528.329068	6.673728e-01	97	37	1027530.272970	1
131	14	89	85	kitchen	sun_afuyedyxivkhecmu.tif	1027531.050492	1027531.309090	1027531.957562	7.090836e-01	75	none	NaN	NaN
131	14	90	109	kitchen	sun_aypmqwcualkenuoe.tif	1027532.727155	1027532.985747	1027533.634239	6.923993e-01	99	none	NaN	NaN
131	14	91	103	kitchen	sun_aunzlwrbjumxhwdj.tif	1027534.403819	1027534.662408	1027535.310830	7.674787e-01	93	none	NaN	NaN
131	14	92	95	kitchen	sun_aixorpehvfykdynp.tif	1027536.080482	1027536.339071	1027536.987487	6.840571e-01	85	none	NaN	NaN
131	14	93	79	kitchen	sun_admlmbcdswaszruo.tif	1027537.757146	1027538.015734	1027538.664155	6.757150e-01	69	39	1027539.800957	1
131	14	94	70	kitchen	sun_abdxkyyxwfskuaqb.tif	1027540.576603	1027540.835193	1027541.483574	7.758209e-01	60	none	NaN	NaN
131	14	95	106	kitchen	sun_awcpdzzznmweyyhv.tif	1027542.253268	1027542.511861	1027543.160312	7.174258e-01	96	39	1027544.249011	1
131	14	96	101	kitchen	sun_aqeaevwwwjoqhzvl.tif	1027545.022683	1027545.281272	1027545.929864	8.175317e-01	91	none	NaN	NaN
131	14	97	93	kitchen	sun_ahspylgoovwmwvgk.tif	1027546.699344	1027546.957936	1027547.606456	7.341101e-01	83	none	NaN	NaN
131	14	98	110	kitchen	sun_azmutvzbxypaceni.tif	1027548.376011	1027548.634592	1027549.283118	7.591366e-01	100	none	NaN	NaN
131	14	99	102	kitchen	sun_auaiucuqpdausiva.tif	1027550.052673	1027550.311257	1027550.959690	7.591366e-01	92	none	NaN	NaN
131	14	100	65	kitchen	sun_aamedkxepzlwuxes.tif	1027551.729330	1027551.987920	1027552.636341	8.258738e-01	55	none	NaN	NaN
131	15	1	55	bathroom	sun_avhrdrntsqrjzccq.tif	1027567.027837	1027567.286425	1027567.976579	6.673728e-01	45	none	NaN	NaN
131	15	2	58	bathroom	sun_axxbkopsgyouuebh.tif	1027568.746203	1027569.004790	1027569.694895	6.506885e-01	48	none	NaN	NaN
131	15	3	29	bathroom	sun_ahqjwnzgolcaoidx.tif	1027570.456233	1027570.714828	1027571.405046	8.091895e-01	19	none	NaN	NaN
131	15	4	28	bathroom	sun_ahijqszoswveeyji.tif	1027572.174604	1027572.433193	1027573.123284	7.674787e-01	18	none	NaN	NaN
131	15	5	13	bathroom	sun_aavhrsfjbserjtht.tif	1027573.892973	1027574.151566	1027574.841749	8.091895e-01	3	none	NaN	NaN
131	15	6	52	bathroom	sun_aunuadmjocsddsrl.tif	1027575.611344	1027575.869934	1027576.560046	7.424522e-01	42	none	NaN	NaN
131	15	7	53	bathroom	sun_ausgutylgojavyoq.tif	1027577.329716	1027577.588306	1027578.278382	7.758209e-01	43	none	NaN	NaN
131	15	8	51	bathroom	sun_atstyziqcmkahyxk.tif	1027579.048086	1027579.306678	1027579.996980	7.007414e-01	41	none	NaN	NaN
131	15	9	37	bathroom	sun_amzlamotzwfkwjco.tif	1027580.766459	1027581.025047	1027581.715301	7.591366e-01	27	none	NaN	NaN
131	15	10	19	bathroom	sun_aclfzgynxzxlbepz.tif	1027582.484826	1027582.743418	1027583.433592	7.925052e-01	9	none	NaN	NaN
131	15	11	57	bathroom	sun_axldvoqbuvuggfmq.tif	1027584.203201	1027584.461791	1027585.152092	7.341101e-01	47	none	NaN	NaN
131	15	12	39	bathroom	sun_anryaplzeujmzfkd.tif	1027585.921567	1027586.180163	1027586.870433	6.757150e-01	29	none	NaN	NaN
131	15	13	27	bathroom	sun_ahcvzmoyaycdoftf.tif	1027587.639941	1027587.898536	1027588.588664	7.591366e-01	17	none	NaN	NaN
131	15	14	12	bathroom	sun_aapitsgbtktqubfy.tif	1027589.358307	1027589.616900	1027590.307112	6.840571e-01	2	none	NaN	NaN
131	15	15	30	bathroom	sun_ajlawzvmubibwbpy.tif	1027591.076679	1027591.335271	1027592.025541	7.007414e-01	20	none	NaN	NaN
131	15	16	26	bathroom	sun_ahaulkltgpkeeemi.tif	1027592.795053	1027593.053644	1027593.743720	8.258738e-01	16	none	NaN	NaN
131	15	17	20	bathroom	sun_afcoljnjfoxjtgja.tif	1027594.513423	1027594.772014	1027595.462302	6.673728e-01	10	37	1027597.745004	1
131	15	18	22	bathroom	sun_agguqiubmwhqqunb.tif	1027598.517390	1027598.775987	1027599.466097	8.342160e-01	12	none	NaN	NaN
131	15	19	15	bathroom	sun_abjtwfukuwddzted.tif	1027600.235763	1027600.494356	1027601.184520	8.425582e-01	5	none	NaN	NaN
131	15	20	41	bathroom	sun_aoybiabnpadelefl.tif	1027601.954136	1027602.212727	1027602.903037	7.341101e-01	31	none	NaN	NaN
131	15	21	18	bathroom	sun_acgyywnybuveqsro.tif	1027603.672499	1027603.931092	1027604.621185	7.841630e-01	8	none	NaN	NaN
131	15	22	17	bathroom	sun_acegryoqftbzowsg.tif	1027605.390873	1027605.649465	1027606.339574	8.342160e-01	7	none	NaN	NaN
131	15	23	14	bathroom	sun_abapwbhyhkfixyex.tif	1027607.109243	1027607.367839	1027608.058089	7.758209e-01	4	39	1027609.993040	1
131	15	24	44	bathroom	sun_apkruvsevgegsdwp.tif	1027610.771211	1027611.029799	1027611.719872	8.175317e-01	34	none	NaN	NaN
131	15	25	32	bathroom	sun_aleqenyvunhactkl.tif	1027612.489581	1027612.748172	1027613.438360	6.840571e-01	22	39	1027614.185155	1
131	15	26	49	bathroom	sun_asfwthctfqerjvxr.tif	1027614.958697	1027615.217285	1027615.907487	7.090836e-01	39	none	NaN	NaN
131	15	27	48	bathroom	sun_aqrpegblszgcoujh.tif	1027616.677066	1027616.935659	1027617.625954	7.925052e-01	38	none	NaN	NaN
131	15	28	50	bathroom	sun_aspsyogrekjtfozg.tif	1027618.395434	1027618.654025	1027619.344147	7.090836e-01	40	none	NaN	NaN
131	15	29	47	bathroom	sun_apynckhmoftszqoq.tif	1027620.113804	1027620.372398	1027621.062562	7.925052e-01	37	none	NaN	NaN
131	15	30	60	bathroom	sun_azqyogdvyhahyram.tif	1027621.832180	1027622.090766	1027622.781054	8.258738e-01	50	none	NaN	NaN
131	15	31	38	bathroom	sun_anhioqovhscjqqwb.tif	1027623.550547	1027623.809141	1027624.499256	8.258738e-01	28	none	NaN	NaN
131	15	32	34	bathroom	sun_alkosphxlxwjwgjd.tif	1027625.268922	1027625.527485	1027626.217616	7.424522e-01	24	none	NaN	NaN
131	15	33	56	bathroom	sun_awnqiikzaispgmwo.tif	1027626.987289	1027627.245880	1027627.936133	8.509003e-01	46	none	NaN	NaN
131	15	34	35	bathroom	sun_alotolagknyrgtsk.tif	1027628.705660	1027628.964240	1027629.654479	7.674787e-01	25	none	NaN	NaN
131	15	35	16	bathroom	sun_acduarbnmmoglmiv.tif	1027630.424025	1027630.682620	1027631.372891	7.257679e-01	6	none	NaN	NaN
131	15	36	42	bathroom	sun_apeeialkgkuxddgh.tif	1027632.142403	1027632.400988	1027633.091208	6.923993e-01	32	none	NaN	NaN
131	15	37	40	bathroom	sun_aofnryafpsjimzsb.tif	1027633.860769	1027634.119361	1027634.809557	8.425582e-01	30	none	NaN	NaN
131	15	38	45	bathroom	sun_apkxzenqapsujocq.tif	1027635.579139	1027635.837724	1027636.527951	7.090836e-01	35	37	1027637.297117	1
131	15	39	59	bathroom	sun_axyrejkiiaqiurjk.tif	1027638.073285	1027638.331869	1027639.022147	7.174258e-01	49	none	NaN	NaN
131	15	40	46	bathroom	sun_apmqjbnwghzuhhzh.tif	1027639.791656	1027640.050242	1027640.740401	6.923993e-01	36	39	1027641.433235	1
131	15	41	43	bathroom	sun_apjevzvycyhuqghb.tif	1027642.210715	1027642.469303	1027643.159510	8.342160e-01	33	none	NaN	NaN
131	15	42	54	bathroom	sun_auzqhkafidnkrwmo.tif	1027643.929088	1027644.187677	1027644.877897	7.007414e-01	44	37	1027645.633319	1
131	15	43	23	bathroom	sun_aghyqhbptboemmoq.tif	1027646.406546	1027646.665135	1027647.355388	8.008474e-01	13	none	NaN	NaN
131	15	44	33	bathroom	sun_aljolscmmzydegqp.tif	1027648.124913	1027648.383510	1027649.073801	7.841630e-01	23	none	NaN	NaN
131	15	45	25	bathroom	sun_agyqfjcfkdcydepw.tif	1027649.843284	1027650.101880	1027650.792080	8.175317e-01	15	none	NaN	NaN
131	15	46	11	bathroom	labelme_sfxiulhjbhlyiyt.tif	1027651.561654	1027651.820245	1027652.510482	7.174258e-01	1	none	NaN	NaN
131	15	47	24	bathroom	sun_agrwbmhcpmfuwmsg.tif	1027653.280028	1027653.538621	1027654.228695	7.341101e-01	14	none	NaN	NaN
131	15	48	21	bathroom	sun_aggnnqpdorgxpvce.tif	1027654.998397	1027655.256983	1027655.947236	8.342160e-01	11	none	NaN	NaN
131	15	49	36	bathroom	sun_ambriybtogmepttm.tif	1027656.716758	1027656.975362	1027657.665561	7.507944e-01	26	39	1027658.545258	1
131	15	50	31	bathroom	sun_akiytfaagpdsphgz.tif	1027659.319343	1027659.577945	1027660.268174	7.925052e-01	21	none	NaN	NaN
131	15	51	51	bathroom	sun_atstyziqcmkahyxk.tif	1027661.037721	1027661.296310	1027661.986555	6.757150e-01	41	none	NaN	NaN
131	15	52	34	bathroom	sun_alkosphxlxwjwgjd.tif	1027662.756088	1027663.014681	1027663.704872	6.673728e-01	24	37	1027665.369215	1
131	15	53	20	bathroom	sun_afcoljnjfoxjtgja.tif	1027666.142784	1027666.401373	1027667.091540	7.257679e-01	10	39	1027667.817246	1
131	15	54	52	bathroom	sun_aunuadmjocsddsrl.tif	1027668.595215	1027668.853806	1027669.544430	7.257679e-01	42	39	1027670.825268	1
131	15	55	22	bathroom	sun_agguqiubmwhqqunb.tif	1027671.598189	1027671.856780	1027672.547081	7.674787e-01	12	none	NaN	NaN
131	15	56	33	bathroom	sun_aljolscmmzydegqp.tif	1027673.316564	1027673.575153	1027674.265295	6.923993e-01	23	none	NaN	NaN
131	15	57	41	bathroom	sun_aoybiabnpadelefl.tif	1027675.026592	1027675.285185	1027675.975332	8.175317e-01	31	none	NaN	NaN
131	15	58	13	bathroom	sun_aavhrsfjbserjtht.tif	1027676.744957	1027677.003554	1027677.693821	6.590306e-01	3	none	NaN	NaN
131	15	59	57	bathroom	sun_axldvoqbuvuggfmq.tif	1027678.463332	1027678.721920	1027679.412219	8.425582e-01	47	none	NaN	NaN
131	15	60	50	bathroom	sun_aspsyogrekjtfozg.tif	1027680.181698	1027680.440297	1027681.130371	6.923993e-01	40	none	NaN	NaN
131	15	61	37	bathroom	sun_amzlamotzwfkwjco.tif	1027681.900075	1027682.158659	1027682.848864	6.506885e-01	27	none	NaN	NaN
131	15	62	32	bathroom	sun_aleqenyvunhactkl.tif	1027683.618446	1027683.877035	1027684.567309	6.590306e-01	22	none	NaN	NaN
131	15	63	19	bathroom	sun_aclfzgynxzxlbepz.tif	1027685.336810	1027685.595399	1027686.285684	7.507944e-01	9	none	NaN	NaN
131	15	64	43	bathroom	sun_apjevzvycyhuqghb.tif	1027687.055185	1027687.313770	1027688.004079	7.424522e-01	33	none	NaN	NaN
131	15	65	42	bathroom	sun_apeeialkgkuxddgh.tif	1027688.773556	1027689.032144	1027689.722413	6.757150e-01	32	none	NaN	NaN
131	15	66	12	bathroom	sun_aapitsgbtktqubfy.tif	1027690.491928	1027690.750516	1027691.440748	7.174258e-01	2	none	NaN	NaN
131	15	67	46	bathroom	sun_apmqjbnwghzuhhzh.tif	1027692.210297	1027692.468888	1027693.159129	6.673728e-01	36	none	NaN	NaN
131	15	68	15	bathroom	sun_abjtwfukuwddzted.tif	1027693.928665	1027694.187257	1027694.877509	7.007414e-01	5	none	NaN	NaN
131	15	69	60	bathroom	sun_azqyogdvyhahyram.tif	1027695.647036	1027695.905631	1027696.595753	7.257679e-01	50	none	NaN	NaN
131	15	70	21	bathroom	sun_aggnnqpdorgxpvce.tif	1027697.365409	1027697.623998	1027698.314132	8.425582e-01	11	none	NaN	NaN
131	15	71	53	bathroom	sun_ausgutylgojavyoq.tif	1027699.083778	1027699.342369	1027700.032506	7.841630e-01	43	37	1027700.849243	1
131	15	72	58	bathroom	sun_axxbkopsgyouuebh.tif	1027701.619622	1027701.878215	1027702.568500	7.341101e-01	48	none	NaN	NaN
131	15	73	27	bathroom	sun_ahcvzmoyaycdoftf.tif	1027703.337997	1027703.596590	1027704.286904	8.175317e-01	17	none	NaN	NaN
131	15	74	18	bathroom	sun_acgyywnybuveqsro.tif	1027705.056369	1027705.314960	1027706.005097	7.591366e-01	8	none	NaN	NaN
131	15	75	30	bathroom	sun_ajlawzvmubibwbpy.tif	1027706.774738	1027707.033325	1027707.723424	6.840571e-01	20	none	NaN	NaN
131	15	76	24	bathroom	sun_agrwbmhcpmfuwmsg.tif	1027708.493108	1027708.751702	1027709.441977	8.091895e-01	14	none	NaN	NaN
131	15	77	54	bathroom	sun_auzqhkafidnkrwmo.tif	1027710.211476	1027710.470070	1027711.160287	6.757150e-01	44	none	NaN	NaN
131	15	78	48	bathroom	sun_aqrpegblszgcoujh.tif	1027711.929852	1027712.188439	1027712.878693	7.507944e-01	38	none	NaN	NaN
131	15	79	25	bathroom	sun_agyqfjcfkdcydepw.tif	1027713.648222	1027713.906809	1027714.596922	7.674787e-01	15	none	NaN	NaN
131	15	80	38	bathroom	sun_anhioqovhscjqqwb.tif	1027715.366593	1027715.625184	1027716.315402	7.424522e-01	28	none	NaN	NaN
131	15	81	44	bathroom	sun_apkruvsevgegsdwp.tif	1027717.084958	1027717.343547	1027718.033653	8.258738e-01	34	none	NaN	NaN
131	15	82	55	bathroom	sun_avhrdrntsqrjzccq.tif	1027718.803330	1027719.061918	1027719.752158	8.008474e-01	45	none	NaN	NaN
131	15	83	28	bathroom	sun_ahijqszoswveeyji.tif	1027720.521706	1027720.780293	1027721.470580	8.008474e-01	18	none	NaN	NaN
131	15	84	47	bathroom	sun_apynckhmoftszqoq.tif	1027722.240076	1027722.498661	1027723.188890	7.507944e-01	37	none	NaN	NaN
131	15	85	36	bathroom	sun_ambriybtogmepttm.tif	1027723.958446	1027724.217032	1027724.907185	7.090836e-01	26	none	NaN	NaN
131	15	86	14	bathroom	sun_abapwbhyhkfixyex.tif	1027725.676819	1027725.935404	1027726.625725	7.174258e-01	4	37	1027727.273260	1
131	15	87	26	bathroom	sun_ahaulkltgpkeeemi.tif	1027728.045831	1027728.304419	1027728.994715	7.591366e-01	16	39	1027729.641295	1
131	15	88	23	bathroom	sun_aghyqhbptboemmoq.tif	1027730.414846	1027730.673437	1027731.363600	7.841630e-01	13	none	NaN	NaN
131	15	89	45	bathroom	sun_apkxzenqapsujocq.tif	1027732.133216	1027732.391804	1027733.082080	6.506885e-01	35	none	NaN	NaN
131	15	90	16	bathroom	sun_acduarbnmmoglmiv.tif	1027733.851588	1027734.110192	1027734.800493	8.509003e-01	6	39	1027735.521386	1
131	15	91	17	bathroom	sun_acegryoqftbzowsg.tif	1027736.295676	1027736.554264	1027737.244522	6.590306e-01	7	none	NaN	NaN
131	15	92	29	bathroom	sun_ahqjwnzgolcaoidx.tif	1027738.014047	1027738.272643	1027738.962812	6.840571e-01	19	none	NaN	NaN
131	15	93	40	bathroom	sun_aofnryafpsjimzsb.tif	1027739.732416	1027739.991007	1027740.681223	8.258738e-01	30	none	NaN	NaN
131	15	94	56	bathroom	sun_awnqiikzaispgmwo.tif	1027741.450786	1027741.709376	1027742.399665	8.091895e-01	46	none	NaN	NaN
131	15	95	31	bathroom	sun_akiytfaagpdsphgz.tif	1027743.169160	1027743.427751	1027744.117946	8.008474e-01	21	none	NaN	NaN
131	15	96	35	bathroom	sun_alotolagknyrgtsk.tif	1027744.887528	1027745.146120	1027745.836372	7.758209e-01	25	37	1027746.361354	1
131	15	97	49	bathroom	sun_asfwthctfqerjvxr.tif	1027747.139763	1027747.398353	1027748.088636	7.758209e-01	39	none	NaN	NaN
131	15	98	39	bathroom	sun_anryaplzeujmzfkd.tif	1027748.858134	1027749.116720	1027749.806803	7.591366e-01	29	none	NaN	NaN
131	15	99	59	bathroom	sun_axyrejkiiaqiurjk.tif	1027750.576507	1027750.835096	1027751.525272	6.590306e-01	49	none	NaN	NaN
131	15	100	11	bathroom	labelme_sfxiulhjbhlyiyt.tif	1027752.294877	1027752.553463	1027753.243645	6.923993e-01	1	none	NaN	NaN
131	16	1	100	kitchen	sun_amjjdeyrggfqgmom.tif	1027772.273019	1027772.531613	1027773.255106	6.757150e-01	90	39	1027775.361452	1
131	16	2	86	kitchen	sun_aggjlwcdjsjcaemh.tif	1027776.135179	1027776.393769	1027777.117344	8.342160e-01	76	none	NaN	NaN
131	16	3	64	kitchen	sun_aadbddgrdsjugojn.tif	1027777.886915	1027778.145505	1027778.869069	8.091895e-01	54	none	NaN	NaN
131	16	4	93	kitchen	sun_ahspylgoovwmwvgk.tif	1027779.638652	1027779.897252	1027780.620904	8.342160e-01	83	none	NaN	NaN
131	16	5	69	kitchen	sun_abdenxonkemggwsq.tif	1027781.390395	1027781.648984	1027782.372503	7.007414e-01	59	none	NaN	NaN
131	16	6	91	kitchen	sun_ahljzhgcdpomplvg.tif	1027783.142129	1027783.400718	1027784.124212	8.175317e-01	81	none	NaN	NaN
131	16	7	72	kitchen	sun_abpwyqmlzafvklqo.tif	1027784.893866	1027785.152456	1027785.876090	7.507944e-01	62	none	NaN	NaN
131	16	8	81	kitchen	sun_aehawpgmrlhlvcow.tif	1027786.645606	1027786.904196	1027787.627693	8.258738e-01	71	none	NaN	NaN
131	16	9	103	kitchen	sun_aunzlwrbjumxhwdj.tif	1027788.397340	1027788.655926	1027789.379391	7.591366e-01	93	none	NaN	NaN
131	16	10	74	kitchen	sun_acfmftudsenhrfhy.tif	1027790.149078	1027790.407666	1027791.131130	7.007414e-01	64	none	NaN	NaN
131	16	11	68	kitchen	sun_aaxxjlsuzvqlgylf.tif	1027791.900813	1027792.159405	1027792.882850	7.424522e-01	58	none	NaN	NaN
131	16	12	107	kitchen	sun_axyyrmzcupyhlivc.tif	1027793.652549	1027793.911143	1027794.634638	7.007414e-01	97	none	NaN	NaN
131	16	13	79	kitchen	sun_admlmbcdswaszruo.tif	1027795.404287	1027795.662880	1027796.386402	6.757150e-01	69	none	NaN	NaN
131	16	14	110	kitchen	sun_azmutvzbxypaceni.tif	1027797.156021	1027797.414615	1027798.138228	7.591366e-01	100	none	NaN	NaN
131	16	15	66	kitchen	sun_aapllqyqlykszopd.tif	1027798.907761	1027799.166349	1027799.889821	7.758209e-01	56	none	NaN	NaN
131	16	16	61	kitchen	labelme_brsyyvweiuaazfr.tif	1027800.659498	1027800.918087	1027801.641773	7.341101e-01	51	none	NaN	NaN
131	16	17	106	kitchen	sun_awcpdzzznmweyyhv.tif	1027802.411239	1027802.669827	1027803.393295	7.507944e-01	96	none	NaN	NaN
131	16	18	75	kitchen	sun_acgtpgfybqjmzeyw.tif	1027804.162975	1027804.421562	1027805.145209	7.341101e-01	65	none	NaN	NaN
131	16	19	99	kitchen	sun_akcjzhbbjlbogpdi.tif	1027805.914705	1027806.173299	1027806.896963	6.673728e-01	89	none	NaN	NaN
131	16	20	108	kitchen	sun_aymvwlarqodbwuoc.tif	1027807.666446	1027807.925039	1027808.648703	6.590306e-01	98	none	NaN	NaN
131	16	21	76	kitchen	sun_acwjdupvyjsugpay.tif	1027809.418184	1027809.676770	1027810.400220	7.925052e-01	66	none	NaN	NaN
131	16	22	85	kitchen	sun_afuyedyxivkhecmu.tif	1027811.169915	1027811.428506	1027812.152010	8.258738e-01	75	none	NaN	NaN
131	16	23	105	kitchen	sun_avszsnwsbuqfgzbn.tif	1027812.921659	1027813.180272	1027813.903694	8.008474e-01	95	none	NaN	NaN
131	16	24	65	kitchen	sun_aamedkxepzlwuxes.tif	1027814.673391	1027814.931982	1027815.655445	7.174258e-01	55	none	NaN	NaN
131	16	25	95	kitchen	sun_aixorpehvfykdynp.tif	1027816.425131	1027816.683717	1027817.407342	8.425582e-01	85	none	NaN	NaN
131	16	26	80	kitchen	sun_aegoxogugdkwpmpj.tif	1027818.176871	1027818.435458	1027819.159028	8.175317e-01	70	none	NaN	NaN
131	16	27	78	kitchen	sun_adgqasybjyktddhj.tif	1027819.928609	1027820.187191	1027820.910841	8.342160e-01	68	37	1027822.313099	1
131	16	28	96	kitchen	sun_ajcbwwvdlsvjyzje.tif	1027823.090073	1027823.348704	1027824.072342	7.341101e-01	86	none	NaN	NaN
131	16	29	84	kitchen	sun_aexklacwqwezaorf.tif	1027824.841811	1027825.100400	1027825.824032	7.674787e-01	74	none	NaN	NaN
131	16	30	62	kitchen	labelme_kxvouciolcpqplr.tif	1027826.593551	1027826.852136	1027827.575809	6.590306e-01	52	none	NaN	NaN
131	16	31	88	kitchen	sun_agubuxuukhzyzpdp.tif	1027828.345285	1027828.603874	1027829.327558	6.757150e-01	78	none	NaN	NaN
131	16	32	63	kitchen	labelme_rykdqxenmhulbdn.tif	1027830.097025	1027830.355616	1027831.079068	6.673728e-01	53	none	NaN	NaN
131	16	33	71	kitchen	sun_abftihopvusyfakt.tif	1027831.848760	1027832.107347	1027832.830948	8.258738e-01	61	none	NaN	NaN
131	16	34	83	kitchen	sun_aeqdocilnnpuvuhx.tif	1027833.600497	1027833.859089	1027834.582626	6.840571e-01	73	none	NaN	NaN
131	16	35	104	kitchen	sun_auticobqsbwgoppi.tif	1027835.352232	1027835.610824	1027836.334480	7.257679e-01	94	none	NaN	NaN
131	16	36	92	kitchen	sun_ahpczsiumwwocjkv.tif	1027837.103966	1027837.362555	1027838.086025	7.758209e-01	82	none	NaN	NaN
131	16	37	97	kitchen	sun_ajkqhtgcbgpcwrwn.tif	1027838.855704	1027839.114291	1027839.837882	7.257679e-01	87	37	1027840.689212	1
131	16	38	94	kitchen	sun_ahywdevtimnqcsln.tif	1027841.466628	1027841.725219	1027842.448758	8.175317e-01	84	none	NaN	NaN
131	16	39	67	kitchen	sun_aarfiyshqohlwkmo.tif	1027843.218363	1027843.476951	1027844.200497	7.925052e-01	57	37	1027845.057272	1
131	16	40	98	kitchen	sun_akchetnepxlcxhsu.tif	1027845.829287	1027846.087880	1027846.811334	7.507944e-01	88	none	NaN	NaN
131	16	41	77	kitchen	sun_acxkpeoqbwcxfvip.tif	1027847.581028	1027847.839615	1027848.563180	8.008474e-01	67	none	NaN	NaN
131	16	42	73	kitchen	sun_abrcnpqqhmjwekyf.tif	1027849.332761	1027849.591353	1027850.315013	6.840571e-01	63	37	1027851.169413	1
131	16	43	87	kitchen	sun_agorklincwxrdtga.tif	1027851.943683	1027852.202271	1027852.925755	6.506885e-01	77	none	NaN	NaN
131	16	44	89	kitchen	sun_agzzivivdpnawacl.tif	1027853.695420	1027853.954012	1027854.677545	8.509003e-01	79	none	NaN	NaN
131	16	45	101	kitchen	sun_aqeaevwwwjoqhzvl.tif	1027855.447155	1027855.705747	1027856.429213	7.841630e-01	91	none	NaN	NaN
131	16	46	90	kitchen	sun_ahdycvpopffkzzsu.tif	1027857.198894	1027857.457484	1027858.181036	6.923993e-01	80	none	NaN	NaN
131	16	47	102	kitchen	sun_auaiucuqpdausiva.tif	1027858.950631	1027859.209224	1027859.932750	7.507944e-01	92	none	NaN	NaN
131	16	48	82	kitchen	sun_aenotlpyftoioydp.tif	1027860.702370	1027860.960957	1027861.684449	7.674787e-01	72	none	NaN	NaN
131	16	49	70	kitchen	sun_abdxkyyxwfskuaqb.tif	1027862.445766	1027862.704356	1027863.427920	7.758209e-01	60	none	NaN	NaN
131	16	50	109	kitchen	sun_aypmqwcualkenuoe.tif	1027864.197499	1027864.456093	1027865.179695	7.090836e-01	99	none	NaN	NaN
131	16	51	62	kitchen	labelme_kxvouciolcpqplr.tif	1027865.949239	1027866.207828	1027866.931507	7.841630e-01	52	none	NaN	NaN
131	16	52	73	kitchen	sun_abrcnpqqhmjwekyf.tif	1027867.700972	1027867.959563	1027868.683190	7.758209e-01	63	39	1027869.489426	1
131	16	53	99	kitchen	sun_akcjzhbbjlbogpdi.tif	1027870.261848	1027870.520438	1027871.244092	7.925052e-01	89	none	NaN	NaN
131	16	54	87	kitchen	sun_agorklincwxrdtga.tif	1027872.013592	1027872.272171	1027872.995699	7.674787e-01	77	none	NaN	NaN
131	16	55	102	kitchen	sun_auaiucuqpdausiva.tif	1027873.765319	1027874.023909	1027874.747463	7.424522e-01	92	none	NaN	NaN
131	16	56	81	kitchen	sun_aehawpgmrlhlvcow.tif	1027875.517057	1027875.775649	1027876.499188	6.757150e-01	71	37	1027877.617483	1
131	16	57	106	kitchen	sun_awcpdzzznmweyyhv.tif	1027878.394910	1027878.653501	1027879.376965	6.923993e-01	96	39	1027880.673510	1
131	16	58	86	kitchen	sun_aggjlwcdjsjcaemh.tif	1027881.447934	1027881.706528	1027882.430111	7.090836e-01	76	none	NaN	NaN
131	16	59	82	kitchen	sun_aenotlpyftoioydp.tif	1027883.199676	1027883.458268	1027884.181773	6.673728e-01	72	none	NaN	NaN
131	16	60	64	kitchen	sun_aadbddgrdsjugojn.tif	1027884.951412	1027885.210000	1027885.933535	7.841630e-01	54	37	1027886.929346	1
131	16	61	95	kitchen	sun_aixorpehvfykdynp.tif	1027887.704140	1027887.962733	1027888.686273	6.923993e-01	85	none	NaN	NaN
131	16	62	85	kitchen	sun_afuyedyxivkhecmu.tif	1027889.455879	1027889.714464	1027890.437976	8.091895e-01	75	none	NaN	NaN
131	16	63	61	kitchen	labelme_brsyyvweiuaazfr.tif	1027891.207614	1027891.466203	1027892.189879	7.341101e-01	51	none	NaN	NaN
131	16	64	104	kitchen	sun_auticobqsbwgoppi.tif	1027892.959355	1027893.217944	1027893.941490	7.174258e-01	94	none	NaN	NaN
131	16	65	84	kitchen	sun_aexklacwqwezaorf.tif	1027894.711086	1027894.969681	1027895.693278	8.175317e-01	74	none	NaN	NaN
131	16	66	94	kitchen	sun_ahywdevtimnqcsln.tif	1027896.462825	1027896.721415	1027897.444929	7.424522e-01	84	none	NaN	NaN
131	16	67	88	kitchen	sun_agubuxuukhzyzpdp.tif	1027898.214568	1027898.473157	1027899.196780	6.590306e-01	78	none	NaN	NaN
131	16	68	67	kitchen	sun_aarfiyshqohlwkmo.tif	1027899.966301	1027900.224896	1027900.948540	8.258738e-01	57	none	NaN	NaN
131	16	69	71	kitchen	sun_abftihopvusyfakt.tif	1027901.718040	1027901.976630	1027902.700179	6.923993e-01	61	none	NaN	NaN
131	16	70	93	kitchen	sun_ahspylgoovwmwvgk.tif	1027903.469775	1027903.728360	1027904.452045	6.923993e-01	83	none	NaN	NaN
131	16	71	76	kitchen	sun_acwjdupvyjsugpay.tif	1027905.221510	1027905.480103	1027906.203738	8.008474e-01	66	39	1027907.129501	1
131	16	72	77	kitchen	sun_acxkpeoqbwcxfvip.tif	1027907.907504	1027908.166096	1027908.890395	8.425582e-01	67	none	NaN	NaN
131	16	73	89	kitchen	sun_agzzivivdpnawacl.tif	1027909.659263	1027909.917832	1027910.641450	7.090836e-01	79	39	1027911.305546	1
131	16	74	66	kitchen	sun_aapllqyqlykszopd.tif	1027912.078309	1027912.336901	1027913.060566	6.506885e-01	56	none	NaN	NaN
131	16	75	100	kitchen	sun_amjjdeyrggfqgmom.tif	1027913.830046	1027914.088636	1027914.812281	7.424522e-01	90	39	1027915.545471	1
131	16	76	63	kitchen	labelme_rykdqxenmhulbdn.tif	1027916.324186	1027916.582768	1027917.306416	7.925052e-01	53	none	NaN	NaN
131	16	77	108	kitchen	sun_aymvwlarqodbwuoc.tif	1027918.075917	1027918.334512	1027919.058116	8.091895e-01	98	none	NaN	NaN
131	16	78	105	kitchen	sun_avszsnwsbuqfgzbn.tif	1027919.827666	1027920.086253	1027920.809909	7.591366e-01	95	39	1027921.625529	1
131	16	79	75	kitchen	sun_acgtpgfybqjmzeyw.tif	1027922.396879	1027922.655462	1027923.379042	7.174258e-01	65	37	1027924.065583	1
131	16	80	79	kitchen	sun_admlmbcdswaszruo.tif	1027924.840962	1027925.099555	1027925.823008	8.342160e-01	69	none	NaN	NaN
131	16	81	68	kitchen	sun_aaxxjlsuzvqlgylf.tif	1027926.592701	1027926.851290	1027927.574909	8.425582e-01	58	none	NaN	NaN
131	16	82	83	kitchen	sun_aeqdocilnnpuvuhx.tif	1027928.344439	1027928.603028	1027929.326490	7.174258e-01	73	none	NaN	NaN
131	16	83	78	kitchen	sun_adgqasybjyktddhj.tif	1027930.096123	1027930.354769	1027931.078350	6.590306e-01	68	none	NaN	NaN
131	16	84	74	kitchen	sun_acfmftudsenhrfhy.tif	1027931.847908	1027932.106506	1027932.829963	8.091895e-01	64	39	1027933.793164	1
131	16	85	90	kitchen	sun_ahdycvpopffkzzsu.tif	1027934.567272	1027934.825866	1027935.549303	8.425582e-01	80	none	NaN	NaN
131	16	86	65	kitchen	sun_aamedkxepzlwuxes.tif	1027936.319018	1027936.577601	1027937.301138	8.258738e-01	55	none	NaN	NaN
131	16	87	98	kitchen	sun_akchetnepxlcxhsu.tif	1027938.070742	1027938.329336	1027939.052981	7.090836e-01	88	none	NaN	NaN
131	16	88	80	kitchen	sun_aegoxogugdkwpmpj.tif	1027939.822492	1027940.081078	1027940.804584	7.257679e-01	70	none	NaN	NaN
131	16	89	70	kitchen	sun_abdxkyyxwfskuaqb.tif	1027941.574224	1027941.832813	1027942.556339	7.591366e-01	60	none	NaN	NaN
131	16	90	96	kitchen	sun_ajcbwwvdlsvjyzje.tif	1027943.325963	1027943.584550	1027944.308207	6.840571e-01	86	none	NaN	NaN
131	16	91	91	kitchen	sun_ahljzhgcdpomplvg.tif	1027945.077695	1027945.336287	1027946.059896	7.591366e-01	81	none	NaN	NaN
131	16	92	110	kitchen	sun_azmutvzbxypaceni.tif	1027946.829439	1027947.088030	1027947.811644	6.673728e-01	100	none	NaN	NaN
131	16	93	97	kitchen	sun_ajkqhtgcbgpcwrwn.tif	1027948.581172	1027948.839762	1027949.563302	7.841630e-01	87	none	NaN	NaN
131	16	94	109	kitchen	sun_aypmqwcualkenuoe.tif	1027950.332908	1027950.591504	1027951.314987	6.840571e-01	99	none	NaN	NaN
131	16	95	101	kitchen	sun_aqeaevwwwjoqhzvl.tif	1027952.084647	1027952.343238	1027953.066781	6.506885e-01	91	none	NaN	NaN
131	16	96	72	kitchen	sun_abpwyqmlzafvklqo.tif	1027953.836382	1027954.094975	1027954.818569	8.509003e-01	62	none	NaN	NaN
131	16	97	107	kitchen	sun_axyyrmzcupyhlivc.tif	1027955.588122	1027955.846706	1027956.570293	7.007414e-01	97	none	NaN	NaN
131	16	98	92	kitchen	sun_ahpczsiumwwocjkv.tif	1027957.339859	1027957.598450	1027958.322105	7.674787e-01	82	none	NaN	NaN
131	16	99	69	kitchen	sun_abdenxonkemggwsq.tif	1027959.091592	1027959.350180	1027960.073812	7.257679e-01	59	none	NaN	NaN
131	16	100	103	kitchen	sun_aunzlwrbjumxhwdj.tif	1027960.843330	1027961.101926	1027961.825401	8.008474e-01	93	none	NaN	NaN
131	17	1	19	bathroom	sun_aclfzgynxzxlbepz.tif	1027967.683453	1027967.942038	1027968.757363	8.175317e-01	9	none	NaN	NaN
131	17	2	25	bathroom	sun_agyqfjcfkdcydepw.tif	1027969.526938	1027969.785530	1027970.600773	8.258738e-01	15	none	NaN	NaN
131	17	3	38	bathroom	sun_anhioqovhscjqqwb.tif	1027971.370436	1027971.629025	1027972.444282	7.007414e-01	28	none	NaN	NaN
131	17	4	22	bathroom	sun_agguqiubmwhqqunb.tif	1027973.205589	1027973.464177	1027974.279401	7.507944e-01	12	none	NaN	NaN
131	17	5	14	bathroom	sun_abapwbhyhkfixyex.tif	1027975.049081	1027975.307669	1027976.123100	7.925052e-01	4	none	NaN	NaN
131	17	6	52	bathroom	sun_aunuadmjocsddsrl.tif	1027976.892579	1027977.151172	1027977.966545	7.925052e-01	42	none	NaN	NaN
131	17	7	44	bathroom	sun_apkruvsevgegsdwp.tif	1027978.736071	1027978.994664	1027979.810189	6.590306e-01	34	none	NaN	NaN
131	17	8	48	bathroom	sun_aqrpegblszgcoujh.tif	1027980.579567	1027980.838160	1027981.653583	6.840571e-01	38	none	NaN	NaN
131	17	9	58	bathroom	sun_axxbkopsgyouuebh.tif	1027982.423066	1027982.681652	1027983.496945	8.091895e-01	48	none	NaN	NaN
131	17	10	36	bathroom	sun_ambriybtogmepttm.tif	1027984.266559	1027984.525145	1027985.340498	7.257679e-01	26	none	NaN	NaN
131	17	11	37	bathroom	sun_amzlamotzwfkwjco.tif	1027986.110051	1027986.368644	1027987.183951	6.840571e-01	27	37	1027987.945447	1
131	17	12	46	bathroom	sun_apmqjbnwghzuhhzh.tif	1027988.720972	1027988.979562	1027989.794786	7.507944e-01	36	39	1027990.681540	1
131	17	13	13	bathroom	sun_aavhrsfjbserjtht.tif	1027991.457024	1027991.715610	1027992.531057	7.341101e-01	3	none	NaN	NaN
131	17	14	41	bathroom	sun_aoybiabnpadelefl.tif	1027993.300514	1027993.559108	1027994.374375	8.342160e-01	31	none	NaN	NaN
131	17	15	30	bathroom	sun_ajlawzvmubibwbpy.tif	1027995.144008	1027995.402595	1027996.217829	8.175317e-01	20	none	NaN	NaN
131	17	16	40	bathroom	sun_aofnryafpsjimzsb.tif	1027996.987499	1027997.246092	1027998.061440	7.007414e-01	30	none	NaN	NaN
131	17	17	11	bathroom	labelme_sfxiulhjbhlyiyt.tif	1027998.830997	1027999.089591	1027999.904866	8.258738e-01	1	none	NaN	NaN
131	17	18	31	bathroom	sun_akiytfaagpdsphgz.tif	1028000.674493	1028000.933087	1028001.748391	7.925052e-01	21	none	NaN	NaN
131	17	19	20	bathroom	sun_afcoljnjfoxjtgja.tif	1028002.517989	1028002.776581	1028003.591912	7.758209e-01	10	none	NaN	NaN
131	17	20	33	bathroom	sun_aljolscmmzydegqp.tif	1028004.361481	1028004.620072	1028005.435286	7.424522e-01	23	none	NaN	NaN
131	17	21	35	bathroom	sun_alotolagknyrgtsk.tif	1028006.204971	1028006.463565	1028007.278894	8.258738e-01	25	none	NaN	NaN
131	17	22	49	bathroom	sun_asfwthctfqerjvxr.tif	1028008.048464	1028008.307066	1028009.122484	7.507944e-01	39	37	1028009.713694	1
131	17	23	29	bathroom	sun_ahqjwnzgolcaoidx.tif	1028010.484217	1028010.742808	1028011.558091	7.341101e-01	19	none	NaN	NaN
131	17	24	12	bathroom	sun_aapitsgbtktqubfy.tif	1028012.327713	1028012.586300	1028013.401514	7.174258e-01	2	none	NaN	NaN
131	17	25	45	bathroom	sun_apkxzenqapsujocq.tif	1028014.171204	1028014.429800	1028015.245220	8.425582e-01	35	none	NaN	NaN
131	17	26	27	bathroom	sun_ahcvzmoyaycdoftf.tif	1028016.014700	1028016.273295	1028017.088593	8.008474e-01	17	none	NaN	NaN
131	17	27	32	bathroom	sun_aleqenyvunhactkl.tif	1028017.858200	1028018.116793	1028018.931992	7.090836e-01	22	none	NaN	NaN
131	17	28	43	bathroom	sun_apjevzvycyhuqghb.tif	1028019.701694	1028019.960285	1028020.775650	6.840571e-01	33	39	1028022.105600	1
131	17	29	18	bathroom	sun_acgyywnybuveqsro.tif	1028022.879843	1028023.138436	1028023.953658	6.590306e-01	8	none	NaN	NaN
131	17	30	28	bathroom	sun_ahijqszoswveeyji.tif	1028024.723339	1028024.981928	1028025.797335	7.925052e-01	18	none	NaN	NaN
131	17	31	17	bathroom	sun_acegryoqftbzowsg.tif	1028026.566837	1028026.825422	1028027.640709	8.008474e-01	7	none	NaN	NaN
131	17	32	26	bathroom	sun_ahaulkltgpkeeemi.tif	1028028.410330	1028028.668915	1028029.484150	7.591366e-01	16	none	NaN	NaN
131	17	33	16	bathroom	sun_acduarbnmmoglmiv.tif	1028030.253824	1028030.512413	1028031.327669	7.424522e-01	6	none	NaN	NaN
131	17	34	54	bathroom	sun_auzqhkafidnkrwmo.tif	1028032.097319	1028032.355908	1028033.171204	7.341101e-01	44	none	NaN	NaN
131	17	35	47	bathroom	sun_apynckhmoftszqoq.tif	1028033.940810	1028034.199401	1028035.014681	6.757150e-01	37	none	NaN	NaN
131	17	36	39	bathroom	sun_anryaplzeujmzfkd.tif	1028035.784311	1028036.042899	1028036.858235	7.591366e-01	29	none	NaN	NaN
131	17	37	55	bathroom	sun_avhrdrntsqrjzccq.tif	1028037.627801	1028037.886390	1028038.701715	8.091895e-01	45	39	1028039.889740	1
131	17	38	56	bathroom	sun_awnqiikzaispgmwo.tif	1028040.664144	1028040.922735	1028041.737982	8.258738e-01	46	none	NaN	NaN
131	17	39	59	bathroom	sun_axyrejkiiaqiurjk.tif	1028042.507637	1028042.766231	1028043.581642	6.506885e-01	49	none	NaN	NaN
131	17	40	15	bathroom	sun_abjtwfukuwddzted.tif	1028044.351137	1028044.609720	1028045.425031	7.257679e-01	5	none	NaN	NaN
131	17	41	34	bathroom	sun_alkosphxlxwjwgjd.tif	1028046.194630	1028046.453219	1028047.268568	6.673728e-01	24	none	NaN	NaN
131	17	42	51	bathroom	sun_atstyziqcmkahyxk.tif	1028048.038119	1028048.296713	1028049.112001	7.591366e-01	41	none	NaN	NaN
131	17	43	42	bathroom	sun_apeeialkgkuxddgh.tif	1028049.881619	1028050.140210	1028050.955557	6.923993e-01	32	39	1028053.033515	0
131	17	44	60	bathroom	sun_azqyogdvyhahyram.tif	1028053.810514	1028054.069105	1028054.884494	7.090836e-01	50	none	NaN	NaN
131	17	45	23	bathroom	sun_aghyqhbptboemmoq.tif	1028055.654010	1028055.912599	1028056.727802	7.758209e-01	13	none	NaN	NaN
131	17	46	24	bathroom	sun_agrwbmhcpmfuwmsg.tif	1028057.497502	1028057.756097	1028058.571381	6.673728e-01	14	none	NaN	NaN
131	17	47	57	bathroom	sun_axldvoqbuvuggfmq.tif	1028059.340999	1028059.599592	1028060.415014	8.008474e-01	47	none	NaN	NaN
131	17	48	50	bathroom	sun_aspsyogrekjtfozg.tif	1028061.184494	1028061.443086	1028062.258474	6.757150e-01	40	none	NaN	NaN
131	17	49	21	bathroom	sun_aggnnqpdorgxpvce.tif	1028063.027983	1028063.286572	1028064.101825	7.674787e-01	11	none	NaN	NaN
131	17	50	53	bathroom	sun_ausgutylgojavyoq.tif	1028064.871476	1028065.130069	1028065.945386	6.506885e-01	43	none	NaN	NaN
131	17	51	26	bathroom	sun_ahaulkltgpkeeemi.tif	1028066.714979	1028066.973570	1028067.788895	6.673728e-01	16	none	NaN	NaN
131	17	52	12	bathroom	sun_aapitsgbtktqubfy.tif	1028068.558471	1028068.817060	1028069.632278	8.091895e-01	2	none	NaN	NaN
131	17	53	44	bathroom	sun_apkruvsevgegsdwp.tif	1028070.401965	1028070.660557	1028071.475824	7.841630e-01	34	none	NaN	NaN
131	17	54	19	bathroom	sun_aclfzgynxzxlbepz.tif	1028072.245457	1028072.504048	1028073.319469	8.509003e-01	9	none	NaN	NaN
131	17	55	56	bathroom	sun_awnqiikzaispgmwo.tif	1028074.088956	1028074.347544	1028075.162862	6.923993e-01	46	none	NaN	NaN
131	17	56	35	bathroom	sun_alotolagknyrgtsk.tif	1028075.932447	1028076.191041	1028077.006324	8.175317e-01	25	none	NaN	NaN
131	17	57	24	bathroom	sun_agrwbmhcpmfuwmsg.tif	1028077.775939	1028078.034531	1028078.849822	7.257679e-01	14	37	1028079.985645	1
131	17	58	48	bathroom	sun_aqrpegblszgcoujh.tif	1028080.762239	1028081.020827	1028081.836142	7.257679e-01	38	none	NaN	NaN
131	17	59	17	bathroom	sun_acegryoqftbzowsg.tif	1028082.605729	1028082.864328	1028083.679627	8.258738e-01	7	none	NaN	NaN
131	17	60	23	bathroom	sun_aghyqhbptboemmoq.tif	1028084.449228	1028084.707818	1028085.523065	8.342160e-01	13	none	NaN	NaN
131	17	61	41	bathroom	sun_aoybiabnpadelefl.tif	1028086.292720	1028086.551312	1028087.366593	8.175317e-01	31	39	1028088.777714	1
131	17	62	32	bathroom	sun_aleqenyvunhactkl.tif	1028089.554288	1028089.812876	1028090.628098	7.341101e-01	22	none	NaN	NaN
131	17	63	42	bathroom	sun_apeeialkgkuxddgh.tif	1028091.397789	1028091.656378	1028092.471585	7.758209e-01	32	none	NaN	NaN
131	17	64	31	bathroom	sun_akiytfaagpdsphgz.tif	1028093.241276	1028093.499870	1028094.315265	7.090836e-01	21	none	NaN	NaN
131	17	65	33	bathroom	sun_aljolscmmzydegqp.tif	1028095.084776	1028095.343359	1028096.158679	7.591366e-01	23	none	NaN	NaN
131	17	66	40	bathroom	sun_aofnryafpsjimzsb.tif	1028096.928269	1028097.186862	1028098.002195	6.840571e-01	30	39	1028099.065487	1
131	17	67	13	bathroom	sun_aavhrsfjbserjtht.tif	1028099.839488	1028100.098077	1028100.913391	8.425582e-01	3	none	NaN	NaN
131	17	68	14	bathroom	sun_abapwbhyhkfixyex.tif	1028101.682978	1028101.941572	1028102.756794	6.923993e-01	4	none	NaN	NaN
131	17	69	45	bathroom	sun_apkxzenqapsujocq.tif	1028103.526480	1028103.785067	1028104.600343	7.174258e-01	35	none	NaN	NaN
131	17	70	46	bathroom	sun_apmqjbnwghzuhhzh.tif	1028105.369968	1028105.628561	1028106.443872	6.923993e-01	36	none	NaN	NaN
131	17	71	16	bathroom	sun_acduarbnmmoglmiv.tif	1028107.213468	1028107.472060	1028108.287486	8.342160e-01	6	none	NaN	NaN
131	17	72	55	bathroom	sun_avhrdrntsqrjzccq.tif	1028109.056965	1028109.315555	1028110.130913	7.591366e-01	45	none	NaN	NaN
131	17	73	51	bathroom	sun_atstyziqcmkahyxk.tif	1028110.900457	1028111.159047	1028111.974496	8.425582e-01	41	none	NaN	NaN
131	17	74	15	bathroom	sun_abjtwfukuwddzted.tif	1028112.743955	1028113.002545	1028113.817776	6.506885e-01	5	none	NaN	NaN
131	17	75	52	bathroom	sun_aunuadmjocsddsrl.tif	1028114.587443	1028114.846035	1028115.661483	7.507944e-01	42	none	NaN	NaN
131	17	76	49	bathroom	sun_asfwthctfqerjvxr.tif	1028116.430938	1028116.689529	1028117.504939	7.007414e-01	39	none	NaN	NaN
131	17	77	20	bathroom	sun_afcoljnjfoxjtgja.tif	1028118.274436	1028118.533022	1028119.348323	6.757150e-01	10	none	NaN	NaN
131	17	78	21	bathroom	sun_aggnnqpdorgxpvce.tif	1028120.117928	1028120.376516	1028121.191938	7.424522e-01	11	none	NaN	NaN
131	17	79	47	bathroom	sun_apynckhmoftszqoq.tif	1028121.961421	1028122.220011	1028123.035355	7.424522e-01	37	none	NaN	NaN
131	17	80	36	bathroom	sun_ambriybtogmepttm.tif	1028123.804920	1028124.063508	1028124.878831	7.174258e-01	26	39	1028126.113536	0
131	17	81	38	bathroom	sun_anhioqovhscjqqwb.tif	1028126.891310	1028127.149904	1028127.965330	7.841630e-01	28	none	NaN	NaN
131	17	82	58	bathroom	sun_axxbkopsgyouuebh.tif	1028128.734804	1028128.993397	1028129.808834	8.091895e-01	48	37	1028130.321652	1
131	17	83	34	bathroom	sun_alkosphxlxwjwgjd.tif	1028131.095479	1028131.354072	1028132.169524	6.590306e-01	24	none	NaN	NaN
131	17	84	43	bathroom	sun_apjevzvycyhuqghb.tif	1028132.938972	1028133.197567	1028134.012879	7.674787e-01	33	none	NaN	NaN
131	17	85	59	bathroom	sun_axyrejkiiaqiurjk.tif	1028134.782472	1028135.041060	1028135.856331	6.590306e-01	49	39	1028136.889681	1
131	17	86	28	bathroom	sun_ahijqszoswveeyji.tif	1028137.660318	1028137.918912	1028138.734261	7.674787e-01	18	none	NaN	NaN
131	17	87	39	bathroom	sun_anryaplzeujmzfkd.tif	1028139.503817	1028139.762412	1028140.577748	8.008474e-01	29	37	1028141.417585	1
131	17	88	27	bathroom	sun_ahcvzmoyaycdoftf.tif	1028142.189814	1028142.448408	1028143.263684	7.007414e-01	17	none	NaN	NaN
131	17	89	60	bathroom	sun_azqyogdvyhahyram.tif	1028144.033307	1028144.291901	1028145.107313	6.673728e-01	50	none	NaN	NaN
131	17	90	11	bathroom	labelme_sfxiulhjbhlyiyt.tif	1028145.876806	1028146.135396	1028146.950754	8.342160e-01	1	none	NaN	NaN
131	17	91	54	bathroom	sun_auzqhkafidnkrwmo.tif	1028147.720296	1028147.978888	1028148.794132	8.425582e-01	44	none	NaN	NaN
131	17	92	37	bathroom	sun_amzlamotzwfkwjco.tif	1028149.563792	1028149.822382	1028150.637594	7.090836e-01	27	none	NaN	NaN
131	17	93	57	bathroom	sun_axldvoqbuvuggfmq.tif	1028151.407289	1028151.665876	1028152.481273	7.758209e-01	47	none	NaN	NaN
131	17	94	29	bathroom	sun_ahqjwnzgolcaoidx.tif	1028153.250781	1028153.509370	1028154.324615	7.674787e-01	19	none	NaN	NaN
131	17	95	25	bathroom	sun_agyqfjcfkdcydepw.tif	1028155.094271	1028155.352864	1028156.168174	6.757150e-01	15	39	1028157.977813	1
131	17	96	30	bathroom	sun_ajlawzvmubibwbpy.tif	1028158.756236	1028159.014833	1028159.830137	7.174258e-01	20	none	NaN	NaN
131	17	97	22	bathroom	sun_agguqiubmwhqqunb.tif	1028160.599737	1028160.858323	1028161.673653	7.841630e-01	12	37	1028162.353546	1
131	17	98	50	bathroom	sun_aspsyogrekjtfozg.tif	1028163.127239	1028163.385833	1028164.201177	6.923993e-01	40	none	NaN	NaN
131	17	99	18	bathroom	sun_acgyywnybuveqsro.tif	1028164.970733	1028165.229324	1028166.044736	7.841630e-01	8	none	NaN	NaN
131	17	100	53	bathroom	sun_ausgutylgojavyoq.tif	1028166.814231	1028167.072821	1028167.888160	8.509003e-01	43	none	NaN	NaN
131	18	1	101	kitchen	sun_aqeaevwwwjoqhzvl.tif	1028173.245611	1028173.504199	1028174.177745	7.674787e-01	91	none	NaN	NaN
131	18	2	105	kitchen	sun_avszsnwsbuqfgzbn.tif	1028174.947294	1028175.205886	1028175.879488	6.840571e-01	95	none	NaN	NaN
131	18	3	110	kitchen	sun_azmutvzbxypaceni.tif	1028176.648982	1028176.907573	1028177.581183	6.923993e-01	100	none	NaN	NaN
131	18	4	74	kitchen	sun_acfmftudsenhrfhy.tif	1028178.350666	1028178.609256	1028179.282743	7.174258e-01	64	39	1028180.185811	1
131	18	5	70	kitchen	sun_abdxkyyxwfskuaqb.tif	1028180.961591	1028181.220184	1028181.893808	8.175317e-01	60	none	NaN	NaN
131	18	6	104	kitchen	sun_auticobqsbwgoppi.tif	1028182.663280	1028182.921869	1028183.595383	7.674787e-01	94	39	1028184.337851	1
131	18	7	109	kitchen	sun_aypmqwcualkenuoe.tif	1028185.115712	1028185.374300	1028186.047715	6.923993e-01	99	none	NaN	NaN
131	18	8	75	kitchen	sun_acgtpgfybqjmzeyw.tif	1028186.817395	1028187.075989	1028187.749470	8.342160e-01	65	none	NaN	NaN
131	18	9	64	kitchen	sun_aadbddgrdsjugojn.tif	1028188.519084	1028188.777679	1028189.451206	7.341101e-01	54	none	NaN	NaN
131	18	10	96	kitchen	sun_ajcbwwvdlsvjyzje.tif	1028190.220771	1028190.479362	1028191.152984	7.007414e-01	86	39	1028192.777557	1
131	18	11	85	kitchen	sun_afuyedyxivkhecmu.tif	1028193.549075	1028193.807660	1028194.481280	8.425582e-01	75	none	NaN	NaN
131	18	12	79	kitchen	sun_admlmbcdswaszruo.tif	1028195.250763	1028195.509345	1028196.182991	7.257679e-01	69	none	NaN	NaN
131	18	13	89	kitchen	sun_agzzivivdpnawacl.tif	1028196.952448	1028197.211032	1028197.884671	6.673728e-01	79	none	NaN	NaN
131	18	14	108	kitchen	sun_aymvwlarqodbwuoc.tif	1028198.654136	1028198.912719	1028199.586184	7.174258e-01	98	none	NaN	NaN
131	18	15	69	kitchen	sun_abdenxonkemggwsq.tif	1028200.355825	1028200.614412	1028201.287925	8.008474e-01	59	none	NaN	NaN
131	18	16	106	kitchen	sun_awcpdzzznmweyyhv.tif	1028202.057510	1028202.316099	1028202.989693	8.425582e-01	96	none	NaN	NaN
131	18	17	92	kitchen	sun_ahpczsiumwwocjkv.tif	1028203.759194	1028204.017783	1028204.691321	6.757150e-01	82	none	NaN	NaN
131	18	18	76	kitchen	sun_acwjdupvyjsugpay.tif	1028205.460886	1028205.719475	1028206.392861	6.840571e-01	66	none	NaN	NaN
131	18	19	93	kitchen	sun_ahspylgoovwmwvgk.tif	1028207.162569	1028207.421155	1028208.094697	7.758209e-01	83	37	1028208.777626	1
131	18	20	91	kitchen	sun_ahljzhgcdpomplvg.tif	1028209.548270	1028209.806859	1028210.480336	8.258738e-01	81	none	NaN	NaN
131	18	21	82	kitchen	sun_aenotlpyftoioydp.tif	1028211.249956	1028211.508549	1028212.182153	8.425582e-01	72	none	NaN	NaN
131	18	22	87	kitchen	sun_agorklincwxrdtga.tif	1028212.951641	1028213.210231	1028213.883722	7.341101e-01	77	none	NaN	NaN
131	18	23	62	kitchen	labelme_kxvouciolcpqplr.tif	1028214.653330	1028214.911925	1028215.585446	7.507944e-01	52	none	NaN	NaN
131	18	24	99	kitchen	sun_akcjzhbbjlbogpdi.tif	1028216.355021	1028216.613611	1028217.287186	7.925052e-01	89	none	NaN	NaN
131	18	25	103	kitchen	sun_aunzlwrbjumxhwdj.tif	1028218.056703	1028218.315296	1028218.988760	7.591366e-01	93	none	NaN	NaN
131	18	26	95	kitchen	sun_aixorpehvfykdynp.tif	1028219.758388	1028220.016986	1028220.690529	7.591366e-01	85	37	1028221.441834	1
131	18	27	100	kitchen	sun_amjjdeyrggfqgmom.tif	1028222.219163	1028222.477754	1028223.151188	8.008474e-01	90	none	NaN	NaN
131	18	28	71	kitchen	sun_abftihopvusyfakt.tif	1028223.920849	1028224.179444	1028224.853027	8.342160e-01	61	none	NaN	NaN
131	18	29	98	kitchen	sun_akchetnepxlcxhsu.tif	1028225.622542	1028225.881130	1028226.554586	8.258738e-01	88	39	1028227.233775	1
131	18	30	61	kitchen	labelme_brsyyvweiuaazfr.tif	1028228.008243	1028228.266833	1028228.940294	7.758209e-01	51	none	NaN	NaN
131	18	31	80	kitchen	sun_aegoxogugdkwpmpj.tif	1028229.709927	1028229.968517	1028230.642072	7.007414e-01	70	39	1028232.409890	1
131	18	32	67	kitchen	sun_aarfiyshqohlwkmo.tif	1028233.188377	1028233.446967	1028234.120597	7.174258e-01	57	37	1028234.849758	0
131	18	33	88	kitchen	sun_agubuxuukhzyzpdp.tif	1028235.624126	1028235.882716	1028236.556231	7.507944e-01	78	none	NaN	NaN
131	18	34	77	kitchen	sun_acxkpeoqbwcxfvip.tif	1028237.325814	1028237.584402	1028238.257929	8.509003e-01	67	none	NaN	NaN
131	18	35	102	kitchen	sun_auaiucuqpdausiva.tif	1028239.027500	1028239.286093	1028239.959707	8.342160e-01	92	none	NaN	NaN
131	18	36	81	kitchen	sun_aehawpgmrlhlvcow.tif	1028240.729195	1028240.987780	1028241.661522	6.673728e-01	71	none	NaN	NaN
131	18	37	97	kitchen	sun_ajkqhtgcbgpcwrwn.tif	1028242.430872	1028242.689469	1028243.362947	7.090836e-01	87	none	NaN	NaN
131	18	38	73	kitchen	sun_abrcnpqqhmjwekyf.tif	1028244.132566	1028244.391152	1028245.064682	6.506885e-01	63	none	NaN	NaN
131	18	39	66	kitchen	sun_aapllqyqlykszopd.tif	1028245.834251	1028246.092837	1028246.766310	6.840571e-01	56	none	NaN	NaN
131	18	40	83	kitchen	sun_aeqdocilnnpuvuhx.tif	1028247.535939	1028247.794531	1028248.467996	8.425582e-01	73	37	1028249.097736	1
131	18	41	90	kitchen	sun_ahdycvpopffkzzsu.tif	1028249.871586	1028250.130176	1028250.803718	6.590306e-01	80	none	NaN	NaN
131	18	42	84	kitchen	sun_aexklacwqwezaorf.tif	1028251.573267	1028251.831863	1028252.505324	7.424522e-01	74	none	NaN	NaN
131	18	43	94	kitchen	sun_ahywdevtimnqcsln.tif	1028253.274961	1028253.533547	1028254.207182	8.008474e-01	84	none	NaN	NaN
131	18	44	72	kitchen	sun_abpwyqmlzafvklqo.tif	1028254.976652	1028255.235238	1028255.908714	7.341101e-01	62	none	NaN	NaN
131	18	45	65	kitchen	sun_aamedkxepzlwuxes.tif	1028256.678339	1028256.936927	1028257.610443	7.507944e-01	55	none	NaN	NaN
131	18	46	78	kitchen	sun_adgqasybjyktddhj.tif	1028258.380022	1028258.638611	1028259.312024	6.506885e-01	68	none	NaN	NaN
131	18	47	63	kitchen	labelme_rykdqxenmhulbdn.tif	1028260.081709	1028260.340299	1028261.013929	8.258738e-01	53	none	NaN	NaN
131	18	48	86	kitchen	sun_aggjlwcdjsjcaemh.tif	1028261.783397	1028262.041987	1028262.715442	7.090836e-01	76	none	NaN	NaN
131	18	49	68	kitchen	sun_aaxxjlsuzvqlgylf.tif	1028263.485085	1028263.743674	1028264.417304	6.590306e-01	58	none	NaN	NaN
131	18	50	107	kitchen	sun_axyyrmzcupyhlivc.tif	1028265.186771	1028265.445365	1028266.118971	6.757150e-01	97	none	NaN	NaN
131	18	51	66	kitchen	sun_aapllqyqlykszopd.tif	1028266.888461	1028267.147045	1028267.820543	7.007414e-01	56	none	NaN	NaN
131	18	52	82	kitchen	sun_aenotlpyftoioydp.tif	1028268.590145	1028268.848736	1028269.522329	8.175317e-01	72	none	NaN	NaN
131	18	53	103	kitchen	sun_aunzlwrbjumxhwdj.tif	1028270.291832	1028270.550422	1028271.223952	7.090836e-01	93	none	NaN	NaN
131	18	54	95	kitchen	sun_aixorpehvfykdynp.tif	1028271.993517	1028272.252110	1028272.925723	6.923993e-01	85	37	1028273.633670	1
131	18	55	99	kitchen	sun_akcjzhbbjlbogpdi.tif	1028274.404247	1028274.662830	1028275.336440	6.673728e-01	89	none	NaN	NaN
131	18	56	86	kitchen	sun_aggjlwcdjsjcaemh.tif	1028276.105928	1028276.364523	1028277.038142	8.258738e-01	76	none	NaN	NaN
131	18	57	89	kitchen	sun_agzzivivdpnawacl.tif	1028277.807618	1028278.066206	1028278.739624	8.175317e-01	79	none	NaN	NaN
131	18	58	100	kitchen	sun_amjjdeyrggfqgmom.tif	1028279.509300	1028279.767901	1028280.441411	6.923993e-01	90	none	NaN	NaN
131	18	59	110	kitchen	sun_azmutvzbxypaceni.tif	1028281.210996	1028281.469582	1028282.143201	6.673728e-01	100	37	1028283.209850	1
131	18	60	105	kitchen	sun_avszsnwsbuqfgzbn.tif	1028283.980410	1028284.238995	1028284.912431	7.758209e-01	95	none	NaN	NaN
131	18	61	63	kitchen	labelme_rykdqxenmhulbdn.tif	1028285.682095	1028285.940686	1028286.614217	6.590306e-01	53	37	1028287.489890	1
131	18	62	104	kitchen	sun_auticobqsbwgoppi.tif	1028288.267993	1028288.526581	1028289.200181	6.506885e-01	94	none	NaN	NaN
131	18	63	78	kitchen	sun_adgqasybjyktddhj.tif	1028289.969681	1028290.228272	1028290.901995	7.257679e-01	68	none	NaN	NaN
131	18	64	70	kitchen	sun_abdxkyyxwfskuaqb.tif	1028291.671368	1028291.929956	1028292.603387	7.257679e-01	60	none	NaN	NaN
131	18	65	88	kitchen	sun_agubuxuukhzyzpdp.tif	1028293.373051	1028293.631636	1028294.305184	8.091895e-01	78	none	NaN	NaN
131	18	66	61	kitchen	labelme_brsyyvweiuaazfr.tif	1028295.074738	1028295.333327	1028296.006911	7.674787e-01	51	none	NaN	NaN
131	18	67	102	kitchen	sun_auaiucuqpdausiva.tif	1028296.776427	1028297.035019	1028297.708653	8.091895e-01	92	none	NaN	NaN
131	18	68	87	kitchen	sun_agorklincwxrdtga.tif	1028298.478116	1028298.736706	1028299.410262	7.925052e-01	77	none	NaN	NaN
131	18	69	101	kitchen	sun_aqeaevwwwjoqhzvl.tif	1028300.179803	1028300.438396	1028301.111904	7.674787e-01	91	none	NaN	NaN
131	18	70	97	kitchen	sun_ajkqhtgcbgpcwrwn.tif	1028301.881491	1028302.140082	1028302.813680	7.090836e-01	87	none	NaN	NaN
131	18	71	106	kitchen	sun_awcpdzzznmweyyhv.tif	1028303.583178	1028303.841766	1028304.515323	6.757150e-01	96	none	NaN	NaN
131	18	72	84	kitchen	sun_aexklacwqwezaorf.tif	1028305.284865	1028305.543456	1028306.217007	7.841630e-01	74	none	NaN	NaN
131	18	73	77	kitchen	sun_acxkpeoqbwcxfvip.tif	1028306.986550	1028307.245138	1028307.918545	7.257679e-01	67	none	NaN	NaN
131	18	74	98	kitchen	sun_akchetnepxlcxhsu.tif	1028308.688240	1028308.946829	1028309.620361	7.424522e-01	88	none	NaN	NaN
131	18	75	73	kitchen	sun_abrcnpqqhmjwekyf.tif	1028310.389926	1028310.648517	1028311.322138	8.175317e-01	63	none	NaN	NaN
131	18	76	85	kitchen	sun_afuyedyxivkhecmu.tif	1028312.091613	1028312.350207	1028313.023806	7.591366e-01	75	none	NaN	NaN
131	18	77	75	kitchen	sun_acgtpgfybqjmzeyw.tif	1028313.793286	1028314.051890	1028314.725459	7.174258e-01	65	none	NaN	NaN
131	18	78	69	kitchen	sun_abdenxonkemggwsq.tif	1028315.494992	1028315.753581	1028316.426994	7.424522e-01	59	none	NaN	NaN
131	18	79	91	kitchen	sun_ahljzhgcdpomplvg.tif	1028317.196668	1028317.455270	1028318.128666	7.341101e-01	81	39	1028319.025894	1
131	18	80	94	kitchen	sun_ahywdevtimnqcsln.tif	1028319.799257	1028320.057837	1028320.731383	7.925052e-01	84	none	NaN	NaN
131	18	81	81	kitchen	sun_aehawpgmrlhlvcow.tif	1028321.500943	1028321.759536	1028322.433018	6.757150e-01	71	none	NaN	NaN
131	18	82	71	kitchen	sun_abftihopvusyfakt.tif	1028323.202629	1028323.461224	1028324.134731	8.008474e-01	61	none	NaN	NaN
131	18	83	76	kitchen	sun_acwjdupvyjsugpay.tif	1028324.904319	1028325.162914	1028325.836546	7.591366e-01	66	none	NaN	NaN
131	18	84	68	kitchen	sun_aaxxjlsuzvqlgylf.tif	1028326.606004	1028326.864595	1028327.537988	7.841630e-01	58	none	NaN	NaN
131	18	85	80	kitchen	sun_aegoxogugdkwpmpj.tif	1028328.307695	1028328.566285	1028329.239957	7.424522e-01	70	none	NaN	NaN
131	18	86	108	kitchen	sun_aymvwlarqodbwuoc.tif	1028330.009379	1028330.267969	1028330.941567	7.007414e-01	98	none	NaN	NaN
131	18	87	72	kitchen	sun_abpwyqmlzafvklqo.tif	1028331.711068	1028331.969661	1028332.643117	6.923993e-01	62	37	1028333.281937	1
131	18	88	67	kitchen	sun_aarfiyshqohlwkmo.tif	1028334.055062	1028334.313644	1028334.987148	7.758209e-01	57	none	NaN	NaN
131	18	89	96	kitchen	sun_ajcbwwvdlsvjyzje.tif	1028335.756748	1028336.015330	1028336.688902	8.342160e-01	86	none	NaN	NaN
131	18	90	93	kitchen	sun_ahspylgoovwmwvgk.tif	1028337.458431	1028337.717020	1028338.390462	6.590306e-01	83	none	NaN	NaN
131	18	91	90	kitchen	sun_ahdycvpopffkzzsu.tif	1028339.160120	1028339.418710	1028340.092235	7.591366e-01	80	none	NaN	NaN
131	18	92	109	kitchen	sun_aypmqwcualkenuoe.tif	1028340.861793	1028341.120397	1028341.793901	8.091895e-01	99	none	NaN	NaN
131	18	93	62	kitchen	labelme_kxvouciolcpqplr.tif	1028342.563495	1028342.822087	1028343.495528	7.925052e-01	52	none	NaN	NaN
131	18	94	107	kitchen	sun_axyyrmzcupyhlivc.tif	1028344.265178	1028344.523775	1028345.197282	8.509003e-01	97	none	NaN	NaN
131	18	95	92	kitchen	sun_ahpczsiumwwocjkv.tif	1028345.966871	1028346.225461	1028346.898909	7.507944e-01	82	none	NaN	NaN
131	18	96	83	kitchen	sun_aeqdocilnnpuvuhx.tif	1028347.668558	1028347.927154	1028348.600784	7.841630e-01	73	none	NaN	NaN
131	18	97	64	kitchen	sun_aadbddgrdsjugojn.tif	1028349.370247	1028349.628836	1028350.302295	6.840571e-01	54	none	NaN	NaN
131	18	98	79	kitchen	sun_admlmbcdswaszruo.tif	1028351.071933	1028351.330521	1028352.004016	7.841630e-01	69	none	NaN	NaN
131	18	99	74	kitchen	sun_acfmftudsenhrfhy.tif	1028352.773622	1028353.032207	1028353.705784	8.258738e-01	64	37	1028354.785923	1
131	18	100	65	kitchen	sun_aamedkxepzlwuxes.tif	1028355.559716	1028355.818305	1028356.491823	8.091895e-01	55	none	NaN	NaN
131	19	1	53	bathroom	sun_ausgutylgojavyoq.tif	1028364.860607	1028365.119196	1028365.934507	6.840571e-01	43	39	1028370.193981	1
131	19	2	51	bathroom	sun_atstyziqcmkahyxk.tif	1028370.966660	1028371.225250	1028372.040512	8.342160e-01	41	none	NaN	NaN
131	19	3	48	bathroom	sun_aqrpegblszgcoujh.tif	1028372.810157	1028373.068744	1028373.884191	8.342160e-01	38	none	NaN	NaN
131	19	4	41	bathroom	sun_aoybiabnpadelefl.tif	1028374.653650	1028374.912243	1028375.727531	7.174258e-01	31	none	NaN	NaN
131	19	5	52	bathroom	sun_aunuadmjocsddsrl.tif	1028376.497142	1028376.755733	1028377.571337	7.674787e-01	42	none	NaN	NaN
131	19	6	16	bathroom	sun_acduarbnmmoglmiv.tif	1028378.340636	1028378.599230	1028379.414649	8.008474e-01	6	none	NaN	NaN
131	19	7	11	bathroom	labelme_sfxiulhjbhlyiyt.tif	1028380.184129	1028380.442719	1028381.258021	7.090836e-01	1	none	NaN	NaN
131	19	8	25	bathroom	sun_agyqfjcfkdcydepw.tif	1028382.027631	1028382.286216	1028383.101482	7.174258e-01	15	none	NaN	NaN
131	19	9	14	bathroom	sun_abapwbhyhkfixyex.tif	1028383.871124	1028384.129715	1028384.945150	7.674787e-01	4	none	NaN	NaN
131	19	10	27	bathroom	sun_ahcvzmoyaycdoftf.tif	1028385.714621	1028385.973210	1028386.788539	7.758209e-01	17	none	NaN	NaN
131	19	11	46	bathroom	sun_apmqjbnwghzuhhzh.tif	1028387.558111	1028387.816700	1028388.632021	7.341101e-01	36	none	NaN	NaN
131	19	12	56	bathroom	sun_awnqiikzaispgmwo.tif	1028389.401603	1028389.660192	1028390.475549	7.507944e-01	46	none	NaN	NaN
131	19	13	21	bathroom	sun_aggnnqpdorgxpvce.tif	1028391.245101	1028391.503691	1028392.319022	8.091895e-01	11	none	NaN	NaN
131	19	14	24	bathroom	sun_agrwbmhcpmfuwmsg.tif	1028393.088595	1028393.347186	1028394.162457	8.425582e-01	14	none	NaN	NaN
131	19	15	13	bathroom	sun_aavhrsfjbserjtht.tif	1028394.932092	1028395.190681	1028396.006089	6.923993e-01	3	none	NaN	NaN
131	19	16	37	bathroom	sun_amzlamotzwfkwjco.tif	1028396.775582	1028397.034173	1028397.849482	8.258738e-01	27	none	NaN	NaN
131	19	17	39	bathroom	sun_anryaplzeujmzfkd.tif	1028398.619081	1028398.877669	1028399.692951	7.174258e-01	29	none	NaN	NaN
131	19	18	15	bathroom	sun_abjtwfukuwddzted.tif	1028400.462574	1028400.721166	1028401.536594	8.175317e-01	5	none	NaN	NaN
131	19	19	45	bathroom	sun_apkxzenqapsujocq.tif	1028402.306070	1028402.564658	1028403.379991	8.258738e-01	35	37	1028404.481809	1
131	19	20	57	bathroom	sun_axldvoqbuvuggfmq.tif	1028405.258992	1028405.517587	1028406.332969	8.258738e-01	47	none	NaN	NaN
131	19	21	31	bathroom	sun_akiytfaagpdsphgz.tif	1028407.102489	1028407.361083	1028408.176371	8.342160e-01	21	none	NaN	NaN
131	19	22	29	bathroom	sun_ahqjwnzgolcaoidx.tif	1028408.945982	1028409.204572	1028410.019979	7.841630e-01	19	none	NaN	NaN
131	19	23	59	bathroom	sun_axyrejkiiaqiurjk.tif	1028410.789482	1028411.048071	1028411.863380	7.174258e-01	49	none	NaN	NaN
131	19	24	26	bathroom	sun_ahaulkltgpkeeemi.tif	1028412.632975	1028412.891565	1028413.706802	6.840571e-01	16	none	NaN	NaN
131	19	25	28	bathroom	sun_ahijqszoswveeyji.tif	1028414.476472	1028414.735063	1028415.550333	7.257679e-01	18	37	1028416.562102	1
131	19	26	47	bathroom	sun_apynckhmoftszqoq.tif	1028417.337641	1028417.596225	1028418.411487	7.257679e-01	37	none	NaN	NaN
131	19	27	23	bathroom	sun_aghyqhbptboemmoq.tif	1028419.181138	1028419.439723	1028420.255174	7.591366e-01	13	none	NaN	NaN
131	19	28	22	bathroom	sun_agguqiubmwhqqunb.tif	1028421.024634	1028421.283216	1028422.098625	6.673728e-01	12	none	NaN	NaN
131	19	29	43	bathroom	sun_apjevzvycyhuqghb.tif	1028422.868121	1028423.126716	1028423.942032	8.509003e-01	33	none	NaN	NaN
131	19	30	44	bathroom	sun_apkruvsevgegsdwp.tif	1028424.711608	1028424.970205	1028425.785593	7.591366e-01	34	none	NaN	NaN
131	19	31	55	bathroom	sun_avhrdrntsqrjzccq.tif	1028426.555110	1028426.813710	1028427.628974	8.425582e-01	45	none	NaN	NaN
131	19	32	34	bathroom	sun_alkosphxlxwjwgjd.tif	1028428.398607	1028428.657198	1028429.472430	7.841630e-01	24	37	1028430.233906	1
131	19	33	35	bathroom	sun_alotolagknyrgtsk.tif	1028431.009527	1028431.268113	1028432.083487	8.008474e-01	25	none	NaN	NaN
131	19	34	20	bathroom	sun_afcoljnjfoxjtgja.tif	1028432.853020	1028433.111614	1028433.926942	7.424522e-01	10	none	NaN	NaN
131	19	35	36	bathroom	sun_ambriybtogmepttm.tif	1028434.696521	1028434.955110	1028435.770509	7.925052e-01	26	none	NaN	NaN
131	19	36	17	bathroom	sun_acegryoqftbzowsg.tif	1028436.540015	1028436.798597	1028437.614033	7.007414e-01	7	none	NaN	NaN
131	19	37	30	bathroom	sun_ajlawzvmubibwbpy.tif	1028438.383510	1028438.642097	1028439.457478	7.841630e-01	20	none	NaN	NaN
131	19	38	42	bathroom	sun_apeeialkgkuxddgh.tif	1028440.227003	1028440.485595	1028441.301036	7.090836e-01	32	none	NaN	NaN
131	19	39	40	bathroom	sun_aofnryafpsjimzsb.tif	1028442.070499	1028442.329090	1028443.144346	7.424522e-01	30	none	NaN	NaN
131	19	40	50	bathroom	sun_aspsyogrekjtfozg.tif	1028443.913994	1028444.172584	1028444.987832	7.257679e-01	40	none	NaN	NaN
131	19	41	38	bathroom	sun_anhioqovhscjqqwb.tif	1028445.757489	1028446.016072	1028446.831435	7.007414e-01	28	none	NaN	NaN
131	19	42	12	bathroom	sun_aapitsgbtktqubfy.tif	1028447.600984	1028447.859570	1028448.674873	7.090836e-01	2	none	NaN	NaN
131	19	43	33	bathroom	sun_aljolscmmzydegqp.tif	1028449.444473	1028449.703064	1028450.518495	6.506885e-01	23	none	NaN	NaN
131	19	44	18	bathroom	sun_acgyywnybuveqsro.tif	1028451.287973	1028451.546556	1028452.361901	8.091895e-01	8	none	NaN	NaN
131	19	45	49	bathroom	sun_asfwthctfqerjvxr.tif	1028453.131466	1028453.390054	1028454.205269	6.673728e-01	39	none	NaN	NaN
131	19	46	58	bathroom	sun_axxbkopsgyouuebh.tif	1028454.974960	1028455.233540	1028456.048947	7.341101e-01	48	none	NaN	NaN
131	19	47	32	bathroom	sun_aleqenyvunhactkl.tif	1028456.818455	1028457.077048	1028457.892358	6.757150e-01	22	none	NaN	NaN
131	19	48	60	bathroom	sun_azqyogdvyhahyram.tif	1028458.661948	1028458.920536	1028459.735880	7.341101e-01	50	none	NaN	NaN
131	19	49	19	bathroom	sun_aclfzgynxzxlbepz.tif	1028460.505446	1028460.764037	1028461.579313	8.175317e-01	9	none	NaN	NaN
131	19	50	54	bathroom	sun_auzqhkafidnkrwmo.tif	1028462.348938	1028462.607526	1028463.422933	7.591366e-01	44	37	1028464.298023	1
131	19	51	20	bathroom	sun_afcoljnjfoxjtgja.tif	1028465.068296	1028465.326895	1028466.142334	7.591366e-01	10	none	NaN	NaN
131	19	52	45	bathroom	sun_apkxzenqapsujocq.tif	1028466.911799	1028467.170387	1028467.985713	8.342160e-01	35	39	1028469.081862	1
131	19	53	54	bathroom	sun_auzqhkafidnkrwmo.tif	1028469.856385	1028470.114974	1028470.930378	8.258738e-01	44	none	NaN	NaN
131	19	54	55	bathroom	sun_avhrdrntsqrjzccq.tif	1028471.699879	1028471.958470	1028472.773895	8.509003e-01	45	none	NaN	NaN
131	19	55	60	bathroom	sun_azqyogdvyhahyram.tif	1028473.543371	1028473.801963	1028474.617390	8.425582e-01	50	none	NaN	NaN
131	19	56	33	bathroom	sun_aljolscmmzydegqp.tif	1028475.386864	1028475.645459	1028476.460708	6.923993e-01	23	none	NaN	NaN
131	19	57	11	bathroom	labelme_sfxiulhjbhlyiyt.tif	1028477.230363	1028477.488955	1028478.304352	8.008474e-01	1	none	NaN	NaN
131	19	58	38	bathroom	sun_anhioqovhscjqqwb.tif	1028479.073854	1028479.332437	1028480.147733	7.674787e-01	28	none	NaN	NaN
131	19	59	29	bathroom	sun_ahqjwnzgolcaoidx.tif	1028480.917352	1028481.175944	1028481.991374	7.841630e-01	19	none	NaN	NaN
131	19	60	34	bathroom	sun_alkosphxlxwjwgjd.tif	1028482.760843	1028483.019433	1028483.834775	8.008474e-01	24	none	NaN	NaN
131	19	61	22	bathroom	sun_agguqiubmwhqqunb.tif	1028484.604340	1028484.862927	1028485.678241	7.424522e-01	12	none	NaN	NaN
131	19	62	56	bathroom	sun_awnqiikzaispgmwo.tif	1028486.447836	1028486.706423	1028487.521795	7.507944e-01	46	none	NaN	NaN
131	19	63	47	bathroom	sun_apynckhmoftszqoq.tif	1028488.291328	1028488.549921	1028489.365220	7.591366e-01	37	none	NaN	NaN
131	19	64	36	bathroom	sun_ambriybtogmepttm.tif	1028490.134827	1028490.393413	1028491.208856	7.257679e-01	26	39	1028492.210036	1
131	19	65	57	bathroom	sun_axldvoqbuvuggfmq.tif	1028492.987651	1028493.246247	1028494.061495	7.007414e-01	47	none	NaN	NaN
131	19	66	48	bathroom	sun_aqrpegblszgcoujh.tif	1028494.831151	1028495.089736	1028495.905182	7.758209e-01	38	none	NaN	NaN
131	19	67	50	bathroom	sun_aspsyogrekjtfozg.tif	1028496.674620	1028496.933226	1028497.748495	7.507944e-01	40	none	NaN	NaN
131	19	68	28	bathroom	sun_ahijqszoswveeyji.tif	1028498.518130	1028498.776725	1028499.592045	7.424522e-01	18	none	NaN	NaN
131	19	69	58	bathroom	sun_axxbkopsgyouuebh.tif	1028500.361630	1028500.620221	1028501.435661	7.507944e-01	48	none	NaN	NaN
131	19	70	40	bathroom	sun_aofnryafpsjimzsb.tif	1028502.205125	1028502.463717	1028503.279052	7.341101e-01	30	none	NaN	NaN
131	19	71	43	bathroom	sun_apjevzvycyhuqghb.tif	1028504.048620	1028504.307211	1028505.122602	6.673728e-01	33	none	NaN	NaN
131	19	72	53	bathroom	sun_ausgutylgojavyoq.tif	1028505.892120	1028506.150706	1028506.966107	7.007414e-01	43	none	NaN	NaN
131	19	73	30	bathroom	sun_ajlawzvmubibwbpy.tif	1028507.735608	1028507.994196	1028508.809493	7.674787e-01	20	none	NaN	NaN
131	19	74	32	bathroom	sun_aleqenyvunhactkl.tif	1028509.579102	1028509.837699	1028510.652983	6.590306e-01	22	39	1028511.506171	1
131	19	75	19	bathroom	sun_aclfzgynxzxlbepz.tif	1028512.281787	1028512.540377	1028513.355746	6.590306e-01	9	none	NaN	NaN
131	19	76	46	bathroom	sun_apmqjbnwghzuhhzh.tif	1028514.125275	1028514.383871	1028515.199285	6.840571e-01	36	none	NaN	NaN
131	19	77	18	bathroom	sun_acgyywnybuveqsro.tif	1028515.968769	1028516.227363	1028517.042628	7.758209e-01	8	none	NaN	NaN
131	19	78	27	bathroom	sun_ahcvzmoyaycdoftf.tif	1028517.812268	1028518.070854	1028518.886284	6.757150e-01	17	none	NaN	NaN
131	19	79	51	bathroom	sun_atstyziqcmkahyxk.tif	1028519.655763	1028519.914354	1028520.729612	8.425582e-01	41	none	NaN	NaN
131	19	80	41	bathroom	sun_aoybiabnpadelefl.tif	1028521.499260	1028521.757848	1028522.573195	7.925052e-01	31	none	NaN	NaN
131	19	81	16	bathroom	sun_acduarbnmmoglmiv.tif	1028523.342745	1028523.601341	1028524.416681	8.175317e-01	6	39	1028525.802081	1
131	19	82	42	bathroom	sun_apeeialkgkuxddgh.tif	1028526.579263	1028526.837885	1028527.653296	6.923993e-01	32	none	NaN	NaN
131	19	83	12	bathroom	sun_aapitsgbtktqubfy.tif	1028528.422790	1028528.681379	1028529.496833	6.506885e-01	2	none	NaN	NaN
131	19	84	23	bathroom	sun_aghyqhbptboemmoq.tif	1028530.266284	1028530.524874	1028531.340148	6.506885e-01	13	39	1028532.298104	1
131	19	85	49	bathroom	sun_asfwthctfqerjvxr.tif	1028533.069064	1028533.327650	1028534.142935	6.757150e-01	39	none	NaN	NaN
131	19	86	31	bathroom	sun_akiytfaagpdsphgz.tif	1028534.912558	1028535.171149	1028535.986595	7.925052e-01	21	none	NaN	NaN
131	19	87	26	bathroom	sun_ahaulkltgpkeeemi.tif	1028536.756046	1028537.014644	1028537.830062	7.758209e-01	16	none	NaN	NaN
131	19	88	59	bathroom	sun_axyrejkiiaqiurjk.tif	1028538.599541	1028538.858134	1028539.673345	8.091895e-01	49	none	NaN	NaN
131	19	89	21	bathroom	sun_aggnnqpdorgxpvce.tif	1028540.443037	1028540.701633	1028541.516844	6.923993e-01	11	37	1028542.337954	1
131	19	90	37	bathroom	sun_amzlamotzwfkwjco.tif	1028543.112355	1028543.370947	1028544.186357	6.840571e-01	27	37	1028544.809811	1
131	19	91	25	bathroom	sun_agyqfjcfkdcydepw.tif	1028545.581466	1028545.840058	1028546.655311	8.258738e-01	15	none	NaN	NaN
131	19	92	44	bathroom	sun_apkruvsevgegsdwp.tif	1028547.424962	1028547.683555	1028548.498992	6.923993e-01	34	37	1028549.322114	1
131	19	93	13	bathroom	sun_aavhrsfjbserjtht.tif	1028550.094276	1028550.352867	1028551.168320	8.175317e-01	3	none	NaN	NaN
131	19	94	14	bathroom	sun_abapwbhyhkfixyex.tif	1028551.937772	1028552.196362	1028553.011705	7.925052e-01	4	none	NaN	NaN
131	19	95	15	bathroom	sun_abjtwfukuwddzted.tif	1028553.781265	1028554.039857	1028554.855107	6.673728e-01	5	none	NaN	NaN
131	19	96	17	bathroom	sun_acegryoqftbzowsg.tif	1028555.616422	1028555.875006	1028556.690272	8.091895e-01	7	none	NaN	NaN
131	19	97	39	bathroom	sun_anryaplzeujmzfkd.tif	1028557.459918	1028557.718501	1028558.533894	7.090836e-01	29	37	1028559.770037	0
131	19	98	24	bathroom	sun_agrwbmhcpmfuwmsg.tif	1028560.546308	1028560.804902	1028561.620280	6.590306e-01	14	none	NaN	NaN
131	19	99	52	bathroom	sun_aunuadmjocsddsrl.tif	1028562.389802	1028562.648393	1028563.463755	6.590306e-01	42	39	1028564.394088	1
131	19	100	35	bathroom	sun_alotolagknyrgtsk.tif	1028565.167555	1028565.426150	1028566.241573	6.757150e-01	25	none	NaN	NaN
131	20	1	65	kitchen	sun_aamedkxepzlwuxes.tif	1028572.549885	1028572.808468	1028573.615370	7.257679e-01	55	none	NaN	NaN
131	20	2	76	kitchen	sun_acwjdupvyjsugpay.tif	1028574.385032	1028574.643621	1028575.450571	6.923993e-01	66	none	NaN	NaN
131	20	3	94	kitchen	sun_ahywdevtimnqcsln.tif	1028576.220186	1028576.478773	1028577.285787	8.425582e-01	84	none	NaN	NaN
131	20	4	77	kitchen	sun_acxkpeoqbwcxfvip.tif	1028578.055333	1028578.313928	1028579.120828	7.341101e-01	67	none	NaN	NaN
131	20	5	110	kitchen	sun_azmutvzbxypaceni.tif	1028579.890491	1028580.149078	1028580.955947	6.840571e-01	100	none	NaN	NaN
131	20	6	107	kitchen	sun_axyyrmzcupyhlivc.tif	1028581.725640	1028581.984233	1028582.791143	7.424522e-01	97	none	NaN	NaN
131	20	7	84	kitchen	sun_aexklacwqwezaorf.tif	1028583.560797	1028583.819379	1028584.626403	7.674787e-01	74	37	1028585.490188	1
131	20	8	70	kitchen	sun_abdxkyyxwfskuaqb.tif	1028586.263473	1028586.522067	1028587.329122	6.840571e-01	60	none	NaN	NaN
131	20	9	79	kitchen	sun_admlmbcdswaszruo.tif	1028588.098629	1028588.357217	1028589.164280	8.258738e-01	69	none	NaN	NaN
131	20	10	80	kitchen	sun_aegoxogugdkwpmpj.tif	1028589.933782	1028590.192374	1028590.999466	6.757150e-01	70	none	NaN	NaN
131	20	11	105	kitchen	sun_avszsnwsbuqfgzbn.tif	1028591.768933	1028592.027525	1028592.834393	8.175317e-01	95	none	NaN	NaN
131	20	12	99	kitchen	sun_akcjzhbbjlbogpdi.tif	1028593.604087	1028593.862682	1028594.669649	7.424522e-01	89	none	NaN	NaN
131	20	13	93	kitchen	sun_ahspylgoovwmwvgk.tif	1028595.439239	1028595.697828	1028596.504943	6.923993e-01	83	none	NaN	NaN
131	20	14	71	kitchen	sun_abftihopvusyfakt.tif	1028597.274389	1028597.532984	1028598.339907	6.757150e-01	61	39	1028599.618029	1
131	20	15	100	kitchen	sun_amjjdeyrggfqgmom.tif	1028600.394150	1028600.652742	1028601.459733	7.758209e-01	90	none	NaN	NaN
131	20	16	103	kitchen	sun_aunzlwrbjumxhwdj.tif	1028602.229309	1028602.487895	1028603.294799	7.257679e-01	93	37	1028603.834211	1
131	20	17	97	kitchen	sun_ajkqhtgcbgpcwrwn.tif	1028604.606659	1028604.865252	1028605.672170	7.925052e-01	87	none	NaN	NaN
131	20	18	67	kitchen	sun_aarfiyshqohlwkmo.tif	1028606.441815	1028606.700414	1028607.507362	7.507944e-01	57	37	1028608.466114	1
131	20	19	104	kitchen	sun_auticobqsbwgoppi.tif	1028609.244597	1028609.503185	1028610.310226	7.925052e-01	94	none	NaN	NaN
131	20	20	89	kitchen	sun_agzzivivdpnawacl.tif	1028611.079748	1028611.338337	1028612.145284	8.175317e-01	79	none	NaN	NaN
131	20	21	96	kitchen	sun_ajcbwwvdlsvjyzje.tif	1028612.914899	1028613.173491	1028613.980371	6.506885e-01	86	none	NaN	NaN
131	20	22	86	kitchen	sun_aggjlwcdjsjcaemh.tif	1028614.750054	1028615.008644	1028615.815567	6.840571e-01	76	none	NaN	NaN
131	20	23	90	kitchen	sun_ahdycvpopffkzzsu.tif	1028616.585206	1028616.843799	1028617.650909	6.673728e-01	80	37	1028618.282245	1
131	20	24	98	kitchen	sun_akchetnepxlcxhsu.tif	1028619.054320	1028619.312912	1028620.119993	6.590306e-01	88	none	NaN	NaN
131	20	25	68	kitchen	sun_aaxxjlsuzvqlgylf.tif	1028620.889492	1028621.148063	1028621.955030	7.591366e-01	58	none	NaN	NaN
131	20	26	102	kitchen	sun_auaiucuqpdausiva.tif	1028622.724629	1028622.983218	1028623.790207	7.174258e-01	92	none	NaN	NaN
131	20	27	83	kitchen	sun_aeqdocilnnpuvuhx.tif	1028624.559780	1028624.818369	1028625.625375	6.506885e-01	73	none	NaN	NaN
131	20	28	106	kitchen	sun_awcpdzzznmweyyhv.tif	1028626.394871	1028626.653524	1028627.460387	8.342160e-01	96	none	NaN	NaN
131	20	29	61	kitchen	labelme_brsyyvweiuaazfr.tif	1028628.221744	1028628.480335	1028629.287242	6.590306e-01	51	39	1028629.873859	1
131	20	30	108	kitchen	sun_aymvwlarqodbwuoc.tif	1028630.649143	1028630.907742	1028631.714738	7.674787e-01	98	none	NaN	NaN
131	20	31	101	kitchen	sun_aqeaevwwwjoqhzvl.tif	1028632.484305	1028632.742897	1028633.549812	6.673728e-01	91	none	NaN	NaN
131	20	32	87	kitchen	sun_agorklincwxrdtga.tif	1028634.319458	1028634.578050	1028635.385084	8.008474e-01	77	37	1028635.994245	1
131	20	33	92	kitchen	sun_ahpczsiumwwocjkv.tif	1028636.771888	1028637.030479	1028637.837524	6.673728e-01	82	none	NaN	NaN
131	20	34	69	kitchen	sun_abdenxonkemggwsq.tif	1028638.607046	1028638.865632	1028639.672732	6.590306e-01	59	none	NaN	NaN
131	20	35	91	kitchen	sun_ahljzhgcdpomplvg.tif	1028640.442197	1028640.700787	1028641.507770	7.090836e-01	81	none	NaN	NaN
131	20	36	66	kitchen	sun_aapllqyqlykszopd.tif	1028642.277349	1028642.535939	1028643.342958	8.091895e-01	56	none	NaN	NaN
131	20	37	72	kitchen	sun_abpwyqmlzafvklqo.tif	1028644.112502	1028644.371094	1028645.177952	7.090836e-01	62	none	NaN	NaN
131	20	38	78	kitchen	sun_adgqasybjyktddhj.tif	1028645.947656	1028646.206244	1028647.013117	6.923993e-01	68	none	NaN	NaN
131	20	39	85	kitchen	sun_afuyedyxivkhecmu.tif	1028647.782803	1028648.041401	1028648.848444	8.175317e-01	75	none	NaN	NaN
131	20	40	95	kitchen	sun_aixorpehvfykdynp.tif	1028649.617954	1028649.876553	1028650.683450	7.507944e-01	85	none	NaN	NaN
131	20	41	75	kitchen	sun_acgtpgfybqjmzeyw.tif	1028651.453114	1028651.711705	1028652.518588	7.507944e-01	65	none	NaN	NaN
131	20	42	73	kitchen	sun_abrcnpqqhmjwekyf.tif	1028653.288269	1028653.546862	1028654.353777	7.674787e-01	63	none	NaN	NaN
131	20	43	64	kitchen	sun_aadbddgrdsjugojn.tif	1028655.123420	1028655.382014	1028656.189102	7.674787e-01	54	none	NaN	NaN
131	20	44	109	kitchen	sun_aypmqwcualkenuoe.tif	1028656.958573	1028657.217165	1028658.024117	8.008474e-01	99	none	NaN	NaN
131	20	45	88	kitchen	sun_agubuxuukhzyzpdp.tif	1028658.793720	1028659.052316	1028659.859300	8.091895e-01	78	none	NaN	NaN
131	20	46	74	kitchen	sun_acfmftudsenhrfhy.tif	1028660.628875	1028660.887467	1028661.694570	8.425582e-01	64	none	NaN	NaN
131	20	47	81	kitchen	sun_aehawpgmrlhlvcow.tif	1028662.464029	1028662.722625	1028663.529541	7.841630e-01	71	none	NaN	NaN
131	20	48	63	kitchen	labelme_rykdqxenmhulbdn.tif	1028664.299180	1028664.557777	1028665.364856	7.007414e-01	53	none	NaN	NaN
131	20	49	62	kitchen	labelme_kxvouciolcpqplr.tif	1028666.134336	1028666.392927	1028667.200020	7.758209e-01	52	none	NaN	NaN
131	20	50	82	kitchen	sun_aenotlpyftoioydp.tif	1028667.969491	1028668.228084	1028669.035104	8.509003e-01	72	none	NaN	NaN
131	20	51	103	kitchen	sun_aunzlwrbjumxhwdj.tif	1028669.804646	1028670.063231	1028670.870117	7.257679e-01	93	none	NaN	NaN
131	20	52	72	kitchen	sun_abpwyqmlzafvklqo.tif	1028671.639791	1028671.898384	1028672.705335	8.008474e-01	62	none	NaN	NaN
131	20	53	91	kitchen	sun_ahljzhgcdpomplvg.tif	1028673.474953	1028673.733539	1028674.540626	7.841630e-01	81	none	NaN	NaN
131	20	54	80	kitchen	sun_aegoxogugdkwpmpj.tif	1028675.310104	1028675.568694	1028676.375746	8.258738e-01	70	none	NaN	NaN
131	20	55	99	kitchen	sun_akcjzhbbjlbogpdi.tif	1028677.145254	1028677.403850	1028678.210925	6.673728e-01	89	39	1028679.642215	1
131	20	56	100	kitchen	sun_amjjdeyrggfqgmom.tif	1028680.415163	1028680.673753	1028681.480785	7.758209e-01	90	none	NaN	NaN
131	20	57	104	kitchen	sun_auticobqsbwgoppi.tif	1028682.250314	1028682.508910	1028683.315985	7.591366e-01	94	none	NaN	NaN
131	20	58	96	kitchen	sun_ajcbwwvdlsvjyzje.tif	1028684.085467	1028684.344063	1028685.151011	7.591366e-01	86	none	NaN	NaN
131	20	59	94	kitchen	sun_ahywdevtimnqcsln.tif	1028685.920624	1028686.179212	1028686.986114	8.008474e-01	84	39	1028687.986182	1
131	20	60	89	kitchen	sun_agzzivivdpnawacl.tif	1028688.756795	1028689.015360	1028689.822443	7.090836e-01	79	37	1028690.666195	1
131	20	61	98	kitchen	sun_akchetnepxlcxhsu.tif	1028691.442765	1028691.701355	1028692.508395	8.258738e-01	88	none	NaN	NaN
131	20	62	78	kitchen	sun_adgqasybjyktddhj.tif	1028693.277916	1028693.536505	1028694.343467	6.757150e-01	68	none	NaN	NaN
131	20	63	93	kitchen	sun_ahspylgoovwmwvgk.tif	1028695.113069	1028695.371664	1028696.178711	7.090836e-01	83	none	NaN	NaN
131	20	64	95	kitchen	sun_aixorpehvfykdynp.tif	1028696.948221	1028697.206814	1028698.013857	8.258738e-01	85	none	NaN	NaN
131	20	65	85	kitchen	sun_afuyedyxivkhecmu.tif	1028698.783374	1028699.041971	1028699.848830	6.923993e-01	75	none	NaN	NaN
131	20	66	77	kitchen	sun_acxkpeoqbwcxfvip.tif	1028700.618527	1028700.877120	1028701.684177	7.174258e-01	67	none	NaN	NaN
131	20	67	62	kitchen	labelme_kxvouciolcpqplr.tif	1028702.453682	1028702.712272	1028703.519378	8.258738e-01	52	39	1028704.306345	1
131	20	68	110	kitchen	sun_azmutvzbxypaceni.tif	1028705.081288	1028705.339875	1028706.146782	7.591366e-01	100	none	NaN	NaN
131	20	69	69	kitchen	sun_abdenxonkemggwsq.tif	1028706.916441	1028707.175033	1028707.981930	7.341101e-01	59	none	NaN	NaN
131	20	70	76	kitchen	sun_acwjdupvyjsugpay.tif	1028708.751589	1028709.010184	1028709.817110	7.424522e-01	66	none	NaN	NaN
131	20	71	71	kitchen	sun_abftihopvusyfakt.tif	1028710.586744	1028710.845338	1028711.652412	7.507944e-01	61	none	NaN	NaN
131	20	72	70	kitchen	sun_abdxkyyxwfskuaqb.tif	1028712.421903	1028712.680493	1028713.487436	7.007414e-01	60	39	1028714.890393	0
131	20	73	106	kitchen	sun_awcpdzzznmweyyhv.tif	1028715.666782	1028715.925371	1028716.732401	8.091895e-01	96	none	NaN	NaN
131	20	74	87	kitchen	sun_agorklincwxrdtga.tif	1028717.501939	1028717.760528	1028718.567567	7.925052e-01	77	none	NaN	NaN
131	20	75	79	kitchen	sun_admlmbcdswaszruo.tif	1028719.337094	1028719.595676	1028720.402753	7.341101e-01	69	none	NaN	NaN
131	20	76	108	kitchen	sun_aymvwlarqodbwuoc.tif	1028721.172241	1028721.430830	1028722.237871	8.342160e-01	98	none	NaN	NaN
131	20	77	66	kitchen	sun_aapllqyqlykszopd.tif	1028723.007394	1028723.265986	1028724.073031	7.174258e-01	56	none	NaN	NaN
131	20	78	90	kitchen	sun_ahdycvpopffkzzsu.tif	1028724.842546	1028725.101140	1028725.908184	8.425582e-01	80	none	NaN	NaN
131	20	79	74	kitchen	sun_acfmftudsenhrfhy.tif	1028726.677704	1028726.936289	1028727.743270	6.840571e-01	64	none	NaN	NaN
131	20	80	81	kitchen	sun_aehawpgmrlhlvcow.tif	1028728.512857	1028728.771440	1028729.578464	6.506885e-01	71	none	NaN	NaN
131	20	81	68	kitchen	sun_aaxxjlsuzvqlgylf.tif	1028730.348005	1028730.606600	1028731.413611	8.425582e-01	58	none	NaN	NaN
131	20	82	88	kitchen	sun_agubuxuukhzyzpdp.tif	1028732.183160	1028732.441748	1028733.248747	6.590306e-01	78	none	NaN	NaN
131	20	83	67	kitchen	sun_aarfiyshqohlwkmo.tif	1028734.018312	1028734.276904	1028735.083966	7.257679e-01	57	none	NaN	NaN
131	20	84	92	kitchen	sun_ahpczsiumwwocjkv.tif	1028735.853462	1028736.112059	1028736.919063	7.841630e-01	82	none	NaN	NaN
131	20	85	86	kitchen	sun_aggjlwcdjsjcaemh.tif	1028737.688615	1028737.947209	1028738.754171	7.424522e-01	76	none	NaN	NaN
131	20	86	73	kitchen	sun_abrcnpqqhmjwekyf.tif	1028739.523773	1028739.782365	1028740.589407	7.758209e-01	63	39	1028741.602158	1
131	20	87	61	kitchen	labelme_brsyyvweiuaazfr.tif	1028742.376599	1028742.635190	1028743.442146	8.342160e-01	51	none	NaN	NaN
131	20	88	101	kitchen	sun_aqeaevwwwjoqhzvl.tif	1028744.211749	1028744.470340	1028745.277364	7.007414e-01	91	none	NaN	NaN
131	20	89	109	kitchen	sun_aypmqwcualkenuoe.tif	1028746.046906	1028746.305496	1028747.112416	8.342160e-01	99	none	NaN	NaN
131	20	90	75	kitchen	sun_acgtpgfybqjmzeyw.tif	1028747.882062	1028748.140648	1028748.947544	7.174258e-01	65	39	1028751.058223	1
131	20	91	63	kitchen	labelme_rykdqxenmhulbdn.tif	1028751.835978	1028752.094566	1028752.901632	8.091895e-01	53	none	NaN	NaN
131	20	92	65	kitchen	sun_aamedkxepzlwuxes.tif	1028753.671131	1028753.929725	1028754.736793	7.925052e-01	55	none	NaN	NaN
131	20	93	64	kitchen	sun_aadbddgrdsjugojn.tif	1028755.506287	1028755.764875	1028756.571793	7.841630e-01	54	none	NaN	NaN
131	20	94	102	kitchen	sun_auaiucuqpdausiva.tif	1028757.341439	1028757.600028	1028758.406903	6.757150e-01	92	none	NaN	NaN
131	20	95	84	kitchen	sun_aexklacwqwezaorf.tif	1028759.168252	1028759.426837	1028760.233744	7.591366e-01	74	none	NaN	NaN
131	20	96	105	kitchen	sun_avszsnwsbuqfgzbn.tif	1028761.003393	1028761.261992	1028762.069037	8.509003e-01	95	none	NaN	NaN
131	20	97	83	kitchen	sun_aeqdocilnnpuvuhx.tif	1028762.838559	1028763.097146	1028763.904113	7.007414e-01	73	none	NaN	NaN
131	20	98	97	kitchen	sun_ajkqhtgcbgpcwrwn.tif	1028764.673713	1028764.932294	1028765.739328	8.175317e-01	87	none	NaN	NaN
131	20	99	107	kitchen	sun_axyyrmzcupyhlivc.tif	1028766.508858	1028766.767448	1028767.574368	7.341101e-01	97	none	NaN	NaN
131	20	100	82	kitchen	sun_aenotlpyftoioydp.tif	1028768.344014	1028768.602602	1028769.409706	6.923993e-01	72	37	1028770.114175	1
