subject	block	trial	texture	category	image	trialOnset	itiOnset	trialEnd	iti	EEGtrigger	responseKey	responseTime	accuracy
108	1	1	13	bathroom	sun_aavhrsfjbserjtht.tif	1717005.693695	1717005.952277	1717006.692465	7.507597e-01	3	none	NaN	NaN
108	1	2	49	bathroom	sun_asfwthctfqerjvxr.tif	1717007.462114	1717007.720700	1717008.460884	8.425192e-01	39	none	NaN	NaN
108	1	3	25	bathroom	sun_agyqfjcfkdcydepw.tif	1717009.230531	1717009.489121	1717010.229360	6.590001e-01	15	37	1717010.892238	0
108	1	4	38	bathroom	sun_anhioqovhscjqqwb.tif	1717011.666284	1717011.924870	1717012.665191	7.841268e-01	28	none	NaN	NaN
108	1	5	37	bathroom	sun_amzlamotzwfkwjco.tif	1717013.434704	1717013.693297	1717014.433506	7.173926e-01	27	none	NaN	NaN
108	1	6	16	bathroom	sun_acduarbnmmoglmiv.tif	1717015.203122	1717015.461713	1717016.201975	6.923672e-01	6	none	NaN	NaN
108	1	7	41	bathroom	sun_aoybiabnpadelefl.tif	1717016.971542	1717017.230131	1717017.970265	6.923672e-01	31	39	1717018.980077	1
108	1	8	55	bathroom	sun_avhrdrntsqrjzccq.tif	1717019.757641	1717020.016230	1717020.756342	6.923672e-01	45	none	NaN	NaN
108	1	9	60	bathroom	sun_azqyogdvyhahyram.tif	1717021.526058	1717021.784652	1717022.524984	7.424179e-01	50	37	1717023.331969	1
108	1	10	29	bathroom	sun_ahqjwnzgolcaoidx.tif	1717024.103619	1717024.362202	1717025.102393	7.340761e-01	19	none	NaN	NaN
108	1	11	15	bathroom	sun_abjtwfukuwddzted.tif	1717025.872035	1717026.130624	1717026.870805	8.341774e-01	5	37	1717027.636292	1
108	1	12	39	bathroom	sun_anryaplzeujmzfkd.tif	1717028.407882	1717028.666476	1717029.406759	6.756837e-01	29	none	NaN	NaN
108	1	13	17	bathroom	sun_acegryoqftbzowsg.tif	1717030.176301	1717030.434889	1717031.175034	8.091521e-01	7	none	NaN	NaN
108	1	14	30	bathroom	sun_ajlawzvmubibwbpy.tif	1717031.944726	1717032.203312	1717032.943478	8.174939e-01	20	none	NaN	NaN
108	1	15	23	bathroom	sun_aghyqhbptboemmoq.tif	1717033.713143	1717033.971734	1717034.712061	7.841268e-01	13	none	NaN	NaN
108	1	16	53	bathroom	sun_ausgutylgojavyoq.tif	1717035.481567	1717035.740154	1717036.480355	7.507597e-01	43	none	NaN	NaN
108	1	17	59	bathroom	sun_axyrejkiiaqiurjk.tif	1717037.249984	1717037.508577	1717038.248695	7.424179e-01	49	none	NaN	NaN
108	1	18	58	bathroom	sun_axxbkopsgyouuebh.tif	1717039.018409	1717039.276999	1717040.017262	7.340761e-01	48	none	NaN	NaN
108	1	19	14	bathroom	sun_abapwbhyhkfixyex.tif	1717040.786827	1717041.045413	1717041.785643	7.090508e-01	4	none	NaN	NaN
108	1	20	33	bathroom	sun_aljolscmmzydegqp.tif	1717042.555249	1717042.813838	1717043.554094	6.923672e-01	23	none	NaN	NaN
108	1	21	46	bathroom	sun_apmqjbnwghzuhhzh.tif	1717044.323667	1717044.582255	1717045.322369	7.340761e-01	36	37	1717046.123941	0
108	1	22	18	bathroom	sun_acgyywnybuveqsro.tif	1717046.901225	1717047.159814	1717047.900137	6.756837e-01	8	none	NaN	NaN
108	1	23	19	bathroom	sun_aclfzgynxzxlbepz.tif	1717048.669646	1717048.928249	1717049.668327	7.757850e-01	9	none	NaN	NaN
108	1	24	11	bathroom	labelme_sfxiulhjbhlyiyt.tif	1717050.438062	1717050.696656	1717051.436931	6.673419e-01	1	39	1717052.564317	1
108	1	25	27	bathroom	sun_ahcvzmoyaycdoftf.tif	1717053.340943	1717053.599534	1717054.339809	8.258356e-01	17	none	NaN	NaN
108	1	26	21	bathroom	sun_aggnnqpdorgxpvce.tif	1717055.109359	1717055.367946	1717056.108193	7.591014e-01	11	none	NaN	NaN
108	1	27	42	bathroom	sun_apeeialkgkuxddgh.tif	1717056.877782	1717057.136373	1717057.876569	7.591014e-01	32	none	NaN	NaN
108	1	28	56	bathroom	sun_awnqiikzaispgmwo.tif	1717058.646202	1717058.904793	1717059.644968	8.174939e-01	46	none	NaN	NaN
108	1	29	44	bathroom	sun_apkruvsevgegsdwp.tif	1717060.414627	1717060.673210	1717061.413441	7.424179e-01	34	none	NaN	NaN
108	1	30	20	bathroom	sun_afcoljnjfoxjtgja.tif	1717062.183048	1717062.441630	1717063.181738	7.173926e-01	10	none	NaN	NaN
108	1	31	28	bathroom	sun_ahijqszoswveeyji.tif	1717063.951467	1717064.210057	1717064.950233	8.425192e-01	18	none	NaN	NaN
108	1	32	26	bathroom	sun_ahaulkltgpkeeemi.tif	1717065.719884	1717065.978472	1717066.718652	7.674432e-01	16	none	NaN	NaN
108	1	33	22	bathroom	sun_agguqiubmwhqqunb.tif	1717067.488306	1717067.746892	1717068.487033	6.923672e-01	12	none	NaN	NaN
108	1	34	47	bathroom	sun_apynckhmoftszqoq.tif	1717069.256727	1717069.515311	1717070.255443	7.591014e-01	37	none	NaN	NaN
108	1	35	45	bathroom	sun_apkxzenqapsujocq.tif	1717071.025142	1717071.283736	1717072.023929	8.174939e-01	35	none	NaN	NaN
108	1	36	34	bathroom	sun_alkosphxlxwjwgjd.tif	1717072.793562	1717073.052151	1717073.792293	8.341774e-01	24	none	NaN	NaN
108	1	37	12	bathroom	sun_aapitsgbtktqubfy.tif	1717074.561985	1717074.820572	1717075.560872	8.091521e-01	2	none	NaN	NaN
108	1	38	52	bathroom	sun_aunuadmjocsddsrl.tif	1717076.330409	1717076.588993	1717077.329307	7.090508e-01	42	none	NaN	NaN
108	1	39	50	bathroom	sun_aspsyogrekjtfozg.tif	1717078.098824	1717078.357421	1717079.097689	7.924685e-01	40	none	NaN	NaN
108	1	40	54	bathroom	sun_auzqhkafidnkrwmo.tif	1717079.867246	1717080.125838	1717080.866011	6.506584e-01	44	none	NaN	NaN
108	1	41	31	bathroom	sun_akiytfaagpdsphgz.tif	1717081.635665	1717081.894254	1717082.634492	6.590001e-01	21	39	1717084.660490	1
108	1	42	48	bathroom	sun_aqrpegblszgcoujh.tif	1717085.431097	1717085.689691	1717086.429817	8.091521e-01	38	none	NaN	NaN
108	1	43	35	bathroom	sun_alotolagknyrgtsk.tif	1717087.199514	1717087.458108	1717088.198378	8.008103e-01	25	none	NaN	NaN
108	1	44	24	bathroom	sun_agrwbmhcpmfuwmsg.tif	1717088.967936	1717089.226524	1717089.966858	7.257343e-01	14	none	NaN	NaN
108	1	45	40	bathroom	sun_aofnryafpsjimzsb.tif	1717090.736357	1717090.994944	1717091.735274	7.841268e-01	30	none	NaN	NaN
108	1	46	36	bathroom	sun_ambriybtogmepttm.tif	1717092.504779	1717092.763370	1717093.503554	7.757850e-01	26	none	NaN	NaN
108	1	47	57	bathroom	sun_axldvoqbuvuggfmq.tif	1717094.273196	1717094.531782	1717095.272027	8.258356e-01	47	none	NaN	NaN
108	1	48	43	bathroom	sun_apjevzvycyhuqghb.tif	1717096.041618	1717096.300207	1717097.040446	6.506584e-01	33	none	NaN	NaN
108	1	49	32	bathroom	sun_aleqenyvunhactkl.tif	1717097.810040	1717098.068632	1717098.808920	7.007090e-01	22	none	NaN	NaN
108	1	50	51	bathroom	sun_atstyziqcmkahyxk.tif	1717099.578458	1717099.837048	1717100.577242	8.008103e-01	41	none	NaN	NaN
108	1	51	59	bathroom	sun_axyrejkiiaqiurjk.tif	1717101.346881	1717101.605467	1717102.345659	7.007090e-01	49	none	NaN	NaN
108	1	52	11	bathroom	labelme_sfxiulhjbhlyiyt.tif	1717103.115297	1717103.373889	1717104.114137	7.340761e-01	1	none	NaN	NaN
108	1	53	25	bathroom	sun_agyqfjcfkdcydepw.tif	1717104.883722	1717105.142308	1717105.882590	7.507597e-01	15	none	NaN	NaN
108	1	54	16	bathroom	sun_acduarbnmmoglmiv.tif	1717106.652139	1717106.910727	1717107.651028	7.173926e-01	6	none	NaN	NaN
108	1	55	21	bathroom	sun_aggnnqpdorgxpvce.tif	1717108.420563	1717108.679148	1717109.419358	7.591014e-01	11	none	NaN	NaN
108	1	56	51	bathroom	sun_atstyziqcmkahyxk.tif	1717110.188983	1717110.447572	1717111.187898	7.924685e-01	41	none	NaN	NaN
108	1	57	32	bathroom	sun_aleqenyvunhactkl.tif	1717111.957401	1717112.215988	1717112.956305	7.924685e-01	22	none	NaN	NaN
108	1	58	33	bathroom	sun_aljolscmmzydegqp.tif	1717113.725820	1717113.984409	1717114.724654	7.674432e-01	23	none	NaN	NaN
108	1	59	18	bathroom	sun_acgyywnybuveqsro.tif	1717115.494241	1717115.752828	1717116.493003	7.090508e-01	8	none	NaN	NaN
108	1	60	36	bathroom	sun_ambriybtogmepttm.tif	1717117.262662	1717117.521250	1717118.261360	7.841268e-01	26	none	NaN	NaN
108	1	61	13	bathroom	sun_aavhrsfjbserjtht.tif	1717119.031080	1717119.289673	1717120.029942	8.508609e-01	3	none	NaN	NaN
108	1	62	56	bathroom	sun_awnqiikzaispgmwo.tif	1717120.799502	1717121.058087	1717121.798198	7.757850e-01	46	39	1717123.436473	1
108	1	63	14	bathroom	sun_abapwbhyhkfixyex.tif	1717124.211214	1717124.469808	1717125.209918	6.590001e-01	4	none	NaN	NaN
108	1	64	45	bathroom	sun_apkxzenqapsujocq.tif	1717125.979636	1717126.238229	1717126.978445	8.091521e-01	35	none	NaN	NaN
108	1	65	38	bathroom	sun_anhioqovhscjqqwb.tif	1717127.748056	1717128.006647	1717128.746748	8.258356e-01	28	37	1717129.420365	1
108	1	66	44	bathroom	sun_apkruvsevgegsdwp.tif	1717130.192147	1717130.450736	1717131.190941	8.008103e-01	34	37	1717132.164205	1
108	1	67	35	bathroom	sun_alotolagknyrgtsk.tif	1717132.936536	1717133.195129	1717133.935342	6.673419e-01	25	none	NaN	NaN
108	1	68	55	bathroom	sun_avhrdrntsqrjzccq.tif	1717134.704954	1717134.963544	1717135.703700	6.756837e-01	45	39	1717136.916484	1
108	1	69	22	bathroom	sun_agguqiubmwhqqunb.tif	1717137.691254	1717137.949840	1717138.689976	6.840255e-01	12	none	NaN	NaN
108	1	70	24	bathroom	sun_agrwbmhcpmfuwmsg.tif	1717139.459669	1717139.718257	1717140.458518	7.424179e-01	14	none	NaN	NaN
108	1	71	47	bathroom	sun_apynckhmoftszqoq.tif	1717141.228092	1717141.486685	1717142.226967	8.341774e-01	37	none	NaN	NaN
108	1	72	53	bathroom	sun_ausgutylgojavyoq.tif	1717142.996513	1717143.255098	1717143.995279	7.591014e-01	43	none	NaN	NaN
108	1	73	15	bathroom	sun_abjtwfukuwddzted.tif	1717144.764934	1717145.023524	1717145.763652	8.008103e-01	5	none	NaN	NaN
108	1	74	28	bathroom	sun_ahijqszoswveeyji.tif	1717146.533353	1717146.791941	1717147.532090	7.257343e-01	18	none	NaN	NaN
108	1	75	26	bathroom	sun_ahaulkltgpkeeemi.tif	1717148.301775	1717148.560360	1717149.300658	8.174939e-01	16	37	1717149.972210	1
108	1	76	58	bathroom	sun_axxbkopsgyouuebh.tif	1717150.745859	1717151.004450	1717151.744614	6.840255e-01	48	none	NaN	NaN
108	1	77	17	bathroom	sun_acegryoqftbzowsg.tif	1717152.514280	1717152.772870	1717153.513058	6.840255e-01	7	37	1717154.244368	1
108	1	78	54	bathroom	sun_auzqhkafidnkrwmo.tif	1717155.016784	1717155.275376	1717156.015650	8.341774e-01	44	none	NaN	NaN
108	1	79	30	bathroom	sun_ajlawzvmubibwbpy.tif	1717156.785185	1717157.043772	1717157.783953	7.173926e-01	20	none	NaN	NaN
108	1	80	19	bathroom	sun_aclfzgynxzxlbepz.tif	1717158.553599	1717158.812189	1717159.552392	8.258356e-01	9	none	NaN	NaN
108	1	81	60	bathroom	sun_azqyogdvyhahyram.tif	1717160.322025	1717160.580606	1717161.320800	7.257343e-01	50	none	NaN	NaN
108	1	82	50	bathroom	sun_aspsyogrekjtfozg.tif	1717162.090444	1717162.349036	1717163.089181	7.757850e-01	40	none	NaN	NaN
108	1	83	42	bathroom	sun_apeeialkgkuxddgh.tif	1717163.858864	1717164.117452	1717164.857581	7.007090e-01	32	none	NaN	NaN
108	1	84	49	bathroom	sun_asfwthctfqerjvxr.tif	1717165.627287	1717165.885875	1717166.626127	7.674432e-01	39	none	NaN	NaN
108	1	85	27	bathroom	sun_ahcvzmoyaycdoftf.tif	1717167.395706	1717167.654292	1717168.394420	7.007090e-01	17	none	NaN	NaN
108	1	86	12	bathroom	sun_aapitsgbtktqubfy.tif	1717169.164124	1717169.422717	1717170.162951	7.257343e-01	2	none	NaN	NaN
108	1	87	23	bathroom	sun_aghyqhbptboemmoq.tif	1717170.932550	1717171.191131	1717171.931278	6.506584e-01	13	39	1717173.012312	1
108	1	88	20	bathroom	sun_afcoljnjfoxjtgja.tif	1717173.785371	1717174.043966	1717174.784143	8.425192e-01	10	none	NaN	NaN
108	1	89	40	bathroom	sun_aofnryafpsjimzsb.tif	1717175.553790	1717175.812378	1717176.552492	6.590001e-01	30	none	NaN	NaN
108	1	90	39	bathroom	sun_anryaplzeujmzfkd.tif	1717177.322213	1717177.580806	1717178.321146	6.840255e-01	29	none	NaN	NaN
108	1	91	43	bathroom	sun_apjevzvycyhuqghb.tif	1717179.090635	1717179.349221	1717180.089329	8.258356e-01	33	none	NaN	NaN
108	1	92	34	bathroom	sun_alkosphxlxwjwgjd.tif	1717180.859053	1717181.117644	1717181.857915	6.673419e-01	24	none	NaN	NaN
108	1	93	41	bathroom	sun_aoybiabnpadelefl.tif	1717182.627475	1717182.886069	1717183.626306	8.425192e-01	31	none	NaN	NaN
108	1	94	46	bathroom	sun_apmqjbnwghzuhhzh.tif	1717184.395894	1717184.654482	1717185.394732	6.756837e-01	36	none	NaN	NaN
108	1	95	57	bathroom	sun_axldvoqbuvuggfmq.tif	1717186.164314	1717186.422902	1717187.163011	8.508609e-01	47	none	NaN	NaN
108	1	96	31	bathroom	sun_akiytfaagpdsphgz.tif	1717187.932735	1717188.191323	1717188.931641	7.507597e-01	21	37	1717189.580441	1
108	1	97	37	bathroom	sun_amzlamotzwfkwjco.tif	1717190.351795	1717190.610387	1717191.350491	7.090508e-01	27	none	NaN	NaN
108	1	98	29	bathroom	sun_ahqjwnzgolcaoidx.tif	1717192.120220	1717192.378807	1717193.118901	7.674432e-01	19	none	NaN	NaN
108	1	99	52	bathroom	sun_aunuadmjocsddsrl.tif	1717193.888633	1717194.147226	1717194.887406	7.924685e-01	42	none	NaN	NaN
108	1	100	48	bathroom	sun_aqrpegblszgcoujh.tif	1717195.657058	1717195.915655	1717196.655806	6.673419e-01	38	none	NaN	NaN
108	2	1	62	kitchen	labelme_kxvouciolcpqplr.tif	1717214.959534	1717215.218120	1717215.908366	8.258356e-01	52	none	NaN	NaN
108	2	2	82	kitchen	sun_aenotlpyftoioydp.tif	1717216.677905	1717216.936488	1717217.626688	7.007090e-01	72	none	NaN	NaN
108	2	3	80	kitchen	sun_aegoxogugdkwpmpj.tif	1717218.396271	1717218.654862	1717219.344980	8.258356e-01	70	none	NaN	NaN
108	2	4	84	kitchen	sun_aexklacwqwezaorf.tif	1717220.114645	1717220.373232	1717221.063410	7.507597e-01	74	none	NaN	NaN
108	2	5	88	kitchen	sun_agubuxuukhzyzpdp.tif	1717221.833016	1717222.091598	1717222.781761	7.424179e-01	78	none	NaN	NaN
108	2	6	85	kitchen	sun_afuyedyxivkhecmu.tif	1717223.551385	1717223.809974	1717224.500236	7.924685e-01	75	37	1717225.404444	1
108	2	7	73	kitchen	sun_abrcnpqqhmjwekyf.tif	1717226.178989	1717226.437572	1717227.127707	7.591014e-01	63	none	NaN	NaN
108	2	8	99	kitchen	sun_akcjzhbbjlbogpdi.tif	1717227.897357	1717228.155945	1717228.846194	7.257343e-01	89	none	NaN	NaN
108	2	9	75	kitchen	sun_acgtpgfybqjmzeyw.tif	1717229.615729	1717229.874315	1717230.564381	7.591014e-01	65	none	NaN	NaN
108	2	10	92	kitchen	sun_ahpczsiumwwocjkv.tif	1717231.334104	1717231.592693	1717232.282816	7.591014e-01	82	none	NaN	NaN
108	2	11	67	kitchen	sun_aarfiyshqohlwkmo.tif	1717233.052470	1717233.311062	1717234.001143	7.507597e-01	57	37	1717234.660167	1
108	2	12	89	kitchen	sun_agzzivivdpnawacl.tif	1717235.438165	1717235.696756	1717236.387039	7.090508e-01	79	none	NaN	NaN
108	2	13	87	kitchen	sun_agorklincwxrdtga.tif	1717237.156536	1717237.415122	1717238.105191	8.341774e-01	77	none	NaN	NaN
108	2	14	70	kitchen	sun_abdxkyyxwfskuaqb.tif	1717238.874910	1717239.133500	1717239.823621	7.007090e-01	60	none	NaN	NaN
108	2	15	69	kitchen	sun_abdenxonkemggwsq.tif	1717240.593282	1717240.851872	1717241.542147	6.506584e-01	59	none	NaN	NaN
108	2	16	66	kitchen	sun_aapllqyqlykszopd.tif	1717242.311654	1717242.570240	1717243.260468	7.340761e-01	56	37	1717244.300311	0
108	2	17	104	kitchen	sun_auticobqsbwgoppi.tif	1717245.072724	1717245.331316	1717246.021557	8.008103e-01	94	none	NaN	NaN
108	2	18	90	kitchen	sun_ahdycvpopffkzzsu.tif	1717246.791094	1717247.049680	1717247.739831	6.840255e-01	80	none	NaN	NaN
108	2	19	96	kitchen	sun_ajcbwwvdlsvjyzje.tif	1717248.509467	1717248.768052	1717249.458239	6.923672e-01	86	none	NaN	NaN
108	2	20	65	kitchen	sun_aamedkxepzlwuxes.tif	1717250.227831	1717250.486424	1717251.176585	7.090508e-01	55	none	NaN	NaN
108	2	21	106	kitchen	sun_awcpdzzznmweyyhv.tif	1717251.946200	1717252.204793	1717252.894931	7.674432e-01	96	none	NaN	NaN
108	2	22	83	kitchen	sun_aeqdocilnnpuvuhx.tif	1717253.664573	1717253.923165	1717254.613437	8.425192e-01	73	none	NaN	NaN
108	2	23	64	kitchen	sun_aadbddgrdsjugojn.tif	1717255.382944	1717255.641537	1717256.331625	7.841268e-01	54	none	NaN	NaN
108	2	24	61	kitchen	labelme_brsyyvweiuaazfr.tif	1717257.101318	1717257.359900	1717258.050155	7.173926e-01	51	none	NaN	NaN
108	2	25	107	kitchen	sun_axyyrmzcupyhlivc.tif	1717258.819684	1717259.078275	1717259.768370	7.340761e-01	97	none	NaN	NaN
108	2	26	91	kitchen	sun_ahljzhgcdpomplvg.tif	1717260.538061	1717260.796649	1717261.486885	6.590001e-01	81	none	NaN	NaN
108	2	27	94	kitchen	sun_ahywdevtimnqcsln.tif	1717262.256427	1717262.515020	1717263.205146	7.507597e-01	84	none	NaN	NaN
108	2	28	78	kitchen	sun_adgqasybjyktddhj.tif	1717263.974800	1717264.233391	1717264.923633	7.257343e-01	68	none	NaN	NaN
108	2	29	102	kitchen	sun_auaiucuqpdausiva.tif	1717265.693168	1717265.951759	1717266.641921	6.923672e-01	92	none	NaN	NaN
108	2	30	95	kitchen	sun_aixorpehvfykdynp.tif	1717267.411540	1717267.670126	1717268.360287	6.673419e-01	85	none	NaN	NaN
108	2	31	81	kitchen	sun_aehawpgmrlhlvcow.tif	1717269.129913	1717269.388499	1717270.078545	7.007090e-01	71	39	1717272.748501	1
108	2	32	74	kitchen	sun_acfmftudsenhrfhy.tif	1717273.525935	1717273.784526	1717274.474606	8.341774e-01	64	37	1717275.748417	1
108	2	33	72	kitchen	sun_abpwyqmlzafvklqo.tif	1717276.520571	1717276.779159	1717277.469294	7.090508e-01	62	none	NaN	NaN
108	2	34	109	kitchen	sun_aypmqwcualkenuoe.tif	1717278.238940	1717278.497533	1717279.188413	7.173926e-01	99	37	1717280.068473	1
108	2	35	63	kitchen	labelme_rykdqxenmhulbdn.tif	1717280.841519	1717281.100110	1717281.790305	7.757850e-01	53	none	NaN	NaN
108	2	36	105	kitchen	sun_avszsnwsbuqfgzbn.tif	1717282.559892	1717282.818484	1717283.508727	7.090508e-01	95	none	NaN	NaN
108	2	37	98	kitchen	sun_akchetnepxlcxhsu.tif	1717284.278265	1717284.536851	1717285.227051	8.091521e-01	88	none	NaN	NaN
108	2	38	86	kitchen	sun_aggjlwcdjsjcaemh.tif	1717285.996632	1717286.255223	1717286.945416	6.673419e-01	76	none	NaN	NaN
108	2	39	68	kitchen	sun_aaxxjlsuzvqlgylf.tif	1717287.715003	1717287.973590	1717288.663774	7.591014e-01	58	none	NaN	NaN
108	2	40	71	kitchen	sun_abftihopvusyfakt.tif	1717289.433376	1717289.691966	1717290.382140	8.425192e-01	61	none	NaN	NaN
108	2	41	93	kitchen	sun_ahspylgoovwmwvgk.tif	1717291.151746	1717291.410329	1717292.100390	7.674432e-01	83	37	1717293.548511	0
108	2	42	100	kitchen	sun_amjjdeyrggfqgmom.tif	1717294.321552	1717294.580145	1717295.270192	8.174939e-01	90	none	NaN	NaN
108	2	43	108	kitchen	sun_aymvwlarqodbwuoc.tif	1717296.039925	1717296.298515	1717296.988657	6.756837e-01	98	none	NaN	NaN
108	2	44	76	kitchen	sun_acwjdupvyjsugpay.tif	1717297.758298	1717298.016888	1717298.707148	7.841268e-01	66	none	NaN	NaN
108	2	45	97	kitchen	sun_ajkqhtgcbgpcwrwn.tif	1717299.476665	1717299.735259	1717300.425381	7.757850e-01	87	none	NaN	NaN
108	2	46	79	kitchen	sun_admlmbcdswaszruo.tif	1717301.186694	1717301.445283	1717302.135492	8.258356e-01	69	none	NaN	NaN
108	2	47	77	kitchen	sun_acxkpeoqbwcxfvip.tif	1717302.905065	1717303.163655	1717303.853757	7.924685e-01	67	none	NaN	NaN
108	2	48	103	kitchen	sun_aunzlwrbjumxhwdj.tif	1717304.623436	1717304.882022	1717305.572212	7.841268e-01	93	none	NaN	NaN
108	2	49	110	kitchen	sun_azmutvzbxypaceni.tif	1717306.341804	1717306.600393	1717307.290438	8.008103e-01	100	none	NaN	NaN
108	2	50	101	kitchen	sun_aqeaevwwwjoqhzvl.tif	1717308.060174	1717308.318766	1717309.008847	7.173926e-01	91	none	NaN	NaN
108	2	51	88	kitchen	sun_agubuxuukhzyzpdp.tif	1717309.778548	1717310.037138	1717310.727390	8.174939e-01	78	none	NaN	NaN
108	2	52	92	kitchen	sun_ahpczsiumwwocjkv.tif	1717311.496918	1717311.755504	1717312.445626	6.923672e-01	82	39	1717313.836593	1
108	2	53	66	kitchen	sun_aapllqyqlykszopd.tif	1717314.608337	1717314.866923	1717315.557089	8.091521e-01	56	none	NaN	NaN
108	2	54	102	kitchen	sun_auaiucuqpdausiva.tif	1717316.326706	1717316.585292	1717317.275575	7.924685e-01	92	37	1717318.316745	1
108	2	55	78	kitchen	sun_adgqasybjyktddhj.tif	1717319.087774	1717319.346369	1717320.036522	7.924685e-01	68	none	NaN	NaN
108	2	56	68	kitchen	sun_aaxxjlsuzvqlgylf.tif	1717320.806150	1717321.064736	1717321.754842	6.756837e-01	58	none	NaN	NaN
108	2	57	62	kitchen	labelme_kxvouciolcpqplr.tif	1717322.524518	1717322.783110	1717323.473186	6.590001e-01	52	none	NaN	NaN
108	2	58	100	kitchen	sun_amjjdeyrggfqgmom.tif	1717324.242889	1717324.501480	1717325.191563	6.923672e-01	90	none	NaN	NaN
108	2	59	74	kitchen	sun_acfmftudsenhrfhy.tif	1717325.961258	1717326.219842	1717326.910131	7.173926e-01	64	none	NaN	NaN
108	2	60	109	kitchen	sun_aypmqwcualkenuoe.tif	1717327.679630	1717327.938221	1717328.628305	8.425192e-01	99	none	NaN	NaN
108	2	61	105	kitchen	sun_avszsnwsbuqfgzbn.tif	1717329.398000	1717329.656586	1717330.346803	7.591014e-01	95	none	NaN	NaN
108	2	62	67	kitchen	sun_aarfiyshqohlwkmo.tif	1717331.116367	1717331.374960	1717332.065204	6.840255e-01	57	none	NaN	NaN
108	2	63	83	kitchen	sun_aeqdocilnnpuvuhx.tif	1717332.834740	1717333.093331	1717333.783369	6.673419e-01	73	none	NaN	NaN
108	2	64	90	kitchen	sun_ahdycvpopffkzzsu.tif	1717334.553113	1717334.811698	1717335.501747	6.756837e-01	80	none	NaN	NaN
108	2	65	75	kitchen	sun_acgtpgfybqjmzeyw.tif	1717336.271483	1717336.530070	1717337.220330	7.757850e-01	65	none	NaN	NaN
108	2	66	101	kitchen	sun_aqeaevwwwjoqhzvl.tif	1717337.989854	1717338.248440	1717338.938619	7.757850e-01	91	none	NaN	NaN
108	2	67	82	kitchen	sun_aenotlpyftoioydp.tif	1717339.708225	1717339.966816	1717340.657076	6.840255e-01	72	37	1717341.484593	0
108	2	68	97	kitchen	sun_ajkqhtgcbgpcwrwn.tif	1717342.260753	1717342.519340	1717343.209386	7.007090e-01	87	none	NaN	NaN
108	2	69	77	kitchen	sun_acxkpeoqbwcxfvip.tif	1717343.979123	1717344.237710	1717344.927998	7.340761e-01	67	none	NaN	NaN
108	2	70	63	kitchen	labelme_rykdqxenmhulbdn.tif	1717345.697492	1717345.956087	1717346.646283	7.424179e-01	53	none	NaN	NaN
108	2	71	87	kitchen	sun_agorklincwxrdtga.tif	1717347.415863	1717347.674451	1717348.364550	8.341774e-01	77	none	NaN	NaN
108	2	72	84	kitchen	sun_aexklacwqwezaorf.tif	1717349.134232	1717349.392822	1717350.082962	7.674432e-01	74	none	NaN	NaN
108	2	73	94	kitchen	sun_ahywdevtimnqcsln.tif	1717350.852606	1717351.111194	1717351.801244	6.923672e-01	84	37	1717352.596663	1
108	2	74	65	kitchen	sun_aamedkxepzlwuxes.tif	1717353.371770	1717353.630358	1717354.320453	8.508609e-01	55	none	NaN	NaN
108	2	75	96	kitchen	sun_ajcbwwvdlsvjyzje.tif	1717355.090139	1717355.348733	1717356.038860	7.507597e-01	86	39	1717356.780647	1
108	2	76	106	kitchen	sun_awcpdzzznmweyyhv.tif	1717357.550912	1717357.809502	1717358.499577	8.008103e-01	96	none	NaN	NaN
108	2	77	80	kitchen	sun_aegoxogugdkwpmpj.tif	1717359.269286	1717359.527873	1717360.218099	8.258356e-01	70	37	1717361.012555	1
108	2	78	95	kitchen	sun_aixorpehvfykdynp.tif	1717361.788451	1717362.047041	1717362.737283	7.424179e-01	85	none	NaN	NaN
108	2	79	81	kitchen	sun_aehawpgmrlhlvcow.tif	1717363.506818	1717363.765407	1717364.455685	8.174939e-01	71	none	NaN	NaN
108	2	80	76	kitchen	sun_acwjdupvyjsugpay.tif	1717365.225188	1717365.483778	1717366.173851	6.590001e-01	66	39	1717366.852592	1
108	2	81	61	kitchen	labelme_brsyyvweiuaazfr.tif	1717367.627571	1717367.886159	1717368.576417	8.091521e-01	51	none	NaN	NaN
108	2	82	98	kitchen	sun_akchetnepxlcxhsu.tif	1717369.345938	1717369.604534	1717370.294612	8.008103e-01	88	none	NaN	NaN
108	2	83	91	kitchen	sun_ahljzhgcdpomplvg.tif	1717371.064309	1717371.322904	1717372.012982	6.506584e-01	81	none	NaN	NaN
108	2	84	72	kitchen	sun_abpwyqmlzafvklqo.tif	1717372.782685	1717373.041277	1717373.731550	6.590001e-01	62	none	NaN	NaN
108	2	85	107	kitchen	sun_axyyrmzcupyhlivc.tif	1717374.501050	1717374.759643	1717375.449757	7.424179e-01	97	39	1717376.460694	1
108	2	86	104	kitchen	sun_auticobqsbwgoppi.tif	1717377.237100	1717377.495691	1717378.185835	6.840255e-01	94	none	NaN	NaN
108	2	87	108	kitchen	sun_aymvwlarqodbwuoc.tif	1717378.955471	1717379.214063	1717379.904105	7.257343e-01	98	none	NaN	NaN
108	2	88	93	kitchen	sun_ahspylgoovwmwvgk.tif	1717380.673839	1717380.932429	1717381.622533	8.258356e-01	83	none	NaN	NaN
108	2	89	86	kitchen	sun_aggjlwcdjsjcaemh.tif	1717382.392212	1717382.650798	1717383.340921	8.174939e-01	76	none	NaN	NaN
108	2	90	103	kitchen	sun_aunzlwrbjumxhwdj.tif	1717384.110585	1717384.369170	1717385.059306	6.506584e-01	93	none	NaN	NaN
108	2	91	73	kitchen	sun_abrcnpqqhmjwekyf.tif	1717385.828949	1717386.087543	1717386.777669	7.340761e-01	63	none	NaN	NaN
108	2	92	89	kitchen	sun_agzzivivdpnawacl.tif	1717387.547320	1717387.805912	1717388.495997	7.674432e-01	79	none	NaN	NaN
108	2	93	71	kitchen	sun_abftihopvusyfakt.tif	1717389.265691	1717389.524283	1717390.214499	6.756837e-01	61	none	NaN	NaN
108	2	94	85	kitchen	sun_afuyedyxivkhecmu.tif	1717390.984061	1717391.242652	1717391.932824	8.508609e-01	75	none	NaN	NaN
108	2	95	64	kitchen	sun_aadbddgrdsjugojn.tif	1717392.702430	1717392.961022	1717393.651270	6.673419e-01	54	none	NaN	NaN
108	2	96	110	kitchen	sun_azmutvzbxypaceni.tif	1717394.420800	1717394.679394	1717395.369430	8.425192e-01	100	none	NaN	NaN
108	2	97	70	kitchen	sun_abdxkyyxwfskuaqb.tif	1717396.139174	1717396.397764	1717397.087883	8.341774e-01	60	none	NaN	NaN
108	2	98	99	kitchen	sun_akcjzhbbjlbogpdi.tif	1717397.857545	1717398.116135	1717398.806235	7.841268e-01	89	none	NaN	NaN
108	2	99	79	kitchen	sun_admlmbcdswaszruo.tif	1717399.575915	1717399.834503	1717400.524723	8.091521e-01	69	none	NaN	NaN
108	2	100	69	kitchen	sun_abdenxonkemggwsq.tif	1717401.294281	1717401.552877	1717402.243151	7.257343e-01	59	none	NaN	NaN
108	3	1	27	bathroom	sun_ahcvzmoyaycdoftf.tif	1717411.712948	1717411.971537	1717412.786800	8.258356e-01	17	none	NaN	NaN
108	3	2	21	bathroom	sun_aggnnqpdorgxpvce.tif	1717413.556444	1717413.815033	1717414.630282	6.923672e-01	11	39	1717415.556682	1
108	3	3	19	bathroom	sun_aclfzgynxzxlbepz.tif	1717416.334196	1717416.592785	1717417.407949	8.258356e-01	9	none	NaN	NaN
108	3	4	46	bathroom	sun_apmqjbnwghzuhhzh.tif	1717418.177692	1717418.436280	1717419.251579	7.090508e-01	36	none	NaN	NaN
108	3	5	17	bathroom	sun_acegryoqftbzowsg.tif	1717420.021183	1717420.279774	1717421.095098	8.425192e-01	7	none	NaN	NaN
108	3	6	34	bathroom	sun_alkosphxlxwjwgjd.tif	1717421.864680	1717422.123272	1717422.938474	7.257343e-01	24	none	NaN	NaN
108	3	7	18	bathroom	sun_acgyywnybuveqsro.tif	1717423.708173	1717423.966767	1717424.781948	7.090508e-01	8	none	NaN	NaN
108	3	8	38	bathroom	sun_anhioqovhscjqqwb.tif	1717425.551668	1717425.810260	1717426.625551	6.756837e-01	28	none	NaN	NaN
108	3	9	50	bathroom	sun_aspsyogrekjtfozg.tif	1717427.395164	1717427.653754	1717428.469042	8.425192e-01	40	none	NaN	NaN
108	3	10	29	bathroom	sun_ahqjwnzgolcaoidx.tif	1717429.238657	1717429.497250	1717430.312635	7.090508e-01	19	37	1717431.660604	1
108	3	11	53	bathroom	sun_ausgutylgojavyoq.tif	1717432.433496	1717432.692081	1717433.507396	6.590001e-01	43	none	NaN	NaN
108	3	12	59	bathroom	sun_axyrejkiiaqiurjk.tif	1717434.276989	1717434.535580	1717435.350972	7.841268e-01	49	none	NaN	NaN
108	3	13	24	bathroom	sun_agrwbmhcpmfuwmsg.tif	1717436.120481	1717436.379068	1717437.194462	8.008103e-01	14	none	NaN	NaN
108	3	14	58	bathroom	sun_axxbkopsgyouuebh.tif	1717437.963975	1717438.222569	1717439.037928	7.507597e-01	48	none	NaN	NaN
108	3	15	31	bathroom	sun_akiytfaagpdsphgz.tif	1717439.807473	1717440.066062	1717440.881450	6.840255e-01	21	none	NaN	NaN
108	3	16	13	bathroom	sun_aavhrsfjbserjtht.tif	1717441.650966	1717441.909554	1717442.724748	7.591014e-01	3	none	NaN	NaN
108	3	17	54	bathroom	sun_auzqhkafidnkrwmo.tif	1717443.494461	1717443.753051	1717444.569064	8.341774e-01	44	37	1717445.412347	1
108	3	18	37	bathroom	sun_amzlamotzwfkwjco.tif	1717446.188795	1717446.447385	1717447.262763	7.340761e-01	27	none	NaN	NaN
108	3	19	49	bathroom	sun_asfwthctfqerjvxr.tif	1717448.032291	1717448.290880	1717449.106199	7.173926e-01	39	none	NaN	NaN
108	3	20	45	bathroom	sun_apkxzenqapsujocq.tif	1717449.875789	1717450.134376	1717450.949790	6.756837e-01	35	none	NaN	NaN
108	3	21	39	bathroom	sun_anryaplzeujmzfkd.tif	1717451.719283	1717451.977873	1717452.793167	6.506584e-01	29	none	NaN	NaN
108	3	22	51	bathroom	sun_atstyziqcmkahyxk.tif	1717453.562777	1717453.821369	1717454.636536	7.674432e-01	41	none	NaN	NaN
108	3	23	30	bathroom	sun_ajlawzvmubibwbpy.tif	1717455.406270	1717455.664864	1717456.480027	6.923672e-01	20	none	NaN	NaN
108	3	24	33	bathroom	sun_aljolscmmzydegqp.tif	1717457.249765	1717457.508356	1717458.323747	7.841268e-01	23	none	NaN	NaN
108	3	25	20	bathroom	sun_afcoljnjfoxjtgja.tif	1717459.093259	1717459.351852	1717460.167127	6.756837e-01	10	none	NaN	NaN
108	3	26	60	bathroom	sun_azqyogdvyhahyram.tif	1717460.936752	1717461.195349	1717462.010694	8.091521e-01	50	none	NaN	NaN
108	3	27	22	bathroom	sun_agguqiubmwhqqunb.tif	1717462.780251	1717463.038837	1717463.854159	7.674432e-01	12	37	1717464.756788	0
108	3	28	55	bathroom	sun_avhrdrntsqrjzccq.tif	1717465.532980	1717465.791567	1717466.606761	7.173926e-01	45	none	NaN	NaN
108	3	29	52	bathroom	sun_aunuadmjocsddsrl.tif	1717467.376471	1717467.635060	1717468.450472	7.007090e-01	42	none	NaN	NaN
108	3	30	14	bathroom	sun_abapwbhyhkfixyex.tif	1717469.219960	1717469.478555	1717470.293890	7.924685e-01	4	none	NaN	NaN
108	3	31	35	bathroom	sun_alotolagknyrgtsk.tif	1717471.063460	1717471.322052	1717472.137451	7.757850e-01	25	39	1717473.172812	1
108	3	32	11	bathroom	labelme_sfxiulhjbhlyiyt.tif	1717473.949652	1717474.208246	1717475.023412	7.340761e-01	1	none	NaN	NaN
108	3	33	48	bathroom	sun_aqrpegblszgcoujh.tif	1717475.793152	1717476.051737	1717476.867070	8.258356e-01	38	none	NaN	NaN
108	3	34	28	bathroom	sun_ahijqszoswveeyji.tif	1717477.636646	1717477.895237	1717478.710600	7.507597e-01	18	39	1717480.788700	1
108	3	35	57	bathroom	sun_axldvoqbuvuggfmq.tif	1717481.565530	1717481.824134	1717482.639476	7.924685e-01	47	none	NaN	NaN
108	3	36	26	bathroom	sun_ahaulkltgpkeeemi.tif	1717483.409035	1717483.667624	1717484.482891	7.257343e-01	16	none	NaN	NaN
108	3	37	23	bathroom	sun_aghyqhbptboemmoq.tif	1717485.252528	1717485.511124	1717486.326366	8.174939e-01	13	none	NaN	NaN
108	3	38	47	bathroom	sun_apynckhmoftszqoq.tif	1717487.096024	1717487.354611	1717488.169986	7.424179e-01	37	none	NaN	NaN
108	3	39	42	bathroom	sun_apeeialkgkuxddgh.tif	1717488.939515	1717489.198104	1717490.013322	7.674432e-01	32	37	1717491.524547	0
108	3	40	25	bathroom	sun_agyqfjcfkdcydepw.tif	1717492.301187	1717492.559774	1717493.375009	6.840255e-01	15	none	NaN	NaN
108	3	41	32	bathroom	sun_aleqenyvunhactkl.tif	1717494.144677	1717494.403267	1717495.218430	7.507597e-01	22	39	1717496.628720	1
108	3	42	12	bathroom	sun_aapitsgbtktqubfy.tif	1717497.406246	1717497.664831	1717498.480230	8.008103e-01	2	none	NaN	NaN
108	3	43	36	bathroom	sun_ambriybtogmepttm.tif	1717499.249744	1717499.508332	1717500.323698	7.007090e-01	26	none	NaN	NaN
108	3	44	44	bathroom	sun_apkruvsevgegsdwp.tif	1717501.093237	1717501.351827	1717502.167226	8.508609e-01	34	none	NaN	NaN
108	3	45	56	bathroom	sun_awnqiikzaispgmwo.tif	1717502.936726	1717503.195316	1717504.010589	6.756837e-01	46	none	NaN	NaN
108	3	46	15	bathroom	sun_abjtwfukuwddzted.tif	1717504.780225	1717505.038812	1717505.854037	8.425192e-01	5	none	NaN	NaN
108	3	47	16	bathroom	sun_acduarbnmmoglmiv.tif	1717506.623719	1717506.882306	1717507.697596	6.923672e-01	6	none	NaN	NaN
108	3	48	43	bathroom	sun_apjevzvycyhuqghb.tif	1717508.467214	1717508.725808	1717509.541157	7.757850e-01	33	none	NaN	NaN
108	3	49	40	bathroom	sun_aofnryafpsjimzsb.tif	1717510.310710	1717510.569299	1717511.384620	6.673419e-01	30	none	NaN	NaN
108	3	50	41	bathroom	sun_aoybiabnpadelefl.tif	1717512.154201	1717512.412792	1717513.228037	6.673419e-01	31	none	NaN	NaN
108	3	51	27	bathroom	sun_ahcvzmoyaycdoftf.tif	1717513.997695	1717514.256289	1717515.071530	8.341774e-01	17	37	1717515.836654	1
108	3	52	36	bathroom	sun_ambriybtogmepttm.tif	1717516.608620	1717516.867212	1717517.682490	8.341774e-01	26	none	NaN	NaN
108	3	53	37	bathroom	sun_amzlamotzwfkwjco.tif	1717518.452113	1717518.710700	1717519.526096	8.091521e-01	27	none	NaN	NaN
108	3	54	14	bathroom	sun_abapwbhyhkfixyex.tif	1717520.295611	1717520.554197	1717521.369437	8.008103e-01	4	none	NaN	NaN
108	3	55	40	bathroom	sun_aofnryafpsjimzsb.tif	1717522.139100	1717522.397692	1717523.212970	7.173926e-01	30	none	NaN	NaN
108	3	56	41	bathroom	sun_aoybiabnpadelefl.tif	1717523.982601	1717524.241189	1717525.056597	6.590001e-01	31	none	NaN	NaN
108	3	57	39	bathroom	sun_anryaplzeujmzfkd.tif	1717525.826091	1717526.084678	1717526.900742	6.840255e-01	29	none	NaN	NaN
108	3	58	43	bathroom	sun_apjevzvycyhuqghb.tif	1717527.669586	1717527.928175	1717528.743427	6.923672e-01	33	none	NaN	NaN
108	3	59	60	bathroom	sun_azqyogdvyhahyram.tif	1717529.513068	1717529.771672	1717530.586954	7.007090e-01	50	39	1717531.716590	1
108	3	60	38	bathroom	sun_anhioqovhscjqqwb.tif	1717532.491029	1717532.749619	1717533.564906	7.257343e-01	28	none	NaN	NaN
108	3	61	12	bathroom	sun_aapitsgbtktqubfy.tif	1717534.334528	1717534.593114	1717535.408294	7.424179e-01	2	none	NaN	NaN
108	3	62	11	bathroom	labelme_sfxiulhjbhlyiyt.tif	1717536.178026	1717536.436611	1717537.251838	7.757850e-01	1	none	NaN	NaN
108	3	63	30	bathroom	sun_ajlawzvmubibwbpy.tif	1717538.021514	1717538.280105	1717539.095351	8.174939e-01	20	none	NaN	NaN
108	3	64	28	bathroom	sun_ahijqszoswveeyji.tif	1717539.865011	1717540.123596	1717540.938840	6.506584e-01	18	none	NaN	NaN
108	3	65	48	bathroom	sun_aqrpegblszgcoujh.tif	1717541.708506	1717541.967098	1717542.782432	7.507597e-01	38	none	NaN	NaN
108	3	66	25	bathroom	sun_agyqfjcfkdcydepw.tif	1717543.551993	1717543.810592	1717544.625959	7.424179e-01	15	none	NaN	NaN
108	3	67	23	bathroom	sun_aghyqhbptboemmoq.tif	1717545.395495	1717545.654085	1717546.470035	6.923672e-01	13	none	NaN	NaN
108	3	68	16	bathroom	sun_acduarbnmmoglmiv.tif	1717547.238990	1717547.497578	1717548.312797	7.340761e-01	6	none	NaN	NaN
108	3	69	58	bathroom	sun_axxbkopsgyouuebh.tif	1717549.082483	1717549.341070	1717550.156421	8.258356e-01	48	none	NaN	NaN
108	3	70	21	bathroom	sun_aggnnqpdorgxpvce.tif	1717550.925979	1717551.184569	1717551.999958	8.174939e-01	11	none	NaN	NaN
108	3	71	26	bathroom	sun_ahaulkltgpkeeemi.tif	1717552.769471	1717553.028064	1717553.843251	8.091521e-01	16	none	NaN	NaN
108	3	72	34	bathroom	sun_alkosphxlxwjwgjd.tif	1717554.612969	1717554.871556	1717555.686947	6.506584e-01	24	none	NaN	NaN
108	3	73	52	bathroom	sun_aunuadmjocsddsrl.tif	1717556.456462	1717556.715056	1717557.530243	6.673419e-01	42	none	NaN	NaN
108	3	74	15	bathroom	sun_abjtwfukuwddzted.tif	1717558.299957	1717558.558542	1717559.373863	7.591014e-01	5	none	NaN	NaN
108	3	75	13	bathroom	sun_aavhrsfjbserjtht.tif	1717560.143452	1717560.402044	1717561.217262	7.674432e-01	3	none	NaN	NaN
108	3	76	46	bathroom	sun_apmqjbnwghzuhhzh.tif	1717561.986947	1717562.245534	1717563.060859	8.425192e-01	36	none	NaN	NaN
108	3	77	59	bathroom	sun_axyrejkiiaqiurjk.tif	1717563.830438	1717564.089031	1717564.904393	7.924685e-01	49	none	NaN	NaN
108	3	78	42	bathroom	sun_apeeialkgkuxddgh.tif	1717565.673934	1717565.932528	1717566.747877	7.841268e-01	32	none	NaN	NaN
108	3	79	24	bathroom	sun_agrwbmhcpmfuwmsg.tif	1717567.517426	1717567.776014	1717568.591184	8.008103e-01	14	none	NaN	NaN
108	3	80	35	bathroom	sun_alotolagknyrgtsk.tif	1717569.360925	1717569.619511	1717570.434704	7.173926e-01	25	37	1717571.372479	1
108	3	81	57	bathroom	sun_axldvoqbuvuggfmq.tif	1717572.147019	1717572.405608	1717573.220983	8.258356e-01	47	none	NaN	NaN
108	3	82	32	bathroom	sun_aleqenyvunhactkl.tif	1717573.990514	1717574.249105	1717575.064450	7.424179e-01	22	none	NaN	NaN
108	3	83	55	bathroom	sun_avhrdrntsqrjzccq.tif	1717575.834006	1717576.092597	1717576.907989	7.924685e-01	45	37	1717577.820788	1
108	3	84	22	bathroom	sun_agguqiubmwhqqunb.tif	1717578.595080	1717578.853666	1717579.668846	6.590001e-01	12	none	NaN	NaN
108	3	85	45	bathroom	sun_apkxzenqapsujocq.tif	1717580.438573	1717580.697161	1717581.512565	7.340761e-01	35	none	NaN	NaN
108	3	86	20	bathroom	sun_afcoljnjfoxjtgja.tif	1717582.282067	1717582.540659	1717583.355976	7.841268e-01	10	37	1717584.044780	1
108	3	87	19	bathroom	sun_aclfzgynxzxlbepz.tif	1717584.817916	1717585.076503	1717585.891867	7.591014e-01	9	none	NaN	NaN
108	3	88	31	bathroom	sun_akiytfaagpdsphgz.tif	1717586.661411	1717586.919996	1717587.735309	7.591014e-01	21	none	NaN	NaN
108	3	89	47	bathroom	sun_apynckhmoftszqoq.tif	1717588.504906	1717588.763490	1717589.578687	8.508609e-01	37	none	NaN	NaN
108	3	90	17	bathroom	sun_acegryoqftbzowsg.tif	1717590.348399	1717590.606984	1717591.422322	6.840255e-01	7	none	NaN	NaN
108	3	91	33	bathroom	sun_aljolscmmzydegqp.tif	1717592.191894	1717592.450487	1717593.265775	7.257343e-01	23	none	NaN	NaN
108	3	92	51	bathroom	sun_atstyziqcmkahyxk.tif	1717594.035390	1717594.293979	1717595.109358	6.673419e-01	41	37	1717595.660757	1
108	3	93	54	bathroom	sun_auzqhkafidnkrwmo.tif	1717596.437773	1717596.696359	1717597.511573	8.174939e-01	44	none	NaN	NaN
108	3	94	18	bathroom	sun_acgyywnybuveqsro.tif	1717598.281265	1717598.539850	1717599.355049	7.007090e-01	8	none	NaN	NaN
108	3	95	50	bathroom	sun_aspsyogrekjtfozg.tif	1717600.124758	1717600.383348	1717601.198602	7.090508e-01	40	none	NaN	NaN
108	3	96	53	bathroom	sun_ausgutylgojavyoq.tif	1717601.968254	1717602.226843	1717603.042008	7.757850e-01	43	none	NaN	NaN
108	3	97	56	bathroom	sun_awnqiikzaispgmwo.tif	1717603.811748	1717604.070342	1717604.885748	8.091521e-01	46	37	1717605.484799	1
108	3	98	49	bathroom	sun_asfwthctfqerjvxr.tif	1717606.255841	1717606.514427	1717607.329650	7.591014e-01	39	none	NaN	NaN
108	3	99	44	bathroom	sun_apkruvsevgegsdwp.tif	1717608.099330	1717608.357924	1717609.173251	6.590001e-01	34	none	NaN	NaN
108	3	100	29	bathroom	sun_ahqjwnzgolcaoidx.tif	1717609.942825	1717610.201415	1717611.016710	8.341774e-01	19	none	NaN	NaN
108	4	1	68	kitchen	sun_aaxxjlsuzvqlgylf.tif	1717621.904688	1717622.163278	1717622.861747	7.257343e-01	58	none	NaN	NaN
108	4	2	77	kitchen	sun_acxkpeoqbwcxfvip.tif	1717623.631400	1717623.889993	1717624.588523	7.007090e-01	67	none	NaN	NaN
108	4	3	79	kitchen	sun_admlmbcdswaszruo.tif	1717625.358111	1717625.616708	1717626.315239	8.174939e-01	69	none	NaN	NaN
108	4	4	86	kitchen	sun_aggjlwcdjsjcaemh.tif	1717627.084822	1717627.343409	1717628.041897	7.090508e-01	76	none	NaN	NaN
108	4	5	94	kitchen	sun_ahywdevtimnqcsln.tif	1717628.811536	1717629.070125	1717629.768527	7.007090e-01	84	none	NaN	NaN
108	4	6	95	kitchen	sun_aixorpehvfykdynp.tif	1717630.538208	1717630.796835	1717631.495269	6.756837e-01	85	none	NaN	NaN
108	4	7	75	kitchen	sun_acgtpgfybqjmzeyw.tif	1717632.264978	1717632.523553	1717633.222115	7.507597e-01	65	none	NaN	NaN
108	4	8	88	kitchen	sun_agubuxuukhzyzpdp.tif	1717633.991672	1717634.250256	1717634.948737	6.590001e-01	78	none	NaN	NaN
108	4	9	85	kitchen	sun_afuyedyxivkhecmu.tif	1717635.718385	1717635.976969	1717636.675361	7.841268e-01	75	37	1717637.260917	1
108	4	10	104	kitchen	sun_auticobqsbwgoppi.tif	1717638.037346	1717638.295937	1717638.994496	7.591014e-01	94	39	1717639.796694	1
108	4	11	72	kitchen	sun_abpwyqmlzafvklqo.tif	1717640.573199	1717640.831786	1717641.530220	7.924685e-01	62	none	NaN	NaN
108	4	12	66	kitchen	sun_aapllqyqlykszopd.tif	1717642.299930	1717642.558493	1717643.257043	7.257343e-01	56	none	NaN	NaN
108	4	13	69	kitchen	sun_abdenxonkemggwsq.tif	1717644.026622	1717644.285212	1717644.983672	8.091521e-01	59	37	1717645.580715	0
108	4	14	108	kitchen	sun_aymvwlarqodbwuoc.tif	1717646.353929	1717646.612514	1717647.311045	6.756837e-01	98	none	NaN	NaN
108	4	15	105	kitchen	sun_avszsnwsbuqfgzbn.tif	1717648.080641	1717648.339231	1717649.037768	7.507597e-01	95	none	NaN	NaN
108	4	16	78	kitchen	sun_adgqasybjyktddhj.tif	1717649.807356	1717650.065942	1717650.764485	8.008103e-01	68	none	NaN	NaN
108	4	17	101	kitchen	sun_aqeaevwwwjoqhzvl.tif	1717651.534064	1717651.792655	1717652.491261	8.508609e-01	91	39	1717653.284949	1
108	4	18	99	kitchen	sun_akcjzhbbjlbogpdi.tif	1717654.061572	1717654.320163	1717655.018663	6.840255e-01	89	none	NaN	NaN
108	4	19	90	kitchen	sun_ahdycvpopffkzzsu.tif	1717655.788284	1717656.046876	1717656.745291	7.424179e-01	80	none	NaN	NaN
108	4	20	70	kitchen	sun_abdxkyyxwfskuaqb.tif	1717657.514996	1717657.773583	1717658.472218	8.341774e-01	60	none	NaN	NaN
108	4	21	81	kitchen	sun_aehawpgmrlhlvcow.tif	1717659.241707	1717659.500296	1717660.198787	8.008103e-01	71	39	1717661.140918	1
108	4	22	106	kitchen	sun_awcpdzzznmweyyhv.tif	1717661.919365	1717662.177943	1717662.876548	8.091521e-01	96	none	NaN	NaN
108	4	23	93	kitchen	sun_ahspylgoovwmwvgk.tif	1717663.646076	1717663.904668	1717664.603278	6.506584e-01	83	none	NaN	NaN
108	4	24	97	kitchen	sun_ajkqhtgcbgpcwrwn.tif	1717665.372790	1717665.631374	1717666.329814	7.173926e-01	87	none	NaN	NaN
108	4	25	91	kitchen	sun_ahljzhgcdpomplvg.tif	1717667.091160	1717667.349743	1717668.048322	7.257343e-01	81	none	NaN	NaN
108	4	26	96	kitchen	sun_ajcbwwvdlsvjyzje.tif	1717668.817869	1717669.076458	1717669.774870	8.091521e-01	86	none	NaN	NaN
108	4	27	62	kitchen	labelme_kxvouciolcpqplr.tif	1717670.544576	1717670.803161	1717671.501722	7.757850e-01	52	none	NaN	NaN
108	4	28	109	kitchen	sun_aypmqwcualkenuoe.tif	1717672.271292	1717672.529883	1717673.228505	7.757850e-01	99	37	1717674.044673	1
108	4	29	76	kitchen	sun_acwjdupvyjsugpay.tif	1717674.815482	1717675.074070	1717675.772500	8.091521e-01	66	none	NaN	NaN
108	4	30	87	kitchen	sun_agorklincwxrdtga.tif	1717676.542194	1717676.800783	1717677.499296	8.425192e-01	77	none	NaN	NaN
108	4	31	102	kitchen	sun_auaiucuqpdausiva.tif	1717678.268904	1717678.527492	1717679.225890	8.341774e-01	92	none	NaN	NaN
108	4	32	110	kitchen	sun_azmutvzbxypaceni.tif	1717679.995622	1717680.254208	1717680.952743	7.674432e-01	100	39	1717681.956840	1
108	4	33	98	kitchen	sun_akchetnepxlcxhsu.tif	1717682.731663	1717682.990259	1717683.688787	6.673419e-01	88	none	NaN	NaN
108	4	34	100	kitchen	sun_amjjdeyrggfqgmom.tif	1717684.458377	1717684.716964	1717685.415360	7.340761e-01	90	37	1717686.068981	1
108	4	35	107	kitchen	sun_axyyrmzcupyhlivc.tif	1717686.844074	1717687.102663	1717687.801088	7.674432e-01	97	none	NaN	NaN
108	4	36	65	kitchen	sun_aamedkxepzlwuxes.tif	1717688.570787	1717688.829382	1717689.527848	8.174939e-01	55	none	NaN	NaN
108	4	37	64	kitchen	sun_aadbddgrdsjugojn.tif	1717690.297500	1717690.556083	1717691.254685	7.340761e-01	54	37	1717692.004584	1
108	4	38	89	kitchen	sun_agzzivivdpnawacl.tif	1717692.783295	1717693.041882	1717693.740386	8.425192e-01	79	none	NaN	NaN
108	4	39	103	kitchen	sun_aunzlwrbjumxhwdj.tif	1717694.510008	1717694.768601	1717695.467153	6.840255e-01	93	none	NaN	NaN
108	4	40	71	kitchen	sun_abftihopvusyfakt.tif	1717696.236720	1717696.495315	1717697.193726	7.424179e-01	61	none	NaN	NaN
108	4	41	83	kitchen	sun_aeqdocilnnpuvuhx.tif	1717697.955094	1717698.213683	1717698.912072	6.506584e-01	73	none	NaN	NaN
108	4	42	73	kitchen	sun_abrcnpqqhmjwekyf.tif	1717699.681801	1717699.940397	1717700.638873	6.506584e-01	63	none	NaN	NaN
108	4	43	84	kitchen	sun_aexklacwqwezaorf.tif	1717701.408517	1717701.667110	1717702.365659	7.173926e-01	74	none	NaN	NaN
108	4	44	92	kitchen	sun_ahpczsiumwwocjkv.tif	1717703.135231	1717703.393817	1717704.092396	7.674432e-01	82	none	NaN	NaN
108	4	45	82	kitchen	sun_aenotlpyftoioydp.tif	1717704.861942	1717705.120529	1717705.819037	8.258356e-01	72	39	1717706.732900	1
108	4	46	80	kitchen	sun_aegoxogugdkwpmpj.tif	1717707.506228	1717707.764820	1717708.463427	6.923672e-01	70	none	NaN	NaN
108	4	47	61	kitchen	labelme_brsyyvweiuaazfr.tif	1717709.232942	1717709.491531	1717710.190075	7.090508e-01	51	none	NaN	NaN
108	4	48	63	kitchen	labelme_rykdqxenmhulbdn.tif	1717710.959651	1717711.218242	1717711.917486	8.174939e-01	53	39	1717713.180812	0
108	4	49	67	kitchen	sun_aarfiyshqohlwkmo.tif	1717713.954289	1717714.212877	1717714.911340	7.007090e-01	57	none	NaN	NaN
108	4	50	74	kitchen	sun_acfmftudsenhrfhy.tif	1717715.681001	1717715.939591	1717716.638219	7.424179e-01	64	none	NaN	NaN
108	4	51	91	kitchen	sun_ahljzhgcdpomplvg.tif	1717717.407714	1717717.666301	1717718.364824	7.924685e-01	81	none	NaN	NaN
108	4	52	85	kitchen	sun_afuyedyxivkhecmu.tif	1717719.134423	1717719.393017	1717720.091436	8.258356e-01	75	none	NaN	NaN
108	4	53	78	kitchen	sun_adgqasybjyktddhj.tif	1717720.861135	1717721.119728	1717721.818230	6.756837e-01	68	none	NaN	NaN
108	4	54	92	kitchen	sun_ahpczsiumwwocjkv.tif	1717722.587849	1717722.846435	1717723.544825	6.590001e-01	82	none	NaN	NaN
108	4	55	87	kitchen	sun_agorklincwxrdtga.tif	1717724.314557	1717724.573148	1717725.271705	8.258356e-01	77	none	NaN	NaN
108	4	56	102	kitchen	sun_auaiucuqpdausiva.tif	1717726.041271	1717726.299860	1717726.998436	7.257343e-01	92	none	NaN	NaN
108	4	57	66	kitchen	sun_aapllqyqlykszopd.tif	1717727.768002	1717728.026572	1717728.725139	8.008103e-01	56	39	1717730.812772	1
108	4	58	106	kitchen	sun_awcpdzzznmweyyhv.tif	1717731.588440	1717731.847026	1717732.545460	7.090508e-01	96	none	NaN	NaN
108	4	59	64	kitchen	sun_aadbddgrdsjugojn.tif	1717733.315150	1717733.573740	1717734.272153	7.090508e-01	54	none	NaN	NaN
108	4	60	80	kitchen	sun_aegoxogugdkwpmpj.tif	1717735.041866	1717735.300454	1717735.998907	6.673419e-01	70	none	NaN	NaN
108	4	61	73	kitchen	sun_abrcnpqqhmjwekyf.tif	1717736.768579	1717737.027166	1717737.725775	7.674432e-01	63	none	NaN	NaN
108	4	62	105	kitchen	sun_avszsnwsbuqfgzbn.tif	1717738.495292	1717738.753878	1717739.452337	7.424179e-01	95	none	NaN	NaN
108	4	63	62	kitchen	labelme_kxvouciolcpqplr.tif	1717740.222001	1717740.480592	1717741.179169	7.173926e-01	52	none	NaN	NaN
108	4	64	89	kitchen	sun_agzzivivdpnawacl.tif	1717741.948710	1717742.207303	1717742.905687	6.673419e-01	79	none	NaN	NaN
108	4	65	103	kitchen	sun_aunzlwrbjumxhwdj.tif	1717743.675422	1717743.934014	1717744.632411	8.258356e-01	93	37	1717745.700635	1
108	4	66	108	kitchen	sun_aymvwlarqodbwuoc.tif	1717746.478199	1717746.736794	1717747.435194	8.425192e-01	98	none	NaN	NaN
108	4	67	72	kitchen	sun_abpwyqmlzafvklqo.tif	1717748.204913	1717748.463507	1717749.162119	7.591014e-01	62	none	NaN	NaN
108	4	68	70	kitchen	sun_abdxkyyxwfskuaqb.tif	1717749.931623	1717750.190215	1717750.888625	6.923672e-01	60	none	NaN	NaN
108	4	69	68	kitchen	sun_aaxxjlsuzvqlgylf.tif	1717751.658337	1717751.916926	1717752.615450	6.756837e-01	58	37	1717753.316885	1
108	4	70	110	kitchen	sun_azmutvzbxypaceni.tif	1717754.094085	1717754.352676	1717755.051110	7.507597e-01	100	none	NaN	NaN
108	4	71	107	kitchen	sun_axyyrmzcupyhlivc.tif	1717755.820800	1717756.079386	1717756.777865	6.923672e-01	97	none	NaN	NaN
108	4	72	97	kitchen	sun_ajkqhtgcbgpcwrwn.tif	1717757.547512	1717757.806097	1717758.504579	7.340761e-01	87	none	NaN	NaN
108	4	73	65	kitchen	sun_aamedkxepzlwuxes.tif	1717759.274220	1717759.532810	1717760.231276	7.591014e-01	55	39	1717761.468824	1
108	4	74	99	kitchen	sun_akcjzhbbjlbogpdi.tif	1717762.243833	1717762.502425	1717763.200953	6.840255e-01	89	none	NaN	NaN
108	4	75	94	kitchen	sun_ahywdevtimnqcsln.tif	1717763.970544	1717764.229139	1717764.927519	7.841268e-01	84	none	NaN	NaN
108	4	76	83	kitchen	sun_aeqdocilnnpuvuhx.tif	1717765.697257	1717765.955847	1717766.654390	8.341774e-01	73	none	NaN	NaN
108	4	77	86	kitchen	sun_aggjlwcdjsjcaemh.tif	1717767.423972	1717767.682559	1717768.380960	6.673419e-01	76	none	NaN	NaN
108	4	78	95	kitchen	sun_aixorpehvfykdynp.tif	1717769.150683	1717769.409272	1717770.107771	7.591014e-01	85	none	NaN	NaN
108	4	79	74	kitchen	sun_acfmftudsenhrfhy.tif	1717770.877397	1717771.135981	1717771.834582	7.591014e-01	64	none	NaN	NaN
108	4	80	77	kitchen	sun_acxkpeoqbwcxfvip.tif	1717772.604103	1717772.862697	1717773.561133	7.757850e-01	67	none	NaN	NaN
108	4	81	79	kitchen	sun_admlmbcdswaszruo.tif	1717774.330819	1717774.589408	1717775.287946	7.924685e-01	69	none	NaN	NaN
108	4	82	84	kitchen	sun_aexklacwqwezaorf.tif	1717776.057533	1717776.316121	1717777.014736	8.508609e-01	74	none	NaN	NaN
108	4	83	88	kitchen	sun_agubuxuukhzyzpdp.tif	1717777.784241	1717778.042830	1717778.741410	7.924685e-01	78	none	NaN	NaN
108	4	84	109	kitchen	sun_aypmqwcualkenuoe.tif	1717779.510950	1717779.769538	1717780.468113	8.425192e-01	99	none	NaN	NaN
108	4	85	63	kitchen	labelme_rykdqxenmhulbdn.tif	1717781.237667	1717781.496256	1717782.194786	6.590001e-01	53	none	NaN	NaN
108	4	86	101	kitchen	sun_aqeaevwwwjoqhzvl.tif	1717782.964378	1717783.222964	1717783.921355	8.341774e-01	91	none	NaN	NaN
108	4	87	93	kitchen	sun_ahspylgoovwmwvgk.tif	1717784.691088	1717784.949678	1717785.648160	7.841268e-01	83	none	NaN	NaN
108	4	88	81	kitchen	sun_aehawpgmrlhlvcow.tif	1717786.417800	1717786.676393	1717787.374893	7.340761e-01	71	none	NaN	NaN
108	4	89	90	kitchen	sun_ahdycvpopffkzzsu.tif	1717788.144512	1717788.403104	1717789.101618	8.258356e-01	80	none	NaN	NaN
108	4	90	98	kitchen	sun_akchetnepxlcxhsu.tif	1717789.871222	1717790.129821	1717790.828400	7.757850e-01	88	none	NaN	NaN
108	4	91	69	kitchen	sun_abdenxonkemggwsq.tif	1717791.597942	1717791.856525	1717792.555103	6.923672e-01	59	none	NaN	NaN
108	4	92	96	kitchen	sun_ajcbwwvdlsvjyzje.tif	1717793.324650	1717793.583239	1717794.281697	6.840255e-01	86	none	NaN	NaN
108	4	93	75	kitchen	sun_acgtpgfybqjmzeyw.tif	1717795.051361	1717795.309951	1717796.008429	8.174939e-01	65	none	NaN	NaN
108	4	94	76	kitchen	sun_acwjdupvyjsugpay.tif	1717796.778076	1717797.036662	1717797.735192	7.173926e-01	66	none	NaN	NaN
108	4	95	104	kitchen	sun_auticobqsbwgoppi.tif	1717798.504787	1717798.763379	1717799.461970	8.008103e-01	94	none	NaN	NaN
108	4	96	82	kitchen	sun_aenotlpyftoioydp.tif	1717800.231494	1717800.490083	1717801.188484	7.841268e-01	72	none	NaN	NaN
108	4	97	61	kitchen	labelme_brsyyvweiuaazfr.tif	1717801.958211	1717802.216803	1717802.915185	7.007090e-01	51	none	NaN	NaN
108	4	98	71	kitchen	sun_abftihopvusyfakt.tif	1717803.684923	1717803.943509	1717804.641933	6.590001e-01	61	none	NaN	NaN
108	4	99	67	kitchen	sun_aarfiyshqohlwkmo.tif	1717805.411638	1717805.670222	1717806.368736	6.923672e-01	57	none	NaN	NaN
108	4	100	100	kitchen	sun_amjjdeyrggfqgmom.tif	1717807.138344	1717807.396936	1717808.095355	7.507597e-01	90	none	NaN	NaN
108	5	1	47	bathroom	sun_apynckhmoftszqoq.tif	1717821.552638	1717821.811224	1717822.518090	7.591014e-01	37	none	NaN	NaN
108	5	2	55	bathroom	sun_avhrdrntsqrjzccq.tif	1717823.287692	1717823.546286	1717824.253033	6.506584e-01	45	39	1717825.772986	1
108	5	3	45	bathroom	sun_apkxzenqapsujocq.tif	1717826.549258	1717826.807844	1717827.514610	7.424179e-01	35	none	NaN	NaN
108	5	4	41	bathroom	sun_aoybiabnpadelefl.tif	1717828.284316	1717828.542897	1717829.249756	7.090508e-01	31	none	NaN	NaN
108	5	5	21	bathroom	sun_aggnnqpdorgxpvce.tif	1717830.019366	1717830.277952	1717830.984838	7.173926e-01	11	none	NaN	NaN
108	5	6	36	bathroom	sun_ambriybtogmepttm.tif	1717831.754421	1717832.013009	1717832.719838	8.508609e-01	26	none	NaN	NaN
108	5	7	24	bathroom	sun_agrwbmhcpmfuwmsg.tif	1717833.489476	1717833.748062	1717834.454810	6.756837e-01	14	none	NaN	NaN
108	5	8	37	bathroom	sun_amzlamotzwfkwjco.tif	1717835.224528	1717835.483115	1717836.189933	7.007090e-01	27	none	NaN	NaN
108	5	9	20	bathroom	sun_afcoljnjfoxjtgja.tif	1717836.959582	1717837.218172	1717837.925049	7.257343e-01	10	none	NaN	NaN
108	5	10	40	bathroom	sun_aofnryafpsjimzsb.tif	1717838.694633	1717838.953224	1717839.660088	7.507597e-01	30	none	NaN	NaN
108	5	11	42	bathroom	sun_apeeialkgkuxddgh.tif	1717840.429686	1717840.688281	1717841.395030	8.091521e-01	32	none	NaN	NaN
108	5	12	13	bathroom	sun_aavhrsfjbserjtht.tif	1717842.164744	1717842.423325	1717843.130136	8.174939e-01	3	none	NaN	NaN
108	5	13	11	bathroom	labelme_sfxiulhjbhlyiyt.tif	1717843.899797	1717844.158386	1717844.865143	7.257343e-01	1	none	NaN	NaN
108	5	14	34	bathroom	sun_alkosphxlxwjwgjd.tif	1717845.634849	1717845.893436	1717846.600208	6.590001e-01	24	37	1717848.004973	1
108	5	15	51	bathroom	sun_atstyziqcmkahyxk.tif	1717848.779632	1717849.038225	1717849.745044	7.257343e-01	41	37	1717850.796949	0
108	5	16	32	bathroom	sun_aleqenyvunhactkl.tif	1717851.574068	1717851.832659	1717852.539837	7.841268e-01	22	none	NaN	NaN
108	5	17	26	bathroom	sun_ahaulkltgpkeeemi.tif	1717853.309125	1717853.567714	1717854.274475	7.924685e-01	16	none	NaN	NaN
108	5	18	33	bathroom	sun_aljolscmmzydegqp.tif	1717855.044197	1717855.302765	1717856.009633	7.007090e-01	23	39	1717857.085098	0
108	5	19	28	bathroom	sun_ahijqszoswveeyji.tif	1717857.863635	1717858.122227	1717858.828968	7.007090e-01	18	none	NaN	NaN
108	5	20	19	bathroom	sun_aclfzgynxzxlbepz.tif	1717859.598691	1717859.857280	1717860.564104	7.591014e-01	9	none	NaN	NaN
108	5	21	35	bathroom	sun_alotolagknyrgtsk.tif	1717861.333749	1717861.592341	1717862.299160	7.173926e-01	25	none	NaN	NaN
108	5	22	58	bathroom	sun_axxbkopsgyouuebh.tif	1717863.068802	1717863.327389	1717864.034242	8.508609e-01	48	none	NaN	NaN
108	5	23	27	bathroom	sun_ahcvzmoyaycdoftf.tif	1717864.803855	1717865.062439	1717865.769363	7.173926e-01	17	none	NaN	NaN
108	5	24	23	bathroom	sun_aghyqhbptboemmoq.tif	1717866.538908	1717866.797503	1717867.504409	8.091521e-01	13	none	NaN	NaN
108	5	25	56	bathroom	sun_awnqiikzaispgmwo.tif	1717868.273963	1717868.532549	1717869.239406	8.174939e-01	46	none	NaN	NaN
108	5	26	15	bathroom	sun_abjtwfukuwddzted.tif	1717870.009014	1717870.267604	1717870.974558	7.424179e-01	5	none	NaN	NaN
108	5	27	48	bathroom	sun_aqrpegblszgcoujh.tif	1717871.744067	1717872.002657	1717872.709526	8.425192e-01	38	none	NaN	NaN
108	5	28	18	bathroom	sun_acgyywnybuveqsro.tif	1717873.479125	1717873.737711	1717874.444456	8.174939e-01	8	none	NaN	NaN
108	5	29	60	bathroom	sun_azqyogdvyhahyram.tif	1717875.214177	1717875.472767	1717876.179526	8.008103e-01	50	none	NaN	NaN
108	5	30	46	bathroom	sun_apmqjbnwghzuhhzh.tif	1717876.949285	1717877.207820	1717877.914702	6.756837e-01	36	none	NaN	NaN
108	5	31	30	bathroom	sun_ajlawzvmubibwbpy.tif	1717878.684285	1717878.942874	1717879.649605	6.590001e-01	20	none	NaN	NaN
108	5	32	31	bathroom	sun_akiytfaagpdsphgz.tif	1717880.419336	1717880.677928	1717881.384668	8.425192e-01	21	none	NaN	NaN
108	5	33	16	bathroom	sun_acduarbnmmoglmiv.tif	1717882.154388	1717882.412979	1717883.119824	6.673419e-01	6	none	NaN	NaN
108	5	34	29	bathroom	sun_ahqjwnzgolcaoidx.tif	1717883.889448	1717884.148035	1717884.854910	7.090508e-01	19	39	1717886.077027	1
108	5	35	49	bathroom	sun_asfwthctfqerjvxr.tif	1717886.850712	1717887.109302	1717887.816079	7.674432e-01	39	none	NaN	NaN
108	5	36	43	bathroom	sun_apjevzvycyhuqghb.tif	1717888.585766	1717888.844361	1717889.551314	8.008103e-01	33	none	NaN	NaN
108	5	37	22	bathroom	sun_agguqiubmwhqqunb.tif	1717890.320817	1717890.579408	1717891.286228	7.007090e-01	12	none	NaN	NaN
108	5	38	17	bathroom	sun_acegryoqftbzowsg.tif	1717892.055872	1717892.314465	1717893.021380	6.673419e-01	7	none	NaN	NaN
108	5	39	44	bathroom	sun_apkruvsevgegsdwp.tif	1717893.790931	1717894.049455	1717894.756455	7.757850e-01	34	37	1717896.412990	0
108	5	40	52	bathroom	sun_aunuadmjocsddsrl.tif	1717897.185963	1717897.444551	1717898.151521	8.008103e-01	42	none	NaN	NaN
108	5	41	59	bathroom	sun_axyrejkiiaqiurjk.tif	1717898.921017	1717899.179605	1717899.886482	8.008103e-01	49	none	NaN	NaN
108	5	42	53	bathroom	sun_ausgutylgojavyoq.tif	1717900.656071	1717900.914657	1717901.621491	7.090508e-01	43	none	NaN	NaN
108	5	43	12	bathroom	sun_aapitsgbtktqubfy.tif	1717902.391122	1717902.649709	1717903.356526	6.590001e-01	2	none	NaN	NaN
108	5	44	25	bathroom	sun_agyqfjcfkdcydepw.tif	1717904.126172	1717904.384764	1717905.091568	7.674432e-01	15	none	NaN	NaN
108	5	45	14	bathroom	sun_abapwbhyhkfixyex.tif	1717905.861230	1717906.119816	1717906.826784	7.591014e-01	4	none	NaN	NaN
108	5	46	54	bathroom	sun_auzqhkafidnkrwmo.tif	1717907.596284	1717907.854871	1717908.561794	8.091521e-01	44	none	NaN	NaN
108	5	47	39	bathroom	sun_anryaplzeujmzfkd.tif	1717909.331330	1717909.589929	1717910.296819	7.841268e-01	29	none	NaN	NaN
108	5	48	38	bathroom	sun_anhioqovhscjqqwb.tif	1717911.066390	1717911.324979	1717912.031729	6.756837e-01	28	none	NaN	NaN
108	5	49	57	bathroom	sun_axldvoqbuvuggfmq.tif	1717912.801445	1717913.060034	1717913.766808	7.757850e-01	47	none	NaN	NaN
108	5	50	50	bathroom	sun_aspsyogrekjtfozg.tif	1717914.536493	1717914.795085	1717915.501960	8.091521e-01	40	none	NaN	NaN
108	5	51	50	bathroom	sun_aspsyogrekjtfozg.tif	1717916.271548	1717916.530142	1717917.237083	7.674432e-01	40	none	NaN	NaN
108	5	52	58	bathroom	sun_axxbkopsgyouuebh.tif	1717918.006607	1717918.265197	1717918.971967	8.258356e-01	48	none	NaN	NaN
108	5	53	13	bathroom	sun_aavhrsfjbserjtht.tif	1717919.741656	1717920.000251	1717920.707137	8.258356e-01	3	none	NaN	NaN
108	5	54	28	bathroom	sun_ahijqszoswveeyji.tif	1717921.476712	1717921.735300	1717922.442132	7.424179e-01	18	none	NaN	NaN
108	5	55	31	bathroom	sun_akiytfaagpdsphgz.tif	1717923.211765	1717923.470355	1717924.177108	7.591014e-01	21	none	NaN	NaN
108	5	56	14	bathroom	sun_abapwbhyhkfixyex.tif	1717924.946821	1717925.205407	1717925.912373	8.341774e-01	4	none	NaN	NaN
108	5	57	26	bathroom	sun_ahaulkltgpkeeemi.tif	1717926.681872	1717926.940463	1717927.647323	7.340761e-01	16	none	NaN	NaN
108	5	58	45	bathroom	sun_apkxzenqapsujocq.tif	1717928.416924	1717928.675514	1717929.382284	8.258356e-01	35	none	NaN	NaN
108	5	59	52	bathroom	sun_aunuadmjocsddsrl.tif	1717930.151980	1717930.410572	1717931.117322	7.841268e-01	42	none	NaN	NaN
108	5	60	15	bathroom	sun_abjtwfukuwddzted.tif	1717931.887032	1717932.145610	1717932.852494	8.425192e-01	5	none	NaN	NaN
108	5	61	42	bathroom	sun_apeeialkgkuxddgh.tif	1717933.622088	1717933.880677	1717934.587504	8.341774e-01	32	none	NaN	NaN
108	5	62	32	bathroom	sun_aleqenyvunhactkl.tif	1717935.357142	1717935.615729	1717936.322601	8.341774e-01	22	none	NaN	NaN
108	5	63	34	bathroom	sun_alkosphxlxwjwgjd.tif	1717937.092194	1717937.350787	1717938.057686	7.757850e-01	24	none	NaN	NaN
108	5	64	16	bathroom	sun_acduarbnmmoglmiv.tif	1717938.827244	1717939.085837	1717939.792589	8.258356e-01	6	none	NaN	NaN
108	5	65	44	bathroom	sun_apkruvsevgegsdwp.tif	1717940.562302	1717940.820884	1717941.527858	7.591014e-01	34	none	NaN	NaN
108	5	66	36	bathroom	sun_ambriybtogmepttm.tif	1717942.297355	1717942.555943	1717943.262812	7.507597e-01	26	none	NaN	NaN
108	5	67	27	bathroom	sun_ahcvzmoyaycdoftf.tif	1717944.032408	1717944.291000	1717944.997841	6.840255e-01	17	none	NaN	NaN
108	5	68	33	bathroom	sun_aljolscmmzydegqp.tif	1717945.767463	1717946.026050	1717946.732997	8.174939e-01	23	39	1717949.613380	1
108	5	69	49	bathroom	sun_asfwthctfqerjvxr.tif	1717950.388711	1717950.647301	1717951.354125	6.923672e-01	39	none	NaN	NaN
108	5	70	46	bathroom	sun_apmqjbnwghzuhhzh.tif	1717952.123763	1717952.382356	1717953.089233	6.590001e-01	36	39	1717956.101206	1
108	5	71	60	bathroom	sun_azqyogdvyhahyram.tif	1717956.878483	1717957.137066	1717957.843921	6.923672e-01	50	37	1717958.725169	1
108	5	72	56	bathroom	sun_awnqiikzaispgmwo.tif	1717959.497745	1717959.756334	1717960.463262	8.341774e-01	46	none	NaN	NaN
108	5	73	53	bathroom	sun_ausgutylgojavyoq.tif	1717961.232795	1717961.491385	1717962.198167	7.924685e-01	43	none	NaN	NaN
108	5	74	12	bathroom	sun_aapitsgbtktqubfy.tif	1717962.967849	1717963.226442	1717963.933169	7.924685e-01	2	none	NaN	NaN
108	5	75	38	bathroom	sun_anhioqovhscjqqwb.tif	1717964.702906	1717964.961490	1717965.668303	6.923672e-01	28	none	NaN	NaN
108	5	76	47	bathroom	sun_apynckhmoftszqoq.tif	1717966.437957	1717966.696549	1717967.403305	6.923672e-01	37	none	NaN	NaN
108	5	77	55	bathroom	sun_avhrdrntsqrjzccq.tif	1717968.173012	1717968.431600	1717969.138339	6.840255e-01	45	none	NaN	NaN
108	5	78	29	bathroom	sun_ahqjwnzgolcaoidx.tif	1717969.908066	1717970.166654	1717970.873634	8.425192e-01	19	none	NaN	NaN
108	5	79	20	bathroom	sun_afcoljnjfoxjtgja.tif	1717971.643121	1717971.901700	1717972.608620	7.841268e-01	10	37	1717973.421184	1
108	5	80	59	bathroom	sun_axyrejkiiaqiurjk.tif	1717974.195650	1717974.454242	1717975.161168	6.506584e-01	49	none	NaN	NaN
108	5	81	39	bathroom	sun_anryaplzeujmzfkd.tif	1717975.930702	1717976.189288	1717976.896193	7.257343e-01	29	none	NaN	NaN
108	5	82	18	bathroom	sun_acgyywnybuveqsro.tif	1717977.665756	1717977.924346	1717978.631177	7.340761e-01	8	none	NaN	NaN
108	5	83	21	bathroom	sun_aggnnqpdorgxpvce.tif	1717979.400811	1717979.659398	1717980.366345	7.090508e-01	11	none	NaN	NaN
108	5	84	37	bathroom	sun_amzlamotzwfkwjco.tif	1717981.135867	1717981.394453	1717982.101222	7.173926e-01	27	39	1717983.557011	1
108	5	85	11	bathroom	labelme_sfxiulhjbhlyiyt.tif	1717984.330695	1717984.589286	1717985.296148	7.340761e-01	1	37	1717985.997118	1
108	5	86	35	bathroom	sun_alotolagknyrgtsk.tif	1717986.774792	1717987.033374	1717987.740277	7.507597e-01	25	37	1717988.340916	1
108	5	87	30	bathroom	sun_ajlawzvmubibwbpy.tif	1717989.118779	1717989.377368	1717990.084297	7.674432e-01	20	none	NaN	NaN
108	5	88	57	bathroom	sun_axldvoqbuvuggfmq.tif	1717990.853831	1717991.112425	1717991.819255	6.840255e-01	47	none	NaN	NaN
108	5	89	22	bathroom	sun_agguqiubmwhqqunb.tif	1717992.588883	1717992.847474	1717993.554222	6.756837e-01	12	none	NaN	NaN
108	5	90	19	bathroom	sun_aclfzgynxzxlbepz.tif	1717994.323941	1717994.582529	1717995.289270	7.340761e-01	9	none	NaN	NaN
108	5	91	25	bathroom	sun_agyqfjcfkdcydepw.tif	1717996.058994	1717996.317580	1717997.024513	6.673419e-01	15	37	1717997.629179	1
108	5	92	43	bathroom	sun_apjevzvycyhuqghb.tif	1717998.402984	1717998.661574	1717999.368391	6.673419e-01	33	none	NaN	NaN
108	5	93	54	bathroom	sun_auzqhkafidnkrwmo.tif	1718000.138037	1718000.396628	1718001.103512	7.757850e-01	44	none	NaN	NaN
108	5	94	51	bathroom	sun_atstyziqcmkahyxk.tif	1718001.873092	1718002.131679	1718002.838445	7.424179e-01	41	none	NaN	NaN
108	5	95	24	bathroom	sun_agrwbmhcpmfuwmsg.tif	1718003.608146	1718003.866739	1718004.573553	6.840255e-01	14	none	NaN	NaN
108	5	96	23	bathroom	sun_aghyqhbptboemmoq.tif	1718005.343198	1718005.601788	1718006.308715	6.923672e-01	13	37	1718007.053197	0
108	5	97	40	bathroom	sun_aofnryafpsjimzsb.tif	1718007.829000	1718008.087590	1718008.794538	6.506584e-01	30	none	NaN	NaN
108	5	98	41	bathroom	sun_aoybiabnpadelefl.tif	1718009.564050	1718009.822641	1718010.529531	7.507597e-01	31	none	NaN	NaN
108	5	99	48	bathroom	sun_aqrpegblszgcoujh.tif	1718011.299103	1718011.557691	1718012.264575	7.924685e-01	38	none	NaN	NaN
108	5	100	17	bathroom	sun_acegryoqftbzowsg.tif	1718013.034154	1718013.292748	1718013.999700	8.258356e-01	7	none	NaN	NaN
108	6	1	64	kitchen	sun_aadbddgrdsjugojn.tif	1718028.833160	1718029.091746	1718029.831947	8.425192e-01	54	none	NaN	NaN
108	6	2	81	kitchen	sun_aehawpgmrlhlvcow.tif	1718030.601575	1718030.860160	1718031.600294	7.090508e-01	71	none	NaN	NaN
108	6	3	108	kitchen	sun_aymvwlarqodbwuoc.tif	1718032.369999	1718032.628586	1718033.368778	6.840255e-01	98	none	NaN	NaN
108	6	4	65	kitchen	sun_aamedkxepzlwuxes.tif	1718034.138415	1718034.397006	1718035.137236	8.258356e-01	55	none	NaN	NaN
108	6	5	87	kitchen	sun_agorklincwxrdtga.tif	1718035.906837	1718036.165426	1718036.905722	8.174939e-01	77	none	NaN	NaN
108	6	6	90	kitchen	sun_ahdycvpopffkzzsu.tif	1718037.675254	1718037.933845	1718038.674148	7.507597e-01	80	none	NaN	NaN
108	6	7	99	kitchen	sun_akcjzhbbjlbogpdi.tif	1718039.443679	1718039.702267	1718040.442411	7.674432e-01	89	39	1718041.709120	1
108	6	8	93	kitchen	sun_ahspylgoovwmwvgk.tif	1718042.480022	1718042.738610	1718043.478851	7.007090e-01	83	none	NaN	NaN
108	6	9	62	kitchen	labelme_kxvouciolcpqplr.tif	1718044.248438	1718044.507031	1718045.247259	6.673419e-01	52	none	NaN	NaN
108	6	10	69	kitchen	sun_abdenxonkemggwsq.tif	1718046.016862	1718046.275451	1718047.015759	6.840255e-01	59	none	NaN	NaN
108	6	11	98	kitchen	sun_akchetnepxlcxhsu.tif	1718047.785281	1718048.043873	1718048.784165	7.841268e-01	88	none	NaN	NaN
108	6	12	106	kitchen	sun_awcpdzzznmweyyhv.tif	1718049.553698	1718049.812288	1718050.552470	7.924685e-01	96	none	NaN	NaN
108	6	13	109	kitchen	sun_aypmqwcualkenuoe.tif	1718051.322118	1718051.580708	1718052.320796	6.923672e-01	99	none	NaN	NaN
108	6	14	100	kitchen	sun_amjjdeyrggfqgmom.tif	1718053.090537	1718053.349127	1718054.089444	7.173926e-01	90	none	NaN	NaN
108	6	15	89	kitchen	sun_agzzivivdpnawacl.tif	1718054.858964	1718055.117548	1718055.857695	8.258356e-01	79	none	NaN	NaN
108	6	16	103	kitchen	sun_aunzlwrbjumxhwdj.tif	1718056.627382	1718056.885970	1718057.626297	6.923672e-01	93	none	NaN	NaN
108	6	17	78	kitchen	sun_adgqasybjyktddhj.tif	1718058.395802	1718058.654390	1718059.394595	8.341774e-01	68	none	NaN	NaN
108	6	18	68	kitchen	sun_aaxxjlsuzvqlgylf.tif	1718060.164223	1718060.422806	1718061.163113	8.258356e-01	58	none	NaN	NaN
108	6	19	71	kitchen	sun_abftihopvusyfakt.tif	1718061.932638	1718062.191229	1718062.931532	7.090508e-01	61	none	NaN	NaN
108	6	20	105	kitchen	sun_avszsnwsbuqfgzbn.tif	1718063.701059	1718063.959648	1718064.699745	6.506584e-01	95	37	1718065.549074	0
108	6	21	73	kitchen	sun_abrcnpqqhmjwekyf.tif	1718066.320320	1718066.578929	1718067.319119	7.591014e-01	63	none	NaN	NaN
108	6	22	67	kitchen	sun_aarfiyshqohlwkmo.tif	1718068.088746	1718068.347338	1718069.087481	7.757850e-01	57	none	NaN	NaN
108	6	23	86	kitchen	sun_aggjlwcdjsjcaemh.tif	1718069.857164	1718070.115753	1718070.856069	8.008103e-01	76	none	NaN	NaN
108	6	24	74	kitchen	sun_acfmftudsenhrfhy.tif	1718071.625584	1718071.884173	1718072.624295	6.590001e-01	64	none	NaN	NaN
108	6	25	66	kitchen	sun_aapllqyqlykszopd.tif	1718073.394007	1718073.652594	1718074.392839	7.173926e-01	56	none	NaN	NaN
108	6	26	95	kitchen	sun_aixorpehvfykdynp.tif	1718075.162422	1718075.421015	1718076.161146	7.591014e-01	85	none	NaN	NaN
108	6	27	70	kitchen	sun_abdxkyyxwfskuaqb.tif	1718076.930843	1718077.189431	1718077.929531	8.341774e-01	60	39	1718078.901275	1
108	6	28	75	kitchen	sun_acgtpgfybqjmzeyw.tif	1718079.675230	1718079.933825	1718080.674095	8.425192e-01	65	none	NaN	NaN
108	6	29	94	kitchen	sun_ahywdevtimnqcsln.tif	1718081.443652	1718081.702244	1718082.442566	7.424179e-01	84	none	NaN	NaN
108	6	30	85	kitchen	sun_afuyedyxivkhecmu.tif	1718083.212072	1718083.470665	1718084.210787	7.841268e-01	75	none	NaN	NaN
108	6	31	107	kitchen	sun_axyyrmzcupyhlivc.tif	1718084.980492	1718085.239075	1718085.979372	8.174939e-01	97	none	NaN	NaN
108	6	32	91	kitchen	sun_ahljzhgcdpomplvg.tif	1718086.748913	1718087.007502	1718087.747649	7.257343e-01	81	none	NaN	NaN
108	6	33	96	kitchen	sun_ajcbwwvdlsvjyzje.tif	1718088.517335	1718088.775918	1718089.516163	7.757850e-01	86	39	1718090.445131	1
108	6	34	82	kitchen	sun_aenotlpyftoioydp.tif	1718091.220009	1718091.478601	1718092.218823	7.591014e-01	72	37	1718092.925329	1
108	6	35	102	kitchen	sun_auaiucuqpdausiva.tif	1718093.697471	1718093.956058	1718094.696359	8.008103e-01	92	37	1718095.341221	1
108	6	36	72	kitchen	sun_abpwyqmlzafvklqo.tif	1718096.116533	1718096.375119	1718097.115213	7.257343e-01	62	none	NaN	NaN
108	6	37	84	kitchen	sun_aexklacwqwezaorf.tif	1718097.884956	1718098.143542	1718098.883687	7.674432e-01	74	39	1718099.773300	1
108	6	38	101	kitchen	sun_aqeaevwwwjoqhzvl.tif	1718100.545925	1718100.804517	1718101.544761	7.674432e-01	91	none	NaN	NaN
108	6	39	110	kitchen	sun_azmutvzbxypaceni.tif	1718102.314347	1718102.572950	1718103.313073	6.590001e-01	100	none	NaN	NaN
108	6	40	83	kitchen	sun_aeqdocilnnpuvuhx.tif	1718104.082769	1718104.341352	1718105.081689	8.008103e-01	73	none	NaN	NaN
108	6	41	77	kitchen	sun_acxkpeoqbwcxfvip.tif	1718105.851179	1718106.109774	1718106.850003	8.258356e-01	67	none	NaN	NaN
108	6	42	63	kitchen	labelme_rykdqxenmhulbdn.tif	1718107.619604	1718107.878194	1718108.618306	6.506584e-01	53	none	NaN	NaN
108	6	43	80	kitchen	sun_aegoxogugdkwpmpj.tif	1718109.387967	1718109.646619	1718110.386848	7.090508e-01	70	none	NaN	NaN
108	6	44	79	kitchen	sun_admlmbcdswaszruo.tif	1718111.156442	1718111.415033	1718112.155183	7.924685e-01	69	37	1718112.885187	1
108	6	45	61	kitchen	labelme_brsyyvweiuaazfr.tif	1718113.658921	1718113.917514	1718114.657660	7.007090e-01	51	none	NaN	NaN
108	6	46	97	kitchen	sun_ajkqhtgcbgpcwrwn.tif	1718115.427345	1718115.685936	1718116.426041	7.090508e-01	87	none	NaN	NaN
108	6	47	88	kitchen	sun_agubuxuukhzyzpdp.tif	1718117.195768	1718117.454362	1718118.194571	7.340761e-01	78	none	NaN	NaN
108	6	48	104	kitchen	sun_auticobqsbwgoppi.tif	1718118.964183	1718119.222776	1718119.962895	7.757850e-01	94	none	NaN	NaN
108	6	49	76	kitchen	sun_acwjdupvyjsugpay.tif	1718120.732606	1718120.991195	1718121.731397	7.591014e-01	66	none	NaN	NaN
108	6	50	92	kitchen	sun_ahpczsiumwwocjkv.tif	1718122.501030	1718122.759611	1718123.499922	7.173926e-01	82	none	NaN	NaN
108	6	51	105	kitchen	sun_avszsnwsbuqfgzbn.tif	1718124.269445	1718124.528039	1718125.268355	8.258356e-01	95	none	NaN	NaN
108	6	52	92	kitchen	sun_ahpczsiumwwocjkv.tif	1718126.037862	1718126.296455	1718127.036718	8.341774e-01	82	none	NaN	NaN
108	6	53	83	kitchen	sun_aeqdocilnnpuvuhx.tif	1718127.806284	1718128.064877	1718128.804985	7.340761e-01	73	none	NaN	NaN
108	6	54	94	kitchen	sun_ahywdevtimnqcsln.tif	1718129.574705	1718129.833294	1718130.573522	8.091521e-01	84	none	NaN	NaN
108	6	55	101	kitchen	sun_aqeaevwwwjoqhzvl.tif	1718131.343124	1718131.601718	1718132.341823	7.007090e-01	91	none	NaN	NaN
108	6	56	81	kitchen	sun_aehawpgmrlhlvcow.tif	1718133.111548	1718133.370136	1718134.110411	6.840255e-01	71	none	NaN	NaN
108	6	57	87	kitchen	sun_agorklincwxrdtga.tif	1718134.879968	1718135.138561	1718135.878647	8.091521e-01	77	none	NaN	NaN
108	6	58	89	kitchen	sun_agzzivivdpnawacl.tif	1718136.648388	1718136.906973	1718137.647125	7.257343e-01	79	none	NaN	NaN
108	6	59	74	kitchen	sun_acfmftudsenhrfhy.tif	1718138.416806	1718138.675398	1718139.415581	8.008103e-01	64	none	NaN	NaN
108	6	60	67	kitchen	sun_aarfiyshqohlwkmo.tif	1718140.185220	1718140.443824	1718141.183975	6.923672e-01	57	none	NaN	NaN
108	6	61	63	kitchen	labelme_rykdqxenmhulbdn.tif	1718141.953644	1718142.212242	1718142.952462	6.673419e-01	53	none	NaN	NaN
108	6	62	84	kitchen	sun_aexklacwqwezaorf.tif	1718143.722069	1718143.980653	1718144.720760	6.590001e-01	74	none	NaN	NaN
108	6	63	103	kitchen	sun_aunzlwrbjumxhwdj.tif	1718145.490487	1718145.749080	1718146.489251	6.923672e-01	93	37	1718147.229330	1
108	6	64	91	kitchen	sun_ahljzhgcdpomplvg.tif	1718148.001310	1718148.259898	1718148.999988	6.923672e-01	81	none	NaN	NaN
108	6	65	62	kitchen	labelme_kxvouciolcpqplr.tif	1718149.769725	1718150.028321	1718150.768535	7.424179e-01	52	37	1718153.101224	0
108	6	66	106	kitchen	sun_awcpdzzznmweyyhv.tif	1718153.873802	1718154.132386	1718154.872515	6.673419e-01	96	none	NaN	NaN
108	6	67	68	kitchen	sun_aaxxjlsuzvqlgylf.tif	1718155.642217	1718155.900811	1718156.640901	7.507597e-01	58	none	NaN	NaN
108	6	68	65	kitchen	sun_aamedkxepzlwuxes.tif	1718157.410640	1718157.669231	1718158.409326	7.340761e-01	55	none	NaN	NaN
108	6	69	96	kitchen	sun_ajcbwwvdlsvjyzje.tif	1718159.179059	1718159.437652	1718160.177960	7.007090e-01	86	none	NaN	NaN
108	6	70	110	kitchen	sun_azmutvzbxypaceni.tif	1718160.947484	1718161.206069	1718161.946241	8.425192e-01	100	none	NaN	NaN
108	6	71	77	kitchen	sun_acxkpeoqbwcxfvip.tif	1718162.715899	1718162.974483	1718163.714756	8.508609e-01	67	39	1718164.773016	1
108	6	72	86	kitchen	sun_aggjlwcdjsjcaemh.tif	1718165.552043	1718165.810632	1718166.550892	7.924685e-01	76	none	NaN	NaN
108	6	73	64	kitchen	sun_aadbddgrdsjugojn.tif	1718167.320465	1718167.579053	1718168.319166	6.756837e-01	54	none	NaN	NaN
108	6	74	76	kitchen	sun_acwjdupvyjsugpay.tif	1718169.088884	1718169.347474	1718170.087818	8.174939e-01	66	none	NaN	NaN
108	6	75	104	kitchen	sun_auticobqsbwgoppi.tif	1718170.857304	1718171.115895	1718171.856138	8.508609e-01	94	none	NaN	NaN
108	6	76	95	kitchen	sun_aixorpehvfykdynp.tif	1718172.625719	1718172.884312	1718173.624436	7.507597e-01	85	none	NaN	NaN
108	6	77	109	kitchen	sun_aypmqwcualkenuoe.tif	1718174.394145	1718174.652735	1718175.393037	8.341774e-01	99	none	NaN	NaN
108	6	78	108	kitchen	sun_aymvwlarqodbwuoc.tif	1718176.162565	1718176.421155	1718177.161360	6.756837e-01	98	37	1718177.845296	1
108	6	79	100	kitchen	sun_amjjdeyrggfqgmom.tif	1718178.623298	1718178.881927	1718179.622180	7.591014e-01	90	none	NaN	NaN
108	6	80	99	kitchen	sun_akcjzhbbjlbogpdi.tif	1718180.391756	1718180.650343	1718181.390496	6.590001e-01	89	none	NaN	NaN
108	6	81	70	kitchen	sun_abdxkyyxwfskuaqb.tif	1718182.160176	1718182.418765	1718183.158919	7.173926e-01	60	none	NaN	NaN
108	6	82	75	kitchen	sun_acgtpgfybqjmzeyw.tif	1718183.928602	1718184.187188	1718184.927466	6.673419e-01	65	37	1718185.461426	1
108	6	83	90	kitchen	sun_ahdycvpopffkzzsu.tif	1718186.239223	1718186.497813	1718187.237912	6.756837e-01	80	none	NaN	NaN
108	6	84	97	kitchen	sun_ajkqhtgcbgpcwrwn.tif	1718188.007667	1718188.266232	1718189.006567	6.840255e-01	87	none	NaN	NaN
108	6	85	88	kitchen	sun_agubuxuukhzyzpdp.tif	1718189.776060	1718190.034649	1718190.774777	6.506584e-01	78	none	NaN	NaN
108	6	86	80	kitchen	sun_aegoxogugdkwpmpj.tif	1718191.544482	1718191.803078	1718192.543306	8.091521e-01	70	none	NaN	NaN
108	6	87	82	kitchen	sun_aenotlpyftoioydp.tif	1718193.312904	1718193.571490	1718194.311716	7.257343e-01	72	none	NaN	NaN
108	6	88	102	kitchen	sun_auaiucuqpdausiva.tif	1718195.081319	1718195.339914	1718196.080143	7.924685e-01	92	39	1718197.261584	1
108	6	89	66	kitchen	sun_aapllqyqlykszopd.tif	1718198.034251	1718198.292840	1718199.033056	7.841268e-01	56	none	NaN	NaN
108	6	90	78	kitchen	sun_adgqasybjyktddhj.tif	1718199.802673	1718200.061260	1718200.801463	8.091521e-01	68	none	NaN	NaN
108	6	91	61	kitchen	labelme_brsyyvweiuaazfr.tif	1718201.571091	1718201.829683	1718202.569996	8.174939e-01	51	none	NaN	NaN
108	6	92	79	kitchen	sun_admlmbcdswaszruo.tif	1718203.339511	1718203.598106	1718204.338435	8.425192e-01	69	39	1718205.253112	0
108	6	93	73	kitchen	sun_abrcnpqqhmjwekyf.tif	1718206.025505	1718206.284100	1718207.024223	7.674432e-01	63	none	NaN	NaN
108	6	94	69	kitchen	sun_abdenxonkemggwsq.tif	1718207.793927	1718208.052511	1718208.792740	6.756837e-01	59	none	NaN	NaN
108	6	95	98	kitchen	sun_akchetnepxlcxhsu.tif	1718209.562350	1718209.820938	1718210.561244	7.757850e-01	88	none	NaN	NaN
108	6	96	107	kitchen	sun_axyyrmzcupyhlivc.tif	1718211.330732	1718211.589359	1718212.329595	7.841268e-01	97	none	NaN	NaN
108	6	97	71	kitchen	sun_abftihopvusyfakt.tif	1718213.099187	1718213.357783	1718214.098027	7.507597e-01	61	none	NaN	NaN
108	6	98	85	kitchen	sun_afuyedyxivkhecmu.tif	1718214.867612	1718215.126195	1718215.866525	7.340761e-01	75	none	NaN	NaN
108	6	99	93	kitchen	sun_ahspylgoovwmwvgk.tif	1718216.636028	1718216.894619	1718217.634809	7.424179e-01	83	none	NaN	NaN
108	6	100	72	kitchen	sun_abpwyqmlzafvklqo.tif	1718218.404445	1718218.663044	1718219.403209	7.424179e-01	62	none	NaN	NaN
108	7	1	30	bathroom	sun_ajlawzvmubibwbpy.tif	1718284.286439	1718284.545032	1718285.235090	6.673419e-01	20	37	1718285.941426	1
108	7	2	24	bathroom	sun_agrwbmhcpmfuwmsg.tif	1718286.713847	1718286.972439	1718287.662648	7.424179e-01	14	none	NaN	NaN
108	7	3	18	bathroom	sun_acgyywnybuveqsro.tif	1718288.432214	1718288.690804	1718289.381053	7.674432e-01	8	none	NaN	NaN
108	7	4	11	bathroom	labelme_sfxiulhjbhlyiyt.tif	1718290.150583	1718290.409176	1718291.099212	7.507597e-01	1	none	NaN	NaN
108	7	5	36	bathroom	sun_ambriybtogmepttm.tif	1718291.868955	1718292.127543	1718292.817739	7.841268e-01	26	none	NaN	NaN
108	7	6	59	bathroom	sun_axyrejkiiaqiurjk.tif	1718293.587323	1718293.845913	1718294.535987	8.008103e-01	49	39	1718295.245163	1
108	7	7	41	bathroom	sun_aoybiabnpadelefl.tif	1718296.023071	1718296.281656	1718296.971848	7.007090e-01	31	none	NaN	NaN
108	7	8	27	bathroom	sun_ahcvzmoyaycdoftf.tif	1718297.741448	1718298.000037	1718298.690297	7.340761e-01	17	none	NaN	NaN
108	7	9	33	bathroom	sun_aljolscmmzydegqp.tif	1718299.459813	1718299.718404	1718300.408672	7.424179e-01	23	none	NaN	NaN
108	7	10	19	bathroom	sun_aclfzgynxzxlbepz.tif	1718301.178187	1718301.436778	1718302.126959	6.756837e-01	9	none	NaN	NaN
108	7	11	50	bathroom	sun_aspsyogrekjtfozg.tif	1718302.896556	1718303.155142	1718303.845308	7.507597e-01	40	none	NaN	NaN
108	7	12	25	bathroom	sun_agyqfjcfkdcydepw.tif	1718304.614926	1718304.873515	1718305.563607	6.506584e-01	15	37	1718306.093421	1
108	7	13	48	bathroom	sun_aqrpegblszgcoujh.tif	1718306.867157	1718307.125745	1718307.815903	8.008103e-01	38	none	NaN	NaN
108	7	14	52	bathroom	sun_aunuadmjocsddsrl.tif	1718308.585529	1718308.844122	1718309.534249	8.341774e-01	42	none	NaN	NaN
108	7	15	45	bathroom	sun_apkxzenqapsujocq.tif	1718310.303899	1718310.562490	1718311.252769	7.924685e-01	35	none	NaN	NaN
108	7	16	54	bathroom	sun_auzqhkafidnkrwmo.tif	1718312.022273	1718312.280863	1718312.971029	6.840255e-01	44	none	NaN	NaN
108	7	17	43	bathroom	sun_apjevzvycyhuqghb.tif	1718313.740638	1718313.999234	1718314.689396	6.923672e-01	33	37	1718315.205538	1
108	7	18	23	bathroom	sun_aghyqhbptboemmoq.tif	1718315.976188	1718316.234785	1718316.924967	7.591014e-01	13	none	NaN	NaN
108	7	19	57	bathroom	sun_axldvoqbuvuggfmq.tif	1718317.694558	1718318.011544	1718318.643241	7.507597e-01	47	none	NaN	NaN
108	7	20	13	bathroom	sun_aavhrsfjbserjtht.tif	1718319.412930	1718319.671524	1718320.361579	8.174939e-01	3	none	NaN	NaN
108	7	21	28	bathroom	sun_ahijqszoswveeyji.tif	1718321.131304	1718321.389889	1718322.080078	7.340761e-01	18	39	1718322.749603	1
108	7	22	51	bathroom	sun_atstyziqcmkahyxk.tif	1718323.525347	1718323.783930	1718324.473983	7.257343e-01	41	none	NaN	NaN
108	7	23	55	bathroom	sun_avhrdrntsqrjzccq.tif	1718325.243713	1718325.502303	1718326.192441	7.090508e-01	45	none	NaN	NaN
108	7	24	40	bathroom	sun_aofnryafpsjimzsb.tif	1718326.962079	1718327.220671	1718327.910711	6.923672e-01	30	none	NaN	NaN
108	7	25	44	bathroom	sun_apkruvsevgegsdwp.tif	1718328.680453	1718328.939048	1718329.629174	8.091521e-01	34	none	NaN	NaN
108	7	26	42	bathroom	sun_apeeialkgkuxddgh.tif	1718330.398825	1718330.657419	1718331.347567	8.174939e-01	32	none	NaN	NaN
108	7	27	20	bathroom	sun_afcoljnjfoxjtgja.tif	1718332.117197	1718332.375783	1718333.065918	7.173926e-01	10	none	NaN	NaN
108	7	28	17	bathroom	sun_acegryoqftbzowsg.tif	1718333.835567	1718334.094158	1718334.784358	8.258356e-01	7	none	NaN	NaN
108	7	29	37	bathroom	sun_amzlamotzwfkwjco.tif	1718335.553934	1718335.812527	1718336.502766	6.923672e-01	27	none	NaN	NaN
108	7	30	16	bathroom	sun_acduarbnmmoglmiv.tif	1718337.272311	1718337.530894	1718338.221029	6.840255e-01	6	none	NaN	NaN
108	7	31	34	bathroom	sun_alkosphxlxwjwgjd.tif	1718338.990672	1718339.249264	1718339.939515	8.341774e-01	24	none	NaN	NaN
108	7	32	49	bathroom	sun_asfwthctfqerjvxr.tif	1718340.709047	1718340.967638	1718341.657860	7.674432e-01	39	none	NaN	NaN
108	7	33	31	bathroom	sun_akiytfaagpdsphgz.tif	1718342.427420	1718342.686011	1718343.376138	7.924685e-01	21	none	NaN	NaN
108	7	34	53	bathroom	sun_ausgutylgojavyoq.tif	1718344.145787	1718344.404375	1718345.094496	7.090508e-01	43	39	1718346.357506	1
108	7	35	39	bathroom	sun_anryaplzeujmzfkd.tif	1718347.132083	1718347.390669	1718348.080904	8.425192e-01	29	none	NaN	NaN
108	7	36	21	bathroom	sun_aggnnqpdorgxpvce.tif	1718348.850457	1718349.109048	1718349.799110	7.924685e-01	11	37	1718350.486561	0
108	7	37	56	bathroom	sun_awnqiikzaispgmwo.tif	1718351.261179	1718351.519762	1718352.209888	7.340761e-01	46	none	NaN	NaN
108	7	38	14	bathroom	sun_abapwbhyhkfixyex.tif	1718352.979548	1718353.238139	1718353.928246	8.174939e-01	4	none	NaN	NaN
108	7	39	60	bathroom	sun_azqyogdvyhahyram.tif	1718354.697917	1718354.956506	1718355.646755	7.591014e-01	50	none	NaN	NaN
108	7	40	38	bathroom	sun_anhioqovhscjqqwb.tif	1718356.416289	1718356.674875	1718357.365108	8.258356e-01	28	none	NaN	NaN
108	7	41	47	bathroom	sun_apynckhmoftszqoq.tif	1718358.134663	1718358.393248	1718359.083323	6.506584e-01	37	none	NaN	NaN
108	7	42	12	bathroom	sun_aapitsgbtktqubfy.tif	1718359.853027	1718360.111621	1718360.801797	8.008103e-01	2	none	NaN	NaN
108	7	43	22	bathroom	sun_agguqiubmwhqqunb.tif	1718361.571395	1718361.829979	1718362.520061	7.424179e-01	12	37	1718363.749471	1
108	7	44	46	bathroom	sun_apmqjbnwghzuhhzh.tif	1718364.524328	1718364.782915	1718365.473102	8.341774e-01	36	none	NaN	NaN
108	7	45	58	bathroom	sun_axxbkopsgyouuebh.tif	1718366.242701	1718366.501288	1718367.191533	8.258356e-01	48	none	NaN	NaN
108	7	46	35	bathroom	sun_alotolagknyrgtsk.tif	1718367.961069	1718368.219659	1718368.909862	8.425192e-01	25	none	NaN	NaN
108	7	47	26	bathroom	sun_ahaulkltgpkeeemi.tif	1718369.679437	1718369.938030	1718370.628067	8.091521e-01	16	none	NaN	NaN
108	7	48	29	bathroom	sun_ahqjwnzgolcaoidx.tif	1718371.397807	1718371.656398	1718372.346674	6.673419e-01	19	none	NaN	NaN
108	7	49	32	bathroom	sun_aleqenyvunhactkl.tif	1718373.116176	1718373.374768	1718374.064938	7.591014e-01	22	none	NaN	NaN
108	7	50	15	bathroom	sun_abjtwfukuwddzted.tif	1718374.834550	1718375.093139	1718375.783327	6.590001e-01	5	none	NaN	NaN
108	7	51	16	bathroom	sun_acduarbnmmoglmiv.tif	1718376.552918	1718376.811510	1718377.501703	7.173926e-01	6	none	NaN	NaN
108	7	52	53	bathroom	sun_ausgutylgojavyoq.tif	1718378.271292	1718378.529881	1718379.219985	8.341774e-01	43	none	NaN	NaN
108	7	53	23	bathroom	sun_aghyqhbptboemmoq.tif	1718379.989662	1718380.248249	1718380.938393	7.757850e-01	13	none	NaN	NaN
108	7	54	17	bathroom	sun_acegryoqftbzowsg.tif	1718381.708028	1718381.966627	1718382.656871	6.673419e-01	7	none	NaN	NaN
108	7	55	32	bathroom	sun_aleqenyvunhactkl.tif	1718383.426402	1718383.684996	1718384.375259	8.425192e-01	22	37	1718385.085383	1
108	7	56	37	bathroom	sun_amzlamotzwfkwjco.tif	1718385.862152	1718386.120742	1718386.810816	8.091521e-01	27	none	NaN	NaN
108	7	57	59	bathroom	sun_axyrejkiiaqiurjk.tif	1718387.580521	1718387.839115	1718388.529324	7.507597e-01	49	39	1718389.205648	1
108	7	58	41	bathroom	sun_aoybiabnpadelefl.tif	1718389.982903	1718390.241492	1718390.931722	7.007090e-01	31	none	NaN	NaN
108	7	59	26	bathroom	sun_ahaulkltgpkeeemi.tif	1718391.701274	1718391.959862	1718392.649930	8.091521e-01	16	none	NaN	NaN
108	7	60	55	bathroom	sun_avhrdrntsqrjzccq.tif	1718393.419644	1718393.678234	1718394.368301	6.756837e-01	45	none	NaN	NaN
108	7	61	40	bathroom	sun_aofnryafpsjimzsb.tif	1718395.138016	1718395.396610	1718396.086764	7.340761e-01	30	none	NaN	NaN
108	7	62	33	bathroom	sun_aljolscmmzydegqp.tif	1718396.856381	1718397.114971	1718397.805243	6.923672e-01	23	none	NaN	NaN
108	7	63	24	bathroom	sun_agrwbmhcpmfuwmsg.tif	1718398.574753	1718398.833351	1718399.523557	7.591014e-01	14	none	NaN	NaN
108	7	64	39	bathroom	sun_anryaplzeujmzfkd.tif	1718400.293129	1718400.551716	1718401.241815	8.508609e-01	29	none	NaN	NaN
108	7	65	38	bathroom	sun_anhioqovhscjqqwb.tif	1718402.011496	1718402.270088	1718402.960138	6.590001e-01	28	none	NaN	NaN
108	7	66	15	bathroom	sun_abjtwfukuwddzted.tif	1718403.729865	1718403.988459	1718404.678586	6.756837e-01	5	none	NaN	NaN
108	7	67	42	bathroom	sun_apeeialkgkuxddgh.tif	1718405.448239	1718405.706828	1718406.397086	7.841268e-01	32	none	NaN	NaN
108	7	68	11	bathroom	labelme_sfxiulhjbhlyiyt.tif	1718407.166608	1718407.425196	1718408.115440	8.508609e-01	1	none	NaN	NaN
108	7	69	12	bathroom	sun_aapitsgbtktqubfy.tif	1718408.884981	1718409.143566	1718409.833753	6.840255e-01	2	none	NaN	NaN
108	7	70	43	bathroom	sun_apjevzvycyhuqghb.tif	1718410.603346	1718410.861933	1718411.552097	7.257343e-01	33	none	NaN	NaN
108	7	71	47	bathroom	sun_apynckhmoftszqoq.tif	1718412.321724	1718412.580311	1718413.270585	8.008103e-01	37	39	1718414.085280	0
108	7	72	34	bathroom	sun_alkosphxlxwjwgjd.tif	1718414.857569	1718415.116156	1718415.806237	7.591014e-01	24	none	NaN	NaN
108	7	73	30	bathroom	sun_ajlawzvmubibwbpy.tif	1718416.575934	1718416.834527	1718417.524793	7.173926e-01	20	none	NaN	NaN
108	7	74	56	bathroom	sun_awnqiikzaispgmwo.tif	1718418.294309	1718418.552897	1718419.243021	6.590001e-01	46	none	NaN	NaN
108	7	75	36	bathroom	sun_ambriybtogmepttm.tif	1718420.012679	1718420.271268	1718420.961511	8.174939e-01	26	none	NaN	NaN
108	7	76	46	bathroom	sun_apmqjbnwghzuhhzh.tif	1718421.731046	1718421.989637	1718422.679738	6.673419e-01	36	none	NaN	NaN
108	7	77	14	bathroom	sun_abapwbhyhkfixyex.tif	1718423.449419	1718423.708007	1718424.398267	7.757850e-01	4	none	NaN	NaN
108	7	78	19	bathroom	sun_aclfzgynxzxlbepz.tif	1718425.167791	1718425.426379	1718426.116539	6.923672e-01	9	none	NaN	NaN
108	7	79	25	bathroom	sun_agyqfjcfkdcydepw.tif	1718426.886164	1718427.144747	1718427.834956	7.007090e-01	15	none	NaN	NaN
108	7	80	13	bathroom	sun_aavhrsfjbserjtht.tif	1718428.604532	1718428.863122	1718429.553188	7.257343e-01	3	none	NaN	NaN
108	7	81	60	bathroom	sun_azqyogdvyhahyram.tif	1718430.322900	1718430.581489	1718431.271594	7.424179e-01	50	none	NaN	NaN
108	7	82	50	bathroom	sun_aspsyogrekjtfozg.tif	1718432.041273	1718432.299858	1718432.989937	6.506584e-01	40	39	1718435.445513	1
108	7	83	22	bathroom	sun_agguqiubmwhqqunb.tif	1718436.220414	1718436.479006	1718437.169217	6.590001e-01	12	none	NaN	NaN
108	7	84	20	bathroom	sun_afcoljnjfoxjtgja.tif	1718437.938791	1718438.197374	1718438.887484	8.258356e-01	10	none	NaN	NaN
108	7	85	18	bathroom	sun_acgyywnybuveqsro.tif	1718439.657156	1718439.915742	1718440.606020	6.756837e-01	8	none	NaN	NaN
108	7	86	58	bathroom	sun_axxbkopsgyouuebh.tif	1718441.375530	1718441.634118	1718442.324169	7.757850e-01	48	none	NaN	NaN
108	7	87	35	bathroom	sun_alotolagknyrgtsk.tif	1718443.093899	1718443.352486	1718444.042726	7.257343e-01	25	none	NaN	NaN
108	7	88	44	bathroom	sun_apkruvsevgegsdwp.tif	1718444.812264	1718445.070859	1718445.760995	7.007090e-01	34	none	NaN	NaN
108	7	89	48	bathroom	sun_aqrpegblszgcoujh.tif	1718446.530643	1718446.789224	1718447.479283	7.841268e-01	38	none	NaN	NaN
108	7	90	45	bathroom	sun_apkxzenqapsujocq.tif	1718448.249004	1718448.507597	1718449.197648	7.841268e-01	35	none	NaN	NaN
108	7	91	57	bathroom	sun_axldvoqbuvuggfmq.tif	1718449.967380	1718450.225975	1718450.916060	7.090508e-01	47	39	1718452.789756	1
108	7	92	51	bathroom	sun_atstyziqcmkahyxk.tif	1718453.562616	1718453.821200	1718454.511442	7.173926e-01	41	none	NaN	NaN
108	7	93	31	bathroom	sun_akiytfaagpdsphgz.tif	1718455.280979	1718455.539570	1718456.229635	7.924685e-01	21	none	NaN	NaN
108	7	94	29	bathroom	sun_ahqjwnzgolcaoidx.tif	1718456.999349	1718457.257945	1718457.948068	8.258356e-01	19	none	NaN	NaN
108	7	95	54	bathroom	sun_auzqhkafidnkrwmo.tif	1718458.717726	1718458.976317	1718459.666569	8.425192e-01	44	37	1718460.989549	1
108	7	96	49	bathroom	sun_asfwthctfqerjvxr.tif	1718461.762406	1718462.020993	1718462.711224	7.757850e-01	39	none	NaN	NaN
108	7	97	52	bathroom	sun_aunuadmjocsddsrl.tif	1718463.480779	1718463.739369	1718464.429515	7.674432e-01	42	none	NaN	NaN
108	7	98	28	bathroom	sun_ahijqszoswveeyji.tif	1718465.199142	1718465.457729	1718466.147852	6.840255e-01	18	none	NaN	NaN
108	7	99	21	bathroom	sun_aggnnqpdorgxpvce.tif	1718466.917519	1718467.176109	1718467.866310	7.090508e-01	11	37	1718469.053453	1
108	7	100	27	bathroom	sun_ahcvzmoyaycdoftf.tif	1718469.828739	1718470.087324	1718470.777414	7.674432e-01	17	none	NaN	NaN
108	8	1	66	kitchen	sun_aapllqyqlykszopd.tif	1718494.319691	1718494.578275	1718495.260167	6.756837e-01	56	none	NaN	NaN
108	8	2	91	kitchen	sun_ahljzhgcdpomplvg.tif	1718496.029716	1718496.288308	1718496.970244	7.591014e-01	81	37	1718497.765767	1
108	8	3	104	kitchen	sun_auticobqsbwgoppi.tif	1718498.540545	1718498.799133	1718499.481030	8.508609e-01	94	none	NaN	NaN
108	8	4	109	kitchen	sun_aypmqwcualkenuoe.tif	1718500.250568	1718500.509159	1718501.191019	7.757850e-01	99	none	NaN	NaN
108	8	5	81	kitchen	sun_aehawpgmrlhlvcow.tif	1718501.960598	1718502.219190	1718502.900941	7.090508e-01	71	37	1718504.021682	1
108	8	6	101	kitchen	sun_aqeaevwwwjoqhzvl.tif	1718504.796745	1718505.055331	1718505.737233	7.257343e-01	91	none	NaN	NaN
108	8	7	85	kitchen	sun_afuyedyxivkhecmu.tif	1718506.506774	1718506.765299	1718507.447126	8.258356e-01	75	none	NaN	NaN
108	8	8	83	kitchen	sun_aeqdocilnnpuvuhx.tif	1718508.216800	1718508.475390	1718509.157242	6.923672e-01	73	none	NaN	NaN
108	8	9	80	kitchen	sun_aegoxogugdkwpmpj.tif	1718509.926828	1718510.185423	1718510.867144	8.091521e-01	70	none	NaN	NaN
108	8	10	86	kitchen	sun_aggjlwcdjsjcaemh.tif	1718511.636856	1718511.895448	1718512.577231	6.673419e-01	76	39	1718513.629764	1
108	8	11	65	kitchen	sun_aamedkxepzlwuxes.tif	1718514.406274	1718514.664864	1718515.346744	7.007090e-01	55	none	NaN	NaN
108	8	12	98	kitchen	sun_akchetnepxlcxhsu.tif	1718516.116301	1718516.374892	1718517.056711	7.007090e-01	88	none	NaN	NaN
108	8	13	77	kitchen	sun_acxkpeoqbwcxfvip.tif	1718517.826328	1718518.084921	1718518.766714	8.008103e-01	67	none	NaN	NaN
108	8	14	96	kitchen	sun_ajcbwwvdlsvjyzje.tif	1718519.536358	1718519.794947	1718520.476687	8.258356e-01	86	none	NaN	NaN
108	8	15	84	kitchen	sun_aexklacwqwezaorf.tif	1718521.246387	1718521.504982	1718522.186804	7.257343e-01	74	39	1718523.365698	1
108	8	16	79	kitchen	sun_admlmbcdswaszruo.tif	1718524.140926	1718524.399513	1718525.081287	7.507597e-01	69	none	NaN	NaN
108	8	17	89	kitchen	sun_agzzivivdpnawacl.tif	1718525.850948	1718526.109541	1718526.791424	8.425192e-01	79	37	1718527.853615	1
108	8	18	92	kitchen	sun_ahpczsiumwwocjkv.tif	1718528.628705	1718528.887296	1718529.569104	8.425192e-01	82	none	NaN	NaN
108	8	19	93	kitchen	sun_ahspylgoovwmwvgk.tif	1718530.338738	1718530.597328	1718531.279126	7.757850e-01	83	39	1718531.941708	1
108	8	20	87	kitchen	sun_agorklincwxrdtga.tif	1718532.716090	1718532.974684	1718533.656610	7.841268e-01	77	37	1718534.261628	1
108	8	21	68	kitchen	sun_aaxxjlsuzvqlgylf.tif	1718535.035059	1718535.293651	1718535.975622	6.840255e-01	58	none	NaN	NaN
108	8	22	76	kitchen	sun_acwjdupvyjsugpay.tif	1718536.745088	1718537.003676	1718537.685392	6.590001e-01	66	none	NaN	NaN
108	8	23	67	kitchen	sun_aarfiyshqohlwkmo.tif	1718538.455116	1718538.713708	1718539.395612	6.590001e-01	57	none	NaN	NaN
108	8	24	97	kitchen	sun_ajkqhtgcbgpcwrwn.tif	1718540.165143	1718540.423735	1718541.105477	7.507597e-01	87	none	NaN	NaN
108	8	25	110	kitchen	sun_azmutvzbxypaceni.tif	1718541.875173	1718542.133761	1718542.815469	7.173926e-01	100	none	NaN	NaN
108	8	26	105	kitchen	sun_avszsnwsbuqfgzbn.tif	1718543.585206	1718543.843793	1718544.525541	7.841268e-01	95	none	NaN	NaN
108	8	27	70	kitchen	sun_abdxkyyxwfskuaqb.tif	1718545.295235	1718545.553825	1718546.235629	8.508609e-01	60	none	NaN	NaN
108	8	28	69	kitchen	sun_abdenxonkemggwsq.tif	1718547.005262	1718547.263853	1718547.945735	7.507597e-01	59	none	NaN	NaN
108	8	29	64	kitchen	sun_aadbddgrdsjugojn.tif	1718548.715289	1718548.973882	1718549.655675	8.425192e-01	54	none	NaN	NaN
108	8	30	72	kitchen	sun_abpwyqmlzafvklqo.tif	1718550.425314	1718550.683911	1718551.365726	7.674432e-01	62	none	NaN	NaN
108	8	31	71	kitchen	sun_abftihopvusyfakt.tif	1718552.135352	1718552.393939	1718553.075883	7.591014e-01	61	none	NaN	NaN
108	8	32	108	kitchen	sun_aymvwlarqodbwuoc.tif	1718553.845376	1718554.103970	1718554.785844	8.341774e-01	98	none	NaN	NaN
108	8	33	102	kitchen	sun_auaiucuqpdausiva.tif	1718555.555402	1718555.813994	1718556.495907	7.340761e-01	92	none	NaN	NaN
108	8	34	75	kitchen	sun_acgtpgfybqjmzeyw.tif	1718557.265433	1718557.524024	1718558.205934	7.924685e-01	65	none	NaN	NaN
108	8	35	100	kitchen	sun_amjjdeyrggfqgmom.tif	1718558.975467	1718559.234052	1718559.915894	8.258356e-01	90	none	NaN	NaN
108	8	36	74	kitchen	sun_acfmftudsenhrfhy.tif	1718560.685490	1718560.944078	1718561.626001	7.674432e-01	64	none	NaN	NaN
108	8	37	73	kitchen	sun_abrcnpqqhmjwekyf.tif	1718562.395520	1718562.654116	1718563.335806	8.008103e-01	63	none	NaN	NaN
108	8	38	94	kitchen	sun_ahywdevtimnqcsln.tif	1718564.105553	1718564.364137	1718565.045892	8.174939e-01	84	none	NaN	NaN
108	8	39	106	kitchen	sun_awcpdzzznmweyyhv.tif	1718565.815579	1718566.074167	1718566.755994	6.923672e-01	96	none	NaN	NaN
108	8	40	103	kitchen	sun_aunzlwrbjumxhwdj.tif	1718567.525609	1718567.784200	1718568.465897	7.173926e-01	93	none	NaN	NaN
108	8	41	99	kitchen	sun_akcjzhbbjlbogpdi.tif	1718569.235636	1718569.494227	1718570.175949	7.424179e-01	89	none	NaN	NaN
108	8	42	63	kitchen	labelme_rykdqxenmhulbdn.tif	1718570.945662	1718571.204251	1718571.886014	8.258356e-01	53	none	NaN	NaN
108	8	43	61	kitchen	labelme_brsyyvweiuaazfr.tif	1718572.655697	1718572.914281	1718573.596132	7.507597e-01	51	none	NaN	NaN
108	8	44	88	kitchen	sun_agubuxuukhzyzpdp.tif	1718574.365723	1718574.624314	1718575.306086	7.591014e-01	78	none	NaN	NaN
108	8	45	95	kitchen	sun_aixorpehvfykdynp.tif	1718576.075752	1718576.334339	1718577.016257	7.090508e-01	85	none	NaN	NaN
108	8	46	62	kitchen	labelme_kxvouciolcpqplr.tif	1718577.785784	1718578.044373	1718578.726309	7.841268e-01	52	none	NaN	NaN
108	8	47	78	kitchen	sun_adgqasybjyktddhj.tif	1718579.495808	1718579.754400	1718580.436148	8.425192e-01	68	none	NaN	NaN
108	8	48	82	kitchen	sun_aenotlpyftoioydp.tif	1718581.205840	1718581.464432	1718582.146342	6.756837e-01	72	37	1718583.045710	1
108	8	49	90	kitchen	sun_ahdycvpopffkzzsu.tif	1718583.816762	1718584.075347	1718584.757112	7.424179e-01	80	none	NaN	NaN
108	8	50	107	kitchen	sun_axyyrmzcupyhlivc.tif	1718585.526785	1718585.785374	1718586.467102	6.840255e-01	97	none	NaN	NaN
108	8	51	109	kitchen	sun_aypmqwcualkenuoe.tif	1718587.236817	1718587.495408	1718588.177223	7.757850e-01	99	none	NaN	NaN
108	8	52	75	kitchen	sun_acgtpgfybqjmzeyw.tif	1718588.946846	1718589.205438	1718589.887210	7.173926e-01	65	none	NaN	NaN
108	8	53	76	kitchen	sun_acwjdupvyjsugpay.tif	1718590.656876	1718590.915465	1718591.597351	6.756837e-01	66	none	NaN	NaN
108	8	54	66	kitchen	sun_aapllqyqlykszopd.tif	1718592.366899	1718592.625494	1718593.307291	6.506584e-01	56	none	NaN	NaN
108	8	55	107	kitchen	sun_axyyrmzcupyhlivc.tif	1718594.076934	1718594.335524	1718595.017250	7.007090e-01	97	37	1718595.901685	1
108	8	56	64	kitchen	sun_aadbddgrdsjugojn.tif	1718596.679517	1718596.938095	1718597.619902	8.258356e-01	54	37	1718598.413813	1
108	8	57	101	kitchen	sun_aqeaevwwwjoqhzvl.tif	1718599.190336	1718599.448928	1718600.130823	6.923672e-01	91	none	NaN	NaN
108	8	58	79	kitchen	sun_admlmbcdswaszruo.tif	1718600.900368	1718601.158959	1718601.840791	7.257343e-01	69	none	NaN	NaN
108	8	59	61	kitchen	labelme_brsyyvweiuaazfr.tif	1718602.610393	1718602.868987	1718603.550694	7.591014e-01	51	none	NaN	NaN
108	8	60	92	kitchen	sun_ahpczsiumwwocjkv.tif	1718604.320423	1718604.579015	1718605.260892	7.591014e-01	82	none	NaN	NaN
108	8	61	63	kitchen	labelme_rykdqxenmhulbdn.tif	1718606.030449	1718606.289043	1718606.970863	7.340761e-01	53	none	NaN	NaN
108	8	62	93	kitchen	sun_ahspylgoovwmwvgk.tif	1718607.740482	1718607.999065	1718608.680903	7.257343e-01	83	none	NaN	NaN
108	8	63	106	kitchen	sun_awcpdzzznmweyyhv.tif	1718609.450513	1718609.709103	1718610.390850	6.923672e-01	96	none	NaN	NaN
108	8	64	83	kitchen	sun_aeqdocilnnpuvuhx.tif	1718611.160535	1718611.419125	1718612.100844	6.840255e-01	73	none	NaN	NaN
108	8	65	70	kitchen	sun_abdxkyyxwfskuaqb.tif	1718612.870566	1718613.129157	1718613.811038	7.007090e-01	60	none	NaN	NaN
108	8	66	84	kitchen	sun_aexklacwqwezaorf.tif	1718614.580596	1718614.839190	1718615.521007	7.757850e-01	74	none	NaN	NaN
108	8	67	78	kitchen	sun_adgqasybjyktddhj.tif	1718616.290624	1718616.549212	1718617.230932	7.924685e-01	68	none	NaN	NaN
108	8	68	77	kitchen	sun_acxkpeoqbwcxfvip.tif	1718618.000655	1718618.259244	1718618.941161	7.841268e-01	67	none	NaN	NaN
108	8	69	74	kitchen	sun_acfmftudsenhrfhy.tif	1718619.710676	1718619.969275	1718620.651139	8.091521e-01	64	none	NaN	NaN
108	8	70	94	kitchen	sun_ahywdevtimnqcsln.tif	1718621.420709	1718621.679300	1718622.361231	7.090508e-01	84	39	1718623.221669	1
108	8	71	95	kitchen	sun_aixorpehvfykdynp.tif	1718623.998269	1718624.256858	1718624.938759	6.673419e-01	85	37	1718625.605788	0
108	8	72	73	kitchen	sun_abrcnpqqhmjwekyf.tif	1718626.383970	1718626.642554	1718627.324295	8.008103e-01	63	37	1718631.037713	1
108	8	73	88	kitchen	sun_agubuxuukhzyzpdp.tif	1718631.814347	1718632.072939	1718632.754812	8.174939e-01	78	none	NaN	NaN
108	8	74	98	kitchen	sun_akchetnepxlcxhsu.tif	1718633.524380	1718633.782968	1718634.464726	8.008103e-01	88	none	NaN	NaN
108	8	75	80	kitchen	sun_aegoxogugdkwpmpj.tif	1718635.234411	1718635.492950	1718636.174900	6.673419e-01	70	39	1718636.885746	1
108	8	76	65	kitchen	sun_aamedkxepzlwuxes.tif	1718637.661818	1718637.920407	1718638.602157	7.674432e-01	55	none	NaN	NaN
108	8	77	103	kitchen	sun_aunzlwrbjumxhwdj.tif	1718639.371845	1718639.630434	1718640.312295	7.424179e-01	93	none	NaN	NaN
108	8	78	86	kitchen	sun_aggjlwcdjsjcaemh.tif	1718641.081873	1718641.340463	1718642.022198	8.091521e-01	76	none	NaN	NaN
108	8	79	71	kitchen	sun_abftihopvusyfakt.tif	1718642.791901	1718643.050495	1718643.732310	7.424179e-01	61	none	NaN	NaN
108	8	80	81	kitchen	sun_aehawpgmrlhlvcow.tif	1718644.501936	1718644.760519	1718645.442229	8.341774e-01	71	none	NaN	NaN
108	8	81	96	kitchen	sun_ajcbwwvdlsvjyzje.tif	1718646.211959	1718646.470554	1718647.152307	6.590001e-01	86	none	NaN	NaN
108	8	82	102	kitchen	sun_auaiucuqpdausiva.tif	1718647.921982	1718648.180578	1718648.862480	6.923672e-01	92	none	NaN	NaN
108	8	83	62	kitchen	labelme_kxvouciolcpqplr.tif	1718649.632017	1718649.890608	1718650.572362	7.340761e-01	52	none	NaN	NaN
108	8	84	108	kitchen	sun_aymvwlarqodbwuoc.tif	1718651.342044	1718651.600636	1718652.282424	6.590001e-01	98	none	NaN	NaN
108	8	85	72	kitchen	sun_abpwyqmlzafvklqo.tif	1718653.052072	1718653.310668	1718653.992563	8.174939e-01	62	none	NaN	NaN
108	8	86	87	kitchen	sun_agorklincwxrdtga.tif	1718654.762104	1718655.020689	1718655.702531	7.340761e-01	77	none	NaN	NaN
108	8	87	90	kitchen	sun_ahdycvpopffkzzsu.tif	1718656.472144	1718656.730728	1718657.412437	7.924685e-01	80	none	NaN	NaN
108	8	88	82	kitchen	sun_aenotlpyftoioydp.tif	1718658.182163	1718658.440748	1718659.122519	6.840255e-01	72	none	NaN	NaN
108	8	89	100	kitchen	sun_amjjdeyrggfqgmom.tif	1718659.892189	1718660.150778	1718660.832597	7.173926e-01	90	39	1718661.765830	1
108	8	90	67	kitchen	sun_aarfiyshqohlwkmo.tif	1718662.536483	1718662.795062	1718663.476933	7.090508e-01	57	none	NaN	NaN
108	8	91	104	kitchen	sun_auticobqsbwgoppi.tif	1718664.246511	1718664.505090	1718665.187039	8.091521e-01	94	none	NaN	NaN
108	8	92	110	kitchen	sun_azmutvzbxypaceni.tif	1718665.956537	1718666.215127	1718666.897054	7.674432e-01	100	none	NaN	NaN
108	8	93	105	kitchen	sun_avszsnwsbuqfgzbn.tif	1718667.666567	1718667.925152	1718668.607062	8.174939e-01	95	none	NaN	NaN
108	8	94	97	kitchen	sun_ajkqhtgcbgpcwrwn.tif	1718669.376591	1718669.635189	1718670.317119	8.341774e-01	87	none	NaN	NaN
108	8	95	85	kitchen	sun_afuyedyxivkhecmu.tif	1718671.086623	1718671.345212	1718672.026957	8.341774e-01	75	none	NaN	NaN
108	8	96	89	kitchen	sun_agzzivivdpnawacl.tif	1718672.796650	1718673.055236	1718673.737130	7.924685e-01	79	none	NaN	NaN
108	8	97	91	kitchen	sun_ahljzhgcdpomplvg.tif	1718674.506681	1718674.765270	1718675.447077	6.673419e-01	81	none	NaN	NaN
108	8	98	99	kitchen	sun_akcjzhbbjlbogpdi.tif	1718676.216712	1718676.475299	1718677.157169	6.506584e-01	89	none	NaN	NaN
108	8	99	68	kitchen	sun_aaxxjlsuzvqlgylf.tif	1718677.926737	1718678.185325	1718678.867221	6.756837e-01	58	none	NaN	NaN
108	8	100	69	kitchen	sun_abdenxonkemggwsq.tif	1718679.636764	1718679.895360	1718680.577178	6.506584e-01	59	none	NaN	NaN
108	9	1	11	bathroom	labelme_sfxiulhjbhlyiyt.tif	1718705.312225	1718705.570816	1718706.219168	7.757850e-01	1	none	NaN	NaN
108	9	2	24	bathroom	sun_agrwbmhcpmfuwmsg.tif	1718706.988887	1718707.247479	1718707.895981	8.508609e-01	14	none	NaN	NaN
108	9	3	60	bathroom	sun_azqyogdvyhahyram.tif	1718708.665549	1718708.924139	1718709.572526	7.007090e-01	50	none	NaN	NaN
108	9	4	19	bathroom	sun_aclfzgynxzxlbepz.tif	1718710.342206	1718710.600792	1718711.249304	7.924685e-01	9	none	NaN	NaN
108	9	5	14	bathroom	sun_abapwbhyhkfixyex.tif	1718712.018875	1718712.277468	1718712.925957	8.174939e-01	4	none	NaN	NaN
108	9	6	15	bathroom	sun_abjtwfukuwddzted.tif	1718713.695534	1718713.954128	1718714.602543	6.923672e-01	5	39	1718715.285780	1
108	9	7	21	bathroom	sun_aggnnqpdorgxpvce.tif	1718716.056207	1718716.314799	1718716.963147	7.507597e-01	11	none	NaN	NaN
108	9	8	38	bathroom	sun_anhioqovhscjqqwb.tif	1718717.732870	1718717.991460	1718718.639849	6.506584e-01	28	none	NaN	NaN
108	9	9	44	bathroom	sun_apkruvsevgegsdwp.tif	1718719.409536	1718719.668123	1718720.316652	6.590001e-01	34	none	NaN	NaN
108	9	10	56	bathroom	sun_awnqiikzaispgmwo.tif	1718721.086197	1718721.344784	1718721.993185	6.590001e-01	46	none	NaN	NaN
108	9	11	16	bathroom	sun_acduarbnmmoglmiv.tif	1718722.762859	1718723.021450	1718723.669826	8.258356e-01	6	none	NaN	NaN
108	9	12	45	bathroom	sun_apkxzenqapsujocq.tif	1718724.439518	1718724.698106	1718725.346453	8.008103e-01	35	none	NaN	NaN
108	9	13	18	bathroom	sun_acgyywnybuveqsro.tif	1718726.116181	1718726.374772	1718727.023170	8.425192e-01	8	none	NaN	NaN
108	9	14	20	bathroom	sun_afcoljnjfoxjtgja.tif	1718727.792838	1718728.051435	1718728.699762	7.757850e-01	10	37	1718729.525748	1
108	9	15	49	bathroom	sun_asfwthctfqerjvxr.tif	1718730.303671	1718730.562259	1718731.210740	8.091521e-01	39	none	NaN	NaN
108	9	16	31	bathroom	sun_akiytfaagpdsphgz.tif	1718731.980329	1718732.238915	1718732.887440	7.591014e-01	21	none	NaN	NaN
108	9	17	17	bathroom	sun_acegryoqftbzowsg.tif	1718733.656993	1718733.915580	1718734.564121	7.424179e-01	7	none	NaN	NaN
108	9	18	54	bathroom	sun_auzqhkafidnkrwmo.tif	1718735.333655	1718735.592242	1718736.240736	8.508609e-01	44	none	NaN	NaN
108	9	19	50	bathroom	sun_aspsyogrekjtfozg.tif	1718737.010320	1718737.268908	1718737.917462	8.174939e-01	40	none	NaN	NaN
108	9	20	34	bathroom	sun_alkosphxlxwjwgjd.tif	1718738.686979	1718738.945567	1718739.594039	7.340761e-01	24	37	1718740.141588	1
108	9	21	53	bathroom	sun_ausgutylgojavyoq.tif	1718740.914186	1718741.172773	1718741.821152	6.840255e-01	43	none	NaN	NaN
108	9	22	13	bathroom	sun_aavhrsfjbserjtht.tif	1718742.590849	1718742.849442	1718743.497851	6.673419e-01	3	none	NaN	NaN
108	9	23	52	bathroom	sun_aunuadmjocsddsrl.tif	1718744.267513	1718744.526104	1718745.174654	6.506584e-01	42	none	NaN	NaN
108	9	24	12	bathroom	sun_aapitsgbtktqubfy.tif	1718745.944172	1718746.202766	1718746.851149	7.591014e-01	2	none	NaN	NaN
108	9	25	39	bathroom	sun_anryaplzeujmzfkd.tif	1718747.612493	1718747.871080	1718748.519608	7.340761e-01	29	none	NaN	NaN
108	9	26	29	bathroom	sun_ahqjwnzgolcaoidx.tif	1718749.289154	1718749.547744	1718750.196099	7.090508e-01	19	none	NaN	NaN
108	9	27	26	bathroom	sun_ahaulkltgpkeeemi.tif	1718750.965821	1718751.224411	1718751.872836	6.673419e-01	16	37	1718752.461774	1
108	9	28	51	bathroom	sun_atstyziqcmkahyxk.tif	1718753.234734	1718753.493325	1718754.141804	7.090508e-01	41	none	NaN	NaN
108	9	29	41	bathroom	sun_aoybiabnpadelefl.tif	1718754.911395	1718755.169986	1718755.818328	7.841268e-01	31	none	NaN	NaN
108	9	30	28	bathroom	sun_ahijqszoswveeyji.tif	1718756.588059	1718756.846647	1718757.495120	7.424179e-01	18	none	NaN	NaN
108	9	31	57	bathroom	sun_axldvoqbuvuggfmq.tif	1718758.264724	1718758.523315	1718759.171869	7.924685e-01	47	none	NaN	NaN
108	9	32	32	bathroom	sun_aleqenyvunhactkl.tif	1718759.941386	1718760.199970	1718760.848441	6.923672e-01	22	39	1718761.525975	1
108	9	33	25	bathroom	sun_agyqfjcfkdcydepw.tif	1718762.302056	1718762.560650	1718763.209176	8.008103e-01	15	none	NaN	NaN
108	9	34	30	bathroom	sun_ajlawzvmubibwbpy.tif	1718763.978720	1718764.237310	1718764.885824	8.258356e-01	20	none	NaN	NaN
108	9	35	58	bathroom	sun_axxbkopsgyouuebh.tif	1718765.655388	1718765.913975	1718766.562433	7.507597e-01	48	none	NaN	NaN
108	9	36	48	bathroom	sun_aqrpegblszgcoujh.tif	1718767.332046	1718767.590637	1718768.239197	7.674432e-01	38	none	NaN	NaN
108	9	37	36	bathroom	sun_ambriybtogmepttm.tif	1718769.008708	1718769.267297	1718769.915676	8.258356e-01	26	none	NaN	NaN
108	9	38	33	bathroom	sun_aljolscmmzydegqp.tif	1718770.685373	1718770.943957	1718771.592380	7.674432e-01	23	none	NaN	NaN
108	9	39	42	bathroom	sun_apeeialkgkuxddgh.tif	1718772.362035	1718772.620628	1718773.269196	7.841268e-01	32	none	NaN	NaN
108	9	40	55	bathroom	sun_avhrdrntsqrjzccq.tif	1718774.038691	1718774.297284	1718774.945645	6.756837e-01	45	37	1718775.525985	1
108	9	41	46	bathroom	sun_apmqjbnwghzuhhzh.tif	1718776.299270	1718776.557853	1718777.206379	6.840255e-01	36	none	NaN	NaN
108	9	42	22	bathroom	sun_agguqiubmwhqqunb.tif	1718777.975929	1718778.234525	1718778.882960	6.590001e-01	12	none	NaN	NaN
108	9	43	27	bathroom	sun_ahcvzmoyaycdoftf.tif	1718779.652596	1718779.911184	1718780.559600	6.756837e-01	17	none	NaN	NaN
108	9	44	47	bathroom	sun_apynckhmoftszqoq.tif	1718781.329257	1718781.587845	1718782.236374	6.840255e-01	37	none	NaN	NaN
108	9	45	59	bathroom	sun_axyrejkiiaqiurjk.tif	1718783.005923	1718783.264510	1718783.912846	7.424179e-01	49	none	NaN	NaN
108	9	46	35	bathroom	sun_alotolagknyrgtsk.tif	1718784.682582	1718784.941179	1718785.589582	6.673419e-01	25	37	1718786.309959	1
108	9	47	40	bathroom	sun_aofnryafpsjimzsb.tif	1718787.084965	1718787.343555	1718787.992043	7.090508e-01	30	37	1718788.669952	0
108	9	48	23	bathroom	sun_aghyqhbptboemmoq.tif	1718789.445636	1718789.704227	1718790.352746	7.841268e-01	13	none	NaN	NaN
108	9	49	43	bathroom	sun_apjevzvycyhuqghb.tif	1718791.122304	1718791.380890	1718792.029462	6.673419e-01	33	none	NaN	NaN
108	9	50	37	bathroom	sun_amzlamotzwfkwjco.tif	1718792.798965	1718793.057551	1718793.705947	8.091521e-01	27	none	NaN	NaN
108	9	51	26	bathroom	sun_ahaulkltgpkeeemi.tif	1718794.475629	1718794.734215	1718795.382648	7.591014e-01	16	none	NaN	NaN
108	9	52	56	bathroom	sun_awnqiikzaispgmwo.tif	1718796.152288	1718796.410882	1718797.059224	8.008103e-01	46	none	NaN	NaN
108	9	53	15	bathroom	sun_abjtwfukuwddzted.tif	1718797.828953	1718798.087537	1718798.736062	8.091521e-01	5	39	1718799.501827	1
108	9	54	14	bathroom	sun_abapwbhyhkfixyex.tif	1718800.273038	1718800.531628	1718801.180119	7.924685e-01	4	none	NaN	NaN
108	9	55	58	bathroom	sun_axxbkopsgyouuebh.tif	1718801.949698	1718802.208295	1718802.856845	7.257343e-01	48	none	NaN	NaN
108	9	56	53	bathroom	sun_ausgutylgojavyoq.tif	1718803.626366	1718803.884950	1718804.533394	7.591014e-01	43	none	NaN	NaN
108	9	57	50	bathroom	sun_aspsyogrekjtfozg.tif	1718805.303028	1718805.561620	1718806.210089	8.425192e-01	40	none	NaN	NaN
108	9	58	19	bathroom	sun_aclfzgynxzxlbepz.tif	1718806.979688	1718807.238284	1718807.886757	8.341774e-01	9	none	NaN	NaN
108	9	59	46	bathroom	sun_apmqjbnwghzuhhzh.tif	1718808.656355	1718808.914938	1718809.563420	7.674432e-01	36	none	NaN	NaN
108	9	60	18	bathroom	sun_acgyywnybuveqsro.tif	1718810.333015	1718810.591609	1718811.240092	7.007090e-01	8	none	NaN	NaN
108	9	61	16	bathroom	sun_acduarbnmmoglmiv.tif	1718812.009674	1718812.268262	1718812.916682	7.924685e-01	6	none	NaN	NaN
108	9	62	49	bathroom	sun_asfwthctfqerjvxr.tif	1718813.686339	1718813.944932	1718814.593481	7.257343e-01	39	none	NaN	NaN
108	9	63	28	bathroom	sun_ahijqszoswveeyji.tif	1718815.363002	1718815.621591	1718816.270038	7.507597e-01	18	none	NaN	NaN
108	9	64	33	bathroom	sun_aljolscmmzydegqp.tif	1718817.039667	1718817.298251	1718817.946703	8.341774e-01	23	none	NaN	NaN
108	9	65	34	bathroom	sun_alkosphxlxwjwgjd.tif	1718818.716328	1718818.974915	1718819.623447	7.173926e-01	24	none	NaN	NaN
108	9	66	45	bathroom	sun_apkxzenqapsujocq.tif	1718820.392989	1718820.651582	1718821.300134	7.340761e-01	35	none	NaN	NaN
108	9	67	35	bathroom	sun_alotolagknyrgtsk.tif	1718822.069652	1718822.328245	1718822.976665	8.341774e-01	25	none	NaN	NaN
108	9	68	24	bathroom	sun_agrwbmhcpmfuwmsg.tif	1718823.746313	1718824.004908	1718824.653256	8.425192e-01	14	none	NaN	NaN
108	9	69	52	bathroom	sun_aunuadmjocsddsrl.tif	1718825.422975	1718825.681558	1718826.330001	7.257343e-01	42	none	NaN	NaN
108	9	70	43	bathroom	sun_apjevzvycyhuqghb.tif	1718827.099641	1718827.358229	1718828.006577	7.173926e-01	33	none	NaN	NaN
108	9	71	29	bathroom	sun_ahqjwnzgolcaoidx.tif	1718828.776305	1718829.034892	1718829.683318	7.173926e-01	19	none	NaN	NaN
108	9	72	20	bathroom	sun_afcoljnjfoxjtgja.tif	1718830.452960	1718830.711553	1718831.359903	7.841268e-01	10	37	1718832.309872	0
108	9	73	27	bathroom	sun_ahcvzmoyaycdoftf.tif	1718833.080571	1718833.339159	1718833.987613	8.008103e-01	17	none	NaN	NaN
108	9	74	32	bathroom	sun_aleqenyvunhactkl.tif	1718834.757227	1718835.015819	1718835.664337	8.174939e-01	22	none	NaN	NaN
108	9	75	37	bathroom	sun_amzlamotzwfkwjco.tif	1718836.433895	1718836.692477	1718837.340911	8.341774e-01	27	none	NaN	NaN
108	9	76	40	bathroom	sun_aofnryafpsjimzsb.tif	1718838.110553	1718838.369144	1718839.017633	7.007090e-01	30	none	NaN	NaN
108	9	77	30	bathroom	sun_ajlawzvmubibwbpy.tif	1718839.787222	1718840.045808	1718840.694254	6.756837e-01	20	none	NaN	NaN
108	9	78	13	bathroom	sun_aavhrsfjbserjtht.tif	1718841.463880	1718841.722466	1718842.370961	7.507597e-01	3	none	NaN	NaN
108	9	79	21	bathroom	sun_aggnnqpdorgxpvce.tif	1718843.140542	1718843.399132	1718844.047542	6.923672e-01	11	none	NaN	NaN
108	9	80	54	bathroom	sun_auzqhkafidnkrwmo.tif	1718844.817200	1718845.075797	1718845.724228	8.258356e-01	44	37	1718846.549950	1
108	9	81	48	bathroom	sun_aqrpegblszgcoujh.tif	1718847.328029	1718847.586620	1718848.235109	6.923672e-01	38	none	NaN	NaN
108	9	82	39	bathroom	sun_anryaplzeujmzfkd.tif	1718849.004694	1718849.263282	1718849.911717	7.340761e-01	29	none	NaN	NaN
108	9	83	31	bathroom	sun_akiytfaagpdsphgz.tif	1718850.681350	1718850.939942	1718851.588409	6.923672e-01	21	none	NaN	NaN
108	9	84	57	bathroom	sun_axldvoqbuvuggfmq.tif	1718852.358016	1718852.616609	1718853.264988	6.590001e-01	47	none	NaN	NaN
108	9	85	51	bathroom	sun_atstyziqcmkahyxk.tif	1718854.034674	1718854.293266	1718854.941778	7.257343e-01	41	none	NaN	NaN
108	9	86	42	bathroom	sun_apeeialkgkuxddgh.tif	1718855.711338	1718855.969927	1718856.618286	7.757850e-01	32	37	1718857.581885	0
108	9	87	38	bathroom	sun_anhioqovhscjqqwb.tif	1718858.355630	1718858.614217	1718859.262633	7.591014e-01	28	none	NaN	NaN
108	9	88	47	bathroom	sun_apynckhmoftszqoq.tif	1718860.032295	1718860.290882	1718860.939335	8.091521e-01	37	37	1718861.565880	1
108	9	89	55	bathroom	sun_avhrdrntsqrjzccq.tif	1718862.342917	1718862.601507	1718863.249984	7.424179e-01	45	none	NaN	NaN
108	9	90	12	bathroom	sun_aapitsgbtktqubfy.tif	1718864.019579	1718864.278166	1718864.926549	7.173926e-01	2	none	NaN	NaN
108	9	91	11	bathroom	labelme_sfxiulhjbhlyiyt.tif	1718865.696237	1718865.954830	1718866.603398	7.757850e-01	1	none	NaN	NaN
108	9	92	22	bathroom	sun_agguqiubmwhqqunb.tif	1718867.372898	1718867.631489	1718868.280009	6.840255e-01	12	none	NaN	NaN
108	9	93	36	bathroom	sun_ambriybtogmepttm.tif	1718869.049557	1718869.308156	1718869.956596	8.174939e-01	26	none	NaN	NaN
108	9	94	41	bathroom	sun_aoybiabnpadelefl.tif	1718870.726230	1718870.984818	1718871.633250	8.425192e-01	31	none	NaN	NaN
108	9	95	60	bathroom	sun_azqyogdvyhahyram.tif	1718872.402890	1718872.661479	1718873.310053	8.258356e-01	50	none	NaN	NaN
108	9	96	59	bathroom	sun_axyrejkiiaqiurjk.tif	1718874.079549	1718874.338156	1718874.986605	6.506584e-01	49	39	1718875.821872	1
108	9	97	17	bathroom	sun_acegryoqftbzowsg.tif	1718876.598717	1718876.857307	1718877.505804	7.007090e-01	7	none	NaN	NaN
108	9	98	23	bathroom	sun_aghyqhbptboemmoq.tif	1718878.275381	1718878.533971	1718879.182413	7.674432e-01	13	none	NaN	NaN
108	9	99	25	bathroom	sun_agyqfjcfkdcydepw.tif	1718879.952040	1718880.210632	1718880.859185	6.756837e-01	15	none	NaN	NaN
108	9	100	44	bathroom	sun_apkruvsevgegsdwp.tif	1718881.628698	1718881.887294	1718882.535703	7.090508e-01	34	39	1718883.318076	1
108	10	1	73	kitchen	sun_abrcnpqqhmjwekyf.tif	1718895.884507	1718896.143096	1718896.966705	8.174939e-01	63	none	NaN	NaN
108	10	2	62	kitchen	labelme_kxvouciolcpqplr.tif	1718897.736344	1718897.994934	1718898.818650	7.257343e-01	52	none	NaN	NaN
108	10	3	99	kitchen	sun_akcjzhbbjlbogpdi.tif	1718899.588174	1718899.846767	1718900.670399	8.008103e-01	89	none	NaN	NaN
108	10	4	70	kitchen	sun_abdxkyyxwfskuaqb.tif	1718901.440014	1718901.698601	1718902.522126	7.757850e-01	60	37	1718903.421900	1
108	10	5	95	kitchen	sun_aixorpehvfykdynp.tif	1718904.192741	1718904.451329	1718905.275006	6.673419e-01	85	39	1718905.974120	1
108	10	6	97	kitchen	sun_ajkqhtgcbgpcwrwn.tif	1718906.745269	1718907.003857	1718907.827401	7.757850e-01	87	none	NaN	NaN
108	10	7	82	kitchen	sun_aenotlpyftoioydp.tif	1718908.597105	1718908.855695	1718909.679374	7.090508e-01	72	none	NaN	NaN
108	10	8	110	kitchen	sun_azmutvzbxypaceni.tif	1718910.448941	1718910.707536	1718911.531269	6.756837e-01	100	none	NaN	NaN
108	10	9	69	kitchen	sun_abdenxonkemggwsq.tif	1718912.300780	1718912.559367	1718913.383015	6.506584e-01	59	none	NaN	NaN
108	10	10	67	kitchen	sun_aarfiyshqohlwkmo.tif	1718914.152616	1718914.411201	1718915.234929	8.341774e-01	57	none	NaN	NaN
108	10	11	103	kitchen	sun_aunzlwrbjumxhwdj.tif	1718916.004449	1718916.263037	1718917.086689	7.591014e-01	93	none	NaN	NaN
108	10	12	66	kitchen	sun_aapllqyqlykszopd.tif	1718917.856289	1718918.114883	1718918.938490	8.508609e-01	56	none	NaN	NaN
108	10	13	78	kitchen	sun_adgqasybjyktddhj.tif	1718919.708129	1718919.966716	1718920.790446	8.341774e-01	68	none	NaN	NaN
108	10	14	107	kitchen	sun_axyyrmzcupyhlivc.tif	1718921.559959	1718921.818551	1718922.642235	7.507597e-01	97	39	1718923.589739	1
108	10	15	96	kitchen	sun_ajcbwwvdlsvjyzje.tif	1718924.362736	1718924.621328	1718925.444872	6.923672e-01	86	none	NaN	NaN
108	10	16	94	kitchen	sun_ahywdevtimnqcsln.tif	1718926.214577	1718926.473167	1718927.296797	6.840255e-01	84	none	NaN	NaN
108	10	17	109	kitchen	sun_aypmqwcualkenuoe.tif	1718928.066413	1718928.325004	1718929.148595	8.258356e-01	99	none	NaN	NaN
108	10	18	105	kitchen	sun_avszsnwsbuqfgzbn.tif	1718929.918246	1718930.176841	1718931.000454	7.007090e-01	95	none	NaN	NaN
108	10	19	83	kitchen	sun_aeqdocilnnpuvuhx.tif	1718931.770078	1718932.028675	1718932.852388	7.424179e-01	73	none	NaN	NaN
108	10	20	86	kitchen	sun_aggjlwcdjsjcaemh.tif	1718933.621923	1718933.880512	1718934.704089	6.756837e-01	76	none	NaN	NaN
108	10	21	85	kitchen	sun_afuyedyxivkhecmu.tif	1718935.473758	1718935.732348	1718936.556020	7.507597e-01	75	39	1718937.501940	1
108	10	22	65	kitchen	sun_aamedkxepzlwuxes.tif	1718938.276551	1718938.535127	1718939.358679	7.841268e-01	55	none	NaN	NaN
108	10	23	74	kitchen	sun_acfmftudsenhrfhy.tif	1718940.128366	1718940.386959	1718941.210554	8.174939e-01	64	39	1718942.198135	1
108	10	24	88	kitchen	sun_agubuxuukhzyzpdp.tif	1718942.972861	1718943.231442	1718944.054979	8.091521e-01	78	none	NaN	NaN
108	10	25	92	kitchen	sun_ahpczsiumwwocjkv.tif	1718944.824691	1718945.083278	1718945.907029	6.840255e-01	82	none	NaN	NaN
108	10	26	81	kitchen	sun_aehawpgmrlhlvcow.tif	1718946.676529	1718946.935118	1718947.758862	7.007090e-01	71	none	NaN	NaN
108	10	27	101	kitchen	sun_aqeaevwwwjoqhzvl.tif	1718948.528365	1718948.786956	1718949.610589	7.674432e-01	91	none	NaN	NaN
108	10	28	90	kitchen	sun_ahdycvpopffkzzsu.tif	1718950.380204	1718950.638788	1718951.462331	8.341774e-01	80	none	NaN	NaN
108	10	29	76	kitchen	sun_acwjdupvyjsugpay.tif	1718952.232035	1718952.490628	1718953.314178	6.923672e-01	66	none	NaN	NaN
108	10	30	87	kitchen	sun_agorklincwxrdtga.tif	1718954.083877	1718954.342461	1718955.166085	7.173926e-01	77	none	NaN	NaN
108	10	31	100	kitchen	sun_amjjdeyrggfqgmom.tif	1718955.935707	1718956.194301	1718957.018037	7.090508e-01	90	39	1718957.933955	1
108	10	32	63	kitchen	labelme_rykdqxenmhulbdn.tif	1718958.705120	1718958.963708	1718959.787461	8.425192e-01	53	37	1718960.510110	1
108	10	33	89	kitchen	sun_agzzivivdpnawacl.tif	1718961.282678	1718961.541263	1718962.364908	7.674432e-01	79	none	NaN	NaN
108	10	34	84	kitchen	sun_aexklacwqwezaorf.tif	1718963.134511	1718963.393105	1718964.216785	6.673419e-01	74	none	NaN	NaN
108	10	35	71	kitchen	sun_abftihopvusyfakt.tif	1718964.986351	1718965.244938	1718966.068566	6.840255e-01	61	37	1718966.941955	1
108	10	36	80	kitchen	sun_aegoxogugdkwpmpj.tif	1718967.714054	1718967.972644	1718968.796285	8.258356e-01	70	none	NaN	NaN
108	10	37	77	kitchen	sun_acxkpeoqbwcxfvip.tif	1718969.565890	1718969.824471	1718970.648130	6.673419e-01	67	none	NaN	NaN
108	10	38	64	kitchen	sun_aadbddgrdsjugojn.tif	1718971.417720	1718971.676318	1718972.499909	8.508609e-01	54	none	NaN	NaN
108	10	39	106	kitchen	sun_awcpdzzznmweyyhv.tif	1718973.269564	1718973.528152	1718974.351840	6.923672e-01	96	none	NaN	NaN
108	10	40	68	kitchen	sun_aaxxjlsuzvqlgylf.tif	1718975.121397	1718975.379986	1718976.203663	7.173926e-01	58	none	NaN	NaN
108	10	41	61	kitchen	labelme_brsyyvweiuaazfr.tif	1718976.973232	1718977.231827	1718978.055338	7.841268e-01	51	none	NaN	NaN
108	10	42	91	kitchen	sun_ahljzhgcdpomplvg.tif	1718978.825069	1718979.083657	1718979.907171	8.258356e-01	81	none	NaN	NaN
108	10	43	75	kitchen	sun_acgtpgfybqjmzeyw.tif	1718980.668562	1718980.927160	1718981.750663	7.424179e-01	65	37	1718982.350122	1
108	10	44	102	kitchen	sun_auaiucuqpdausiva.tif	1718983.120994	1718983.379587	1718984.203101	7.674432e-01	92	none	NaN	NaN
108	10	45	98	kitchen	sun_akchetnepxlcxhsu.tif	1718984.972833	1718985.231426	1718986.055165	7.507597e-01	88	none	NaN	NaN
108	10	46	104	kitchen	sun_auticobqsbwgoppi.tif	1718986.824666	1718987.083263	1718987.906924	7.757850e-01	94	none	NaN	NaN
108	10	47	108	kitchen	sun_aymvwlarqodbwuoc.tif	1718988.676505	1718988.935094	1718989.758607	8.258356e-01	98	none	NaN	NaN
108	10	48	93	kitchen	sun_ahspylgoovwmwvgk.tif	1718990.528337	1718990.786923	1718991.610495	8.091521e-01	83	none	NaN	NaN
108	10	49	79	kitchen	sun_admlmbcdswaszruo.tif	1718992.380122	1718992.638763	1718993.462293	6.590001e-01	69	37	1718994.494193	1
108	10	50	72	kitchen	sun_abpwyqmlzafvklqo.tif	1718995.266373	1718995.524962	1718996.348482	7.007090e-01	62	none	NaN	NaN
108	10	51	96	kitchen	sun_ajcbwwvdlsvjyzje.tif	1718997.118205	1718997.376794	1718998.200465	8.091521e-01	86	none	NaN	NaN
108	10	52	75	kitchen	sun_acgtpgfybqjmzeyw.tif	1718998.970045	1718999.228639	1719000.052384	7.591014e-01	65	none	NaN	NaN
108	10	53	81	kitchen	sun_aehawpgmrlhlvcow.tif	1719000.821877	1719001.080463	1719001.903998	6.756837e-01	71	37	1719002.678119	1
108	10	54	86	kitchen	sun_aggjlwcdjsjcaemh.tif	1719003.449485	1719003.708074	1719004.531622	8.091521e-01	76	none	NaN	NaN
108	10	55	103	kitchen	sun_aunzlwrbjumxhwdj.tif	1719005.301320	1719005.559913	1719006.383474	7.257343e-01	93	none	NaN	NaN
108	10	56	77	kitchen	sun_acxkpeoqbwcxfvip.tif	1719007.153158	1719007.411749	1719008.235282	7.090508e-01	67	none	NaN	NaN
108	10	57	62	kitchen	labelme_kxvouciolcpqplr.tif	1719009.004990	1719009.263583	1719010.087325	7.841268e-01	52	none	NaN	NaN
108	10	58	64	kitchen	sun_aadbddgrdsjugojn.tif	1719010.856829	1719011.115421	1719011.938936	7.340761e-01	54	none	NaN	NaN
108	10	59	98	kitchen	sun_akchetnepxlcxhsu.tif	1719012.708666	1719012.967253	1719013.790847	6.673419e-01	88	none	NaN	NaN
108	10	60	70	kitchen	sun_abdxkyyxwfskuaqb.tif	1719014.560502	1719014.819090	1719015.642715	7.591014e-01	60	none	NaN	NaN
108	10	61	94	kitchen	sun_ahywdevtimnqcsln.tif	1719016.412337	1719016.670928	1719017.494610	7.257343e-01	84	37	1719018.262263	1
108	10	62	102	kitchen	sun_auaiucuqpdausiva.tif	1719019.039943	1719019.298530	1719020.122244	7.340761e-01	92	none	NaN	NaN
108	10	63	95	kitchen	sun_aixorpehvfykdynp.tif	1719020.891777	1719021.150368	1719021.974033	8.425192e-01	85	none	NaN	NaN
108	10	64	97	kitchen	sun_ajkqhtgcbgpcwrwn.tif	1719022.743616	1719023.002207	1719023.825755	6.506584e-01	87	none	NaN	NaN
108	10	65	78	kitchen	sun_adgqasybjyktddhj.tif	1719024.595452	1719024.854034	1719025.677599	7.424179e-01	68	none	NaN	NaN
108	10	66	83	kitchen	sun_aeqdocilnnpuvuhx.tif	1719026.447291	1719026.705879	1719027.529564	6.590001e-01	73	none	NaN	NaN
108	10	67	109	kitchen	sun_aypmqwcualkenuoe.tif	1719028.299127	1719028.557708	1719029.381299	7.674432e-01	99	none	NaN	NaN
108	10	68	79	kitchen	sun_admlmbcdswaszruo.tif	1719030.150956	1719030.409550	1719031.233160	7.007090e-01	69	none	NaN	NaN
108	10	69	105	kitchen	sun_avszsnwsbuqfgzbn.tif	1719032.002794	1719032.261386	1719033.084919	7.924685e-01	95	none	NaN	NaN
108	10	70	85	kitchen	sun_afuyedyxivkhecmu.tif	1719033.854631	1719034.113224	1719034.936727	7.924685e-01	75	none	NaN	NaN
108	10	71	76	kitchen	sun_acwjdupvyjsugpay.tif	1719035.706468	1719035.965058	1719036.788597	8.008103e-01	66	none	NaN	NaN
108	10	72	65	kitchen	sun_aamedkxepzlwuxes.tif	1719037.558307	1719037.816896	1719038.640558	7.090508e-01	55	none	NaN	NaN
108	10	73	61	kitchen	labelme_brsyyvweiuaazfr.tif	1719039.410139	1719039.668728	1719040.492295	8.425192e-01	51	none	NaN	NaN
108	10	74	90	kitchen	sun_ahdycvpopffkzzsu.tif	1719041.261974	1719041.520561	1719042.344284	6.756837e-01	80	none	NaN	NaN
108	10	75	82	kitchen	sun_aenotlpyftoioydp.tif	1719043.113810	1719043.372407	1719044.195979	7.507597e-01	72	none	NaN	NaN
108	10	76	108	kitchen	sun_aymvwlarqodbwuoc.tif	1719044.965651	1719045.224238	1719046.047927	7.424179e-01	98	none	NaN	NaN
108	10	77	68	kitchen	sun_aaxxjlsuzvqlgylf.tif	1719046.817486	1719047.076073	1719047.899739	8.341774e-01	58	none	NaN	NaN
108	10	78	101	kitchen	sun_aqeaevwwwjoqhzvl.tif	1719048.669318	1719048.927914	1719049.751612	6.590001e-01	91	none	NaN	NaN
108	10	79	106	kitchen	sun_awcpdzzznmweyyhv.tif	1719050.521158	1719050.779750	1719051.603358	8.258356e-01	96	none	NaN	NaN
108	10	80	92	kitchen	sun_ahpczsiumwwocjkv.tif	1719052.372995	1719052.631586	1719053.455141	6.923672e-01	82	none	NaN	NaN
108	10	81	110	kitchen	sun_azmutvzbxypaceni.tif	1719054.224828	1719054.483422	1719055.306943	7.757850e-01	100	none	NaN	NaN
108	10	82	73	kitchen	sun_abrcnpqqhmjwekyf.tif	1719056.076668	1719056.335252	1719057.158794	8.008103e-01	63	none	NaN	NaN
108	10	83	99	kitchen	sun_akcjzhbbjlbogpdi.tif	1719057.928502	1719058.187092	1719059.010603	6.923672e-01	89	none	NaN	NaN
108	10	84	100	kitchen	sun_amjjdeyrggfqgmom.tif	1719059.780335	1719060.038922	1719060.862641	8.008103e-01	90	none	NaN	NaN
108	10	85	74	kitchen	sun_acfmftudsenhrfhy.tif	1719061.632170	1719061.890763	1719062.714491	6.590001e-01	64	none	NaN	NaN
108	10	86	71	kitchen	sun_abftihopvusyfakt.tif	1719063.484007	1719063.742603	1719064.566118	7.924685e-01	61	37	1719065.118162	1
108	10	87	93	kitchen	sun_ahspylgoovwmwvgk.tif	1719065.894728	1719066.153327	1719066.976937	7.340761e-01	83	none	NaN	NaN
108	10	88	91	kitchen	sun_ahljzhgcdpomplvg.tif	1719067.746573	1719068.005158	1719068.828789	7.591014e-01	81	none	NaN	NaN
108	10	89	84	kitchen	sun_aexklacwqwezaorf.tif	1719069.598403	1719069.856992	1719070.680688	8.425192e-01	74	none	NaN	NaN
108	10	90	88	kitchen	sun_agubuxuukhzyzpdp.tif	1719071.450241	1719071.708828	1719072.532396	7.591014e-01	78	39	1719073.798180	1
108	10	91	80	kitchen	sun_aegoxogugdkwpmpj.tif	1719074.569998	1719074.828588	1719075.652126	7.841268e-01	70	none	NaN	NaN
108	10	92	63	kitchen	labelme_rykdqxenmhulbdn.tif	1719076.421838	1719076.680426	1719077.504019	8.174939e-01	53	none	NaN	NaN
108	10	93	69	kitchen	sun_abdenxonkemggwsq.tif	1719078.273672	1719078.532268	1719079.355842	7.924685e-01	59	none	NaN	NaN
108	10	94	89	kitchen	sun_agzzivivdpnawacl.tif	1719080.125512	1719080.384103	1719081.207735	8.174939e-01	79	none	NaN	NaN
108	10	95	87	kitchen	sun_agorklincwxrdtga.tif	1719081.977334	1719082.235936	1719083.059510	6.506584e-01	77	39	1719083.726123	1
108	10	96	72	kitchen	sun_abpwyqmlzafvklqo.tif	1719084.496508	1719084.755098	1719085.578692	7.340761e-01	62	none	NaN	NaN
108	10	97	66	kitchen	sun_aapllqyqlykszopd.tif	1719086.348348	1719086.606936	1719087.430472	6.840255e-01	56	none	NaN	NaN
108	10	98	107	kitchen	sun_axyyrmzcupyhlivc.tif	1719088.191842	1719088.450427	1719089.273965	7.173926e-01	97	none	NaN	NaN
108	10	99	104	kitchen	sun_auticobqsbwgoppi.tif	1719090.043671	1719090.302262	1719091.125852	7.173926e-01	94	none	NaN	NaN
108	10	100	67	kitchen	sun_aarfiyshqohlwkmo.tif	1719091.895511	1719092.154103	1719092.977820	7.257343e-01	57	none	NaN	NaN
108	11	1	17	bathroom	sun_acegryoqftbzowsg.tif	1719526.609914	1719526.868501	1719527.566899	8.508609e-01	7	none	NaN	NaN
108	11	2	12	bathroom	sun_aapitsgbtktqubfy.tif	1719528.336623	1719528.595212	1719529.293651	7.591014e-01	2	none	NaN	NaN
108	11	3	27	bathroom	sun_ahcvzmoyaycdoftf.tif	1719530.063334	1719530.321923	1719531.020332	7.674432e-01	17	none	NaN	NaN
108	11	4	39	bathroom	sun_anryaplzeujmzfkd.tif	1719531.790048	1719532.048636	1719532.747154	8.091521e-01	29	39	1719533.574590	1
108	11	5	51	bathroom	sun_atstyziqcmkahyxk.tif	1719534.350920	1719534.609506	1719535.308050	7.924685e-01	41	none	NaN	NaN
108	11	6	53	bathroom	sun_ausgutylgojavyoq.tif	1719536.077633	1719536.336224	1719537.034778	7.757850e-01	43	none	NaN	NaN
108	11	7	55	bathroom	sun_avhrdrntsqrjzccq.tif	1719537.804344	1719538.062937	1719538.761334	7.674432e-01	45	none	NaN	NaN
108	11	8	36	bathroom	sun_ambriybtogmepttm.tif	1719539.531057	1719539.789642	1719540.488152	8.091521e-01	26	none	NaN	NaN
108	11	9	22	bathroom	sun_agguqiubmwhqqunb.tif	1719541.257769	1719541.516355	1719542.214930	6.673419e-01	12	39	1719542.886682	1
108	11	10	35	bathroom	sun_alotolagknyrgtsk.tif	1719543.660152	1719543.918737	1719544.617151	6.590001e-01	25	none	NaN	NaN
108	11	11	28	bathroom	sun_ahijqszoswveeyji.tif	1719545.378517	1719545.637110	1719546.335499	7.090508e-01	18	none	NaN	NaN
108	11	12	30	bathroom	sun_ajlawzvmubibwbpy.tif	1719547.105238	1719547.363827	1719548.062324	7.424179e-01	20	none	NaN	NaN
108	11	13	25	bathroom	sun_agyqfjcfkdcydepw.tif	1719548.831948	1719549.090539	1719549.789010	7.507597e-01	15	none	NaN	NaN
108	11	14	11	bathroom	labelme_sfxiulhjbhlyiyt.tif	1719550.558660	1719550.817245	1719551.515777	8.341774e-01	1	none	NaN	NaN
108	11	15	49	bathroom	sun_asfwthctfqerjvxr.tif	1719552.285367	1719552.543964	1719553.242515	8.258356e-01	39	none	NaN	NaN
108	11	16	56	bathroom	sun_awnqiikzaispgmwo.tif	1719554.012086	1719554.270679	1719554.969283	8.258356e-01	46	none	NaN	NaN
108	11	17	29	bathroom	sun_ahqjwnzgolcaoidx.tif	1719555.738796	1719555.997390	1719556.695881	6.506584e-01	19	none	NaN	NaN
108	11	18	34	bathroom	sun_alkosphxlxwjwgjd.tif	1719557.465505	1719557.724102	1719558.422619	7.340761e-01	24	none	NaN	NaN
108	11	19	54	bathroom	sun_auzqhkafidnkrwmo.tif	1719559.192222	1719559.450809	1719560.149377	7.674432e-01	44	none	NaN	NaN
108	11	20	48	bathroom	sun_aqrpegblszgcoujh.tif	1719560.918937	1719561.177522	1719561.876060	7.257343e-01	38	none	NaN	NaN
108	11	21	33	bathroom	sun_aljolscmmzydegqp.tif	1719562.645641	1719562.904237	1719563.602682	8.091521e-01	23	none	NaN	NaN
108	11	22	52	bathroom	sun_aunuadmjocsddsrl.tif	1719564.372357	1719564.630950	1719565.329460	7.757850e-01	42	none	NaN	NaN
108	11	23	41	bathroom	sun_aoybiabnpadelefl.tif	1719566.099070	1719566.357655	1719567.056264	8.341774e-01	31	none	NaN	NaN
108	11	24	15	bathroom	sun_abjtwfukuwddzted.tif	1719567.825780	1719568.084373	1719568.782859	6.756837e-01	5	none	NaN	NaN
108	11	25	13	bathroom	sun_aavhrsfjbserjtht.tif	1719569.552480	1719569.811086	1719570.509512	6.923672e-01	3	37	1719571.462739	1
108	11	26	40	bathroom	sun_aofnryafpsjimzsb.tif	1719572.238507	1719572.497084	1719573.195548	8.258356e-01	30	37	1719573.678735	1
108	11	27	16	bathroom	sun_acduarbnmmoglmiv.tif	1719574.449013	1719574.707610	1719575.406142	8.425192e-01	6	none	NaN	NaN
108	11	28	18	bathroom	sun_acgyywnybuveqsro.tif	1719576.175727	1719576.434316	1719577.132828	8.341774e-01	8	none	NaN	NaN
108	11	29	45	bathroom	sun_apkxzenqapsujocq.tif	1719577.902438	1719578.161035	1719578.859552	6.590001e-01	35	37	1719579.542522	1
108	11	30	60	bathroom	sun_azqyogdvyhahyram.tif	1719580.313187	1719580.571758	1719581.270298	6.590001e-01	50	37	1719581.830595	1
108	11	31	38	bathroom	sun_anhioqovhscjqqwb.tif	1719582.607108	1719582.865696	1719583.564279	8.008103e-01	28	none	NaN	NaN
108	11	32	44	bathroom	sun_apkruvsevgegsdwp.tif	1719584.333816	1719584.592410	1719585.291005	7.173926e-01	34	none	NaN	NaN
108	11	33	26	bathroom	sun_ahaulkltgpkeeemi.tif	1719586.060528	1719586.319125	1719587.017673	6.506584e-01	16	none	NaN	NaN
108	11	34	37	bathroom	sun_amzlamotzwfkwjco.tif	1719587.787248	1719588.045835	1719588.744235	8.425192e-01	27	none	NaN	NaN
108	11	35	43	bathroom	sun_apjevzvycyhuqghb.tif	1719589.513955	1719589.772543	1719590.471119	6.673419e-01	33	none	NaN	NaN
108	11	36	14	bathroom	sun_abapwbhyhkfixyex.tif	1719591.240672	1719591.499259	1719592.197824	7.924685e-01	4	37	1719592.686409	1
108	11	37	21	bathroom	sun_aggnnqpdorgxpvce.tif	1719593.459536	1719593.718122	1719594.416619	7.591014e-01	11	none	NaN	NaN
108	11	38	31	bathroom	sun_akiytfaagpdsphgz.tif	1719595.186249	1719595.444842	1719596.143299	8.008103e-01	21	none	NaN	NaN
108	11	39	57	bathroom	sun_axldvoqbuvuggfmq.tif	1719596.912959	1719597.171548	1719597.869955	7.173926e-01	47	none	NaN	NaN
108	11	40	59	bathroom	sun_axyrejkiiaqiurjk.tif	1719598.639681	1719598.898267	1719599.596838	6.840255e-01	49	39	1719600.982413	1
108	11	41	50	bathroom	sun_aspsyogrekjtfozg.tif	1719601.759434	1719602.018022	1719602.716415	7.257343e-01	40	none	NaN	NaN
108	11	42	32	bathroom	sun_aleqenyvunhactkl.tif	1719603.486148	1719603.744738	1719604.443183	8.508609e-01	22	none	NaN	NaN
108	11	43	42	bathroom	sun_apeeialkgkuxddgh.tif	1719605.212855	1719605.471448	1719606.169865	6.590001e-01	32	37	1719606.766540	1
108	11	44	20	bathroom	sun_afcoljnjfoxjtgja.tif	1719607.540166	1719607.798754	1719608.497369	7.007090e-01	10	none	NaN	NaN
108	11	45	24	bathroom	sun_agrwbmhcpmfuwmsg.tif	1719609.266876	1719609.525464	1719610.223910	7.841268e-01	14	37	1719610.798765	1
108	11	46	23	bathroom	sun_aghyqhbptboemmoq.tif	1719611.569160	1719611.827752	1719612.526361	7.841268e-01	13	none	NaN	NaN
108	11	47	58	bathroom	sun_axxbkopsgyouuebh.tif	1719613.295877	1719613.554462	1719614.253229	6.923672e-01	48	none	NaN	NaN
108	11	48	19	bathroom	sun_aclfzgynxzxlbepz.tif	1719615.022590	1719615.281179	1719615.979573	7.007090e-01	9	none	NaN	NaN
108	11	49	46	bathroom	sun_apmqjbnwghzuhhzh.tif	1719616.749297	1719617.007886	1719617.706456	7.424179e-01	36	none	NaN	NaN
108	11	50	47	bathroom	sun_apynckhmoftszqoq.tif	1719618.476008	1719618.734598	1719619.433100	6.923672e-01	37	none	NaN	NaN
108	11	51	39	bathroom	sun_anryaplzeujmzfkd.tif	1719620.202722	1719620.461315	1719621.159728	7.424179e-01	29	none	NaN	NaN
108	11	52	17	bathroom	sun_acegryoqftbzowsg.tif	1719621.929433	1719622.188026	1719622.886504	6.840255e-01	7	39	1719623.398787	0
108	11	53	16	bathroom	sun_acduarbnmmoglmiv.tif	1719624.173329	1719624.431878	1719625.130439	7.340761e-01	6	none	NaN	NaN
108	11	54	38	bathroom	sun_anhioqovhscjqqwb.tif	1719625.899994	1719626.158632	1719626.856981	7.007090e-01	28	none	NaN	NaN
108	11	55	13	bathroom	sun_aavhrsfjbserjtht.tif	1719627.618417	1719627.877002	1719628.575481	7.591014e-01	3	none	NaN	NaN
108	11	56	46	bathroom	sun_apmqjbnwghzuhhzh.tif	1719629.345127	1719629.603715	1719630.302183	7.173926e-01	36	none	NaN	NaN
108	11	57	53	bathroom	sun_ausgutylgojavyoq.tif	1719631.071835	1719631.330428	1719632.028967	7.340761e-01	43	none	NaN	NaN
108	11	58	19	bathroom	sun_aclfzgynxzxlbepz.tif	1719632.798548	1719633.057138	1719633.755580	7.924685e-01	9	none	NaN	NaN
108	11	59	57	bathroom	sun_axldvoqbuvuggfmq.tif	1719634.525258	1719634.783852	1719635.482368	6.756837e-01	47	39	1719636.198554	1
108	11	60	31	bathroom	sun_akiytfaagpdsphgz.tif	1719636.969345	1719637.227939	1719637.926554	6.756837e-01	21	none	NaN	NaN
108	11	61	55	bathroom	sun_avhrdrntsqrjzccq.tif	1719638.696058	1719638.954650	1719639.653197	7.591014e-01	45	none	NaN	NaN
108	11	62	34	bathroom	sun_alkosphxlxwjwgjd.tif	1719640.422775	1719640.681364	1719641.379786	7.007090e-01	24	none	NaN	NaN
108	11	63	24	bathroom	sun_agrwbmhcpmfuwmsg.tif	1719642.149485	1719642.408074	1719643.106568	6.756837e-01	14	none	NaN	NaN
108	11	64	12	bathroom	sun_aapitsgbtktqubfy.tif	1719643.876202	1719644.134798	1719644.833385	8.341774e-01	2	none	NaN	NaN
108	11	65	36	bathroom	sun_ambriybtogmepttm.tif	1719645.602909	1719645.861499	1719646.560034	8.008103e-01	26	none	NaN	NaN
108	11	66	45	bathroom	sun_apkxzenqapsujocq.tif	1719647.329621	1719647.588213	1719648.286803	7.674432e-01	35	none	NaN	NaN
108	11	67	23	bathroom	sun_aghyqhbptboemmoq.tif	1719649.056338	1719649.314926	1719650.013503	8.174939e-01	13	none	NaN	NaN
108	11	68	44	bathroom	sun_apkruvsevgegsdwp.tif	1719650.783048	1719651.041639	1719651.740203	6.673419e-01	34	none	NaN	NaN
108	11	69	14	bathroom	sun_abapwbhyhkfixyex.tif	1719652.509763	1719652.768350	1719653.466771	7.424179e-01	4	none	NaN	NaN
108	11	70	56	bathroom	sun_awnqiikzaispgmwo.tif	1719654.236479	1719654.495066	1719655.193466	6.923672e-01	46	none	NaN	NaN
108	11	71	41	bathroom	sun_aoybiabnpadelefl.tif	1719655.963189	1719656.221773	1719656.920346	7.591014e-01	31	none	NaN	NaN
108	11	72	37	bathroom	sun_amzlamotzwfkwjco.tif	1719657.689902	1719657.948490	1719658.646983	8.425192e-01	27	none	NaN	NaN
108	11	73	58	bathroom	sun_axxbkopsgyouuebh.tif	1719659.416611	1719659.675199	1719660.373775	7.841268e-01	48	none	NaN	NaN
108	11	74	60	bathroom	sun_azqyogdvyhahyram.tif	1719661.143321	1719661.401916	1719662.100454	8.258356e-01	50	none	NaN	NaN
108	11	75	35	bathroom	sun_alotolagknyrgtsk.tif	1719662.870037	1719663.128621	1719663.827015	8.174939e-01	25	none	NaN	NaN
108	11	76	11	bathroom	labelme_sfxiulhjbhlyiyt.tif	1719664.596747	1719664.855339	1719665.553845	6.840255e-01	1	none	NaN	NaN
108	11	77	42	bathroom	sun_apeeialkgkuxddgh.tif	1719666.323462	1719666.582054	1719667.280467	8.091521e-01	32	none	NaN	NaN
108	11	78	29	bathroom	sun_ahqjwnzgolcaoidx.tif	1719668.050169	1719668.308764	1719669.007148	7.090508e-01	19	none	NaN	NaN
108	11	79	51	bathroom	sun_atstyziqcmkahyxk.tif	1719669.776888	1719670.035476	1719670.733927	6.506584e-01	41	none	NaN	NaN
108	11	80	27	bathroom	sun_ahcvzmoyaycdoftf.tif	1719671.503596	1719671.762187	1719672.460645	7.757850e-01	17	none	NaN	NaN
108	11	81	59	bathroom	sun_axyrejkiiaqiurjk.tif	1719673.230308	1719673.488901	1719674.187468	8.425192e-01	49	none	NaN	NaN
108	11	82	52	bathroom	sun_aunuadmjocsddsrl.tif	1719674.957020	1719675.215609	1719675.914063	6.840255e-01	42	none	NaN	NaN
108	11	83	20	bathroom	sun_afcoljnjfoxjtgja.tif	1719676.683734	1719676.942323	1719677.640902	8.174939e-01	10	39	1719678.406707	1
108	11	84	15	bathroom	sun_abjtwfukuwddzted.tif	1719679.177871	1719679.436468	1719680.134975	7.173926e-01	5	none	NaN	NaN
108	11	85	49	bathroom	sun_asfwthctfqerjvxr.tif	1719680.904583	1719681.163175	1719681.861715	7.924685e-01	39	39	1719682.678781	1
108	11	86	21	bathroom	sun_aggnnqpdorgxpvce.tif	1719683.457119	1719683.715708	1719684.414223	6.923672e-01	11	none	NaN	NaN
108	11	87	32	bathroom	sun_aleqenyvunhactkl.tif	1719685.183830	1719685.442419	1719686.140864	7.507597e-01	22	none	NaN	NaN
108	11	88	43	bathroom	sun_apjevzvycyhuqghb.tif	1719686.910541	1719687.169136	1719687.867608	7.257343e-01	33	none	NaN	NaN
108	11	89	40	bathroom	sun_aofnryafpsjimzsb.tif	1719688.637247	1719688.895844	1719689.594403	7.340761e-01	30	none	NaN	NaN
108	11	90	26	bathroom	sun_ahaulkltgpkeeemi.tif	1719690.363966	1719690.622558	1719691.320989	7.090508e-01	16	none	NaN	NaN
108	11	91	54	bathroom	sun_auzqhkafidnkrwmo.tif	1719692.090681	1719692.349270	1719693.047748	8.008103e-01	44	none	NaN	NaN
108	11	92	18	bathroom	sun_acgyywnybuveqsro.tif	1719693.817391	1719694.075977	1719694.774549	8.174939e-01	8	none	NaN	NaN
108	11	93	47	bathroom	sun_apynckhmoftszqoq.tif	1719695.544102	1719695.802698	1719696.501162	7.507597e-01	37	none	NaN	NaN
108	11	94	25	bathroom	sun_agyqfjcfkdcydepw.tif	1719697.270816	1719697.529406	1719698.227855	7.257343e-01	15	none	NaN	NaN
108	11	95	28	bathroom	sun_ahijqszoswveeyji.tif	1719698.997529	1719699.256122	1719699.954589	8.258356e-01	18	none	NaN	NaN
108	11	96	48	bathroom	sun_aqrpegblszgcoujh.tif	1719700.724240	1719700.982831	1719701.681418	7.507597e-01	38	none	NaN	NaN
108	11	97	50	bathroom	sun_aspsyogrekjtfozg.tif	1719702.450951	1719702.709546	1719703.408127	7.090508e-01	40	none	NaN	NaN
108	11	98	22	bathroom	sun_agguqiubmwhqqunb.tif	1719704.177669	1719704.436257	1719705.134834	6.673419e-01	12	none	NaN	NaN
108	11	99	33	bathroom	sun_aljolscmmzydegqp.tif	1719705.904380	1719706.162968	1719706.861461	7.841268e-01	23	39	1719707.566668	1
108	11	100	30	bathroom	sun_ajlawzvmubibwbpy.tif	1719708.340124	1719708.598714	1719709.297129	7.757850e-01	20	none	NaN	NaN
108	12	1	75	kitchen	sun_acgtpgfybqjmzeyw.tif	1719717.649361	1719717.907944	1719718.598122	7.173926e-01	65	none	NaN	NaN
108	12	2	65	kitchen	sun_aamedkxepzlwuxes.tif	1719719.367730	1719719.626324	1719720.316393	7.257343e-01	55	none	NaN	NaN
108	12	3	82	kitchen	sun_aenotlpyftoioydp.tif	1719721.086101	1719721.344691	1719722.034758	7.757850e-01	72	none	NaN	NaN
108	12	4	68	kitchen	sun_aaxxjlsuzvqlgylf.tif	1719722.804471	1719723.063060	1719723.753111	8.174939e-01	58	39	1719724.710798	1
108	12	5	110	kitchen	sun_azmutvzbxypaceni.tif	1719725.482126	1719725.740719	1719726.430898	7.090508e-01	100	39	1719727.039002	1
108	12	6	84	kitchen	sun_aexklacwqwezaorf.tif	1719727.809436	1719728.068023	1719728.758106	6.590001e-01	74	none	NaN	NaN
108	12	7	83	kitchen	sun_aeqdocilnnpuvuhx.tif	1719729.527810	1719729.786398	1719730.476550	7.257343e-01	73	none	NaN	NaN
108	12	8	70	kitchen	sun_abdxkyyxwfskuaqb.tif	1719731.246174	1719731.504766	1719732.194858	7.924685e-01	60	none	NaN	NaN
108	12	9	61	kitchen	labelme_brsyyvweiuaazfr.tif	1719732.964550	1719733.223137	1719733.913376	8.174939e-01	51	none	NaN	NaN
108	12	10	80	kitchen	sun_aegoxogugdkwpmpj.tif	1719734.682917	1719734.941506	1719735.631548	7.007090e-01	70	none	NaN	NaN
108	12	11	103	kitchen	sun_aunzlwrbjumxhwdj.tif	1719736.401289	1719736.659879	1719737.350041	7.841268e-01	93	none	NaN	NaN
108	12	12	63	kitchen	labelme_rykdqxenmhulbdn.tif	1719738.119658	1719738.378247	1719739.068369	7.007090e-01	53	none	NaN	NaN
108	12	13	71	kitchen	sun_abftihopvusyfakt.tif	1719739.838029	1719740.096621	1719740.786845	6.923672e-01	61	none	NaN	NaN
108	12	14	89	kitchen	sun_agzzivivdpnawacl.tif	1719741.556400	1719741.814993	1719742.505233	7.591014e-01	79	37	1719743.366513	1
108	12	15	85	kitchen	sun_afuyedyxivkhecmu.tif	1719744.142299	1719744.400890	1719745.090945	8.091521e-01	75	37	1719745.718790	1
108	12	16	92	kitchen	sun_ahpczsiumwwocjkv.tif	1719746.494627	1719746.753222	1719747.443373	7.340761e-01	82	none	NaN	NaN
108	12	17	93	kitchen	sun_ahspylgoovwmwvgk.tif	1719748.213004	1719748.471591	1719749.161844	7.173926e-01	83	none	NaN	NaN
108	12	18	108	kitchen	sun_aymvwlarqodbwuoc.tif	1719749.931369	1719750.189960	1719750.880162	6.923672e-01	98	none	NaN	NaN
108	12	19	101	kitchen	sun_aqeaevwwwjoqhzvl.tif	1719751.649738	1719751.908335	1719752.598366	6.673419e-01	91	none	NaN	NaN
108	12	20	99	kitchen	sun_akcjzhbbjlbogpdi.tif	1719753.368110	1719753.626700	1719754.316786	6.756837e-01	89	none	NaN	NaN
108	12	21	105	kitchen	sun_avszsnwsbuqfgzbn.tif	1719755.086487	1719755.345075	1719756.035196	6.673419e-01	95	none	NaN	NaN
108	12	22	106	kitchen	sun_awcpdzzznmweyyhv.tif	1719756.804857	1719757.063445	1719757.753549	7.424179e-01	96	none	NaN	NaN
108	12	23	100	kitchen	sun_amjjdeyrggfqgmom.tif	1719758.523228	1719758.781820	1719759.471891	7.841268e-01	90	39	1719760.358948	1
108	12	24	107	kitchen	sun_axyyrmzcupyhlivc.tif	1719761.134148	1719761.392737	1719762.082862	6.923672e-01	97	none	NaN	NaN
108	12	25	109	kitchen	sun_aypmqwcualkenuoe.tif	1719762.852520	1719763.111105	1719763.801157	8.341774e-01	99	none	NaN	NaN
108	12	26	87	kitchen	sun_agorklincwxrdtga.tif	1719764.570886	1719764.829479	1719765.519619	7.090508e-01	77	none	NaN	NaN
108	12	27	78	kitchen	sun_adgqasybjyktddhj.tif	1719766.289262	1719766.547851	1719767.237925	7.591014e-01	68	none	NaN	NaN
108	12	28	76	kitchen	sun_acwjdupvyjsugpay.tif	1719768.007633	1719768.266224	1719768.956421	6.590001e-01	66	none	NaN	NaN
108	12	29	64	kitchen	sun_aadbddgrdsjugojn.tif	1719769.726007	1719769.984593	1719770.674711	7.257343e-01	54	none	NaN	NaN
108	12	30	77	kitchen	sun_acxkpeoqbwcxfvip.tif	1719771.444368	1719771.702961	1719772.393042	7.424179e-01	67	none	NaN	NaN
108	12	31	72	kitchen	sun_abpwyqmlzafvklqo.tif	1719773.162745	1719773.421336	1719774.111442	8.008103e-01	62	none	NaN	NaN
108	12	32	95	kitchen	sun_aixorpehvfykdynp.tif	1719774.881109	1719775.139708	1719775.829813	6.840255e-01	85	none	NaN	NaN
108	12	33	86	kitchen	sun_aggjlwcdjsjcaemh.tif	1719776.599490	1719776.858077	1719777.548310	7.173926e-01	76	none	NaN	NaN
108	12	34	91	kitchen	sun_ahljzhgcdpomplvg.tif	1719778.317858	1719778.576443	1719779.266490	7.674432e-01	81	39	1719779.966894	1
108	12	35	90	kitchen	sun_ahdycvpopffkzzsu.tif	1719780.745258	1719781.003854	1719781.694039	7.674432e-01	80	none	NaN	NaN
108	12	36	62	kitchen	labelme_kxvouciolcpqplr.tif	1719782.463632	1719782.722223	1719783.412488	7.173926e-01	52	none	NaN	NaN
108	12	37	81	kitchen	sun_aehawpgmrlhlvcow.tif	1719784.182002	1719784.440615	1719785.130657	7.591014e-01	71	none	NaN	NaN
108	12	38	97	kitchen	sun_ajkqhtgcbgpcwrwn.tif	1719785.900372	1719786.158963	1719786.849057	6.673419e-01	87	none	NaN	NaN
108	12	39	79	kitchen	sun_admlmbcdswaszruo.tif	1719787.618740	1719787.877332	1719788.567495	6.506584e-01	69	none	NaN	NaN
108	12	40	88	kitchen	sun_agubuxuukhzyzpdp.tif	1719789.337118	1719789.595707	1719790.285876	7.924685e-01	78	none	NaN	NaN
108	12	41	98	kitchen	sun_akchetnepxlcxhsu.tif	1719791.055481	1719791.314073	1719792.004316	6.923672e-01	88	none	NaN	NaN
108	12	42	74	kitchen	sun_acfmftudsenhrfhy.tif	1719792.773857	1719793.032449	1719793.722564	6.756837e-01	64	none	NaN	NaN
108	12	43	67	kitchen	sun_aarfiyshqohlwkmo.tif	1719794.492223	1719794.750817	1719795.440870	7.507597e-01	57	39	1719796.166777	1
108	12	44	66	kitchen	sun_aapllqyqlykszopd.tif	1719796.944663	1719797.203252	1719797.893394	7.924685e-01	56	none	NaN	NaN
108	12	45	73	kitchen	sun_abrcnpqqhmjwekyf.tif	1719798.663028	1719798.921621	1719799.611662	6.756837e-01	63	37	1719800.350743	1
108	12	46	96	kitchen	sun_ajcbwwvdlsvjyzje.tif	1719801.123808	1719801.382395	1719802.072488	8.425192e-01	86	none	NaN	NaN
108	12	47	69	kitchen	sun_abdenxonkemggwsq.tif	1719802.842177	1719803.100766	1719803.791004	8.258356e-01	59	none	NaN	NaN
108	12	48	104	kitchen	sun_auticobqsbwgoppi.tif	1719804.560550	1719804.819139	1719805.509247	7.424179e-01	94	none	NaN	NaN
108	12	49	94	kitchen	sun_ahywdevtimnqcsln.tif	1719806.278915	1719806.537510	1719807.227677	6.840255e-01	84	none	NaN	NaN
108	12	50	102	kitchen	sun_auaiucuqpdausiva.tif	1719807.997291	1719808.255879	1719808.946006	8.091521e-01	92	none	NaN	NaN
108	12	51	106	kitchen	sun_awcpdzzznmweyyhv.tif	1719809.715651	1719809.974249	1719810.664382	8.425192e-01	96	none	NaN	NaN
108	12	52	109	kitchen	sun_aypmqwcualkenuoe.tif	1719811.434027	1719811.692616	1719812.382691	8.425192e-01	99	39	1719813.438956	1
108	12	53	64	kitchen	sun_aadbddgrdsjugojn.tif	1719814.211786	1719814.470366	1719815.160501	7.424179e-01	54	none	NaN	NaN
108	12	54	89	kitchen	sun_agzzivivdpnawacl.tif	1719815.930151	1719816.188744	1719816.878967	7.757850e-01	79	none	NaN	NaN
108	12	55	70	kitchen	sun_abdxkyyxwfskuaqb.tif	1719817.648526	1719817.907118	1719818.597171	8.258356e-01	60	none	NaN	NaN
108	12	56	67	kitchen	sun_aarfiyshqohlwkmo.tif	1719819.366902	1719819.625491	1719820.315675	6.506584e-01	57	37	1719821.582782	1
108	12	57	87	kitchen	sun_agorklincwxrdtga.tif	1719822.353191	1719822.611780	1719823.301921	7.257343e-01	77	none	NaN	NaN
108	12	58	61	kitchen	labelme_brsyyvweiuaazfr.tif	1719824.071557	1719824.330154	1719825.020313	6.590001e-01	51	none	NaN	NaN
108	12	59	73	kitchen	sun_abrcnpqqhmjwekyf.tif	1719825.789929	1719826.048524	1719826.738662	7.007090e-01	63	none	NaN	NaN
108	12	60	85	kitchen	sun_afuyedyxivkhecmu.tif	1719827.508302	1719827.766890	1719828.457087	6.506584e-01	75	none	NaN	NaN
108	12	61	66	kitchen	sun_aapllqyqlykszopd.tif	1719829.226675	1719829.485263	1719830.175318	7.674432e-01	56	none	NaN	NaN
108	12	62	74	kitchen	sun_acfmftudsenhrfhy.tif	1719830.945044	1719831.203637	1719831.893710	7.757850e-01	64	none	NaN	NaN
108	12	63	100	kitchen	sun_amjjdeyrggfqgmom.tif	1719832.663417	1719832.922009	1719833.612287	7.090508e-01	90	none	NaN	NaN
108	12	64	65	kitchen	sun_aamedkxepzlwuxes.tif	1719834.381787	1719834.640376	1719835.330503	8.258356e-01	55	none	NaN	NaN
108	12	65	99	kitchen	sun_akcjzhbbjlbogpdi.tif	1719836.100159	1719836.358743	1719837.049025	7.924685e-01	89	none	NaN	NaN
108	12	66	98	kitchen	sun_akchetnepxlcxhsu.tif	1719837.818525	1719838.077115	1719838.767334	8.341774e-01	88	37	1719839.510907	1
108	12	67	102	kitchen	sun_auaiucuqpdausiva.tif	1719840.287644	1719840.546236	1719841.236379	7.591014e-01	92	none	NaN	NaN
108	12	68	69	kitchen	sun_abdenxonkemggwsq.tif	1719842.006012	1719842.264620	1719842.954806	7.507597e-01	59	none	NaN	NaN
108	12	69	82	kitchen	sun_aenotlpyftoioydp.tif	1719843.724385	1719843.982971	1719844.673253	6.840255e-01	72	37	1719845.694871	1
108	12	70	94	kitchen	sun_ahywdevtimnqcsln.tif	1719846.468771	1719846.727364	1719847.417541	7.507597e-01	84	none	NaN	NaN
108	12	71	78	kitchen	sun_adgqasybjyktddhj.tif	1719848.187138	1719848.445728	1719849.135896	7.090508e-01	68	none	NaN	NaN
108	12	72	83	kitchen	sun_aeqdocilnnpuvuhx.tif	1719849.905515	1719850.164110	1719850.854301	8.508609e-01	73	none	NaN	NaN
108	12	73	76	kitchen	sun_acwjdupvyjsugpay.tif	1719851.623881	1719851.882469	1719852.572756	7.841268e-01	66	none	NaN	NaN
108	12	74	77	kitchen	sun_acxkpeoqbwcxfvip.tif	1719853.342251	1719853.600839	1719854.291098	7.507597e-01	67	none	NaN	NaN
108	12	75	68	kitchen	sun_aaxxjlsuzvqlgylf.tif	1719855.060622	1719855.319219	1719856.009357	8.008103e-01	58	39	1719856.686887	1
108	12	76	71	kitchen	sun_abftihopvusyfakt.tif	1719857.463004	1719857.721601	1719858.411668	7.591014e-01	61	none	NaN	NaN
108	12	77	88	kitchen	sun_agubuxuukhzyzpdp.tif	1719859.181379	1719859.439970	1719860.130040	8.174939e-01	78	37	1719860.935108	1
108	12	78	81	kitchen	sun_aehawpgmrlhlvcow.tif	1719861.708884	1719861.967479	1719862.657587	8.341774e-01	71	none	NaN	NaN
108	12	79	80	kitchen	sun_aegoxogugdkwpmpj.tif	1719863.427260	1719863.685847	1719864.375973	7.757850e-01	70	none	NaN	NaN
108	12	80	97	kitchen	sun_ajkqhtgcbgpcwrwn.tif	1719865.145625	1719865.404220	1719866.094449	6.840255e-01	87	none	NaN	NaN
108	12	81	63	kitchen	labelme_rykdqxenmhulbdn.tif	1719866.863999	1719867.122586	1719867.812722	6.923672e-01	53	none	NaN	NaN
108	12	82	91	kitchen	sun_ahljzhgcdpomplvg.tif	1719868.574028	1719868.832617	1719869.522753	6.590001e-01	81	none	NaN	NaN
108	12	83	75	kitchen	sun_acgtpgfybqjmzeyw.tif	1719870.292398	1719870.550989	1719871.241271	8.341774e-01	65	none	NaN	NaN
108	12	84	110	kitchen	sun_azmutvzbxypaceni.tif	1719872.010769	1719872.269357	1719872.959450	7.340761e-01	100	none	NaN	NaN
108	12	85	90	kitchen	sun_ahdycvpopffkzzsu.tif	1719873.729139	1719873.987726	1719874.677999	8.174939e-01	80	none	NaN	NaN
108	12	86	95	kitchen	sun_aixorpehvfykdynp.tif	1719875.447509	1719875.706100	1719876.396174	6.756837e-01	85	none	NaN	NaN
108	12	87	105	kitchen	sun_avszsnwsbuqfgzbn.tif	1719877.165879	1719877.424472	1719878.114540	8.258356e-01	95	39	1719878.983087	1
108	12	88	62	kitchen	labelme_kxvouciolcpqplr.tif	1719879.760125	1719880.018714	1719880.708927	6.673419e-01	52	none	NaN	NaN
108	12	89	72	kitchen	sun_abpwyqmlzafvklqo.tif	1719881.478493	1719881.737084	1719882.427135	7.340761e-01	62	none	NaN	NaN
108	12	90	104	kitchen	sun_auticobqsbwgoppi.tif	1719883.196862	1719883.455452	1719884.145542	8.091521e-01	94	none	NaN	NaN
108	12	91	92	kitchen	sun_ahpczsiumwwocjkv.tif	1719884.915234	1719885.173818	1719885.863949	7.007090e-01	82	none	NaN	NaN
108	12	92	84	kitchen	sun_aexklacwqwezaorf.tif	1719886.633601	1719886.892194	1719887.582235	8.425192e-01	74	none	NaN	NaN
108	12	93	79	kitchen	sun_admlmbcdswaszruo.tif	1719888.351976	1719888.610566	1719889.300666	8.091521e-01	69	none	NaN	NaN
108	12	94	107	kitchen	sun_axyyrmzcupyhlivc.tif	1719890.070345	1719890.328935	1719891.019113	7.841268e-01	97	none	NaN	NaN
108	12	95	108	kitchen	sun_aymvwlarqodbwuoc.tif	1719891.788718	1719892.047307	1719892.737408	7.340761e-01	98	none	NaN	NaN
108	12	96	96	kitchen	sun_ajcbwwvdlsvjyzje.tif	1719893.507089	1719893.765681	1719894.455760	8.008103e-01	86	none	NaN	NaN
108	12	97	93	kitchen	sun_ahspylgoovwmwvgk.tif	1719895.225458	1719895.484044	1719896.174330	8.008103e-01	83	none	NaN	NaN
108	12	98	86	kitchen	sun_aggjlwcdjsjcaemh.tif	1719896.943824	1719897.202415	1719897.892510	8.258356e-01	76	none	NaN	NaN
108	12	99	103	kitchen	sun_aunzlwrbjumxhwdj.tif	1719898.662203	1719898.920790	1719899.610956	7.674432e-01	93	none	NaN	NaN
108	12	100	101	kitchen	sun_aqeaevwwwjoqhzvl.tif	1719900.380571	1719900.639160	1719901.329232	8.508609e-01	91	none	NaN	NaN
108	13	1	47	bathroom	sun_apynckhmoftszqoq.tif	1719913.501914	1719913.760502	1719914.517422	7.924685e-01	37	37	1719916.719070	1
108	13	2	39	bathroom	sun_anryaplzeujmzfkd.tif	1719917.497546	1719917.756134	1719918.513002	7.007090e-01	29	none	NaN	NaN
108	13	3	29	bathroom	sun_ahqjwnzgolcaoidx.tif	1719919.282646	1719919.541239	1719920.298027	6.840255e-01	19	none	NaN	NaN
108	13	4	35	bathroom	sun_alotolagknyrgtsk.tif	1719921.067753	1719921.326341	1719922.083167	7.340761e-01	25	none	NaN	NaN
108	13	5	21	bathroom	sun_aggnnqpdorgxpvce.tif	1719922.852852	1719923.111444	1719923.868351	7.507597e-01	11	none	NaN	NaN
108	13	6	23	bathroom	sun_aghyqhbptboemmoq.tif	1719924.637958	1719924.896544	1719925.653498	6.673419e-01	13	39	1719926.358957	1
108	13	7	36	bathroom	sun_ambriybtogmepttm.tif	1719927.132097	1719927.390690	1719928.147591	7.340761e-01	26	none	NaN	NaN
108	13	8	60	bathroom	sun_azqyogdvyhahyram.tif	1719928.917202	1719929.175781	1719929.932710	7.007090e-01	50	none	NaN	NaN
108	13	9	42	bathroom	sun_apeeialkgkuxddgh.tif	1719930.702306	1719930.960896	1719931.717872	8.425192e-01	32	none	NaN	NaN
108	13	10	32	bathroom	sun_aleqenyvunhactkl.tif	1719932.487409	1719932.745999	1719933.502973	7.173926e-01	22	none	NaN	NaN
108	13	11	12	bathroom	sun_aapitsgbtktqubfy.tif	1719934.272510	1719934.531106	1719935.287887	7.841268e-01	2	none	NaN	NaN
108	13	12	54	bathroom	sun_auzqhkafidnkrwmo.tif	1719936.057621	1719936.316206	1719937.073050	8.174939e-01	44	none	NaN	NaN
108	13	13	48	bathroom	sun_aqrpegblszgcoujh.tif	1719937.842724	1719938.101305	1719938.858198	7.674432e-01	38	none	NaN	NaN
108	13	14	56	bathroom	sun_awnqiikzaispgmwo.tif	1719939.627818	1719939.886413	1719940.643410	6.756837e-01	46	none	NaN	NaN
108	13	15	27	bathroom	sun_ahcvzmoyaycdoftf.tif	1719941.412928	1719941.671522	1719942.428380	7.674432e-01	17	39	1719943.127019	1
108	13	16	51	bathroom	sun_atstyziqcmkahyxk.tif	1719943.898726	1719944.157314	1719944.914164	8.008103e-01	41	none	NaN	NaN
108	13	17	22	bathroom	sun_agguqiubmwhqqunb.tif	1719945.683830	1719945.942419	1719946.699393	7.507597e-01	12	none	NaN	NaN
108	13	18	33	bathroom	sun_aljolscmmzydegqp.tif	1719947.468934	1719947.727524	1719948.484532	8.091521e-01	23	none	NaN	NaN
108	13	19	50	bathroom	sun_aspsyogrekjtfozg.tif	1719949.254037	1719949.512627	1719950.269616	7.173926e-01	40	none	NaN	NaN
108	13	20	28	bathroom	sun_ahijqszoswveeyji.tif	1719951.039138	1719951.297733	1719952.054507	6.673419e-01	18	none	NaN	NaN
108	13	21	30	bathroom	sun_ajlawzvmubibwbpy.tif	1719952.824244	1719953.082838	1719953.839729	7.424179e-01	20	none	NaN	NaN
108	13	22	25	bathroom	sun_agyqfjcfkdcydepw.tif	1719954.609351	1719954.867956	1719955.624952	8.258356e-01	15	none	NaN	NaN
108	13	23	57	bathroom	sun_axldvoqbuvuggfmq.tif	1719956.394453	1719956.653035	1719957.409837	8.508609e-01	47	none	NaN	NaN
108	13	24	16	bathroom	sun_acduarbnmmoglmiv.tif	1719958.179550	1719958.438146	1719959.195040	7.757850e-01	6	none	NaN	NaN
108	13	25	55	bathroom	sun_avhrdrntsqrjzccq.tif	1719959.964657	1719960.223245	1719960.980033	7.090508e-01	45	37	1719961.783033	0
108	13	26	45	bathroom	sun_apkxzenqapsujocq.tif	1719962.558896	1719962.817484	1719963.574267	7.591014e-01	35	none	NaN	NaN
108	13	27	44	bathroom	sun_apkruvsevgegsdwp.tif	1719964.343998	1719964.602590	1719965.359506	6.756837e-01	34	none	NaN	NaN
108	13	28	58	bathroom	sun_axxbkopsgyouuebh.tif	1719966.129100	1719966.387697	1719967.144470	8.091521e-01	48	none	NaN	NaN
108	13	29	17	bathroom	sun_acegryoqftbzowsg.tif	1719967.914199	1719968.172796	1719968.929699	8.174939e-01	7	none	NaN	NaN
108	13	30	37	bathroom	sun_amzlamotzwfkwjco.tif	1719969.699315	1719969.957898	1719970.714678	6.673419e-01	27	none	NaN	NaN
108	13	31	19	bathroom	sun_aclfzgynxzxlbepz.tif	1719971.484419	1719971.743005	1719972.499846	8.341774e-01	9	none	NaN	NaN
108	13	32	43	bathroom	sun_apjevzvycyhuqghb.tif	1719973.269518	1719973.528107	1719974.284962	6.590001e-01	33	none	NaN	NaN
108	13	33	26	bathroom	sun_ahaulkltgpkeeemi.tif	1719975.054621	1719975.313214	1719976.070045	6.756837e-01	16	37	1719976.671071	1
108	13	34	52	bathroom	sun_aunuadmjocsddsrl.tif	1719977.448664	1719977.707253	1719978.464084	6.923672e-01	42	none	NaN	NaN
108	13	35	49	bathroom	sun_asfwthctfqerjvxr.tif	1719979.233764	1719979.492356	1719980.249233	7.424179e-01	39	none	NaN	NaN
108	13	36	20	bathroom	sun_afcoljnjfoxjtgja.tif	1719981.018871	1719981.277462	1719982.034301	6.590001e-01	10	none	NaN	NaN
108	13	37	40	bathroom	sun_aofnryafpsjimzsb.tif	1719982.803977	1719983.062560	1719983.819356	6.840255e-01	30	none	NaN	NaN
108	13	38	59	bathroom	sun_axyrejkiiaqiurjk.tif	1719984.589075	1719984.847667	1719985.604494	7.424179e-01	49	none	NaN	NaN
108	13	39	18	bathroom	sun_acgyywnybuveqsro.tif	1719986.374180	1719986.632769	1719987.389614	6.506584e-01	8	none	NaN	NaN
108	13	40	11	bathroom	labelme_sfxiulhjbhlyiyt.tif	1719988.159279	1719988.417879	1719989.174804	8.341774e-01	1	none	NaN	NaN
108	13	41	41	bathroom	sun_aoybiabnpadelefl.tif	1719989.944388	1719990.202978	1719990.959764	6.756837e-01	31	37	1719991.926928	1
108	13	42	13	bathroom	sun_aavhrsfjbserjtht.tif	1719992.705458	1719992.964051	1719993.720835	7.591014e-01	3	none	NaN	NaN
108	13	43	24	bathroom	sun_agrwbmhcpmfuwmsg.tif	1719994.490556	1719994.749155	1719995.506140	8.508609e-01	14	none	NaN	NaN
108	13	44	38	bathroom	sun_anhioqovhscjqqwb.tif	1719996.275668	1719996.534256	1719997.291140	8.091521e-01	28	none	NaN	NaN
108	13	45	34	bathroom	sun_alkosphxlxwjwgjd.tif	1719998.060765	1719998.319381	1719999.076153	7.507597e-01	24	none	NaN	NaN
108	13	46	53	bathroom	sun_ausgutylgojavyoq.tif	1719999.845878	1720000.104466	1720000.861259	8.341774e-01	43	none	NaN	NaN
108	13	47	31	bathroom	sun_akiytfaagpdsphgz.tif	1720001.630977	1720001.889572	1720002.646429	8.008103e-01	21	none	NaN	NaN
108	13	48	46	bathroom	sun_apmqjbnwghzuhhzh.tif	1720003.416083	1720003.674668	1720004.431499	7.090508e-01	36	none	NaN	NaN
108	13	49	14	bathroom	sun_abapwbhyhkfixyex.tif	1720005.201183	1720005.459774	1720006.216693	7.591014e-01	4	none	NaN	NaN
108	13	50	15	bathroom	sun_abjtwfukuwddzted.tif	1720006.986288	1720007.244876	1720008.001789	7.257343e-01	5	39	1720009.495156	1
108	13	51	22	bathroom	sun_agguqiubmwhqqunb.tif	1720010.272880	1720010.531467	1720011.288364	6.923672e-01	12	none	NaN	NaN
108	13	52	57	bathroom	sun_axldvoqbuvuggfmq.tif	1720012.057986	1720012.316574	1720013.073473	8.258356e-01	47	none	NaN	NaN
108	13	53	54	bathroom	sun_auzqhkafidnkrwmo.tif	1720013.843089	1720014.101681	1720014.858472	7.757850e-01	44	none	NaN	NaN
108	13	54	14	bathroom	sun_abapwbhyhkfixyex.tif	1720015.628189	1720015.886785	1720016.643760	7.424179e-01	4	none	NaN	NaN
108	13	55	32	bathroom	sun_aleqenyvunhactkl.tif	1720017.413295	1720017.671885	1720018.428840	8.258356e-01	22	none	NaN	NaN
108	13	56	53	bathroom	sun_ausgutylgojavyoq.tif	1720019.198395	1720019.456989	1720020.214035	7.674432e-01	43	39	1720020.990955	0
108	13	57	43	bathroom	sun_apjevzvycyhuqghb.tif	1720021.767613	1720022.026207	1720022.783140	7.591014e-01	33	none	NaN	NaN
108	13	58	37	bathroom	sun_amzlamotzwfkwjco.tif	1720023.552717	1720023.811307	1720024.568285	6.923672e-01	27	none	NaN	NaN
108	13	59	13	bathroom	sun_aavhrsfjbserjtht.tif	1720025.337825	1720025.596411	1720026.353282	7.173926e-01	3	none	NaN	NaN
108	13	60	50	bathroom	sun_aspsyogrekjtfozg.tif	1720027.122924	1720027.381518	1720028.138517	7.924685e-01	40	none	NaN	NaN
108	13	61	25	bathroom	sun_agyqfjcfkdcydepw.tif	1720028.908030	1720029.166618	1720029.923508	7.090508e-01	15	none	NaN	NaN
108	13	62	16	bathroom	sun_acduarbnmmoglmiv.tif	1720030.693132	1720030.951725	1720031.708600	7.924685e-01	6	none	NaN	NaN
108	13	63	46	bathroom	sun_apmqjbnwghzuhhzh.tif	1720032.478233	1720032.736825	1720033.493796	7.591014e-01	36	none	NaN	NaN
108	13	64	26	bathroom	sun_ahaulkltgpkeeemi.tif	1720034.263338	1720034.521927	1720035.278888	6.923672e-01	16	none	NaN	NaN
108	13	65	56	bathroom	sun_awnqiikzaispgmwo.tif	1720036.048436	1720036.307035	1720037.063924	8.174939e-01	46	none	NaN	NaN
108	13	66	45	bathroom	sun_apkxzenqapsujocq.tif	1720037.833549	1720038.092138	1720038.849136	7.340761e-01	35	37	1720040.422826	1
108	13	67	35	bathroom	sun_alotolagknyrgtsk.tif	1720041.195211	1720041.453744	1720042.210774	6.840255e-01	25	39	1720042.919164	1
108	13	68	38	bathroom	sun_anhioqovhscjqqwb.tif	1720043.697695	1720043.956283	1720044.713193	8.091521e-01	28	none	NaN	NaN
108	13	69	19	bathroom	sun_aclfzgynxzxlbepz.tif	1720045.482801	1720045.741388	1720046.498333	8.425192e-01	9	37	1720047.247207	1
108	13	70	15	bathroom	sun_abjtwfukuwddzted.tif	1720048.018643	1720048.277235	1720049.034031	6.590001e-01	5	none	NaN	NaN
108	13	71	58	bathroom	sun_axxbkopsgyouuebh.tif	1720049.803753	1720050.062341	1720050.819202	8.008103e-01	48	none	NaN	NaN
108	13	72	48	bathroom	sun_aqrpegblszgcoujh.tif	1720051.588859	1720051.847443	1720052.604265	7.507597e-01	38	none	NaN	NaN
108	13	73	34	bathroom	sun_alkosphxlxwjwgjd.tif	1720053.373958	1720053.632551	1720054.389492	8.258356e-01	24	none	NaN	NaN
108	13	74	24	bathroom	sun_agrwbmhcpmfuwmsg.tif	1720055.159064	1720055.417650	1720056.174601	6.506584e-01	14	37	1720056.807072	1
108	13	75	47	bathroom	sun_apynckhmoftszqoq.tif	1720057.578128	1720057.836720	1720058.593685	7.173926e-01	37	none	NaN	NaN
108	13	76	42	bathroom	sun_apeeialkgkuxddgh.tif	1720059.363228	1720059.621822	1720060.378616	7.841268e-01	32	none	NaN	NaN
108	13	77	27	bathroom	sun_ahcvzmoyaycdoftf.tif	1720061.148336	1720061.406926	1720062.163767	7.340761e-01	17	none	NaN	NaN
108	13	78	31	bathroom	sun_akiytfaagpdsphgz.tif	1720062.933441	1720063.192028	1720063.948806	7.257343e-01	21	39	1720065.047010	1
108	13	79	60	bathroom	sun_azqyogdvyhahyram.tif	1720065.819630	1720066.078221	1720066.835172	6.673419e-01	50	none	NaN	NaN
108	13	80	12	bathroom	sun_aapitsgbtktqubfy.tif	1720067.604731	1720067.863331	1720068.620108	7.257343e-01	2	none	NaN	NaN
108	13	81	21	bathroom	sun_aggnnqpdorgxpvce.tif	1720069.389842	1720069.648434	1720070.405316	6.840255e-01	11	none	NaN	NaN
108	13	82	40	bathroom	sun_aofnryafpsjimzsb.tif	1720071.174949	1720071.433535	1720072.190524	8.341774e-01	30	none	NaN	NaN
108	13	83	20	bathroom	sun_afcoljnjfoxjtgja.tif	1720072.960048	1720073.218640	1720073.975633	7.757850e-01	10	none	NaN	NaN
108	13	84	39	bathroom	sun_anryaplzeujmzfkd.tif	1720074.745153	1720075.003681	1720075.760529	7.007090e-01	29	none	NaN	NaN
108	13	85	59	bathroom	sun_axyrejkiiaqiurjk.tif	1720076.530252	1720076.788847	1720077.545789	7.007090e-01	49	none	NaN	NaN
108	13	86	52	bathroom	sun_aunuadmjocsddsrl.tif	1720078.315358	1720078.573947	1720079.330859	7.841268e-01	42	none	NaN	NaN
108	13	87	18	bathroom	sun_acgyywnybuveqsro.tif	1720080.100460	1720080.359054	1720081.115847	8.425192e-01	8	none	NaN	NaN
108	13	88	11	bathroom	labelme_sfxiulhjbhlyiyt.tif	1720081.885565	1720082.144152	1720082.900946	7.090508e-01	1	none	NaN	NaN
108	13	89	28	bathroom	sun_ahijqszoswveeyji.tif	1720083.670673	1720083.929262	1720084.686247	7.674432e-01	18	none	NaN	NaN
108	13	90	44	bathroom	sun_apkruvsevgegsdwp.tif	1720085.455778	1720085.714366	1720086.471306	6.590001e-01	34	none	NaN	NaN
108	13	91	23	bathroom	sun_aghyqhbptboemmoq.tif	1720087.240878	1720087.499467	1720088.256447	8.425192e-01	13	39	1720089.710876	1
108	13	92	51	bathroom	sun_atstyziqcmkahyxk.tif	1720090.485765	1720090.744352	1720091.501171	7.924685e-01	41	none	NaN	NaN
108	13	93	36	bathroom	sun_ambriybtogmepttm.tif	1720092.270863	1720092.529450	1720093.286236	7.757850e-01	26	none	NaN	NaN
108	13	94	30	bathroom	sun_ajlawzvmubibwbpy.tif	1720094.055971	1720094.314561	1720095.071506	6.923672e-01	20	39	1720095.959291	1
108	13	95	33	bathroom	sun_aljolscmmzydegqp.tif	1720096.733620	1720096.992215	1720097.749130	7.841268e-01	23	none	NaN	NaN
108	13	96	17	bathroom	sun_acegryoqftbzowsg.tif	1720098.518730	1720098.777315	1720099.534274	8.174939e-01	7	none	NaN	NaN
108	13	97	41	bathroom	sun_aoybiabnpadelefl.tif	1720100.303835	1720100.562422	1720101.319344	8.258356e-01	31	none	NaN	NaN
108	13	98	55	bathroom	sun_avhrdrntsqrjzccq.tif	1720102.088944	1720102.347527	1720103.104830	7.257343e-01	45	none	NaN	NaN
108	13	99	49	bathroom	sun_asfwthctfqerjvxr.tif	1720103.874041	1720104.132632	1720104.889450	6.506584e-01	39	none	NaN	NaN
108	13	100	29	bathroom	sun_ahqjwnzgolcaoidx.tif	1720105.659140	1720105.917731	1720106.674713	8.008103e-01	19	none	NaN	NaN
108	14	1	74	kitchen	sun_acfmftudsenhrfhy.tif	1720184.795957	1720185.054551	1720185.702921	6.673419e-01	64	none	NaN	NaN
108	14	2	64	kitchen	sun_aadbddgrdsjugojn.tif	1720186.472621	1720186.731213	1720187.379699	7.841268e-01	54	none	NaN	NaN
108	14	3	104	kitchen	sun_auticobqsbwgoppi.tif	1720188.149285	1720188.407870	1720189.056335	8.425192e-01	94	none	NaN	NaN
108	14	4	94	kitchen	sun_ahywdevtimnqcsln.tif	1720189.825944	1720190.084539	1720190.733084	8.508609e-01	84	none	NaN	NaN
108	14	5	92	kitchen	sun_ahpczsiumwwocjkv.tif	1720191.502607	1720191.761194	1720192.409591	6.923672e-01	82	none	NaN	NaN
108	14	6	82	kitchen	sun_aenotlpyftoioydp.tif	1720193.179265	1720193.437866	1720194.086248	7.424179e-01	72	none	NaN	NaN
108	14	7	89	kitchen	sun_agzzivivdpnawacl.tif	1720194.855934	1720195.114526	1720195.762958	6.506584e-01	79	none	NaN	NaN
108	14	8	100	kitchen	sun_amjjdeyrggfqgmom.tif	1720196.532597	1720196.791183	1720197.439710	7.924685e-01	90	none	NaN	NaN
108	14	9	76	kitchen	sun_acwjdupvyjsugpay.tif	1720198.209256	1720198.467844	1720199.116350	7.173926e-01	66	39	1720199.807385	1
108	14	10	70	kitchen	sun_abdxkyyxwfskuaqb.tif	1720200.578274	1720200.836867	1720201.485241	7.090508e-01	60	none	NaN	NaN
108	14	11	86	kitchen	sun_aggjlwcdjsjcaemh.tif	1720202.254937	1720202.513531	1720203.161865	8.425192e-01	76	none	NaN	NaN
108	14	12	107	kitchen	sun_axyyrmzcupyhlivc.tif	1720203.931600	1720204.190193	1720204.838611	7.257343e-01	97	none	NaN	NaN
108	14	13	83	kitchen	sun_aeqdocilnnpuvuhx.tif	1720205.608258	1720205.866855	1720206.515224	6.590001e-01	73	none	NaN	NaN
108	14	14	65	kitchen	sun_aamedkxepzlwuxes.tif	1720207.284927	1720207.543512	1720208.192077	6.590001e-01	55	none	NaN	NaN
108	14	15	105	kitchen	sun_avszsnwsbuqfgzbn.tif	1720208.961586	1720209.220179	1720209.868717	7.340761e-01	95	none	NaN	NaN
108	14	16	68	kitchen	sun_aaxxjlsuzvqlgylf.tif	1720210.638253	1720210.896843	1720211.545228	7.007090e-01	58	37	1720212.439123	1
108	14	17	90	kitchen	sun_ahdycvpopffkzzsu.tif	1720213.215808	1720213.474401	1720214.123128	7.591014e-01	80	none	NaN	NaN
108	14	18	72	kitchen	sun_abpwyqmlzafvklqo.tif	1720214.892471	1720215.151061	1720215.799486	6.923672e-01	62	none	NaN	NaN
108	14	19	101	kitchen	sun_aqeaevwwwjoqhzvl.tif	1720216.569135	1720216.827718	1720217.476057	7.591014e-01	91	none	NaN	NaN
108	14	20	103	kitchen	sun_aunzlwrbjumxhwdj.tif	1720218.245794	1720218.504387	1720219.152712	8.341774e-01	93	none	NaN	NaN
108	14	21	78	kitchen	sun_adgqasybjyktddhj.tif	1720219.914118	1720220.172709	1720220.821210	8.258356e-01	68	none	NaN	NaN
108	14	22	97	kitchen	sun_ajkqhtgcbgpcwrwn.tif	1720221.590779	1720221.849371	1720222.497877	6.506584e-01	87	none	NaN	NaN
108	14	23	99	kitchen	sun_akcjzhbbjlbogpdi.tif	1720223.267438	1720223.526032	1720224.174375	8.425192e-01	89	none	NaN	NaN
108	14	24	108	kitchen	sun_aymvwlarqodbwuoc.tif	1720224.944131	1720225.202700	1720225.851168	7.841268e-01	98	none	NaN	NaN
108	14	25	84	kitchen	sun_aexklacwqwezaorf.tif	1720226.620769	1720226.879360	1720227.527862	8.008103e-01	74	none	NaN	NaN
108	14	26	67	kitchen	sun_aarfiyshqohlwkmo.tif	1720228.297435	1720228.556022	1720229.204574	6.840255e-01	57	37	1720229.879140	1
108	14	27	61	kitchen	labelme_brsyyvweiuaazfr.tif	1720230.649765	1720230.908360	1720231.556858	7.173926e-01	51	none	NaN	NaN
108	14	28	73	kitchen	sun_abrcnpqqhmjwekyf.tif	1720232.326428	1720232.585015	1720233.233412	6.673419e-01	63	none	NaN	NaN
108	14	29	69	kitchen	sun_abdenxonkemggwsq.tif	1720234.003089	1720234.261682	1720234.910044	7.424179e-01	59	none	NaN	NaN
108	14	30	88	kitchen	sun_agubuxuukhzyzpdp.tif	1720235.679752	1720235.938345	1720236.586829	6.590001e-01	78	none	NaN	NaN
108	14	31	85	kitchen	sun_afuyedyxivkhecmu.tif	1720237.356414	1720237.615007	1720238.263572	7.507597e-01	75	none	NaN	NaN
108	14	32	75	kitchen	sun_acgtpgfybqjmzeyw.tif	1720239.033080	1720239.291669	1720239.940103	6.756837e-01	65	none	NaN	NaN
108	14	33	87	kitchen	sun_agorklincwxrdtga.tif	1720240.709742	1720240.968331	1720241.616819	8.091521e-01	77	none	NaN	NaN
108	14	34	102	kitchen	sun_auaiucuqpdausiva.tif	1720242.386403	1720242.644998	1720243.293464	7.007090e-01	92	none	NaN	NaN
108	14	35	95	kitchen	sun_aixorpehvfykdynp.tif	1720244.063069	1720244.321656	1720244.970066	8.091521e-01	85	none	NaN	NaN
108	14	36	109	kitchen	sun_aypmqwcualkenuoe.tif	1720245.739730	1720245.998317	1720246.646823	7.090508e-01	99	none	NaN	NaN
108	14	37	96	kitchen	sun_ajcbwwvdlsvjyzje.tif	1720247.416397	1720247.674985	1720248.323476	6.840255e-01	86	none	NaN	NaN
108	14	38	93	kitchen	sun_ahspylgoovwmwvgk.tif	1720249.093051	1720249.351639	1720250.000007	6.506584e-01	83	none	NaN	NaN
108	14	39	79	kitchen	sun_admlmbcdswaszruo.tif	1720250.769717	1720251.028307	1720251.676665	8.425192e-01	69	39	1720252.375188	1
108	14	40	80	kitchen	sun_aegoxogugdkwpmpj.tif	1720253.147071	1720253.405667	1720254.054058	7.424179e-01	70	none	NaN	NaN
108	14	41	62	kitchen	labelme_kxvouciolcpqplr.tif	1720254.823741	1720255.082325	1720255.730682	7.674432e-01	52	39	1720256.367303	1
108	14	42	71	kitchen	sun_abftihopvusyfakt.tif	1720257.142702	1720257.401294	1720258.049734	8.341774e-01	61	none	NaN	NaN
108	14	43	63	kitchen	labelme_rykdqxenmhulbdn.tif	1720258.819368	1720259.077958	1720259.726303	7.007090e-01	53	37	1720260.503393	1
108	14	44	81	kitchen	sun_aehawpgmrlhlvcow.tif	1720261.280142	1720261.538736	1720262.187261	6.923672e-01	71	none	NaN	NaN
108	14	45	91	kitchen	sun_ahljzhgcdpomplvg.tif	1720262.956808	1720263.215391	1720263.863776	8.174939e-01	81	none	NaN	NaN
108	14	46	77	kitchen	sun_acxkpeoqbwcxfvip.tif	1720264.633464	1720264.892061	1720265.540463	7.340761e-01	67	none	NaN	NaN
108	14	47	110	kitchen	sun_azmutvzbxypaceni.tif	1720266.310125	1720266.568716	1720267.217057	8.258356e-01	100	37	1720267.879284	1
108	14	48	66	kitchen	sun_aapllqyqlykszopd.tif	1720268.654117	1720268.912718	1720269.561210	7.674432e-01	56	none	NaN	NaN
108	14	49	98	kitchen	sun_akchetnepxlcxhsu.tif	1720270.330785	1720270.589369	1720271.237900	8.091521e-01	88	none	NaN	NaN
108	14	50	106	kitchen	sun_awcpdzzznmweyyhv.tif	1720272.007446	1720272.266035	1720272.914577	7.591014e-01	96	none	NaN	NaN
108	14	51	92	kitchen	sun_ahpczsiumwwocjkv.tif	1720273.684116	1720273.942700	1720274.591180	8.258356e-01	82	none	NaN	NaN
108	14	52	80	kitchen	sun_aegoxogugdkwpmpj.tif	1720275.360778	1720275.619370	1720276.268728	7.507597e-01	70	none	NaN	NaN
108	14	53	94	kitchen	sun_ahywdevtimnqcsln.tif	1720277.037436	1720277.296024	1720277.944361	8.174939e-01	84	none	NaN	NaN
108	14	54	89	kitchen	sun_agzzivivdpnawacl.tif	1720278.714097	1720278.972685	1720279.621055	6.756837e-01	79	none	NaN	NaN
108	14	55	97	kitchen	sun_ajkqhtgcbgpcwrwn.tif	1720280.390764	1720280.649350	1720281.297726	7.173926e-01	87	none	NaN	NaN
108	14	56	108	kitchen	sun_aymvwlarqodbwuoc.tif	1720282.067420	1720282.326017	1720282.974506	7.757850e-01	98	37	1720283.583404	1
108	14	57	67	kitchen	sun_aarfiyshqohlwkmo.tif	1720284.361369	1720284.619954	1720285.268457	7.090508e-01	57	none	NaN	NaN
108	14	58	75	kitchen	sun_acgtpgfybqjmzeyw.tif	1720286.038025	1720286.296618	1720286.945058	7.757850e-01	65	none	NaN	NaN
108	14	59	63	kitchen	labelme_rykdqxenmhulbdn.tif	1720287.714692	1720287.973283	1720288.621639	7.507597e-01	53	none	NaN	NaN
108	14	60	73	kitchen	sun_abrcnpqqhmjwekyf.tif	1720289.383013	1720289.641606	1720290.290046	7.340761e-01	63	none	NaN	NaN
108	14	61	76	kitchen	sun_acwjdupvyjsugpay.tif	1720291.059676	1720291.318267	1720291.966677	7.924685e-01	66	none	NaN	NaN
108	14	62	82	kitchen	sun_aenotlpyftoioydp.tif	1720292.736338	1720292.994931	1720293.643478	8.008103e-01	72	none	NaN	NaN
108	14	63	61	kitchen	labelme_brsyyvweiuaazfr.tif	1720294.412998	1720294.671593	1720295.319975	8.008103e-01	51	none	NaN	NaN
108	14	64	64	kitchen	sun_aadbddgrdsjugojn.tif	1720296.089665	1720296.348251	1720296.996706	7.257343e-01	54	none	NaN	NaN
108	14	65	62	kitchen	labelme_kxvouciolcpqplr.tif	1720297.766324	1720298.024914	1720298.673411	8.091521e-01	52	39	1720299.447248	1
108	14	66	86	kitchen	sun_aggjlwcdjsjcaemh.tif	1720300.218755	1720300.477349	1720301.125715	7.841268e-01	76	none	NaN	NaN
108	14	67	91	kitchen	sun_ahljzhgcdpomplvg.tif	1720301.895422	1720302.154012	1720302.802504	8.341774e-01	81	none	NaN	NaN
108	14	68	66	kitchen	sun_aapllqyqlykszopd.tif	1720303.572082	1720303.830670	1720304.479149	8.174939e-01	56	none	NaN	NaN
108	14	69	81	kitchen	sun_aehawpgmrlhlvcow.tif	1720305.248744	1720305.507331	1720306.155800	7.924685e-01	71	none	NaN	NaN
108	14	70	104	kitchen	sun_auticobqsbwgoppi.tif	1720306.925412	1720307.184004	1720307.832478	7.424179e-01	94	none	NaN	NaN
108	14	71	87	kitchen	sun_agorklincwxrdtga.tif	1720308.602085	1720308.860658	1720309.509014	7.841268e-01	77	none	NaN	NaN
108	14	72	78	kitchen	sun_adgqasybjyktddhj.tif	1720310.278738	1720310.537328	1720311.185892	7.257343e-01	68	none	NaN	NaN
108	14	73	99	kitchen	sun_akcjzhbbjlbogpdi.tif	1720311.955402	1720312.213989	1720312.862457	8.008103e-01	89	none	NaN	NaN
108	14	74	105	kitchen	sun_avszsnwsbuqfgzbn.tif	1720313.632063	1720313.890658	1720314.539219	6.840255e-01	95	none	NaN	NaN
108	14	75	77	kitchen	sun_acxkpeoqbwcxfvip.tif	1720315.308723	1720315.567314	1720316.215769	7.674432e-01	67	none	NaN	NaN
108	14	76	69	kitchen	sun_abdenxonkemggwsq.tif	1720316.985385	1720317.243975	1720317.892434	8.341774e-01	59	none	NaN	NaN
108	14	77	88	kitchen	sun_agubuxuukhzyzpdp.tif	1720318.662047	1720318.920642	1720319.569162	6.923672e-01	78	none	NaN	NaN
108	14	78	68	kitchen	sun_aaxxjlsuzvqlgylf.tif	1720320.338714	1720320.597304	1720321.245682	7.507597e-01	58	none	NaN	NaN
108	14	79	96	kitchen	sun_ajcbwwvdlsvjyzje.tif	1720322.015373	1720322.273963	1720322.922443	6.756837e-01	86	none	NaN	NaN
108	14	80	83	kitchen	sun_aeqdocilnnpuvuhx.tif	1720323.692036	1720323.950632	1720324.599198	6.673419e-01	73	39	1720325.247424	1
108	14	81	98	kitchen	sun_akchetnepxlcxhsu.tif	1720326.019346	1720326.277933	1720326.926343	7.007090e-01	88	none	NaN	NaN
108	14	82	74	kitchen	sun_acfmftudsenhrfhy.tif	1720327.696007	1720327.954597	1720328.603137	8.258356e-01	64	none	NaN	NaN
108	14	83	100	kitchen	sun_amjjdeyrggfqgmom.tif	1720329.372674	1720329.631257	1720330.279840	7.924685e-01	90	none	NaN	NaN
108	14	84	90	kitchen	sun_ahdycvpopffkzzsu.tif	1720331.049336	1720331.307929	1720331.956484	8.508609e-01	80	none	NaN	NaN
108	14	85	84	kitchen	sun_aexklacwqwezaorf.tif	1720332.725996	1720332.984587	1720333.632987	7.757850e-01	74	37	1720334.735486	1
108	14	86	71	kitchen	sun_abftihopvusyfakt.tif	1720335.512096	1720335.770688	1720336.419042	6.590001e-01	61	37	1720336.975373	1
108	14	87	72	kitchen	sun_abpwyqmlzafvklqo.tif	1720337.747643	1720338.006233	1720338.654663	7.257343e-01	62	none	NaN	NaN
108	14	88	107	kitchen	sun_axyyrmzcupyhlivc.tif	1720339.424307	1720339.682897	1720340.331401	6.673419e-01	97	37	1720340.887435	1
108	14	89	85	kitchen	sun_afuyedyxivkhecmu.tif	1720341.659853	1720341.918441	1720342.566939	7.090508e-01	75	none	NaN	NaN
108	14	90	109	kitchen	sun_aypmqwcualkenuoe.tif	1720343.336520	1720343.595105	1720344.243595	6.923672e-01	99	none	NaN	NaN
108	14	91	103	kitchen	sun_aunzlwrbjumxhwdj.tif	1720345.013182	1720345.271773	1720345.920246	7.674432e-01	93	none	NaN	NaN
108	14	92	95	kitchen	sun_aixorpehvfykdynp.tif	1720346.689850	1720346.948434	1720347.596831	6.840255e-01	85	none	NaN	NaN
108	14	93	79	kitchen	sun_admlmbcdswaszruo.tif	1720348.366505	1720348.625096	1720349.273658	6.756837e-01	69	39	1720349.991364	1
108	14	94	70	kitchen	sun_abdxkyyxwfskuaqb.tif	1720350.768894	1720351.027477	1720351.675878	7.757850e-01	60	none	NaN	NaN
108	14	95	106	kitchen	sun_awcpdzzznmweyyhv.tif	1720352.445554	1720352.704144	1720353.352681	7.173926e-01	96	39	1720354.039327	1
108	14	96	101	kitchen	sun_aqeaevwwwjoqhzvl.tif	1720354.814571	1720355.073165	1720355.721602	8.174939e-01	91	none	NaN	NaN
108	14	97	93	kitchen	sun_ahspylgoovwmwvgk.tif	1720356.491229	1720356.749822	1720357.398276	7.340761e-01	83	none	NaN	NaN
108	14	98	110	kitchen	sun_azmutvzbxypaceni.tif	1720358.167894	1720358.426485	1720359.074836	7.591014e-01	100	none	NaN	NaN
108	14	99	102	kitchen	sun_auaiucuqpdausiva.tif	1720359.844561	1720360.103152	1720360.751576	7.591014e-01	92	none	NaN	NaN
108	14	100	65	kitchen	sun_aamedkxepzlwuxes.tif	1720361.521221	1720361.779810	1720362.428166	8.258356e-01	55	none	NaN	NaN
108	15	1	55	bathroom	sun_avhrdrntsqrjzccq.tif	1720379.947835	1720380.206419	1720380.896587	6.673419e-01	45	none	NaN	NaN
108	15	2	58	bathroom	sun_axxbkopsgyouuebh.tif	1720381.666200	1720381.924788	1720382.614988	6.506584e-01	48	none	NaN	NaN
108	15	3	29	bathroom	sun_ahqjwnzgolcaoidx.tif	1720383.384571	1720383.643160	1720384.333369	8.091521e-01	19	none	NaN	NaN
108	15	4	28	bathroom	sun_ahijqszoswveeyji.tif	1720385.102938	1720385.361533	1720386.051746	7.674432e-01	18	none	NaN	NaN
108	15	5	13	bathroom	sun_aavhrsfjbserjtht.tif	1720386.821312	1720387.079899	1720387.770076	8.091521e-01	3	none	NaN	NaN
108	15	6	52	bathroom	sun_aunuadmjocsddsrl.tif	1720388.539685	1720388.798275	1720389.488433	7.424179e-01	42	none	NaN	NaN
108	15	7	53	bathroom	sun_ausgutylgojavyoq.tif	1720390.258051	1720390.516643	1720391.206765	7.757850e-01	43	none	NaN	NaN
108	15	8	51	bathroom	sun_atstyziqcmkahyxk.tif	1720391.976422	1720392.235020	1720392.925099	7.007090e-01	41	none	NaN	NaN
108	15	9	37	bathroom	sun_amzlamotzwfkwjco.tif	1720393.694793	1720393.953390	1720394.643636	7.591014e-01	27	none	NaN	NaN
108	15	10	19	bathroom	sun_aclfzgynxzxlbepz.tif	1720395.413170	1720395.671753	1720396.362028	7.924685e-01	9	none	NaN	NaN
108	15	11	57	bathroom	sun_axldvoqbuvuggfmq.tif	1720397.131541	1720397.390126	1720398.080192	7.340761e-01	47	none	NaN	NaN
108	15	12	39	bathroom	sun_anryaplzeujmzfkd.tif	1720398.849908	1720399.108499	1720399.798728	6.756837e-01	29	none	NaN	NaN
108	15	13	27	bathroom	sun_ahcvzmoyaycdoftf.tif	1720400.568281	1720400.826860	1720401.517095	7.591014e-01	17	none	NaN	NaN
108	15	14	12	bathroom	sun_aapitsgbtktqubfy.tif	1720402.286646	1720402.545239	1720403.235314	6.840255e-01	2	none	NaN	NaN
108	15	15	30	bathroom	sun_ajlawzvmubibwbpy.tif	1720404.005024	1720404.263612	1720404.953897	7.007090e-01	20	none	NaN	NaN
108	15	16	26	bathroom	sun_ahaulkltgpkeeemi.tif	1720405.723391	1720405.981983	1720406.672065	8.258356e-01	16	none	NaN	NaN
108	15	17	20	bathroom	sun_afcoljnjfoxjtgja.tif	1720407.441760	1720407.700352	1720408.390419	6.673419e-01	10	37	1720409.119564	1
108	15	18	22	bathroom	sun_agguqiubmwhqqunb.tif	1720409.894190	1720410.152782	1720410.843000	8.341774e-01	12	none	NaN	NaN
108	15	19	15	bathroom	sun_abjtwfukuwddzted.tif	1720411.612567	1720411.871162	1720412.561334	8.425192e-01	5	none	NaN	NaN
108	15	20	41	bathroom	sun_aoybiabnpadelefl.tif	1720413.330938	1720413.589524	1720414.279575	7.340761e-01	31	none	NaN	NaN
108	15	21	18	bathroom	sun_acgyywnybuveqsro.tif	1720415.049306	1720415.307896	1720415.998126	7.841268e-01	8	none	NaN	NaN
108	15	22	17	bathroom	sun_acegryoqftbzowsg.tif	1720416.767676	1720417.026265	1720417.716321	8.341774e-01	7	none	NaN	NaN
108	15	23	14	bathroom	sun_abapwbhyhkfixyex.tif	1720418.486049	1720418.744639	1720419.434844	7.757850e-01	4	39	1720420.223469	1
108	15	24	44	bathroom	sun_apkruvsevgegsdwp.tif	1720420.996870	1720421.255462	1720421.945547	8.174939e-01	34	none	NaN	NaN
108	15	25	32	bathroom	sun_aleqenyvunhactkl.tif	1720422.715243	1720422.973834	1720423.664104	6.840255e-01	22	39	1720424.447443	1
108	15	26	49	bathroom	sun_asfwthctfqerjvxr.tif	1720425.217725	1720425.476314	1720426.166533	7.090508e-01	39	none	NaN	NaN
108	15	27	48	bathroom	sun_aqrpegblszgcoujh.tif	1720426.936099	1720427.194686	1720427.884789	7.924685e-01	38	none	NaN	NaN
108	15	28	50	bathroom	sun_aspsyogrekjtfozg.tif	1720428.646127	1720428.904719	1720429.594806	7.090508e-01	40	none	NaN	NaN
108	15	29	47	bathroom	sun_apynckhmoftszqoq.tif	1720430.364499	1720430.623087	1720431.313274	7.924685e-01	37	none	NaN	NaN
108	15	30	60	bathroom	sun_azqyogdvyhahyram.tif	1720432.082868	1720432.341456	1720433.031577	8.258356e-01	50	none	NaN	NaN
108	15	31	38	bathroom	sun_anhioqovhscjqqwb.tif	1720433.801234	1720434.059825	1720434.749960	8.258356e-01	28	none	NaN	NaN
108	15	32	34	bathroom	sun_alkosphxlxwjwgjd.tif	1720435.519613	1720435.778198	1720436.468333	7.424179e-01	24	none	NaN	NaN
108	15	33	56	bathroom	sun_awnqiikzaispgmwo.tif	1720437.237984	1720437.496572	1720438.186647	8.508609e-01	46	none	NaN	NaN
108	15	34	35	bathroom	sun_alotolagknyrgtsk.tif	1720438.956353	1720439.214939	1720439.905073	7.674432e-01	25	none	NaN	NaN
108	15	35	16	bathroom	sun_acduarbnmmoglmiv.tif	1720440.674718	1720440.933314	1720441.623563	7.257343e-01	6	none	NaN	NaN
108	15	36	42	bathroom	sun_apeeialkgkuxddgh.tif	1720442.393091	1720442.651685	1720443.341945	6.923672e-01	32	none	NaN	NaN
108	15	37	40	bathroom	sun_aofnryafpsjimzsb.tif	1720444.111464	1720444.370054	1720445.060280	8.425192e-01	30	none	NaN	NaN
108	15	38	45	bathroom	sun_apkxzenqapsujocq.tif	1720445.829832	1720446.088421	1720446.778521	7.090508e-01	35	37	1720447.687770	1
108	15	39	59	bathroom	sun_axyrejkiiaqiurjk.tif	1720448.465786	1720448.724376	1720449.414646	7.173926e-01	49	none	NaN	NaN
108	15	40	46	bathroom	sun_apmqjbnwghzuhhzh.tif	1720450.184153	1720450.442737	1720451.132948	6.923672e-01	36	39	1720452.135532	1
108	15	41	43	bathroom	sun_apjevzvycyhuqghb.tif	1720452.911858	1720453.170449	1720453.860520	8.341774e-01	33	none	NaN	NaN
108	15	42	54	bathroom	sun_auzqhkafidnkrwmo.tif	1720454.630228	1720454.888819	1720455.579068	7.007090e-01	44	37	1720456.295608	1
108	15	43	23	bathroom	sun_aghyqhbptboemmoq.tif	1720457.065978	1720457.324566	1720458.014631	8.008103e-01	13	none	NaN	NaN
108	15	44	33	bathroom	sun_aljolscmmzydegqp.tif	1720458.784345	1720459.042932	1720459.733184	7.841268e-01	23	none	NaN	NaN
108	15	45	25	bathroom	sun_agyqfjcfkdcydepw.tif	1720460.502719	1720460.761313	1720461.451399	8.174939e-01	15	none	NaN	NaN
108	15	46	11	bathroom	labelme_sfxiulhjbhlyiyt.tif	1720462.221087	1720462.479679	1720463.169867	7.173926e-01	1	none	NaN	NaN
108	15	47	24	bathroom	sun_agrwbmhcpmfuwmsg.tif	1720463.939465	1720464.198049	1720464.888326	7.340761e-01	14	none	NaN	NaN
108	15	48	21	bathroom	sun_aggnnqpdorgxpvce.tif	1720465.657830	1720465.916424	1720466.606667	8.341774e-01	11	none	NaN	NaN
108	15	49	36	bathroom	sun_ambriybtogmepttm.tif	1720467.376203	1720467.634793	1720468.325027	7.507597e-01	26	39	1720469.111740	1
108	15	50	31	bathroom	sun_akiytfaagpdsphgz.tif	1720469.887024	1720470.145614	1720470.835726	7.924685e-01	21	none	NaN	NaN
108	15	51	51	bathroom	sun_atstyziqcmkahyxk.tif	1720471.605395	1720471.863984	1720472.554232	6.756837e-01	41	none	NaN	NaN
108	15	52	34	bathroom	sun_alkosphxlxwjwgjd.tif	1720473.323768	1720473.582352	1720474.272559	6.673419e-01	24	37	1720474.863562	1
108	15	53	20	bathroom	sun_afcoljnjfoxjtgja.tif	1720475.634390	1720475.892978	1720476.583123	7.257343e-01	10	39	1720477.383606	1
108	15	54	52	bathroom	sun_aunuadmjocsddsrl.tif	1720478.161903	1720478.420487	1720479.110600	7.257343e-01	42	39	1720480.231359	1
108	15	55	22	bathroom	sun_agguqiubmwhqqunb.tif	1720481.006381	1720481.264977	1720481.955193	7.674432e-01	12	none	NaN	NaN
108	15	56	33	bathroom	sun_aljolscmmzydegqp.tif	1720482.724754	1720482.983342	1720483.673629	6.923672e-01	23	none	NaN	NaN
108	15	57	41	bathroom	sun_aoybiabnpadelefl.tif	1720484.443127	1720484.701716	1720485.391905	8.174939e-01	31	none	NaN	NaN
108	15	58	13	bathroom	sun_aavhrsfjbserjtht.tif	1720486.161492	1720486.420085	1720487.110184	6.590001e-01	3	none	NaN	NaN
108	15	59	57	bathroom	sun_axldvoqbuvuggfmq.tif	1720487.879868	1720488.138460	1720488.828666	8.425192e-01	47	none	NaN	NaN
108	15	60	50	bathroom	sun_aspsyogrekjtfozg.tif	1720489.598242	1720489.856830	1720490.547055	6.923672e-01	40	none	NaN	NaN
108	15	61	37	bathroom	sun_amzlamotzwfkwjco.tif	1720491.316606	1720491.575201	1720492.265382	6.506584e-01	27	none	NaN	NaN
108	15	62	32	bathroom	sun_aleqenyvunhactkl.tif	1720493.034980	1720493.293570	1720493.983734	6.590001e-01	22	none	NaN	NaN
108	15	63	19	bathroom	sun_aclfzgynxzxlbepz.tif	1720494.753356	1720495.011939	1720495.702065	7.507597e-01	9	none	NaN	NaN
108	15	64	43	bathroom	sun_apjevzvycyhuqghb.tif	1720496.471725	1720496.730312	1720497.420381	7.424179e-01	33	none	NaN	NaN
108	15	65	42	bathroom	sun_apeeialkgkuxddgh.tif	1720498.190096	1720498.448684	1720499.138950	6.756837e-01	32	none	NaN	NaN
108	15	66	12	bathroom	sun_aapitsgbtktqubfy.tif	1720499.908468	1720500.167051	1720500.857119	7.173926e-01	2	none	NaN	NaN
108	15	67	46	bathroom	sun_apmqjbnwghzuhhzh.tif	1720501.626837	1720501.885427	1720502.575625	6.673419e-01	36	none	NaN	NaN
108	15	68	15	bathroom	sun_abjtwfukuwddzted.tif	1720503.345210	1720503.603797	1720504.294035	7.007090e-01	5	none	NaN	NaN
108	15	69	60	bathroom	sun_azqyogdvyhahyram.tif	1720505.063575	1720505.322166	1720506.012405	7.257343e-01	50	none	NaN	NaN
108	15	70	21	bathroom	sun_aggnnqpdorgxpvce.tif	1720506.781951	1720507.040539	1720507.730696	8.425192e-01	11	none	NaN	NaN
108	15	71	53	bathroom	sun_ausgutylgojavyoq.tif	1720508.500318	1720508.758910	1720509.449158	7.841268e-01	43	39	1720510.151477	0
108	15	72	58	bathroom	sun_axxbkopsgyouuebh.tif	1720510.927728	1720511.186313	1720511.876501	7.340761e-01	48	none	NaN	NaN
108	15	73	27	bathroom	sun_ahcvzmoyaycdoftf.tif	1720512.646096	1720512.904685	1720513.594828	8.174939e-01	17	none	NaN	NaN
108	15	74	18	bathroom	sun_acgyywnybuveqsro.tif	1720514.364466	1720514.623060	1720515.313273	7.591014e-01	8	none	NaN	NaN
108	15	75	30	bathroom	sun_ajlawzvmubibwbpy.tif	1720516.082841	1720516.341433	1720517.031689	6.840255e-01	20	none	NaN	NaN
108	15	76	24	bathroom	sun_agrwbmhcpmfuwmsg.tif	1720517.801208	1720518.059804	1720518.749939	8.091521e-01	14	none	NaN	NaN
108	15	77	54	bathroom	sun_auzqhkafidnkrwmo.tif	1720519.519582	1720519.778170	1720520.468361	6.756837e-01	44	none	NaN	NaN
108	15	78	48	bathroom	sun_aqrpegblszgcoujh.tif	1720521.237954	1720521.496547	1720522.186735	7.507597e-01	38	none	NaN	NaN
108	15	79	25	bathroom	sun_agyqfjcfkdcydepw.tif	1720522.956325	1720523.214912	1720523.904966	7.674432e-01	15	none	NaN	NaN
108	15	80	38	bathroom	sun_anhioqovhscjqqwb.tif	1720524.674693	1720524.933291	1720525.623438	7.424179e-01	28	none	NaN	NaN
108	15	81	44	bathroom	sun_apkruvsevgegsdwp.tif	1720526.393067	1720526.651658	1720527.341864	8.258356e-01	34	none	NaN	NaN
108	15	82	55	bathroom	sun_avhrdrntsqrjzccq.tif	1720528.111438	1720528.370026	1720529.060243	8.008103e-01	45	none	NaN	NaN
108	15	83	28	bathroom	sun_ahijqszoswveeyji.tif	1720529.829806	1720530.088397	1720530.778450	8.008103e-01	18	none	NaN	NaN
108	15	84	47	bathroom	sun_apynckhmoftszqoq.tif	1720531.548178	1720531.806767	1720532.496812	7.507597e-01	37	none	NaN	NaN
108	15	85	36	bathroom	sun_ambriybtogmepttm.tif	1720533.266550	1720533.525141	1720534.215253	7.090508e-01	26	none	NaN	NaN
108	15	86	14	bathroom	sun_abapwbhyhkfixyex.tif	1720534.984915	1720535.243511	1720535.933774	7.173926e-01	4	39	1720536.823460	0
108	15	87	26	bathroom	sun_ahaulkltgpkeeemi.tif	1720537.595844	1720537.854434	1720538.544634	7.591014e-01	16	39	1720545.559478	1
108	15	88	23	bathroom	sun_aghyqhbptboemmoq.tif	1720546.337846	1720546.596434	1720547.286668	7.841268e-01	13	none	NaN	NaN
108	15	89	45	bathroom	sun_apkxzenqapsujocq.tif	1720548.056213	1720548.314803	1720549.004927	6.506584e-01	35	none	NaN	NaN
108	15	90	16	bathroom	sun_acduarbnmmoglmiv.tif	1720549.774592	1720550.033176	1720550.723243	8.508609e-01	6	39	1720551.271451	1
108	15	91	17	bathroom	sun_acegryoqftbzowsg.tif	1720552.043502	1720552.302093	1720552.992239	6.590001e-01	7	none	NaN	NaN
108	15	92	29	bathroom	sun_ahqjwnzgolcaoidx.tif	1720553.761878	1720554.020467	1720554.710612	6.840255e-01	19	none	NaN	NaN
108	15	93	40	bathroom	sun_aofnryafpsjimzsb.tif	1720555.480241	1720555.738832	1720556.429123	8.258356e-01	30	none	NaN	NaN
108	15	94	56	bathroom	sun_awnqiikzaispgmwo.tif	1720557.198616	1720557.457205	1720558.147332	8.091521e-01	46	none	NaN	NaN
108	15	95	31	bathroom	sun_akiytfaagpdsphgz.tif	1720558.916986	1720559.175581	1720559.865636	8.008103e-01	21	none	NaN	NaN
108	15	96	35	bathroom	sun_alotolagknyrgtsk.tif	1720560.635362	1720560.893949	1720561.584005	7.757850e-01	25	37	1720562.503585	1
108	15	97	49	bathroom	sun_asfwthctfqerjvxr.tif	1720563.279648	1720563.538237	1720564.228317	7.757850e-01	39	none	NaN	NaN
108	15	98	39	bathroom	sun_anryaplzeujmzfkd.tif	1720564.989674	1720565.248262	1720565.938366	7.591014e-01	29	none	NaN	NaN
108	15	99	59	bathroom	sun_axyrejkiiaqiurjk.tif	1720566.708045	1720566.966638	1720567.656701	6.590001e-01	49	none	NaN	NaN
108	15	100	11	bathroom	labelme_sfxiulhjbhlyiyt.tif	1720568.426418	1720568.685005	1720569.375158	6.923672e-01	1	none	NaN	NaN
108	16	1	100	kitchen	sun_amjjdeyrggfqgmom.tif	1720619.418663	1720619.677249	1720620.400889	6.756837e-01	90	39	1720621.055628	1
108	16	2	86	kitchen	sun_aggjlwcdjsjcaemh.tif	1720621.829381	1720622.087969	1720622.811423	8.341774e-01	76	none	NaN	NaN
108	16	3	64	kitchen	sun_aadbddgrdsjugojn.tif	1720623.581121	1720623.839710	1720624.563180	8.091521e-01	54	none	NaN	NaN
108	16	4	93	kitchen	sun_ahspylgoovwmwvgk.tif	1720625.332850	1720625.591445	1720626.315084	8.341774e-01	83	none	NaN	NaN
108	16	5	69	kitchen	sun_abdenxonkemggwsq.tif	1720627.084594	1720627.343182	1720628.066771	7.007090e-01	59	none	NaN	NaN
108	16	6	91	kitchen	sun_ahljzhgcdpomplvg.tif	1720628.836328	1720629.094915	1720629.818547	8.174939e-01	81	none	NaN	NaN
108	16	7	72	kitchen	sun_abpwyqmlzafvklqo.tif	1720630.588065	1720630.846654	1720631.570214	7.507597e-01	62	none	NaN	NaN
108	16	8	81	kitchen	sun_aehawpgmrlhlvcow.tif	1720632.339805	1720632.598383	1720633.321907	8.258356e-01	71	none	NaN	NaN
108	16	9	103	kitchen	sun_aunzlwrbjumxhwdj.tif	1720634.091541	1720634.350131	1720635.073712	7.591014e-01	93	none	NaN	NaN
108	16	10	74	kitchen	sun_acfmftudsenhrfhy.tif	1720635.843273	1720636.101865	1720636.825332	7.007090e-01	64	none	NaN	NaN
108	16	11	68	kitchen	sun_aaxxjlsuzvqlgylf.tif	1720637.595010	1720637.853606	1720638.577126	7.424179e-01	58	none	NaN	NaN
108	16	12	107	kitchen	sun_axyyrmzcupyhlivc.tif	1720639.346749	1720639.605341	1720640.328881	7.007090e-01	97	none	NaN	NaN
108	16	13	79	kitchen	sun_admlmbcdswaszruo.tif	1720641.098490	1720641.357082	1720642.080650	6.756837e-01	69	none	NaN	NaN
108	16	14	110	kitchen	sun_azmutvzbxypaceni.tif	1720642.850229	1720643.108819	1720643.832460	7.591014e-01	100	none	NaN	NaN
108	16	15	66	kitchen	sun_aapllqyqlykszopd.tif	1720644.601965	1720644.860553	1720645.584079	7.757850e-01	56	none	NaN	NaN
108	16	16	61	kitchen	labelme_brsyyvweiuaazfr.tif	1720646.353705	1720646.612288	1720647.335856	7.340761e-01	51	none	NaN	NaN
108	16	17	106	kitchen	sun_awcpdzzznmweyyhv.tif	1720648.105436	1720648.364030	1720649.087505	7.507597e-01	96	none	NaN	NaN
108	16	18	75	kitchen	sun_acgtpgfybqjmzeyw.tif	1720649.848831	1720650.107424	1720650.830885	7.340761e-01	65	none	NaN	NaN
108	16	19	99	kitchen	sun_akcjzhbbjlbogpdi.tif	1720651.600573	1720651.859163	1720652.582690	6.673419e-01	89	none	NaN	NaN
108	16	20	108	kitchen	sun_aymvwlarqodbwuoc.tif	1720653.352306	1720653.610898	1720654.334323	6.590001e-01	98	none	NaN	NaN
108	16	21	76	kitchen	sun_acwjdupvyjsugpay.tif	1720655.104041	1720655.362635	1720656.086093	7.924685e-01	66	none	NaN	NaN
108	16	22	85	kitchen	sun_afuyedyxivkhecmu.tif	1720656.855786	1720657.114378	1720657.837963	8.258356e-01	75	none	NaN	NaN
108	16	23	105	kitchen	sun_avszsnwsbuqfgzbn.tif	1720658.607522	1720658.866110	1720659.589729	8.008103e-01	95	none	NaN	NaN
108	16	24	65	kitchen	sun_aamedkxepzlwuxes.tif	1720660.359254	1720660.617843	1720661.341276	7.173926e-01	55	none	NaN	NaN
108	16	25	95	kitchen	sun_aixorpehvfykdynp.tif	1720662.110996	1720662.369586	1720663.093176	8.425192e-01	85	none	NaN	NaN
108	16	26	80	kitchen	sun_aegoxogugdkwpmpj.tif	1720663.862731	1720664.121322	1720664.844785	8.174939e-01	70	none	NaN	NaN
108	16	27	78	kitchen	sun_adgqasybjyktddhj.tif	1720665.614468	1720665.873064	1720666.596666	8.341774e-01	68	37	1720667.415785	1
108	16	28	96	kitchen	sun_ajcbwwvdlsvjyzje.tif	1720668.192027	1720668.450618	1720669.174161	7.340761e-01	86	none	NaN	NaN
108	16	29	84	kitchen	sun_aexklacwqwezaorf.tif	1720669.943761	1720670.202358	1720670.925764	7.674432e-01	74	none	NaN	NaN
108	16	30	62	kitchen	labelme_kxvouciolcpqplr.tif	1720671.695503	1720671.954088	1720672.677548	6.590001e-01	52	none	NaN	NaN
108	16	31	88	kitchen	sun_agubuxuukhzyzpdp.tif	1720673.447238	1720673.705826	1720674.429462	6.756837e-01	78	none	NaN	NaN
108	16	32	63	kitchen	labelme_rykdqxenmhulbdn.tif	1720675.198975	1720675.457568	1720676.181084	6.673419e-01	53	none	NaN	NaN
108	16	33	71	kitchen	sun_abftihopvusyfakt.tif	1720676.950712	1720677.209302	1720677.932788	8.258356e-01	61	none	NaN	NaN
108	16	34	83	kitchen	sun_aeqdocilnnpuvuhx.tif	1720678.702451	1720678.961042	1720679.684688	6.840255e-01	73	none	NaN	NaN
108	16	35	104	kitchen	sun_auticobqsbwgoppi.tif	1720680.454186	1720680.712779	1720681.436207	7.257343e-01	94	none	NaN	NaN
108	16	36	92	kitchen	sun_ahpczsiumwwocjkv.tif	1720682.205921	1720682.464510	1720683.187937	7.757850e-01	82	none	NaN	NaN
108	16	37	97	kitchen	sun_ajkqhtgcbgpcwrwn.tif	1720683.957661	1720684.216247	1720684.939793	7.257343e-01	87	37	1720685.599807	1
108	16	38	94	kitchen	sun_ahywdevtimnqcsln.tif	1720686.376723	1720686.635314	1720687.358898	8.174939e-01	84	none	NaN	NaN
108	16	39	67	kitchen	sun_aarfiyshqohlwkmo.tif	1720688.128461	1720688.387052	1720689.110583	7.924685e-01	57	37	1720689.664028	1
108	16	40	98	kitchen	sun_akchetnepxlcxhsu.tif	1720690.439091	1720690.697685	1720691.421259	7.507597e-01	88	none	NaN	NaN
108	16	41	77	kitchen	sun_acxkpeoqbwcxfvip.tif	1720692.190823	1720692.449414	1720693.173000	8.008103e-01	67	none	NaN	NaN
108	16	42	73	kitchen	sun_abrcnpqqhmjwekyf.tif	1720693.942562	1720694.201158	1720694.924649	6.840255e-01	63	37	1720695.599812	1
108	16	43	87	kitchen	sun_agorklincwxrdtga.tif	1720696.378311	1720696.636901	1720697.360457	6.506584e-01	77	none	NaN	NaN
108	16	44	89	kitchen	sun_agzzivivdpnawacl.tif	1720698.130055	1720698.388639	1720699.112265	8.508609e-01	79	none	NaN	NaN
108	16	45	101	kitchen	sun_aqeaevwwwjoqhzvl.tif	1720699.881785	1720700.140379	1720700.863792	7.841268e-01	91	none	NaN	NaN
108	16	46	90	kitchen	sun_ahdycvpopffkzzsu.tif	1720701.633527	1720701.892118	1720702.615596	6.923672e-01	80	none	NaN	NaN
108	16	47	102	kitchen	sun_auaiucuqpdausiva.tif	1720703.385264	1720703.643849	1720704.367303	7.507597e-01	92	none	NaN	NaN
108	16	48	82	kitchen	sun_aenotlpyftoioydp.tif	1720705.137004	1720705.395592	1720706.119128	7.674432e-01	72	none	NaN	NaN
108	16	49	70	kitchen	sun_abdxkyyxwfskuaqb.tif	1720706.888734	1720707.147324	1720707.870903	7.757850e-01	60	none	NaN	NaN
108	16	50	109	kitchen	sun_aypmqwcualkenuoe.tif	1720708.640475	1720708.899064	1720709.622685	7.090508e-01	99	none	NaN	NaN
108	16	51	62	kitchen	labelme_kxvouciolcpqplr.tif	1720710.392210	1720710.650803	1720711.374352	7.841268e-01	52	none	NaN	NaN
108	16	52	73	kitchen	sun_abrcnpqqhmjwekyf.tif	1720712.143941	1720712.402540	1720713.126060	7.757850e-01	63	39	1720713.759786	1
108	16	53	99	kitchen	sun_akcjzhbbjlbogpdi.tif	1720714.537988	1720714.796579	1720715.520098	7.924685e-01	89	none	NaN	NaN
108	16	54	87	kitchen	sun_agorklincwxrdtga.tif	1720716.289728	1720716.548318	1720717.271913	7.674432e-01	77	none	NaN	NaN
108	16	55	102	kitchen	sun_auaiucuqpdausiva.tif	1720718.041468	1720718.300056	1720719.023510	7.424179e-01	92	none	NaN	NaN
108	16	56	81	kitchen	sun_aehawpgmrlhlvcow.tif	1720719.793206	1720720.051791	1720720.775218	6.756837e-01	71	39	1720722.135761	0
108	16	57	106	kitchen	sun_awcpdzzznmweyyhv.tif	1720722.912956	1720723.171554	1720723.894983	6.923672e-01	96	39	1720724.775457	1
108	16	58	86	kitchen	sun_aggjlwcdjsjcaemh.tif	1720725.548912	1720725.807500	1720726.531073	7.090508e-01	76	none	NaN	NaN
108	16	59	82	kitchen	sun_aenotlpyftoioydp.tif	1720727.300647	1720727.559237	1720728.282786	6.673419e-01	72	none	NaN	NaN
108	16	60	64	kitchen	sun_aadbddgrdsjugojn.tif	1720729.052385	1720729.310972	1720730.034509	7.841268e-01	54	37	1720730.751798	1
108	16	61	95	kitchen	sun_aixorpehvfykdynp.tif	1720731.529841	1720731.788432	1720732.511849	6.923672e-01	85	none	NaN	NaN
108	16	62	85	kitchen	sun_afuyedyxivkhecmu.tif	1720733.281578	1720733.540170	1720734.263604	8.091521e-01	75	none	NaN	NaN
108	16	63	61	kitchen	labelme_brsyyvweiuaazfr.tif	1720735.033315	1720735.291909	1720736.015452	7.340761e-01	51	none	NaN	NaN
108	16	64	104	kitchen	sun_auticobqsbwgoppi.tif	1720736.785052	1720737.043647	1720737.767213	7.173926e-01	94	none	NaN	NaN
108	16	65	84	kitchen	sun_aexklacwqwezaorf.tif	1720738.536787	1720738.795381	1720739.518890	8.174939e-01	74	none	NaN	NaN
108	16	66	94	kitchen	sun_ahywdevtimnqcsln.tif	1720740.288529	1720740.547114	1720741.270728	7.424179e-01	84	none	NaN	NaN
108	16	67	88	kitchen	sun_agubuxuukhzyzpdp.tif	1720742.040265	1720742.298854	1720743.022318	6.590001e-01	78	none	NaN	NaN
108	16	68	67	kitchen	sun_aarfiyshqohlwkmo.tif	1720743.792001	1720744.050595	1720744.774066	8.258356e-01	57	none	NaN	NaN
108	16	69	71	kitchen	sun_abftihopvusyfakt.tif	1720745.543742	1720745.802332	1720746.525848	6.923672e-01	61	none	NaN	NaN
108	16	70	93	kitchen	sun_ahspylgoovwmwvgk.tif	1720747.295474	1720747.554067	1720748.277702	6.923672e-01	83	none	NaN	NaN
108	16	71	76	kitchen	sun_acwjdupvyjsugpay.tif	1720749.047215	1720749.305807	1720750.029278	8.008103e-01	66	39	1720750.767935	1
108	16	72	77	kitchen	sun_acxkpeoqbwcxfvip.tif	1720751.541354	1720751.799942	1720752.523453	8.425192e-01	67	none	NaN	NaN
108	16	73	89	kitchen	sun_agzzivivdpnawacl.tif	1720753.293096	1720753.551687	1720754.275216	7.090508e-01	79	39	1720754.935901	1
108	16	74	66	kitchen	sun_aapllqyqlykszopd.tif	1720755.712155	1720755.970751	1720756.694373	6.506584e-01	56	none	NaN	NaN
108	16	75	100	kitchen	sun_amjjdeyrggfqgmom.tif	1720757.463891	1720757.722486	1720758.446089	7.424179e-01	90	39	1720758.999819	1
108	16	76	63	kitchen	labelme_rykdqxenmhulbdn.tif	1720759.774522	1720760.033110	1720760.756681	7.924685e-01	53	none	NaN	NaN
108	16	77	108	kitchen	sun_aymvwlarqodbwuoc.tif	1720761.526256	1720761.784848	1720762.508405	8.091521e-01	98	none	NaN	NaN
108	16	78	105	kitchen	sun_avszsnwsbuqfgzbn.tif	1720763.277995	1720763.536588	1720764.260036	7.591014e-01	95	39	1720764.903630	1
108	16	79	75	kitchen	sun_acgtpgfybqjmzeyw.tif	1720765.680373	1720765.938970	1720766.662543	7.173926e-01	65	37	1720767.279904	1
108	16	80	79	kitchen	sun_admlmbcdswaszruo.tif	1720768.057725	1720768.316320	1720769.039887	8.341774e-01	69	none	NaN	NaN
108	16	81	68	kitchen	sun_aaxxjlsuzvqlgylf.tif	1720769.809470	1720770.068061	1720770.791590	8.425192e-01	58	none	NaN	NaN
108	16	82	83	kitchen	sun_aeqdocilnnpuvuhx.tif	1720771.561214	1720771.819800	1720772.543246	7.173926e-01	73	none	NaN	NaN
108	16	83	78	kitchen	sun_adgqasybjyktddhj.tif	1720773.312944	1720773.571541	1720774.294956	6.590001e-01	68	none	NaN	NaN
108	16	84	74	kitchen	sun_acfmftudsenhrfhy.tif	1720775.064689	1720775.323275	1720776.046781	8.091521e-01	64	39	1720776.711909	1
108	16	85	90	kitchen	sun_ahdycvpopffkzzsu.tif	1720777.483749	1720777.742340	1720778.465869	8.425192e-01	80	none	NaN	NaN
108	16	86	65	kitchen	sun_aamedkxepzlwuxes.tif	1720779.235482	1720779.494074	1720780.217722	8.258356e-01	55	none	NaN	NaN
108	16	87	98	kitchen	sun_akchetnepxlcxhsu.tif	1720780.987224	1720781.245814	1720781.969410	7.090508e-01	88	none	NaN	NaN
108	16	88	80	kitchen	sun_aegoxogugdkwpmpj.tif	1720782.738962	1720782.997551	1720783.721030	7.257343e-01	70	none	NaN	NaN
108	16	89	70	kitchen	sun_abdxkyyxwfskuaqb.tif	1720784.490697	1720784.749286	1720785.472923	7.591014e-01	60	none	NaN	NaN
108	16	90	96	kitchen	sun_ajcbwwvdlsvjyzje.tif	1720786.242435	1720786.501028	1720787.224650	6.840255e-01	86	none	NaN	NaN
108	16	91	91	kitchen	sun_ahljzhgcdpomplvg.tif	1720787.994177	1720788.252757	1720788.976244	7.591014e-01	81	none	NaN	NaN
108	16	92	110	kitchen	sun_azmutvzbxypaceni.tif	1720789.745907	1720790.004503	1720790.728090	6.673419e-01	100	none	NaN	NaN
108	16	93	97	kitchen	sun_ajkqhtgcbgpcwrwn.tif	1720791.497651	1720791.756241	1720792.479659	7.841268e-01	87	none	NaN	NaN
108	16	94	109	kitchen	sun_aypmqwcualkenuoe.tif	1720793.249378	1720793.507976	1720794.231468	6.840255e-01	99	none	NaN	NaN
108	16	95	101	kitchen	sun_aqeaevwwwjoqhzvl.tif	1720795.001122	1720795.259718	1720795.983230	6.506584e-01	91	none	NaN	NaN
108	16	96	72	kitchen	sun_abpwyqmlzafvklqo.tif	1720796.752865	1720797.011453	1720797.735075	8.508609e-01	62	none	NaN	NaN
108	16	97	107	kitchen	sun_axyyrmzcupyhlivc.tif	1720798.504595	1720798.763182	1720799.486722	7.007090e-01	97	none	NaN	NaN
108	16	98	92	kitchen	sun_ahpczsiumwwocjkv.tif	1720800.256335	1720800.514923	1720801.238389	7.674432e-01	82	none	NaN	NaN
108	16	99	69	kitchen	sun_abdenxonkemggwsq.tif	1720802.008069	1720802.266657	1720802.990075	7.257343e-01	59	none	NaN	NaN
108	16	100	103	kitchen	sun_aunzlwrbjumxhwdj.tif	1720803.759812	1720804.018399	1720804.741987	8.008103e-01	93	none	NaN	NaN
108	17	1	19	bathroom	sun_aclfzgynxzxlbepz.tif	1720836.517295	1720836.775888	1720837.591247	8.174939e-01	9	none	NaN	NaN
108	17	2	25	bathroom	sun_agyqfjcfkdcydepw.tif	1720838.360794	1720838.619379	1720839.434601	8.258356e-01	15	none	NaN	NaN
108	17	3	38	bathroom	sun_anhioqovhscjqqwb.tif	1720840.204288	1720840.462881	1720841.278086	7.007090e-01	28	none	NaN	NaN
108	17	4	22	bathroom	sun_agguqiubmwhqqunb.tif	1720842.047783	1720842.306375	1720843.121742	7.507597e-01	12	none	NaN	NaN
108	17	5	14	bathroom	sun_abapwbhyhkfixyex.tif	1720843.891277	1720844.149868	1720844.965229	7.924685e-01	4	none	NaN	NaN
108	17	6	52	bathroom	sun_aunuadmjocsddsrl.tif	1720845.734773	1720845.993366	1720846.808683	7.924685e-01	42	none	NaN	NaN
108	17	7	44	bathroom	sun_apkruvsevgegsdwp.tif	1720847.578266	1720847.836857	1720848.652086	6.590001e-01	34	none	NaN	NaN
108	17	8	48	bathroom	sun_aqrpegblszgcoujh.tif	1720849.413419	1720849.672012	1720850.487358	6.840255e-01	38	none	NaN	NaN
108	17	9	58	bathroom	sun_axxbkopsgyouuebh.tif	1720851.256917	1720851.515505	1720852.330673	8.091521e-01	48	none	NaN	NaN
108	17	10	36	bathroom	sun_ambriybtogmepttm.tif	1720853.100407	1720853.358997	1720854.174244	7.257343e-01	26	none	NaN	NaN
108	17	11	37	bathroom	sun_amzlamotzwfkwjco.tif	1720854.943902	1720855.202496	1720856.017892	6.840255e-01	27	37	1720856.855887	1
108	17	12	46	bathroom	sun_apmqjbnwghzuhhzh.tif	1720857.629904	1720857.888494	1720858.703703	7.507597e-01	36	39	1720859.615613	1
108	17	13	13	bathroom	sun_aavhrsfjbserjtht.tif	1720860.390996	1720860.649584	1720861.464876	7.340761e-01	3	none	NaN	NaN
108	17	14	41	bathroom	sun_aoybiabnpadelefl.tif	1720862.234470	1720862.493059	1720863.308372	8.341774e-01	31	none	NaN	NaN
108	17	15	30	bathroom	sun_ajlawzvmubibwbpy.tif	1720864.077965	1720864.336552	1720865.151727	8.174939e-01	20	none	NaN	NaN
108	17	16	40	bathroom	sun_aofnryafpsjimzsb.tif	1720865.921461	1720866.180052	1720866.995231	7.007090e-01	30	none	NaN	NaN
108	17	17	11	bathroom	labelme_sfxiulhjbhlyiyt.tif	1720867.764954	1720868.023546	1720868.838939	8.258356e-01	1	none	NaN	NaN
108	17	18	31	bathroom	sun_akiytfaagpdsphgz.tif	1720869.608452	1720869.867039	1720870.682412	7.924685e-01	21	none	NaN	NaN
108	17	19	20	bathroom	sun_afcoljnjfoxjtgja.tif	1720871.451947	1720871.710531	1720872.525799	7.757850e-01	10	none	NaN	NaN
108	17	20	33	bathroom	sun_aljolscmmzydegqp.tif	1720873.295439	1720873.554031	1720874.369381	7.424179e-01	23	none	NaN	NaN
108	17	21	35	bathroom	sun_alotolagknyrgtsk.tif	1720875.138933	1720875.397528	1720876.212880	8.258356e-01	25	none	NaN	NaN
108	17	22	49	bathroom	sun_asfwthctfqerjvxr.tif	1720876.982427	1720877.241017	1720878.056346	7.507597e-01	39	37	1720878.903770	1
108	17	23	29	bathroom	sun_ahqjwnzgolcaoidx.tif	1720879.676763	1720879.935362	1720880.750577	7.340761e-01	19	none	NaN	NaN
108	17	24	12	bathroom	sun_aapitsgbtktqubfy.tif	1720881.520263	1720881.778854	1720882.594043	7.173926e-01	2	none	NaN	NaN
108	17	25	45	bathroom	sun_apkxzenqapsujocq.tif	1720883.363760	1720883.622350	1720884.437613	8.425192e-01	35	none	NaN	NaN
108	17	26	27	bathroom	sun_ahcvzmoyaycdoftf.tif	1720885.207250	1720885.465842	1720886.281166	8.008103e-01	17	none	NaN	NaN
108	17	27	32	bathroom	sun_aleqenyvunhactkl.tif	1720887.050752	1720887.309340	1720888.124564	7.090508e-01	22	none	NaN	NaN
108	17	28	43	bathroom	sun_apjevzvycyhuqghb.tif	1720888.894243	1720889.152835	1720889.968226	6.840255e-01	33	39	1720890.599963	1
108	17	29	18	bathroom	sun_acgyywnybuveqsro.tif	1720891.371705	1720891.630289	1720892.445646	6.590001e-01	8	none	NaN	NaN
108	17	30	28	bathroom	sun_ahijqszoswveeyji.tif	1720893.215189	1720893.473784	1720894.289159	7.924685e-01	18	none	NaN	NaN
108	17	31	17	bathroom	sun_acegryoqftbzowsg.tif	1720895.058692	1720895.317280	1720896.132541	8.008103e-01	7	none	NaN	NaN
108	17	32	26	bathroom	sun_ahaulkltgpkeeemi.tif	1720896.902184	1720897.160773	1720897.976182	7.591014e-01	16	none	NaN	NaN
108	17	33	16	bathroom	sun_acduarbnmmoglmiv.tif	1720898.745677	1720899.004266	1720899.819511	7.424179e-01	6	none	NaN	NaN
108	17	34	54	bathroom	sun_auzqhkafidnkrwmo.tif	1720900.589176	1720900.847763	1720901.662985	7.340761e-01	44	none	NaN	NaN
108	17	35	47	bathroom	sun_apynckhmoftszqoq.tif	1720902.432666	1720902.691254	1720903.506603	6.756837e-01	37	none	NaN	NaN
108	17	36	39	bathroom	sun_anryaplzeujmzfkd.tif	1720904.276166	1720904.534757	1720905.350118	7.591014e-01	29	none	NaN	NaN
108	17	37	55	bathroom	sun_avhrdrntsqrjzccq.tif	1720906.119656	1720906.378250	1720907.193536	8.091521e-01	45	39	1720907.847898	1
108	17	38	56	bathroom	sun_awnqiikzaispgmwo.tif	1720908.622140	1720908.880731	1720909.696054	8.258356e-01	46	none	NaN	NaN
108	17	39	59	bathroom	sun_axyrejkiiaqiurjk.tif	1720910.465636	1720910.724231	1720911.539603	6.506584e-01	49	none	NaN	NaN
108	17	40	15	bathroom	sun_abjtwfukuwddzted.tif	1720912.309134	1720912.567721	1720913.382913	7.257343e-01	5	none	NaN	NaN
108	17	41	34	bathroom	sun_alkosphxlxwjwgjd.tif	1720914.152647	1720914.411214	1720915.226607	6.673419e-01	24	none	NaN	NaN
108	17	42	51	bathroom	sun_atstyziqcmkahyxk.tif	1720915.996121	1720916.254711	1720917.070052	7.591014e-01	41	none	NaN	NaN
108	17	43	42	bathroom	sun_apeeialkgkuxddgh.tif	1720917.839615	1720918.098207	1720918.913484	6.923672e-01	32	37	1720919.655943	1
108	17	44	60	bathroom	sun_azqyogdvyhahyram.tif	1720920.433855	1720920.692445	1720921.507638	7.090508e-01	50	none	NaN	NaN
108	17	45	23	bathroom	sun_aghyqhbptboemmoq.tif	1720922.277351	1720922.535939	1720923.351215	7.757850e-01	13	none	NaN	NaN
108	17	46	24	bathroom	sun_agrwbmhcpmfuwmsg.tif	1720924.120847	1720924.379438	1720925.194732	6.673419e-01	14	none	NaN	NaN
108	17	47	57	bathroom	sun_axldvoqbuvuggfmq.tif	1720925.964340	1720926.222935	1720927.038232	8.008103e-01	47	none	NaN	NaN
108	17	48	50	bathroom	sun_aspsyogrekjtfozg.tif	1720927.807837	1720928.066431	1720928.881656	6.756837e-01	40	none	NaN	NaN
108	17	49	21	bathroom	sun_aggnnqpdorgxpvce.tif	1720929.651333	1720929.909922	1720930.725176	7.674432e-01	11	none	NaN	NaN
108	17	50	53	bathroom	sun_ausgutylgojavyoq.tif	1720931.494825	1720931.753418	1720932.568807	6.506584e-01	43	none	NaN	NaN
108	17	51	26	bathroom	sun_ahaulkltgpkeeemi.tif	1720933.338320	1720933.596910	1720934.412116	6.673419e-01	16	none	NaN	NaN
108	17	52	12	bathroom	sun_aapitsgbtktqubfy.tif	1720935.181817	1720935.440405	1720936.255649	8.091521e-01	2	none	NaN	NaN
108	17	53	44	bathroom	sun_apkruvsevgegsdwp.tif	1720937.025314	1720937.283895	1720938.099271	7.841268e-01	34	none	NaN	NaN
108	17	54	19	bathroom	sun_aclfzgynxzxlbepz.tif	1720938.868802	1720939.127395	1720939.942754	8.508609e-01	9	none	NaN	NaN
108	17	55	56	bathroom	sun_awnqiikzaispgmwo.tif	1720940.712235	1720940.970896	1720941.786192	6.923672e-01	46	none	NaN	NaN
108	17	56	35	bathroom	sun_alotolagknyrgtsk.tif	1720942.555793	1720942.814384	1720943.629613	8.174939e-01	25	none	NaN	NaN
108	17	57	24	bathroom	sun_agrwbmhcpmfuwmsg.tif	1720944.399289	1720944.657885	1720945.473066	7.257343e-01	14	39	1720946.479975	0
108	17	58	48	bathroom	sun_aqrpegblszgcoujh.tif	1720947.252124	1720947.510709	1720948.326076	7.257343e-01	38	none	NaN	NaN
108	17	59	17	bathroom	sun_acegryoqftbzowsg.tif	1720949.095614	1720949.354205	1720950.169597	8.258356e-01	7	none	NaN	NaN
108	17	60	23	bathroom	sun_aghyqhbptboemmoq.tif	1720950.939111	1720951.197701	1720952.012893	8.341774e-01	13	none	NaN	NaN
108	17	61	41	bathroom	sun_aoybiabnpadelefl.tif	1720952.782602	1720953.041193	1720953.856364	8.174939e-01	31	39	1720955.576036	1
108	17	62	32	bathroom	sun_aleqenyvunhactkl.tif	1720956.352813	1720956.611402	1720957.426659	7.340761e-01	22	none	NaN	NaN
108	17	63	42	bathroom	sun_apeeialkgkuxddgh.tif	1720958.196308	1720958.454895	1720959.270120	7.757850e-01	32	none	NaN	NaN
108	17	64	31	bathroom	sun_akiytfaagpdsphgz.tif	1720960.039797	1720960.298389	1720961.113746	7.090508e-01	21	none	NaN	NaN
108	17	65	33	bathroom	sun_aljolscmmzydegqp.tif	1720961.883295	1720962.141882	1720962.957170	7.591014e-01	23	none	NaN	NaN
108	17	66	40	bathroom	sun_aofnryafpsjimzsb.tif	1720963.726791	1720963.985382	1720964.800584	6.840255e-01	30	39	1720965.512230	1
108	17	67	13	bathroom	sun_aavhrsfjbserjtht.tif	1720966.287665	1720966.546255	1720967.361651	8.425192e-01	3	none	NaN	NaN
108	17	68	14	bathroom	sun_abapwbhyhkfixyex.tif	1720968.131161	1720968.389749	1720969.205159	6.923672e-01	4	none	NaN	NaN
108	17	69	45	bathroom	sun_apkxzenqapsujocq.tif	1720969.974656	1720970.233242	1720971.048618	7.173926e-01	35	none	NaN	NaN
108	17	70	46	bathroom	sun_apmqjbnwghzuhhzh.tif	1720971.818152	1720972.076732	1720972.892081	6.923672e-01	36	none	NaN	NaN
108	17	71	16	bathroom	sun_acduarbnmmoglmiv.tif	1720973.661648	1720973.920237	1720974.735582	8.341774e-01	6	none	NaN	NaN
108	17	72	55	bathroom	sun_avhrdrntsqrjzccq.tif	1720975.505140	1720975.763732	1720976.579135	7.591014e-01	45	none	NaN	NaN
108	17	73	51	bathroom	sun_atstyziqcmkahyxk.tif	1720977.348636	1720977.607228	1720978.422626	8.425192e-01	41	none	NaN	NaN
108	17	74	15	bathroom	sun_abjtwfukuwddzted.tif	1720979.192131	1720979.450720	1720980.265923	6.506584e-01	5	none	NaN	NaN
108	17	75	52	bathroom	sun_aunuadmjocsddsrl.tif	1720981.035626	1720981.294213	1720982.109461	7.507597e-01	42	none	NaN	NaN
108	17	76	49	bathroom	sun_asfwthctfqerjvxr.tif	1720982.879122	1720983.137712	1720983.953074	7.007090e-01	39	none	NaN	NaN
108	17	77	20	bathroom	sun_afcoljnjfoxjtgja.tif	1720984.722618	1720984.981208	1720985.796435	6.756837e-01	10	none	NaN	NaN
108	17	78	21	bathroom	sun_aggnnqpdorgxpvce.tif	1720986.566111	1720986.824702	1720987.639996	7.424179e-01	11	none	NaN	NaN
108	17	79	47	bathroom	sun_apynckhmoftszqoq.tif	1720988.409604	1720988.668199	1720989.483453	7.424179e-01	37	none	NaN	NaN
108	17	80	36	bathroom	sun_ambriybtogmepttm.tif	1720990.253101	1720990.511688	1720991.326952	7.173926e-01	26	39	1720992.176140	0
108	17	81	38	bathroom	sun_anhioqovhscjqqwb.tif	1720992.947439	1720993.206032	1720994.021400	7.841268e-01	28	none	NaN	NaN
108	17	82	58	bathroom	sun_axxbkopsgyouuebh.tif	1720994.790927	1720995.049527	1720995.864710	8.091521e-01	48	37	1720996.472190	1
108	17	83	34	bathroom	sun_alkosphxlxwjwgjd.tif	1720997.243367	1720997.501974	1720998.317271	6.590001e-01	24	none	NaN	NaN
108	17	84	43	bathroom	sun_apjevzvycyhuqghb.tif	1720999.086864	1720999.345454	1721000.160652	7.674432e-01	33	none	NaN	NaN
108	17	85	59	bathroom	sun_axyrejkiiaqiurjk.tif	1721000.930355	1721001.188950	1721002.004135	6.590001e-01	49	37	1721002.776094	0
108	17	86	28	bathroom	sun_ahijqszoswveeyji.tif	1721003.549625	1721003.808209	1721004.623501	7.674432e-01	18	none	NaN	NaN
108	17	87	39	bathroom	sun_anryaplzeujmzfkd.tif	1721005.393115	1721005.651707	1721006.466935	8.008103e-01	29	37	1721007.040172	1
108	17	88	27	bathroom	sun_ahcvzmoyaycdoftf.tif	1721007.812183	1721008.070772	1721008.886031	7.007090e-01	17	none	NaN	NaN
108	17	89	60	bathroom	sun_azqyogdvyhahyram.tif	1721009.655670	1721009.914264	1721010.729601	6.673419e-01	50	none	NaN	NaN
108	17	90	11	bathroom	labelme_sfxiulhjbhlyiyt.tif	1721011.499175	1721011.757760	1721012.572979	8.341774e-01	1	none	NaN	NaN
108	17	91	54	bathroom	sun_auzqhkafidnkrwmo.tif	1721013.342663	1721013.601255	1721014.416449	8.425192e-01	44	none	NaN	NaN
108	17	92	37	bathroom	sun_amzlamotzwfkwjco.tif	1721015.186166	1721015.444753	1721016.260102	7.090508e-01	27	none	NaN	NaN
108	17	93	57	bathroom	sun_axldvoqbuvuggfmq.tif	1721017.029656	1721017.288244	1721018.103623	7.757850e-01	47	none	NaN	NaN
108	17	94	29	bathroom	sun_ahqjwnzgolcaoidx.tif	1721018.873154	1721019.131742	1721019.947100	7.674432e-01	19	none	NaN	NaN
108	17	95	25	bathroom	sun_agyqfjcfkdcydepw.tif	1721020.716649	1721020.975240	1721021.790411	6.756837e-01	15	39	1721022.751788	1
108	17	96	30	bathroom	sun_ajlawzvmubibwbpy.tif	1721023.527767	1721023.786355	1721024.601648	7.173926e-01	20	none	NaN	NaN
108	17	97	22	bathroom	sun_agguqiubmwhqqunb.tif	1721025.371259	1721025.629847	1721026.445043	7.841268e-01	12	37	1721027.176052	1
108	17	98	50	bathroom	sun_aspsyogrekjtfozg.tif	1721027.948820	1721028.207409	1721029.022684	6.923672e-01	40	none	NaN	NaN
108	17	99	18	bathroom	sun_acgyywnybuveqsro.tif	1721029.792315	1721030.050909	1721030.866149	7.841268e-01	8	none	NaN	NaN
108	17	100	53	bathroom	sun_ausgutylgojavyoq.tif	1721031.635802	1721031.894400	1721032.709748	8.508609e-01	43	none	NaN	NaN
108	18	1	101	kitchen	sun_aqeaevwwwjoqhzvl.tif	1721055.192508	1721055.451099	1721056.124523	7.674432e-01	91	none	NaN	NaN
108	18	2	105	kitchen	sun_avszsnwsbuqfgzbn.tif	1721056.894193	1721057.152781	1721057.826319	6.840255e-01	95	none	NaN	NaN
108	18	3	110	kitchen	sun_azmutvzbxypaceni.tif	1721058.595877	1721058.854476	1721059.527905	6.923672e-01	100	none	NaN	NaN
108	18	4	74	kitchen	sun_acfmftudsenhrfhy.tif	1721060.297567	1721060.556162	1721061.229567	7.173926e-01	64	39	1721061.928139	1
108	18	5	70	kitchen	sun_abdxkyyxwfskuaqb.tif	1721062.699952	1721062.958543	1721063.631982	8.174939e-01	60	none	NaN	NaN
108	18	6	104	kitchen	sun_auticobqsbwgoppi.tif	1721064.401641	1721064.660229	1721065.333718	7.674432e-01	94	39	1721065.967979	1
108	18	7	109	kitchen	sun_aypmqwcualkenuoe.tif	1721066.745627	1721067.004219	1721067.677768	6.923672e-01	99	none	NaN	NaN
108	18	8	75	kitchen	sun_acgtpgfybqjmzeyw.tif	1721068.447321	1721068.705904	1721069.379324	8.341774e-01	65	none	NaN	NaN
108	18	9	64	kitchen	sun_aadbddgrdsjugojn.tif	1721070.149004	1721070.407599	1721071.081151	7.340761e-01	54	none	NaN	NaN
108	18	10	96	kitchen	sun_ajcbwwvdlsvjyzje.tif	1721071.850699	1721072.109300	1721072.782716	7.007090e-01	86	39	1721073.615796	1
108	18	11	85	kitchen	sun_afuyedyxivkhecmu.tif	1721074.386544	1721074.645133	1721075.318526	8.425192e-01	75	none	NaN	NaN
108	18	12	79	kitchen	sun_admlmbcdswaszruo.tif	1721076.088226	1721076.346817	1721077.020189	7.257343e-01	69	none	NaN	NaN
108	18	13	89	kitchen	sun_agzzivivdpnawacl.tif	1721077.789910	1721078.048506	1721078.721903	6.673419e-01	79	none	NaN	NaN
108	18	14	108	kitchen	sun_aymvwlarqodbwuoc.tif	1721079.491605	1721079.750193	1721080.423750	7.173926e-01	98	none	NaN	NaN
108	18	15	69	kitchen	sun_abdenxonkemggwsq.tif	1721081.193289	1721081.451886	1721082.125252	8.008103e-01	59	none	NaN	NaN
108	18	16	106	kitchen	sun_awcpdzzznmweyyhv.tif	1721082.894984	1721083.153570	1721083.827110	8.425192e-01	96	none	NaN	NaN
108	18	17	92	kitchen	sun_ahpczsiumwwocjkv.tif	1721084.596664	1721084.855254	1721085.528850	6.756837e-01	82	none	NaN	NaN
108	18	18	76	kitchen	sun_acwjdupvyjsugpay.tif	1721086.298360	1721086.556948	1721087.230522	6.840255e-01	66	none	NaN	NaN
108	18	19	93	kitchen	sun_ahspylgoovwmwvgk.tif	1721088.000036	1721088.258631	1721088.932029	7.757850e-01	83	37	1721089.736033	1
108	18	20	91	kitchen	sun_ahljzhgcdpomplvg.tif	1721090.510867	1721090.769455	1721091.442892	8.258356e-01	81	none	NaN	NaN
108	18	21	82	kitchen	sun_aenotlpyftoioydp.tif	1721092.212551	1721092.471146	1721093.144725	8.425192e-01	72	none	NaN	NaN
108	18	22	87	kitchen	sun_agorklincwxrdtga.tif	1721093.914239	1721094.172833	1721094.846195	7.340761e-01	77	none	NaN	NaN
108	18	23	62	kitchen	labelme_kxvouciolcpqplr.tif	1721095.615930	1721095.874519	1721096.548086	7.507597e-01	52	none	NaN	NaN
108	18	24	99	kitchen	sun_akcjzhbbjlbogpdi.tif	1721097.317617	1721097.576206	1721098.249562	7.924685e-01	89	none	NaN	NaN
108	18	25	103	kitchen	sun_aunzlwrbjumxhwdj.tif	1721099.019302	1721099.277900	1721099.951255	7.591014e-01	93	none	NaN	NaN
108	18	26	95	kitchen	sun_aixorpehvfykdynp.tif	1721100.720989	1721100.979583	1721101.653064	7.591014e-01	85	37	1721102.352208	1
108	18	27	100	kitchen	sun_amjjdeyrggfqgmom.tif	1721103.123377	1721103.381964	1721104.055487	8.008103e-01	90	none	NaN	NaN
108	18	28	71	kitchen	sun_abftihopvusyfakt.tif	1721104.825061	1721105.083652	1721105.757049	8.341774e-01	61	none	NaN	NaN
108	18	29	98	kitchen	sun_akchetnepxlcxhsu.tif	1721106.526751	1721106.785343	1721107.458753	8.258356e-01	88	39	1721108.048067	1
108	18	30	61	kitchen	labelme_brsyyvweiuaazfr.tif	1721108.820691	1721109.079278	1721109.752835	7.757850e-01	51	none	NaN	NaN
108	18	31	80	kitchen	sun_aegoxogugdkwpmpj.tif	1721110.522381	1721110.780966	1721111.454565	7.007090e-01	70	39	1721112.128058	1
108	18	32	67	kitchen	sun_aarfiyshqohlwkmo.tif	1721112.899739	1721113.158328	1721113.831725	7.173926e-01	57	39	1721114.600169	1
108	18	33	88	kitchen	sun_agubuxuukhzyzpdp.tif	1721115.377197	1721115.635785	1721116.309189	7.507597e-01	78	none	NaN	NaN
108	18	34	77	kitchen	sun_acxkpeoqbwcxfvip.tif	1721117.078883	1721117.337472	1721118.011025	8.508609e-01	67	none	NaN	NaN
108	18	35	102	kitchen	sun_auaiucuqpdausiva.tif	1721118.780571	1721119.039156	1721119.712710	8.341774e-01	92	none	NaN	NaN
108	18	36	81	kitchen	sun_aehawpgmrlhlvcow.tif	1721120.482258	1721120.740848	1721121.414306	6.673419e-01	71	none	NaN	NaN
108	18	37	97	kitchen	sun_ajkqhtgcbgpcwrwn.tif	1721122.183945	1721122.442530	1721123.115902	7.090508e-01	87	none	NaN	NaN
108	18	38	73	kitchen	sun_abrcnpqqhmjwekyf.tif	1721123.885636	1721124.144220	1721124.817593	6.506584e-01	63	none	NaN	NaN
108	18	39	66	kitchen	sun_aapllqyqlykszopd.tif	1721125.587319	1721125.845911	1721126.519349	6.840255e-01	56	none	NaN	NaN
108	18	40	83	kitchen	sun_aeqdocilnnpuvuhx.tif	1721127.289008	1721127.547601	1721128.221124	8.425192e-01	73	37	1721128.871897	1
108	18	41	90	kitchen	sun_ahdycvpopffkzzsu.tif	1721129.649684	1721129.908271	1721130.581870	6.590001e-01	80	none	NaN	NaN
108	18	42	84	kitchen	sun_aexklacwqwezaorf.tif	1721131.351369	1721131.609962	1721132.283355	7.424179e-01	74	none	NaN	NaN
108	18	43	94	kitchen	sun_ahywdevtimnqcsln.tif	1721133.053060	1721133.311653	1721133.985200	8.008103e-01	84	none	NaN	NaN
108	18	44	72	kitchen	sun_abpwyqmlzafvklqo.tif	1721134.754746	1721135.013338	1721135.686711	7.340761e-01	62	none	NaN	NaN
108	18	45	65	kitchen	sun_aamedkxepzlwuxes.tif	1721136.448095	1721136.706682	1721137.380165	7.507597e-01	55	none	NaN	NaN
108	18	46	78	kitchen	sun_adgqasybjyktddhj.tif	1721138.149724	1721138.408374	1721139.081752	6.506584e-01	68	none	NaN	NaN
108	18	47	63	kitchen	labelme_rykdqxenmhulbdn.tif	1721139.851465	1721140.110054	1721140.783637	8.258356e-01	53	none	NaN	NaN
108	18	48	86	kitchen	sun_aggjlwcdjsjcaemh.tif	1721141.553157	1721141.811741	1721142.485293	7.090508e-01	76	none	NaN	NaN
108	18	49	68	kitchen	sun_aaxxjlsuzvqlgylf.tif	1721143.254839	1721143.513431	1721144.186954	6.590001e-01	58	none	NaN	NaN
108	18	50	107	kitchen	sun_axyyrmzcupyhlivc.tif	1721144.956529	1721145.215123	1721145.888559	6.756837e-01	97	none	NaN	NaN
108	18	51	66	kitchen	sun_aapllqyqlykszopd.tif	1721146.658219	1721146.916810	1721147.590165	7.007090e-01	56	none	NaN	NaN
108	18	52	82	kitchen	sun_aenotlpyftoioydp.tif	1721148.359898	1721148.618496	1721149.291991	8.174939e-01	72	none	NaN	NaN
108	18	53	103	kitchen	sun_aunzlwrbjumxhwdj.tif	1721150.061596	1721150.320183	1721150.993667	7.090508e-01	93	none	NaN	NaN
108	18	54	95	kitchen	sun_aixorpehvfykdynp.tif	1721151.763281	1721152.021871	1721152.695346	6.923672e-01	85	37	1721153.448056	1
108	18	55	99	kitchen	sun_akcjzhbbjlbogpdi.tif	1721154.224053	1721154.482646	1721155.156123	6.673419e-01	89	none	NaN	NaN
108	18	56	86	kitchen	sun_aggjlwcdjsjcaemh.tif	1721155.925737	1721156.184335	1721156.857768	8.258356e-01	76	none	NaN	NaN
108	18	57	89	kitchen	sun_agzzivivdpnawacl.tif	1721157.627429	1721157.886019	1721158.559539	8.174939e-01	79	none	NaN	NaN
108	18	58	100	kitchen	sun_amjjdeyrggfqgmom.tif	1721159.329121	1721159.587705	1721160.261159	6.923672e-01	90	none	NaN	NaN
108	18	59	110	kitchen	sun_azmutvzbxypaceni.tif	1721161.030802	1721161.289395	1721161.962925	6.673419e-01	100	37	1721162.560069	1
108	18	60	105	kitchen	sun_avszsnwsbuqfgzbn.tif	1721163.333083	1721163.591678	1721164.265225	7.757850e-01	95	none	NaN	NaN
108	18	61	63	kitchen	labelme_rykdqxenmhulbdn.tif	1721165.034777	1721165.293362	1721165.966887	6.590001e-01	53	37	1721166.960263	1
108	18	62	104	kitchen	sun_auticobqsbwgoppi.tif	1721167.737455	1721167.996041	1721168.669572	6.506584e-01	94	none	NaN	NaN
108	18	63	78	kitchen	sun_adgqasybjyktddhj.tif	1721169.439144	1721169.697731	1721170.371260	7.257343e-01	68	none	NaN	NaN
108	18	64	70	kitchen	sun_abdxkyyxwfskuaqb.tif	1721171.140831	1721171.399425	1721172.072882	7.257343e-01	60	none	NaN	NaN
108	18	65	88	kitchen	sun_agubuxuukhzyzpdp.tif	1721172.842519	1721173.101111	1721173.774565	8.091521e-01	78	none	NaN	NaN
108	18	66	61	kitchen	labelme_brsyyvweiuaazfr.tif	1721174.544208	1721174.802801	1721175.476290	7.674432e-01	51	none	NaN	NaN
108	18	67	102	kitchen	sun_auaiucuqpdausiva.tif	1721176.245896	1721176.504484	1721177.177975	8.091521e-01	92	none	NaN	NaN
108	18	68	87	kitchen	sun_agorklincwxrdtga.tif	1721177.947582	1721178.206169	1721178.879578	7.924685e-01	77	none	NaN	NaN
108	18	69	101	kitchen	sun_aqeaevwwwjoqhzvl.tif	1721179.649274	1721179.907867	1721180.581276	7.674432e-01	91	none	NaN	NaN
108	18	70	97	kitchen	sun_ajkqhtgcbgpcwrwn.tif	1721181.350960	1721181.609552	1721182.283096	7.090508e-01	87	none	NaN	NaN
108	18	71	106	kitchen	sun_awcpdzzznmweyyhv.tif	1721183.052640	1721183.311237	1721183.984805	6.756837e-01	96	none	NaN	NaN
108	18	72	84	kitchen	sun_aexklacwqwezaorf.tif	1721184.754336	1721185.012918	1721185.686311	7.841268e-01	74	none	NaN	NaN
108	18	73	77	kitchen	sun_acxkpeoqbwcxfvip.tif	1721186.456019	1721186.714612	1721187.387987	7.257343e-01	67	none	NaN	NaN
108	18	74	98	kitchen	sun_akchetnepxlcxhsu.tif	1721188.157706	1721188.416302	1721189.089881	7.424179e-01	88	none	NaN	NaN
108	18	75	73	kitchen	sun_abrcnpqqhmjwekyf.tif	1721189.859395	1721190.117988	1721190.791346	8.174939e-01	63	none	NaN	NaN
108	18	76	85	kitchen	sun_afuyedyxivkhecmu.tif	1721191.561087	1721191.819677	1721192.493199	7.591014e-01	75	none	NaN	NaN
108	18	77	75	kitchen	sun_acgtpgfybqjmzeyw.tif	1721193.262768	1721193.521364	1721194.194715	7.173926e-01	65	none	NaN	NaN
108	18	78	69	kitchen	sun_abdenxonkemggwsq.tif	1721194.964462	1721195.223051	1721195.896642	7.424179e-01	59	none	NaN	NaN
108	18	79	91	kitchen	sun_ahljzhgcdpomplvg.tif	1721196.666144	1721196.924738	1721197.598291	7.340761e-01	81	39	1721200.704331	1
108	18	80	94	kitchen	sun_ahywdevtimnqcsln.tif	1721201.479252	1721201.737849	1721202.411339	7.924685e-01	84	none	NaN	NaN
108	18	81	81	kitchen	sun_aehawpgmrlhlvcow.tif	1721203.180942	1721203.439528	1721204.113084	6.756837e-01	71	none	NaN	NaN
108	18	82	71	kitchen	sun_abftihopvusyfakt.tif	1721204.882625	1721205.141215	1721205.814647	8.008103e-01	61	none	NaN	NaN
108	18	83	76	kitchen	sun_acwjdupvyjsugpay.tif	1721206.584313	1721206.842906	1721207.516496	7.591014e-01	66	none	NaN	NaN
108	18	84	68	kitchen	sun_aaxxjlsuzvqlgylf.tif	1721208.286003	1721208.544598	1721209.218048	7.841268e-01	58	none	NaN	NaN
108	18	85	80	kitchen	sun_aegoxogugdkwpmpj.tif	1721209.987694	1721210.246280	1721210.919860	7.424179e-01	70	none	NaN	NaN
108	18	86	108	kitchen	sun_aymvwlarqodbwuoc.tif	1721211.689382	1721211.947970	1721212.621427	7.007090e-01	98	none	NaN	NaN
108	18	87	72	kitchen	sun_abpwyqmlzafvklqo.tif	1721213.391066	1721213.649658	1721214.323188	6.923672e-01	62	37	1721214.992135	1
108	18	88	67	kitchen	sun_aarfiyshqohlwkmo.tif	1721215.768425	1721216.027018	1721216.700608	7.757850e-01	57	none	NaN	NaN
108	18	89	96	kitchen	sun_ajcbwwvdlsvjyzje.tif	1721217.470113	1721217.728705	1721218.402058	8.341774e-01	86	none	NaN	NaN
108	18	90	93	kitchen	sun_ahspylgoovwmwvgk.tif	1721219.171806	1721219.430386	1721220.103781	6.590001e-01	83	none	NaN	NaN
108	18	91	90	kitchen	sun_ahdycvpopffkzzsu.tif	1721220.873493	1721221.132079	1721221.805510	7.591014e-01	80	none	NaN	NaN
108	18	92	109	kitchen	sun_aypmqwcualkenuoe.tif	1721222.575178	1721222.833763	1721223.507229	8.091521e-01	99	none	NaN	NaN
108	18	93	62	kitchen	labelme_kxvouciolcpqplr.tif	1721224.276865	1721224.535453	1721225.208969	7.924685e-01	52	none	NaN	NaN
108	18	94	107	kitchen	sun_axyyrmzcupyhlivc.tif	1721225.978556	1721226.237144	1721226.910512	8.508609e-01	97	none	NaN	NaN
108	18	95	92	kitchen	sun_ahpczsiumwwocjkv.tif	1721227.680244	1721227.938833	1721228.612358	7.507597e-01	82	none	NaN	NaN
108	18	96	83	kitchen	sun_aeqdocilnnpuvuhx.tif	1721229.381932	1721229.640521	1721230.314033	7.841268e-01	73	none	NaN	NaN
108	18	97	64	kitchen	sun_aadbddgrdsjugojn.tif	1721231.083612	1721231.342203	1721232.015803	6.840255e-01	54	none	NaN	NaN
108	18	98	79	kitchen	sun_admlmbcdswaszruo.tif	1721232.785301	1721233.043890	1721233.717492	7.841268e-01	69	none	NaN	NaN
108	18	99	74	kitchen	sun_acfmftudsenhrfhy.tif	1721234.486987	1721234.745577	1721235.419104	8.258356e-01	64	37	1721236.072188	1
108	18	100	65	kitchen	sun_aamedkxepzlwuxes.tif	1721236.847662	1721237.106251	1721237.779701	8.091521e-01	55	none	NaN	NaN
108	19	1	53	bathroom	sun_ausgutylgojavyoq.tif	1721255.532862	1721255.791455	1721256.606710	6.840255e-01	43	39	1721257.200205	1
108	19	2	51	bathroom	sun_atstyziqcmkahyxk.tif	1721257.976952	1721258.235546	1721259.050786	8.341774e-01	41	none	NaN	NaN
108	19	3	48	bathroom	sun_aqrpegblszgcoujh.tif	1721259.820448	1721260.079038	1721260.894373	8.341774e-01	38	none	NaN	NaN
108	19	4	41	bathroom	sun_aoybiabnpadelefl.tif	1721261.663948	1721261.922529	1721262.737754	7.173926e-01	31	none	NaN	NaN
108	19	5	52	bathroom	sun_aunuadmjocsddsrl.tif	1721263.507442	1721263.766027	1721264.581386	7.674432e-01	42	none	NaN	NaN
108	19	6	16	bathroom	sun_acduarbnmmoglmiv.tif	1721265.350930	1721265.609522	1721266.424910	8.008103e-01	6	none	NaN	NaN
108	19	7	11	bathroom	labelme_sfxiulhjbhlyiyt.tif	1721267.194421	1721267.453020	1721268.268223	7.090508e-01	1	none	NaN	NaN
108	19	8	25	bathroom	sun_agyqfjcfkdcydepw.tif	1721269.037925	1721269.296514	1721270.111889	7.173926e-01	15	none	NaN	NaN
108	19	9	14	bathroom	sun_abapwbhyhkfixyex.tif	1721270.881418	1721271.140015	1721271.955172	7.674432e-01	4	none	NaN	NaN
108	19	10	27	bathroom	sun_ahcvzmoyaycdoftf.tif	1721272.724912	1721272.983504	1721273.798874	7.757850e-01	17	none	NaN	NaN
108	19	11	46	bathroom	sun_apmqjbnwghzuhhzh.tif	1721274.568411	1721274.826996	1721275.642292	7.340761e-01	36	none	NaN	NaN
108	19	12	56	bathroom	sun_awnqiikzaispgmwo.tif	1721276.411904	1721276.670492	1721277.485711	7.507597e-01	46	none	NaN	NaN
108	19	13	21	bathroom	sun_aggnnqpdorgxpvce.tif	1721278.255396	1721278.513988	1721279.329182	8.091521e-01	11	none	NaN	NaN
108	19	14	24	bathroom	sun_agrwbmhcpmfuwmsg.tif	1721280.098898	1721280.357483	1721281.172881	8.425192e-01	14	none	NaN	NaN
108	19	15	13	bathroom	sun_aavhrsfjbserjtht.tif	1721281.942389	1721282.200980	1721283.016229	6.923672e-01	3	none	NaN	NaN
108	19	16	37	bathroom	sun_amzlamotzwfkwjco.tif	1721283.785885	1721284.044475	1721284.859735	8.258356e-01	27	none	NaN	NaN
108	19	17	39	bathroom	sun_anryaplzeujmzfkd.tif	1721285.629380	1721285.887974	1721286.703372	7.173926e-01	29	none	NaN	NaN
108	19	18	15	bathroom	sun_abjtwfukuwddzted.tif	1721287.472873	1721287.731464	1721288.546837	8.174939e-01	5	none	NaN	NaN
108	19	19	45	bathroom	sun_apkxzenqapsujocq.tif	1721289.316373	1721289.574964	1721290.390261	8.258356e-01	35	37	1721291.200063	1
108	19	20	57	bathroom	sun_axldvoqbuvuggfmq.tif	1721291.977342	1721292.235932	1721293.051187	8.258356e-01	47	none	NaN	NaN
108	19	21	31	bathroom	sun_akiytfaagpdsphgz.tif	1721293.820838	1721294.079426	1721294.894814	8.341774e-01	21	none	NaN	NaN
108	19	22	29	bathroom	sun_ahqjwnzgolcaoidx.tif	1721295.664331	1721295.922920	1721296.738144	7.841268e-01	19	none	NaN	NaN
108	19	23	59	bathroom	sun_axyrejkiiaqiurjk.tif	1721297.507827	1721297.766418	1721298.581623	7.173926e-01	49	none	NaN	NaN
108	19	24	26	bathroom	sun_ahaulkltgpkeeemi.tif	1721299.351320	1721299.609911	1721300.425101	6.840255e-01	16	none	NaN	NaN
108	19	25	28	bathroom	sun_ahijqszoswveeyji.tif	1721301.194817	1721301.453409	1721302.268731	7.257343e-01	18	37	1721303.520180	1
108	19	26	47	bathroom	sun_apynckhmoftszqoq.tif	1721304.297892	1721304.556485	1721305.371857	7.257343e-01	37	none	NaN	NaN
108	19	27	23	bathroom	sun_aghyqhbptboemmoq.tif	1721306.141387	1721306.399980	1721307.215287	7.591014e-01	13	none	NaN	NaN
108	19	28	22	bathroom	sun_agguqiubmwhqqunb.tif	1721307.984885	1721308.243476	1721309.058687	6.673419e-01	12	none	NaN	NaN
108	19	29	43	bathroom	sun_apjevzvycyhuqghb.tif	1721309.828381	1721310.086970	1721310.902174	8.508609e-01	33	none	NaN	NaN
108	19	30	44	bathroom	sun_apkruvsevgegsdwp.tif	1721311.671873	1721311.930464	1721312.745665	7.591014e-01	34	none	NaN	NaN
108	19	31	55	bathroom	sun_avhrdrntsqrjzccq.tif	1721313.515366	1721313.773959	1721314.589244	8.425192e-01	45	none	NaN	NaN
108	19	32	34	bathroom	sun_alkosphxlxwjwgjd.tif	1721315.358865	1721315.617454	1721316.432849	7.841268e-01	24	37	1721317.000049	1
108	19	33	35	bathroom	sun_alotolagknyrgtsk.tif	1721317.777930	1721318.036517	1721318.851785	8.008103e-01	25	none	NaN	NaN
108	19	34	20	bathroom	sun_afcoljnjfoxjtgja.tif	1721319.621421	1721319.880018	1721320.695174	7.424179e-01	10	none	NaN	NaN
108	19	35	36	bathroom	sun_ambriybtogmepttm.tif	1721321.464922	1721321.723509	1721322.538777	7.924685e-01	26	none	NaN	NaN
108	19	36	17	bathroom	sun_acegryoqftbzowsg.tif	1721323.308411	1721323.567003	1721324.382354	7.007090e-01	7	none	NaN	NaN
108	19	37	30	bathroom	sun_ajlawzvmubibwbpy.tif	1721325.151907	1721325.410497	1721326.225803	7.841268e-01	20	none	NaN	NaN
108	19	38	42	bathroom	sun_apeeialkgkuxddgh.tif	1721326.995404	1721327.253992	1721328.069339	7.090508e-01	32	none	NaN	NaN
108	19	39	40	bathroom	sun_aofnryafpsjimzsb.tif	1721328.838898	1721329.097494	1721329.912853	7.424179e-01	30	none	NaN	NaN
108	19	40	50	bathroom	sun_aspsyogrekjtfozg.tif	1721330.682392	1721330.940987	1721331.756157	7.257343e-01	40	none	NaN	NaN
108	19	41	38	bathroom	sun_anhioqovhscjqqwb.tif	1721332.525889	1721332.784478	1721333.599729	7.007090e-01	28	none	NaN	NaN
108	19	42	12	bathroom	sun_aapitsgbtktqubfy.tif	1721334.369386	1721334.627973	1721335.443233	7.090508e-01	2	none	NaN	NaN
108	19	43	33	bathroom	sun_aljolscmmzydegqp.tif	1721336.212878	1721336.471464	1721337.286742	6.506584e-01	23	none	NaN	NaN
108	19	44	18	bathroom	sun_acgyywnybuveqsro.tif	1721338.056374	1721338.314965	1721339.130350	8.091521e-01	8	none	NaN	NaN
108	19	45	49	bathroom	sun_asfwthctfqerjvxr.tif	1721339.899873	1721340.158459	1721340.973803	6.673419e-01	39	none	NaN	NaN
108	19	46	58	bathroom	sun_axxbkopsgyouuebh.tif	1721341.743359	1721342.001959	1721342.817227	7.340761e-01	48	none	NaN	NaN
108	19	47	32	bathroom	sun_aleqenyvunhactkl.tif	1721343.586864	1721343.845452	1721344.660753	6.756837e-01	22	none	NaN	NaN
108	19	48	60	bathroom	sun_azqyogdvyhahyram.tif	1721345.430350	1721345.688941	1721346.504297	7.340761e-01	50	none	NaN	NaN
108	19	49	19	bathroom	sun_aclfzgynxzxlbepz.tif	1721347.273848	1721347.532443	1721348.347706	8.174939e-01	9	none	NaN	NaN
108	19	50	54	bathroom	sun_auzqhkafidnkrwmo.tif	1721349.117346	1721349.375937	1721350.191235	7.591014e-01	44	37	1721350.848451	1
108	19	51	20	bathroom	sun_afcoljnjfoxjtgja.tif	1721351.619823	1721351.878417	1721352.693686	7.591014e-01	10	none	NaN	NaN
108	19	52	45	bathroom	sun_apkxzenqapsujocq.tif	1721353.463318	1721353.721913	1721354.537150	8.341774e-01	35	39	1721355.144451	1
108	19	53	54	bathroom	sun_auzqhkafidnkrwmo.tif	1721355.915757	1721356.174342	1721356.989679	8.258356e-01	44	none	NaN	NaN
108	19	54	55	bathroom	sun_avhrdrntsqrjzccq.tif	1721357.759246	1721358.017840	1721358.833019	8.508609e-01	45	none	NaN	NaN
108	19	55	60	bathroom	sun_azqyogdvyhahyram.tif	1721359.602744	1721359.861331	1721360.676502	8.425192e-01	50	none	NaN	NaN
108	19	56	33	bathroom	sun_aljolscmmzydegqp.tif	1721361.446229	1721361.704822	1721362.520107	6.923672e-01	23	none	NaN	NaN
108	19	57	11	bathroom	labelme_sfxiulhjbhlyiyt.tif	1721363.289733	1721363.548324	1721364.363697	8.008103e-01	1	none	NaN	NaN
108	19	58	38	bathroom	sun_anhioqovhscjqqwb.tif	1721365.133230	1721365.391819	1721366.207010	7.674432e-01	28	none	NaN	NaN
108	19	59	29	bathroom	sun_ahqjwnzgolcaoidx.tif	1721366.976724	1721367.235312	1721368.050722	7.841268e-01	19	none	NaN	NaN
108	19	60	34	bathroom	sun_alkosphxlxwjwgjd.tif	1721368.820219	1721369.078806	1721369.894127	8.008103e-01	24	none	NaN	NaN
108	19	61	22	bathroom	sun_agguqiubmwhqqunb.tif	1721370.663710	1721370.922307	1721371.737557	7.424179e-01	12	none	NaN	NaN
108	19	62	56	bathroom	sun_awnqiikzaispgmwo.tif	1721372.507212	1721372.765797	1721373.580981	7.507597e-01	46	none	NaN	NaN
108	19	63	47	bathroom	sun_apynckhmoftszqoq.tif	1721374.350704	1721374.609292	1721375.424548	7.591014e-01	37	none	NaN	NaN
108	19	64	36	bathroom	sun_ambriybtogmepttm.tif	1721376.194195	1721376.452790	1721377.268066	7.257343e-01	26	39	1721379.960393	1
108	19	65	57	bathroom	sun_axldvoqbuvuggfmq.tif	1721380.732038	1721380.990624	1721381.805882	7.007090e-01	47	none	NaN	NaN
108	19	66	48	bathroom	sun_aqrpegblszgcoujh.tif	1721382.575530	1721382.834120	1721383.649405	7.757850e-01	38	none	NaN	NaN
108	19	67	50	bathroom	sun_aspsyogrekjtfozg.tif	1721384.419019	1721384.677614	1721385.492976	7.507597e-01	40	none	NaN	NaN
108	19	68	28	bathroom	sun_ahijqszoswveeyji.tif	1721386.262514	1721386.521106	1721387.336409	7.424179e-01	18	none	NaN	NaN
108	19	69	58	bathroom	sun_axxbkopsgyouuebh.tif	1721388.106004	1721388.364601	1721389.179762	7.507597e-01	48	none	NaN	NaN
108	19	70	40	bathroom	sun_aofnryafpsjimzsb.tif	1721389.949506	1721390.208094	1721391.023428	7.340761e-01	30	none	NaN	NaN
108	19	71	43	bathroom	sun_apjevzvycyhuqghb.tif	1721391.793006	1721392.051593	1721392.866897	6.673419e-01	33	none	NaN	NaN
108	19	72	53	bathroom	sun_ausgutylgojavyoq.tif	1721393.636493	1721393.895091	1721394.710333	7.007090e-01	43	none	NaN	NaN
108	19	73	30	bathroom	sun_ajlawzvmubibwbpy.tif	1721395.479995	1721395.738587	1721396.553839	7.674432e-01	20	none	NaN	NaN
108	19	74	32	bathroom	sun_aleqenyvunhactkl.tif	1721397.323484	1721397.582071	1721398.397261	6.590001e-01	22	37	1721399.544382	0
108	19	75	19	bathroom	sun_aclfzgynxzxlbepz.tif	1721400.318121	1721400.576709	1721401.391961	6.590001e-01	9	none	NaN	NaN
108	19	76	46	bathroom	sun_apmqjbnwghzuhhzh.tif	1721402.161617	1721402.420199	1721403.235505	6.840255e-01	36	none	NaN	NaN
108	19	77	18	bathroom	sun_acgyywnybuveqsro.tif	1721404.005113	1721404.263699	1721405.079090	7.757850e-01	8	none	NaN	NaN
108	19	78	27	bathroom	sun_ahcvzmoyaycdoftf.tif	1721405.848609	1721406.107198	1721406.922520	6.756837e-01	17	none	NaN	NaN
108	19	79	51	bathroom	sun_atstyziqcmkahyxk.tif	1721407.692100	1721407.950697	1721408.765958	8.425192e-01	41	none	NaN	NaN
108	19	80	41	bathroom	sun_aoybiabnpadelefl.tif	1721409.535597	1721409.794188	1721410.609534	7.924685e-01	31	none	NaN	NaN
108	19	81	16	bathroom	sun_acduarbnmmoglmiv.tif	1721411.379095	1721411.637678	1721412.452952	8.174939e-01	6	39	1721413.640480	1
108	19	82	42	bathroom	sun_apeeialkgkuxddgh.tif	1721414.415437	1721414.674029	1721415.489390	6.923672e-01	32	none	NaN	NaN
108	19	83	12	bathroom	sun_aapitsgbtktqubfy.tif	1721416.258934	1721416.517522	1721417.332897	6.506584e-01	2	none	NaN	NaN
108	19	84	23	bathroom	sun_aghyqhbptboemmoq.tif	1721418.102427	1721418.361013	1721419.176374	6.506584e-01	13	39	1721419.728347	1
108	19	85	49	bathroom	sun_asfwthctfqerjvxr.tif	1721420.504805	1721420.763396	1721421.578622	6.756837e-01	39	none	NaN	NaN
108	19	86	31	bathroom	sun_akiytfaagpdsphgz.tif	1721422.348307	1721422.606897	1721423.422243	7.924685e-01	21	none	NaN	NaN
108	19	87	26	bathroom	sun_ahaulkltgpkeeemi.tif	1721424.191800	1721424.450393	1721425.265595	7.757850e-01	16	none	NaN	NaN
108	19	88	59	bathroom	sun_axyrejkiiaqiurjk.tif	1721426.035295	1721426.293885	1721427.109050	8.091521e-01	49	none	NaN	NaN
108	19	89	21	bathroom	sun_aggnnqpdorgxpvce.tif	1721427.878787	1721428.137379	1721428.952747	6.923672e-01	11	37	1721430.480295	1
108	19	90	37	bathroom	sun_amzlamotzwfkwjco.tif	1721431.257140	1721431.515734	1721432.331112	6.840255e-01	27	39	1721433.152382	0
108	19	91	25	bathroom	sun_agyqfjcfkdcydepw.tif	1721433.926453	1721434.185045	1721435.000282	8.258356e-01	15	none	NaN	NaN
108	19	92	44	bathroom	sun_apkruvsevgegsdwp.tif	1721435.769951	1721436.028537	1721436.843772	6.923672e-01	34	37	1721437.360418	1
108	19	93	13	bathroom	sun_aavhrsfjbserjtht.tif	1721438.138966	1721438.397559	1721439.212881	8.174939e-01	3	none	NaN	NaN
108	19	94	14	bathroom	sun_abapwbhyhkfixyex.tif	1721439.982462	1721440.241052	1721441.056237	7.924685e-01	4	none	NaN	NaN
108	19	95	15	bathroom	sun_abjtwfukuwddzted.tif	1721441.825956	1721442.084548	1721442.899841	6.673419e-01	5	none	NaN	NaN
108	19	96	17	bathroom	sun_acegryoqftbzowsg.tif	1721443.669453	1721443.928034	1721444.743256	8.091521e-01	7	none	NaN	NaN
108	19	97	39	bathroom	sun_anryaplzeujmzfkd.tif	1721445.512949	1721445.771535	1721446.586840	7.090508e-01	29	39	1721447.728585	1
108	19	98	24	bathroom	sun_agrwbmhcpmfuwmsg.tif	1721448.499240	1721448.757832	1721449.573032	6.590001e-01	14	none	NaN	NaN
108	19	99	52	bathroom	sun_aunuadmjocsddsrl.tif	1721450.342732	1721450.601327	1721451.416710	6.590001e-01	42	39	1721452.064509	1
108	19	100	35	bathroom	sun_alotolagknyrgtsk.tif	1721452.836876	1721453.095464	1721453.910793	6.756837e-01	25	none	NaN	NaN
108	20	1	65	kitchen	sun_aamedkxepzlwuxes.tif	1721470.320886	1721470.579473	1721471.386432	7.257343e-01	55	none	NaN	NaN
108	20	2	76	kitchen	sun_acwjdupvyjsugpay.tif	1721472.156037	1721472.414628	1721473.221575	6.923672e-01	66	none	NaN	NaN
108	20	3	94	kitchen	sun_ahywdevtimnqcsln.tif	1721473.991192	1721474.249775	1721475.056837	8.425192e-01	84	none	NaN	NaN
108	20	4	77	kitchen	sun_acxkpeoqbwcxfvip.tif	1721475.826342	1721476.084929	1721476.891905	7.340761e-01	67	none	NaN	NaN
108	20	5	110	kitchen	sun_azmutvzbxypaceni.tif	1721477.661481	1721477.920085	1721478.727064	6.840255e-01	100	none	NaN	NaN
108	20	6	107	kitchen	sun_axyyrmzcupyhlivc.tif	1721479.496648	1721479.755239	1721480.562274	7.424179e-01	97	none	NaN	NaN
108	20	7	84	kitchen	sun_aexklacwqwezaorf.tif	1721481.331805	1721481.590411	1721482.397236	7.674432e-01	74	37	1721483.208373	1
108	20	8	70	kitchen	sun_abdxkyyxwfskuaqb.tif	1721483.984429	1721484.243029	1721485.049853	6.840255e-01	60	none	NaN	NaN
108	20	9	79	kitchen	sun_admlmbcdswaszruo.tif	1721485.819586	1721486.078178	1721486.885048	8.258356e-01	69	none	NaN	NaN
108	20	10	80	kitchen	sun_aegoxogugdkwpmpj.tif	1721487.654738	1721487.913335	1721488.720154	6.756837e-01	70	none	NaN	NaN
108	20	11	105	kitchen	sun_avszsnwsbuqfgzbn.tif	1721489.489897	1721489.748483	1721490.555489	8.174939e-01	95	none	NaN	NaN
108	20	12	99	kitchen	sun_akcjzhbbjlbogpdi.tif	1721491.325050	1721491.583639	1721492.390676	7.424179e-01	89	none	NaN	NaN
108	20	13	93	kitchen	sun_ahspylgoovwmwvgk.tif	1721493.160204	1721493.418793	1721494.225730	6.923672e-01	83	none	NaN	NaN
108	20	14	71	kitchen	sun_abftihopvusyfakt.tif	1721494.995356	1721495.253944	1721496.060819	6.756837e-01	61	39	1721496.768353	1
108	20	15	100	kitchen	sun_amjjdeyrggfqgmom.tif	1721497.539546	1721497.798132	1721498.604988	7.757850e-01	90	none	NaN	NaN
108	20	16	103	kitchen	sun_aunzlwrbjumxhwdj.tif	1721499.374695	1721499.633292	1721500.440192	7.257343e-01	93	37	1721501.128462	1
108	20	17	97	kitchen	sun_ajkqhtgcbgpcwrwn.tif	1721501.902200	1721502.160790	1721502.967746	7.924685e-01	87	none	NaN	NaN
108	20	18	67	kitchen	sun_aarfiyshqohlwkmo.tif	1721503.737357	1721503.995948	1721504.802882	7.507597e-01	57	37	1721505.344425	1
108	20	19	104	kitchen	sun_auticobqsbwgoppi.tif	1721506.114714	1721506.373304	1721507.180132	7.924685e-01	94	none	NaN	NaN
108	20	20	89	kitchen	sun_agzzivivdpnawacl.tif	1721507.949870	1721508.208456	1721509.015503	8.174939e-01	79	none	NaN	NaN
108	20	21	96	kitchen	sun_ajcbwwvdlsvjyzje.tif	1721509.785018	1721510.043615	1721510.850650	6.506584e-01	86	none	NaN	NaN
108	20	22	86	kitchen	sun_aggjlwcdjsjcaemh.tif	1721511.620175	1721511.878761	1721512.685594	6.840255e-01	76	none	NaN	NaN
108	20	23	90	kitchen	sun_ahdycvpopffkzzsu.tif	1721513.455330	1721513.713919	1721514.520947	6.673419e-01	80	37	1721515.400364	1
108	20	24	98	kitchen	sun_akchetnepxlcxhsu.tif	1721516.174696	1721516.433283	1721517.240237	6.590001e-01	88	none	NaN	NaN
108	20	25	68	kitchen	sun_aaxxjlsuzvqlgylf.tif	1721518.009845	1721518.268438	1721519.075269	7.591014e-01	58	none	NaN	NaN
108	20	26	102	kitchen	sun_auaiucuqpdausiva.tif	1721519.844999	1721520.103584	1721520.910436	7.173926e-01	92	none	NaN	NaN
108	20	27	83	kitchen	sun_aeqdocilnnpuvuhx.tif	1721521.680154	1721521.938740	1721522.745797	6.506584e-01	73	none	NaN	NaN
108	20	28	106	kitchen	sun_awcpdzzznmweyyhv.tif	1721523.515305	1721523.773899	1721524.580851	8.341774e-01	96	none	NaN	NaN
108	20	29	61	kitchen	labelme_brsyyvweiuaazfr.tif	1721525.350464	1721525.609049	1721526.415880	6.590001e-01	51	39	1721527.392571	1
108	20	30	108	kitchen	sun_aymvwlarqodbwuoc.tif	1721528.169919	1721528.428512	1721529.235533	7.674432e-01	98	none	NaN	NaN
108	20	31	101	kitchen	sun_aqeaevwwwjoqhzvl.tif	1721530.005073	1721530.263668	1721531.070568	6.673419e-01	91	none	NaN	NaN
108	20	32	87	kitchen	sun_agorklincwxrdtga.tif	1721531.840231	1721532.098816	1721532.905821	8.008103e-01	77	37	1721533.576590	1
108	20	33	92	kitchen	sun_ahpczsiumwwocjkv.tif	1721534.351054	1721534.609644	1721535.416714	6.673419e-01	82	none	NaN	NaN
108	20	34	69	kitchen	sun_abdenxonkemggwsq.tif	1721536.186207	1721536.444799	1721537.251786	6.590001e-01	59	none	NaN	NaN
108	20	35	91	kitchen	sun_ahljzhgcdpomplvg.tif	1721538.021358	1721538.279944	1721539.086868	7.090508e-01	81	none	NaN	NaN
108	20	36	66	kitchen	sun_aapllqyqlykszopd.tif	1721539.856507	1721540.115101	1721540.922107	8.091521e-01	56	none	NaN	NaN
108	20	37	72	kitchen	sun_abpwyqmlzafvklqo.tif	1721541.691655	1721541.950257	1721542.757097	7.090508e-01	62	none	NaN	NaN
108	20	38	78	kitchen	sun_adgqasybjyktddhj.tif	1721543.526820	1721543.785407	1721544.593201	6.923672e-01	68	none	NaN	NaN
108	20	39	85	kitchen	sun_afuyedyxivkhecmu.tif	1721545.361973	1721545.620565	1721546.427531	8.174939e-01	75	none	NaN	NaN
108	20	40	95	kitchen	sun_aixorpehvfykdynp.tif	1721547.197122	1721547.455717	1721548.262682	7.507597e-01	85	none	NaN	NaN
108	20	41	75	kitchen	sun_acgtpgfybqjmzeyw.tif	1721549.032278	1721549.290865	1721550.097789	7.507597e-01	65	none	NaN	NaN
108	20	42	73	kitchen	sun_abrcnpqqhmjwekyf.tif	1721550.867431	1721551.126023	1721551.933008	7.674432e-01	63	none	NaN	NaN
108	20	43	64	kitchen	sun_aadbddgrdsjugojn.tif	1721552.702584	1721552.961178	1721553.768117	7.674432e-01	54	none	NaN	NaN
108	20	44	109	kitchen	sun_aypmqwcualkenuoe.tif	1721554.537740	1721554.796325	1721555.603336	8.008103e-01	99	none	NaN	NaN
108	20	45	88	kitchen	sun_agubuxuukhzyzpdp.tif	1721556.372897	1721556.631484	1721557.438404	8.091521e-01	78	none	NaN	NaN
108	20	46	74	kitchen	sun_acfmftudsenhrfhy.tif	1721558.208046	1721558.466636	1721559.273641	8.425192e-01	64	none	NaN	NaN
108	20	47	81	kitchen	sun_aehawpgmrlhlvcow.tif	1721560.043201	1721560.301794	1721561.108735	7.841268e-01	71	none	NaN	NaN
108	20	48	63	kitchen	labelme_rykdqxenmhulbdn.tif	1721561.878355	1721562.136943	1721562.943898	7.007090e-01	53	none	NaN	NaN
108	20	49	62	kitchen	labelme_kxvouciolcpqplr.tif	1721563.713508	1721563.972097	1721564.779033	7.757850e-01	52	none	NaN	NaN
108	20	50	82	kitchen	sun_aenotlpyftoioydp.tif	1721565.548661	1721565.807252	1721566.614144	8.508609e-01	72	none	NaN	NaN
108	20	51	103	kitchen	sun_aunzlwrbjumxhwdj.tif	1721567.383812	1721567.642401	1721568.449413	7.257343e-01	93	none	NaN	NaN
108	20	52	72	kitchen	sun_abpwyqmlzafvklqo.tif	1721569.218968	1721569.477553	1721570.284577	8.008103e-01	62	none	NaN	NaN
108	20	53	91	kitchen	sun_ahljzhgcdpomplvg.tif	1721571.054115	1721571.312712	1721572.119575	7.841268e-01	81	none	NaN	NaN
108	20	54	80	kitchen	sun_aegoxogugdkwpmpj.tif	1721572.889285	1721573.147866	1721573.954933	8.258356e-01	70	none	NaN	NaN
108	20	55	99	kitchen	sun_akcjzhbbjlbogpdi.tif	1721574.724428	1721574.983016	1721575.790042	6.673419e-01	89	39	1721576.472668	1
108	20	56	100	kitchen	sun_amjjdeyrggfqgmom.tif	1721577.243586	1721577.502181	1721578.309238	7.757850e-01	90	none	NaN	NaN
108	20	57	104	kitchen	sun_auticobqsbwgoppi.tif	1721579.078747	1721579.337332	1721580.144388	7.591014e-01	94	none	NaN	NaN
108	20	58	96	kitchen	sun_ajcbwwvdlsvjyzje.tif	1721580.913902	1721581.172485	1721581.979373	7.591014e-01	86	none	NaN	NaN
108	20	59	94	kitchen	sun_ahywdevtimnqcsln.tif	1721582.749055	1721583.007644	1721583.814662	8.008103e-01	84	39	1721584.696672	1
108	20	60	89	kitchen	sun_agzzivivdpnawacl.tif	1721585.468419	1721585.727004	1721586.533858	7.090508e-01	79	37	1721587.128635	1
108	20	61	98	kitchen	sun_akchetnepxlcxhsu.tif	1721587.904161	1721588.162754	1721588.969757	8.258356e-01	88	none	NaN	NaN
108	20	62	78	kitchen	sun_adgqasybjyktddhj.tif	1721589.739319	1721589.997911	1721590.804870	6.756837e-01	68	none	NaN	NaN
108	20	63	93	kitchen	sun_ahspylgoovwmwvgk.tif	1721591.574471	1721591.833058	1721592.639931	7.090508e-01	83	none	NaN	NaN
108	20	64	95	kitchen	sun_aixorpehvfykdynp.tif	1721593.409620	1721593.668215	1721594.475207	8.258356e-01	85	none	NaN	NaN
108	20	65	85	kitchen	sun_afuyedyxivkhecmu.tif	1721595.244779	1721595.503371	1721596.310352	6.923672e-01	75	none	NaN	NaN
108	20	66	77	kitchen	sun_acxkpeoqbwcxfvip.tif	1721597.079929	1721597.338520	1721598.145370	7.173926e-01	67	none	NaN	NaN
108	20	67	62	kitchen	labelme_kxvouciolcpqplr.tif	1721598.915083	1721599.173674	1721599.980646	8.258356e-01	52	39	1721600.648661	1
108	20	68	110	kitchen	sun_azmutvzbxypaceni.tif	1721601.425908	1721601.684497	1721602.491506	7.591014e-01	100	none	NaN	NaN
108	20	69	69	kitchen	sun_abdenxonkemggwsq.tif	1721603.261058	1721603.519646	1721604.326520	7.340761e-01	59	none	NaN	NaN
108	20	70	76	kitchen	sun_acwjdupvyjsugpay.tif	1721605.096213	1721605.354801	1721606.161837	7.424179e-01	66	none	NaN	NaN
108	20	71	71	kitchen	sun_abftihopvusyfakt.tif	1721606.931367	1721607.189962	1721607.996837	7.507597e-01	61	none	NaN	NaN
108	20	72	70	kitchen	sun_abdxkyyxwfskuaqb.tif	1721608.766520	1721609.025111	1721609.832166	7.007090e-01	60	37	1721610.544623	1
108	20	73	106	kitchen	sun_awcpdzzznmweyyhv.tif	1721611.319048	1721611.577638	1721612.384654	8.091521e-01	96	none	NaN	NaN
108	20	74	87	kitchen	sun_agorklincwxrdtga.tif	1721613.154203	1721613.412799	1721614.219819	7.924685e-01	77	none	NaN	NaN
108	20	75	79	kitchen	sun_admlmbcdswaszruo.tif	1721614.989358	1721615.247949	1721616.054892	7.340761e-01	69	none	NaN	NaN
108	20	76	108	kitchen	sun_aymvwlarqodbwuoc.tif	1721616.824510	1721617.083105	1721617.890150	8.341774e-01	98	none	NaN	NaN
108	20	77	66	kitchen	sun_aapllqyqlykszopd.tif	1721618.659668	1721618.918258	1721619.725094	7.173926e-01	56	none	NaN	NaN
108	20	78	90	kitchen	sun_ahdycvpopffkzzsu.tif	1721620.494822	1721620.753406	1721621.560295	8.425192e-01	80	none	NaN	NaN
108	20	79	74	kitchen	sun_acfmftudsenhrfhy.tif	1721622.329972	1721622.588558	1721623.395559	6.840255e-01	64	none	NaN	NaN
108	20	80	81	kitchen	sun_aehawpgmrlhlvcow.tif	1721624.165129	1721624.423718	1721625.230550	6.506584e-01	71	none	NaN	NaN
108	20	81	68	kitchen	sun_aaxxjlsuzvqlgylf.tif	1721626.000279	1721626.258872	1721627.065865	8.425192e-01	58	none	NaN	NaN
108	20	82	88	kitchen	sun_agubuxuukhzyzpdp.tif	1721627.835430	1721628.094021	1721628.901081	6.590001e-01	78	none	NaN	NaN
108	20	83	67	kitchen	sun_aarfiyshqohlwkmo.tif	1721629.670583	1721629.929177	1721630.736054	7.257343e-01	57	none	NaN	NaN
108	20	84	92	kitchen	sun_ahpczsiumwwocjkv.tif	1721631.505740	1721631.764332	1721632.571156	7.841268e-01	82	none	NaN	NaN
108	20	85	86	kitchen	sun_aggjlwcdjsjcaemh.tif	1721633.340895	1721633.599482	1721634.406488	7.424179e-01	76	none	NaN	NaN
108	20	86	73	kitchen	sun_abrcnpqqhmjwekyf.tif	1721635.176048	1721635.434639	1721636.241534	7.757850e-01	63	37	1721637.064335	0
108	20	87	61	kitchen	labelme_brsyyvweiuaazfr.tif	1721637.837019	1721638.095612	1721638.902443	8.341774e-01	51	none	NaN	NaN
108	20	88	101	kitchen	sun_aqeaevwwwjoqhzvl.tif	1721639.663831	1721639.922419	1721640.729258	7.007090e-01	91	none	NaN	NaN
108	20	89	109	kitchen	sun_aypmqwcualkenuoe.tif	1721641.498983	1721641.757573	1721642.564510	8.341774e-01	99	none	NaN	NaN
108	20	90	75	kitchen	sun_acgtpgfybqjmzeyw.tif	1721643.334137	1721643.592729	1721644.399640	7.173926e-01	65	39	1721645.312583	1
108	20	91	63	kitchen	labelme_rykdqxenmhulbdn.tif	1721646.086866	1721646.345463	1721647.152516	8.091521e-01	53	none	NaN	NaN
108	20	92	65	kitchen	sun_aamedkxepzlwuxes.tif	1721647.922021	1721648.180609	1721648.987457	7.924685e-01	55	none	NaN	NaN
108	20	93	64	kitchen	sun_aadbddgrdsjugojn.tif	1721649.757174	1721650.015767	1721650.822714	7.841268e-01	54	none	NaN	NaN
108	20	94	102	kitchen	sun_auaiucuqpdausiva.tif	1721651.592331	1721651.850919	1721652.657948	6.756837e-01	92	none	NaN	NaN
108	20	95	84	kitchen	sun_aexklacwqwezaorf.tif	1721653.427483	1721653.686069	1721654.493080	7.591014e-01	74	none	NaN	NaN
108	20	96	105	kitchen	sun_avszsnwsbuqfgzbn.tif	1721655.262636	1721655.521223	1721656.328086	8.508609e-01	95	none	NaN	NaN
108	20	97	83	kitchen	sun_aeqdocilnnpuvuhx.tif	1721657.097788	1721657.356374	1721658.163283	7.007090e-01	73	none	NaN	NaN
108	20	98	97	kitchen	sun_ajkqhtgcbgpcwrwn.tif	1721658.932938	1721659.191530	1721659.998552	8.174939e-01	87	none	NaN	NaN
108	20	99	107	kitchen	sun_axyyrmzcupyhlivc.tif	1721660.768098	1721661.026684	1721661.833742	7.340761e-01	97	none	NaN	NaN
108	20	100	82	kitchen	sun_aenotlpyftoioydp.tif	1721662.603246	1721662.861840	1721663.668792	6.923672e-01	72	37	1721664.368699	1
