subject	block	trial	texture	category	image	trialOnset	itiOnset	trialEnd	iti	EEGtrigger	responseKey	responseTime	accuracy
 130	1	1	13	bathroom	sun_aavhrsfjbserjtht.tif	1336530.046074	1336530.304663	1336531.044799	7.506848e-01	3	none	NaN	NaN
 130	1	2	49	bathroom	sun_asfwthctfqerjvxr.tif	1336531.814489	1336532.073079	1336532.813119	8.424351e-01	39	none	NaN	NaN
 130	1	3	25	bathroom	sun_agyqfjcfkdcydepw.tif	1336533.582913	1336533.841499	1336534.581656	6.589344e-01	15	39	1336536.112607	1
 130	1	4	38	bathroom	sun_anhioqovhscjqqwb.tif	1336536.886179	1336537.144770	1336537.884820	7.840485e-01	28	none	NaN	NaN
 130	1	5	37	bathroom	sun_amzlamotzwfkwjco.tif	1336538.646259	1336538.904866	1336539.645027	7.173210e-01	27	none	NaN	NaN
 130	1	6	16	bathroom	sun_acduarbnmmoglmiv.tif	1336540.414680	1336540.673268	1336541.413384	6.922982e-01	6	none	NaN	NaN
 130	1	7	41	bathroom	sun_aoybiabnpadelefl.tif	1336542.183099	1336542.441688	1336543.181794	6.922982e-01	31	37	1336544.056421	0
 130	1	8	55	bathroom	sun_avhrdrntsqrjzccq.tif	1336544.835722	1336545.094317	1336545.834449	6.922982e-01	45	none	NaN	NaN
 130	1	9	60	bathroom	sun_azqyogdvyhahyram.tif	1336546.604144	1336546.862728	1336547.602776	7.423438e-01	50	39	1336548.936615	0
 130	1	10	29	bathroom	sun_ahqjwnzgolcaoidx.tif	1336549.707219	1336549.965804	1336550.705907	7.340029e-01	19	none	NaN	NaN
 130	1	11	15	bathroom	sun_abjtwfukuwddzted.tif	1336551.475638	1336551.734226	1336552.474285	8.340942e-01	5	37	1336553.440625	1
 130	1	12	39	bathroom	sun_anryaplzeujmzfkd.tif	1336554.211679	1336554.470268	1336555.210423	6.756163e-01	29	none	NaN	NaN
 130	1	13	17	bathroom	sun_acegryoqftbzowsg.tif	1336555.980097	1336556.238688	1336556.978709	8.090714e-01	7	none	NaN	NaN
 130	1	14	30	bathroom	sun_ajlawzvmubibwbpy.tif	1336557.740181	1336557.998766	1336558.738927	8.174123e-01	20	none	NaN	NaN
 130	1	15	23	bathroom	sun_aghyqhbptboemmoq.tif	1336559.508594	1336559.767179	1336560.507373	7.840485e-01	13	none	NaN	NaN
 130	1	16	53	bathroom	sun_ausgutylgojavyoq.tif	1336561.277009	1336561.535606	1336562.275634	7.506848e-01	43	none	NaN	NaN
 130	1	17	59	bathroom	sun_axyrejkiiaqiurjk.tif	1336563.045435	1336563.304025	1336564.044162	7.423438e-01	49	none	NaN	NaN
 130	1	18	58	bathroom	sun_axxbkopsgyouuebh.tif	1336564.813855	1336565.072441	1336565.812535	7.340029e-01	48	none	NaN	NaN
 130	1	19	14	bathroom	sun_abapwbhyhkfixyex.tif	1336566.582271	1336566.840862	1336567.581091	7.089801e-01	4	none	NaN	NaN
 130	1	20	33	bathroom	sun_aljolscmmzydegqp.tif	1336568.350689	1336568.609278	1336569.349487	6.922982e-01	23	none	NaN	NaN
 130	1	21	46	bathroom	sun_apmqjbnwghzuhhzh.tif	1336570.119102	1336570.377697	1336571.117811	7.340029e-01	36	39	1336572.536537	1
 130	1	22	18	bathroom	sun_acgyywnybuveqsro.tif	1336573.313936	1336573.572525	1336574.312699	6.756163e-01	8	none	NaN	NaN
 130	1	23	19	bathroom	sun_aclfzgynxzxlbepz.tif	1336575.082360	1336575.340943	1336576.081104	7.757076e-01	9	none	NaN	NaN
 130	1	24	11	bathroom	labelme_sfxiulhjbhlyiyt.tif	1336576.850779	1336577.109365	1336577.849530	6.672754e-01	1	39	1336579.336679	1
 130	1	25	27	bathroom	sun_ahcvzmoyaycdoftf.tif	1336580.112343	1336580.370935	1336581.111060	8.257533e-01	17	none	NaN	NaN
 130	1	26	21	bathroom	sun_aggnnqpdorgxpvce.tif	1336581.880760	1336582.139351	1336582.879432	7.590257e-01	11	none	NaN	NaN
 130	1	27	42	bathroom	sun_apeeialkgkuxddgh.tif	1336583.649182	1336583.907770	1336584.647964	7.590257e-01	32	none	NaN	NaN
 130	1	28	56	bathroom	sun_awnqiikzaispgmwo.tif	1336585.417599	1336585.676186	1336586.416322	8.174123e-01	46	none	NaN	NaN
 130	1	29	44	bathroom	sun_apkruvsevgegsdwp.tif	1336587.186018	1336587.444606	1336588.184749	7.423438e-01	34	none	NaN	NaN
 130	1	30	20	bathroom	sun_afcoljnjfoxjtgja.tif	1336588.954438	1336589.213028	1336589.953188	7.173210e-01	10	none	NaN	NaN
 130	1	31	28	bathroom	sun_ahijqszoswveeyji.tif	1336590.722851	1336590.981440	1336591.721509	8.424351e-01	18	none	NaN	NaN
 130	1	32	26	bathroom	sun_ahaulkltgpkeeemi.tif	1336592.491274	1336592.749858	1336593.489975	7.673667e-01	16	none	NaN	NaN
 130	1	33	22	bathroom	sun_agguqiubmwhqqunb.tif	1336594.259688	1336594.518281	1336595.258433	6.922982e-01	12	none	NaN	NaN
 130	1	34	47	bathroom	sun_apynckhmoftszqoq.tif	1336596.028109	1336596.286697	1336597.026895	7.590257e-01	37	none	NaN	NaN
 130	1	35	45	bathroom	sun_apkxzenqapsujocq.tif	1336597.796530	1336598.055122	1336598.795245	8.174123e-01	35	none	NaN	NaN
 130	1	36	34	bathroom	sun_alkosphxlxwjwgjd.tif	1336599.564948	1336599.823541	1336600.563608	8.340942e-01	24	none	NaN	NaN
 130	1	37	12	bathroom	sun_aapitsgbtktqubfy.tif	1336601.333365	1336601.591955	1336602.332032	8.090714e-01	2	none	NaN	NaN
 130	1	38	52	bathroom	sun_aunuadmjocsddsrl.tif	1336603.101781	1336603.360369	1336604.100459	7.089801e-01	42	none	NaN	NaN
 130	1	39	50	bathroom	sun_aspsyogrekjtfozg.tif	1336604.870204	1336605.128799	1336605.868999	7.923895e-01	40	none	NaN	NaN
 130	1	40	54	bathroom	sun_auzqhkafidnkrwmo.tif	1336606.638619	1336606.897214	1336607.637224	6.505935e-01	44	none	NaN	NaN
 130	1	41	31	bathroom	sun_akiytfaagpdsphgz.tif	1336608.398701	1336608.657287	1336609.397328	6.589344e-01	21	39	1336610.400436	1
 130	1	42	48	bathroom	sun_aqrpegblszgcoujh.tif	1336611.176450	1336611.435041	1336612.175061	8.090714e-01	38	none	NaN	NaN
 130	1	43	35	bathroom	sun_alotolagknyrgtsk.tif	1336612.936532	1336613.195115	1336613.935290	8.007304e-01	25	none	NaN	NaN
 130	1	44	24	bathroom	sun_agrwbmhcpmfuwmsg.tif	1336614.704944	1336614.963540	1336615.703585	7.256620e-01	14	none	NaN	NaN
 130	1	45	40	bathroom	sun_aofnryafpsjimzsb.tif	1336616.465021	1336616.723614	1336617.463663	7.840485e-01	30	none	NaN	NaN
 130	1	46	36	bathroom	sun_ambriybtogmepttm.tif	1336618.233443	1336618.492033	1336619.232198	7.757076e-01	26	none	NaN	NaN
 130	1	47	57	bathroom	sun_axldvoqbuvuggfmq.tif	1336620.001861	1336620.260450	1336621.000662	8.257533e-01	47	none	NaN	NaN
 130	1	48	43	bathroom	sun_apjevzvycyhuqghb.tif	1336621.770279	1336622.028871	1336622.768931	6.505935e-01	33	none	NaN	NaN
 130	1	49	32	bathroom	sun_aleqenyvunhactkl.tif	1336623.530360	1336623.788943	1336624.529131	7.006391e-01	22	none	NaN	NaN
 130	1	50	51	bathroom	sun_atstyziqcmkahyxk.tif	1336625.298775	1336625.557370	1336626.297486	8.007304e-01	41	none	NaN	NaN
 130	1	51	59	bathroom	sun_axyrejkiiaqiurjk.tif	1336627.067192	1336627.325781	1336628.065990	7.006391e-01	49	none	NaN	NaN
 130	1	52	11	bathroom	labelme_sfxiulhjbhlyiyt.tif	1336628.835612	1336629.094204	1336629.834338	7.340029e-01	1	none	NaN	NaN
 130	1	53	25	bathroom	sun_agyqfjcfkdcydepw.tif	1336630.604033	1336630.862622	1336631.602701	7.506848e-01	15	none	NaN	NaN
 130	1	54	16	bathroom	sun_acduarbnmmoglmiv.tif	1336632.372449	1336632.631045	1336633.371185	7.173210e-01	6	none	NaN	NaN
 130	1	55	21	bathroom	sun_aggnnqpdorgxpvce.tif	1336634.140866	1336634.399464	1336635.139523	7.590257e-01	11	none	NaN	NaN
 130	1	56	51	bathroom	sun_atstyziqcmkahyxk.tif	1336635.909286	1336636.167868	1336636.908103	7.923895e-01	41	none	NaN	NaN
 130	1	57	32	bathroom	sun_aleqenyvunhactkl.tif	1336637.677705	1336637.936294	1336638.676336	7.923895e-01	22	none	NaN	NaN
 130	1	58	33	bathroom	sun_aljolscmmzydegqp.tif	1336639.437781	1336639.696371	1336640.436526	7.673667e-01	23	none	NaN	NaN
 130	1	59	18	bathroom	sun_acgyywnybuveqsro.tif	1336641.206203	1336641.464794	1336642.204887	7.089801e-01	8	none	NaN	NaN
 130	1	60	36	bathroom	sun_ambriybtogmepttm.tif	1336642.974621	1336643.233210	1336643.973441	7.840485e-01	26	none	NaN	NaN
 130	1	61	13	bathroom	sun_aavhrsfjbserjtht.tif	1336644.743042	1336645.001629	1336645.741754	8.507761e-01	3	none	NaN	NaN
 130	1	62	56	bathroom	sun_awnqiikzaispgmwo.tif	1336646.511461	1336646.770051	1336647.510222	7.757076e-01	46	39	1336649.800431	1
 130	1	63	14	bathroom	sun_abapwbhyhkfixyex.tif	1336650.573814	1336650.832407	1336651.572548	6.589344e-01	4	none	NaN	NaN
 130	1	64	45	bathroom	sun_apkxzenqapsujocq.tif	1336652.342236	1336652.600823	1336653.340891	8.090714e-01	35	none	NaN	NaN
 130	1	65	38	bathroom	sun_anhioqovhscjqqwb.tif	1336654.110656	1336654.369244	1336655.109303	8.257533e-01	28	37	1336656.192555	1
 130	1	66	44	bathroom	sun_apkruvsevgegsdwp.tif	1336656.963476	1336657.222068	1336657.962290	8.007304e-01	34	37	1336658.872570	1
 130	1	67	35	bathroom	sun_alotolagknyrgtsk.tif	1336659.649470	1336659.908062	1336660.648134	6.672754e-01	25	none	NaN	NaN
 130	1	68	55	bathroom	sun_avhrdrntsqrjzccq.tif	1336661.417894	1336661.676481	1336662.416603	6.756163e-01	45	39	1336663.344368	1
 130	1	69	22	bathroom	sun_agguqiubmwhqqunb.tif	1336664.120570	1336664.379159	1336665.119375	6.839572e-01	12	none	NaN	NaN
 130	1	70	24	bathroom	sun_agrwbmhcpmfuwmsg.tif	1336665.888987	1336666.147574	1336666.887714	7.423438e-01	14	none	NaN	NaN
 130	1	71	47	bathroom	sun_apynckhmoftszqoq.tif	1336667.657407	1336667.915996	1336668.656048	8.340942e-01	37	none	NaN	NaN
 130	1	72	53	bathroom	sun_ausgutylgojavyoq.tif	1336669.425827	1336669.684414	1336670.424695	7.590257e-01	43	none	NaN	NaN
 130	1	73	15	bathroom	sun_abjtwfukuwddzted.tif	1336671.194245	1336671.452839	1336672.192861	8.007304e-01	5	none	NaN	NaN
 130	1	74	28	bathroom	sun_ahijqszoswveeyji.tif	1336672.954326	1336673.212914	1336673.953077	7.256620e-01	18	none	NaN	NaN
 130	1	75	26	bathroom	sun_ahaulkltgpkeeemi.tif	1336674.722742	1336674.981334	1336675.721464	8.174123e-01	16	37	1336676.552255	1
 130	1	76	58	bathroom	sun_axxbkopsgyouuebh.tif	1336677.325320	1336677.583907	1336678.323929	6.839572e-01	48	none	NaN	NaN
 130	1	77	17	bathroom	sun_acegryoqftbzowsg.tif	1336679.085392	1336679.343983	1336680.084019	6.839572e-01	7	39	1336681.872515	0
 130	1	78	54	bathroom	sun_auzqhkafidnkrwmo.tif	1336682.647254	1336682.905846	1336683.645902	8.340942e-01	44	none	NaN	NaN
 130	1	79	30	bathroom	sun_ajlawzvmubibwbpy.tif	1336684.415680	1336684.674266	1336685.414307	7.173210e-01	20	none	NaN	NaN
 130	1	80	19	bathroom	sun_aclfzgynxzxlbepz.tif	1336686.184093	1336686.442687	1336687.182738	8.257533e-01	9	none	NaN	NaN
 130	1	81	60	bathroom	sun_azqyogdvyhahyram.tif	1336687.944174	1336688.202758	1336688.942925	7.256620e-01	50	none	NaN	NaN
 130	1	82	50	bathroom	sun_aspsyogrekjtfozg.tif	1336689.712593	1336689.971176	1336690.711284	7.757076e-01	40	none	NaN	NaN
 130	1	83	42	bathroom	sun_apeeialkgkuxddgh.tif	1336691.481007	1336691.739598	1336692.479630	7.006391e-01	32	none	NaN	NaN
 130	1	84	49	bathroom	sun_asfwthctfqerjvxr.tif	1336693.241085	1336693.499677	1336694.239757	7.673667e-01	39	none	NaN	NaN
 130	1	85	27	bathroom	sun_ahcvzmoyaycdoftf.tif	1336695.009502	1336695.268095	1336696.008280	7.006391e-01	17	none	NaN	NaN
 130	1	86	12	bathroom	sun_aapitsgbtktqubfy.tif	1336696.777920	1336697.036512	1336697.776687	7.256620e-01	2	none	NaN	NaN
 130	1	87	23	bathroom	sun_aghyqhbptboemmoq.tif	1336698.546343	1336698.804931	1336699.545105	6.505935e-01	13	39	1336700.616368	1
 130	1	88	20	bathroom	sun_afcoljnjfoxjtgja.tif	1336701.390825	1336701.649419	1336702.389603	8.424351e-01	10	none	NaN	NaN
 130	1	89	40	bathroom	sun_aofnryafpsjimzsb.tif	1336703.159247	1336703.417834	1336704.158033	6.589344e-01	30	none	NaN	NaN
 130	1	90	39	bathroom	sun_anryaplzeujmzfkd.tif	1336704.927663	1336705.186255	1336705.926285	6.839572e-01	29	none	NaN	NaN
 130	1	91	43	bathroom	sun_apjevzvycyhuqghb.tif	1336706.687740	1336706.946335	1336707.686344	8.257533e-01	33	none	NaN	NaN
 130	1	92	34	bathroom	sun_alkosphxlxwjwgjd.tif	1336708.456160	1336708.714749	1336709.454918	6.672754e-01	24	none	NaN	NaN
 130	1	93	41	bathroom	sun_aoybiabnpadelefl.tif	1336710.224579	1336710.483165	1336711.223264	8.424351e-01	31	none	NaN	NaN
 130	1	94	46	bathroom	sun_apmqjbnwghzuhhzh.tif	1336711.992995	1336712.251586	1336712.991632	6.756163e-01	36	none	NaN	NaN
 130	1	95	57	bathroom	sun_axldvoqbuvuggfmq.tif	1336713.761413	1336714.020001	1336714.760169	8.507761e-01	47	none	NaN	NaN
 130	1	96	31	bathroom	sun_akiytfaagpdsphgz.tif	1336715.529831	1336715.788429	1336716.528561	7.506848e-01	21	39	1336719.400452	0
 130	1	97	37	bathroom	sun_amzlamotzwfkwjco.tif	1336720.176098	1336720.434692	1336721.174757	7.089801e-01	27	none	NaN	NaN
 130	1	98	29	bathroom	sun_ahqjwnzgolcaoidx.tif	1336721.944523	1336722.203110	1336722.943258	7.673667e-01	19	none	NaN	NaN
 130	1	99	52	bathroom	sun_aunuadmjocsddsrl.tif	1336723.712938	1336723.971531	1336724.711705	7.923895e-01	42	none	NaN	NaN
 130	1	100	48	bathroom	sun_aqrpegblszgcoujh.tif	1336725.481357	1336725.739948	1336726.480177	6.672754e-01	38	none	NaN	NaN
 130	2	1	62	kitchen	labelme_kxvouciolcpqplr.tif	1336734.189988	1336734.448578	1336735.138720	8.257533e-01	52	none	NaN	NaN
 130	2	2	82	kitchen	sun_aenotlpyftoioydp.tif	1336735.908354	1336736.166944	1336736.856984	7.006391e-01	72	none	NaN	NaN
 130	2	3	80	kitchen	sun_aegoxogugdkwpmpj.tif	1336737.626730	1336737.885317	1336738.575493	8.257533e-01	70	none	NaN	NaN
 130	2	4	84	kitchen	sun_aexklacwqwezaorf.tif	1336739.345094	1336739.603684	1336740.293819	7.506848e-01	74	none	NaN	NaN
 130	2	5	88	kitchen	sun_agubuxuukhzyzpdp.tif	1336741.063461	1336741.322050	1336742.012174	7.423438e-01	78	none	NaN	NaN
 130	2	6	85	kitchen	sun_afuyedyxivkhecmu.tif	1336742.781831	1336743.040426	1336743.730395	7.923895e-01	75	37	1336744.592464	1
 130	2	7	73	kitchen	sun_abrcnpqqhmjwekyf.tif	1336745.367724	1336745.626311	1336746.316307	7.590257e-01	63	none	NaN	NaN
 130	2	8	99	kitchen	sun_akcjzhbbjlbogpdi.tif	1336747.086099	1336747.344690	1336748.034864	7.256620e-01	89	none	NaN	NaN
 130	2	9	75	kitchen	sun_acgtpgfybqjmzeyw.tif	1336748.804462	1336749.063059	1336749.753189	7.590257e-01	65	none	NaN	NaN
 130	2	10	92	kitchen	sun_ahpczsiumwwocjkv.tif	1336750.522833	1336750.781423	1336751.471484	7.590257e-01	82	none	NaN	NaN
 130	2	11	67	kitchen	sun_aarfiyshqohlwkmo.tif	1336752.241202	1336752.499795	1336753.189760	7.506848e-01	57	37	1336754.064360	1
 130	2	12	89	kitchen	sun_agzzivivdpnawacl.tif	1336754.835444	1336755.094027	1336755.784071	7.089801e-01	79	none	NaN	NaN
 130	2	13	87	kitchen	sun_agorklincwxrdtga.tif	1336756.553813	1336756.812401	1336757.502390	8.340942e-01	77	none	NaN	NaN
 130	2	14	70	kitchen	sun_abdxkyyxwfskuaqb.tif	1336758.272179	1336758.530771	1336759.220856	7.006391e-01	60	none	NaN	NaN
 130	2	15	69	kitchen	sun_abdenxonkemggwsq.tif	1336759.990549	1336760.249131	1336760.939190	6.505935e-01	59	none	NaN	NaN
 130	2	16	66	kitchen	sun_aapllqyqlykszopd.tif	1336761.708914	1336761.967510	1336762.657599	7.340029e-01	56	37	1336763.664394	0
 130	2	17	104	kitchen	sun_auticobqsbwgoppi.tif	1336764.436617	1336764.695211	1336765.385353	8.007304e-01	94	none	NaN	NaN
 130	2	18	90	kitchen	sun_ahdycvpopffkzzsu.tif	1336766.154988	1336766.413577	1336767.103545	6.839572e-01	80	none	NaN	NaN
 130	2	19	96	kitchen	sun_ajcbwwvdlsvjyzje.tif	1336767.865015	1336768.123619	1336768.813743	6.922982e-01	86	none	NaN	NaN
 130	2	20	65	kitchen	sun_aamedkxepzlwuxes.tif	1336769.583382	1336769.841975	1336770.532028	7.089801e-01	55	none	NaN	NaN
 130	2	21	106	kitchen	sun_awcpdzzznmweyyhv.tif	1336771.301753	1336771.560343	1336772.250330	7.673667e-01	96	none	NaN	NaN
 130	2	22	83	kitchen	sun_aeqdocilnnpuvuhx.tif	1336773.020126	1336773.278715	1336773.968766	8.424351e-01	73	none	NaN	NaN
 130	2	23	64	kitchen	sun_aadbddgrdsjugojn.tif	1336774.738493	1336774.997080	1336775.687069	7.840485e-01	54	none	NaN	NaN
 130	2	24	61	kitchen	labelme_brsyyvweiuaazfr.tif	1336776.456860	1336776.715459	1336777.405433	7.173210e-01	51	none	NaN	NaN
 130	2	25	107	kitchen	sun_axyyrmzcupyhlivc.tif	1336778.175228	1336778.433823	1336779.123849	7.340029e-01	97	none	NaN	NaN
 130	2	26	91	kitchen	sun_ahljzhgcdpomplvg.tif	1336779.893602	1336780.152191	1336780.842301	6.589344e-01	81	none	NaN	NaN
 130	2	27	94	kitchen	sun_ahywdevtimnqcsln.tif	1336781.611970	1336781.870552	1336782.560594	7.506848e-01	84	none	NaN	NaN
 130	2	28	78	kitchen	sun_adgqasybjyktddhj.tif	1336783.330338	1336783.588929	1336784.278925	7.256620e-01	68	none	NaN	NaN
 130	2	29	102	kitchen	sun_auaiucuqpdausiva.tif	1336785.048706	1336785.307298	1336785.997475	6.922982e-01	92	none	NaN	NaN
 130	2	30	95	kitchen	sun_aixorpehvfykdynp.tif	1336786.767075	1336787.025663	1336787.715707	6.672754e-01	85	none	NaN	NaN
 130	2	31	81	kitchen	sun_aehawpgmrlhlvcow.tif	1336788.485443	1336788.744035	1336789.434181	7.006391e-01	71	39	1336790.368413	1
 130	2	32	74	kitchen	sun_acfmftudsenhrfhy.tif	1336791.146415	1336791.405004	1336792.095170	8.340942e-01	64	37	1336792.800375	1
 130	2	33	72	kitchen	sun_abpwyqmlzafvklqo.tif	1336793.573842	1336793.832411	1336794.522589	7.089801e-01	62	none	NaN	NaN
 130	2	34	109	kitchen	sun_aypmqwcualkenuoe.tif	1336795.292186	1336795.550780	1336796.240891	7.173210e-01	99	37	1336797.376410	1
 130	2	35	63	kitchen	labelme_rykdqxenmhulbdn.tif	1336798.153351	1336798.411946	1336799.101910	7.757076e-01	53	none	NaN	NaN
 130	2	36	105	kitchen	sun_avszsnwsbuqfgzbn.tif	1336799.863383	1336800.121973	1336800.812088	7.089801e-01	95	none	NaN	NaN
 130	2	37	98	kitchen	sun_akchetnepxlcxhsu.tif	1336801.581751	1336801.840343	1336802.530370	8.090714e-01	88	none	NaN	NaN
 130	2	38	86	kitchen	sun_aggjlwcdjsjcaemh.tif	1336803.300121	1336803.558712	1336804.248765	6.672754e-01	76	none	NaN	NaN
 130	2	39	68	kitchen	sun_aaxxjlsuzvqlgylf.tif	1336805.018488	1336805.277082	1336805.967066	7.590257e-01	58	none	NaN	NaN
 130	2	40	71	kitchen	sun_abftihopvusyfakt.tif	1336806.736861	1336806.995445	1336807.685553	8.424351e-01	61	none	NaN	NaN
 130	2	41	93	kitchen	sun_ahspylgoovwmwvgk.tif	1336808.455227	1336808.713820	1336809.403892	7.673667e-01	83	39	1336810.128462	1
 130	2	42	100	kitchen	sun_amjjdeyrggfqgmom.tif	1336810.899319	1336811.157903	1336811.847959	8.174123e-01	90	none	NaN	NaN
 130	2	43	108	kitchen	sun_aymvwlarqodbwuoc.tif	1336812.617684	1336812.876278	1336813.566288	6.756163e-01	98	none	NaN	NaN
 130	2	44	76	kitchen	sun_acwjdupvyjsugpay.tif	1336814.336054	1336814.594642	1336815.284767	7.840485e-01	66	none	NaN	NaN
 130	2	45	97	kitchen	sun_ajkqhtgcbgpcwrwn.tif	1336816.054421	1336816.313013	1336817.003147	7.757076e-01	87	none	NaN	NaN
 130	2	46	79	kitchen	sun_admlmbcdswaszruo.tif	1336817.772793	1336818.031381	1336818.721509	8.257533e-01	69	none	NaN	NaN
 130	2	47	77	kitchen	sun_acxkpeoqbwcxfvip.tif	1336819.491164	1336819.749754	1336820.439836	7.923895e-01	67	none	NaN	NaN
 130	2	48	103	kitchen	sun_aunzlwrbjumxhwdj.tif	1336821.201187	1336821.459776	1336822.149808	7.840485e-01	93	none	NaN	NaN
 130	2	49	110	kitchen	sun_azmutvzbxypaceni.tif	1336822.919554	1336823.178148	1336823.868142	8.007304e-01	100	none	NaN	NaN
 130	2	50	101	kitchen	sun_aqeaevwwwjoqhzvl.tif	1336824.629587	1336824.888176	1336825.578215	7.173210e-01	91	none	NaN	NaN
 130	2	51	88	kitchen	sun_agubuxuukhzyzpdp.tif	1336826.347953	1336826.606543	1336827.296617	8.174123e-01	78	none	NaN	NaN
 130	2	52	92	kitchen	sun_ahpczsiumwwocjkv.tif	1336828.066320	1336828.324918	1336829.014957	6.922982e-01	82	39	1336829.960470	1
 130	2	53	66	kitchen	sun_aapllqyqlykszopd.tif	1336830.735631	1336830.994224	1336831.684289	8.090714e-01	56	none	NaN	NaN
 130	2	54	102	kitchen	sun_auaiucuqpdausiva.tif	1336832.454000	1336832.712591	1336833.402718	7.923895e-01	92	39	1336835.576429	0
 130	2	55	78	kitchen	sun_adgqasybjyktddhj.tif	1336836.349527	1336836.608120	1336837.298241	7.923895e-01	68	none	NaN	NaN
 130	2	56	68	kitchen	sun_aaxxjlsuzvqlgylf.tif	1336838.067894	1336838.326487	1336839.016561	6.756163e-01	58	none	NaN	NaN
 130	2	57	62	kitchen	labelme_kxvouciolcpqplr.tif	1336839.786264	1336840.044854	1336840.735000	6.589344e-01	52	none	NaN	NaN
 130	2	58	100	kitchen	sun_amjjdeyrggfqgmom.tif	1336841.504637	1336841.763225	1336842.453286	6.922982e-01	90	none	NaN	NaN
 130	2	59	74	kitchen	sun_acfmftudsenhrfhy.tif	1336843.223007	1336843.481597	1336844.171593	7.173210e-01	64	none	NaN	NaN
 130	2	60	109	kitchen	sun_aypmqwcualkenuoe.tif	1336844.933032	1336845.191624	1336845.881607	8.424351e-01	99	none	NaN	NaN
 130	2	61	105	kitchen	sun_avszsnwsbuqfgzbn.tif	1336846.643062	1336846.901648	1336847.591740	7.590257e-01	95	none	NaN	NaN
 130	2	62	67	kitchen	sun_aarfiyshqohlwkmo.tif	1336848.361429	1336848.620021	1336849.310182	6.839572e-01	57	none	NaN	NaN
 130	2	63	83	kitchen	sun_aeqdocilnnpuvuhx.tif	1336850.079802	1336850.338386	1336851.028492	6.672754e-01	73	none	NaN	NaN
 130	2	64	90	kitchen	sun_ahdycvpopffkzzsu.tif	1336851.798166	1336852.056755	1336852.746788	6.756163e-01	80	none	NaN	NaN
 130	2	65	75	kitchen	sun_acgtpgfybqjmzeyw.tif	1336853.516537	1336853.775129	1336854.465134	7.757076e-01	65	none	NaN	NaN
 130	2	66	101	kitchen	sun_aqeaevwwwjoqhzvl.tif	1336855.234903	1336855.493490	1336856.183615	7.757076e-01	91	none	NaN	NaN
 130	2	67	82	kitchen	sun_aenotlpyftoioydp.tif	1336856.953274	1336857.211868	1336857.901950	6.839572e-01	72	39	1336858.896539	1
 130	2	68	97	kitchen	sun_ajkqhtgcbgpcwrwn.tif	1336859.672638	1336859.931224	1336860.621417	7.006391e-01	87	none	NaN	NaN
 130	2	69	77	kitchen	sun_acxkpeoqbwcxfvip.tif	1336861.391005	1336861.649595	1336862.339754	7.340029e-01	67	none	NaN	NaN
 130	2	70	63	kitchen	labelme_rykdqxenmhulbdn.tif	1336863.109372	1336863.367966	1336864.058132	7.423438e-01	53	none	NaN	NaN
 130	2	71	87	kitchen	sun_agorklincwxrdtga.tif	1336864.827743	1336865.086334	1336865.776470	8.340942e-01	77	none	NaN	NaN
 130	2	72	84	kitchen	sun_aexklacwqwezaorf.tif	1336866.546110	1336866.804697	1336867.494881	7.673667e-01	74	none	NaN	NaN
 130	2	73	94	kitchen	sun_ahywdevtimnqcsln.tif	1336868.264479	1336868.523072	1336869.213174	6.922982e-01	84	37	1336870.248535	1
 130	2	74	65	kitchen	sun_aamedkxepzlwuxes.tif	1336871.025551	1336871.284133	1336871.974169	8.507761e-01	55	none	NaN	NaN
 130	2	75	96	kitchen	sun_ajcbwwvdlsvjyzje.tif	1336872.743920	1336873.002508	1336873.692485	7.506848e-01	86	39	1336874.496216	1
 130	2	76	106	kitchen	sun_awcpdzzznmweyyhv.tif	1336875.271420	1336875.530010	1336876.220049	8.007304e-01	96	none	NaN	NaN
 130	2	77	80	kitchen	sun_aegoxogugdkwpmpj.tif	1336876.989791	1336877.248373	1336877.938517	8.257533e-01	70	37	1336878.760384	1
 130	2	78	95	kitchen	sun_aixorpehvfykdynp.tif	1336879.533980	1336879.792569	1336880.482580	7.423438e-01	85	none	NaN	NaN
 130	2	79	81	kitchen	sun_aehawpgmrlhlvcow.tif	1336881.252350	1336881.510933	1336882.201002	8.174123e-01	71	none	NaN	NaN
 130	2	80	76	kitchen	sun_acwjdupvyjsugpay.tif	1336882.970716	1336883.229309	1336883.919492	6.589344e-01	66	39	1336885.384338	1
 130	2	81	61	kitchen	labelme_brsyyvweiuaazfr.tif	1336886.157204	1336886.415798	1336887.105805	8.090714e-01	51	none	NaN	NaN
 130	2	82	98	kitchen	sun_akchetnepxlcxhsu.tif	1336887.875574	1336888.134166	1336888.824355	8.007304e-01	88	none	NaN	NaN
 130	2	83	91	kitchen	sun_ahljzhgcdpomplvg.tif	1336889.593941	1336889.852533	1336890.542553	6.505935e-01	81	none	NaN	NaN
 130	2	84	72	kitchen	sun_abpwyqmlzafvklqo.tif	1336891.312318	1336891.570899	1336892.261086	6.589344e-01	62	none	NaN	NaN
 130	2	85	107	kitchen	sun_axyyrmzcupyhlivc.tif	1336893.030682	1336893.289271	1336893.979394	7.423438e-01	97	39	1336894.704457	1
 130	2	86	104	kitchen	sun_auticobqsbwgoppi.tif	1336895.474772	1336895.733360	1336896.423372	6.839572e-01	94	none	NaN	NaN
 130	2	87	108	kitchen	sun_aymvwlarqodbwuoc.tif	1336897.193142	1336897.451728	1336898.141756	7.256620e-01	98	none	NaN	NaN
 130	2	88	93	kitchen	sun_ahspylgoovwmwvgk.tif	1336898.911507	1336899.170099	1336899.860184	8.257533e-01	83	none	NaN	NaN
 130	2	89	86	kitchen	sun_aggjlwcdjsjcaemh.tif	1336900.629879	1336900.888463	1336901.578505	8.174123e-01	76	none	NaN	NaN
 130	2	90	103	kitchen	sun_aunzlwrbjumxhwdj.tif	1336902.348246	1336902.606837	1336903.296856	6.505935e-01	93	none	NaN	NaN
 130	2	91	73	kitchen	sun_abrcnpqqhmjwekyf.tif	1336904.066618	1336904.325208	1336905.015385	7.340029e-01	63	none	NaN	NaN
 130	2	92	89	kitchen	sun_agzzivivdpnawacl.tif	1336905.784987	1336906.043568	1336906.733753	7.673667e-01	79	none	NaN	NaN
 130	2	93	71	kitchen	sun_abftihopvusyfakt.tif	1336907.503353	1336907.761944	1336908.452115	6.756163e-01	61	none	NaN	NaN
 130	2	94	85	kitchen	sun_afuyedyxivkhecmu.tif	1336909.221721	1336909.480312	1336910.170368	8.507761e-01	75	none	NaN	NaN
 130	2	95	64	kitchen	sun_aadbddgrdsjugojn.tif	1336910.940088	1336911.198678	1336911.888728	6.672754e-01	54	none	NaN	NaN
 130	2	96	110	kitchen	sun_azmutvzbxypaceni.tif	1336912.658458	1336912.917051	1336913.607058	8.424351e-01	100	none	NaN	NaN
 130	2	97	70	kitchen	sun_abdxkyyxwfskuaqb.tif	1336914.376830	1336914.635419	1336915.325434	8.340942e-01	60	none	NaN	NaN
 130	2	98	99	kitchen	sun_akcjzhbbjlbogpdi.tif	1336916.095201	1336916.353791	1336917.043770	7.840485e-01	89	none	NaN	NaN
 130	2	99	79	kitchen	sun_admlmbcdswaszruo.tif	1336917.805227	1336918.063817	1336918.753804	8.090714e-01	69	none	NaN	NaN
 130	2	100	69	kitchen	sun_abdenxonkemggwsq.tif	1336919.523598	1336919.782183	1336920.472173	7.256620e-01	59	none	NaN	NaN
 130	3	1	27	bathroom	sun_ahcvzmoyaycdoftf.tif	1336926.063407	1336926.321995	1336927.137110	8.257533e-01	17	none	NaN	NaN
 130	3	2	21	bathroom	sun_aggnnqpdorgxpvce.tif	1336927.898558	1336928.157143	1336928.972419	6.922982e-01	11	39	1336930.072323	1
 130	3	3	19	bathroom	sun_aclfzgynxzxlbepz.tif	1336930.843143	1336931.101730	1336931.917023	8.257533e-01	9	none	NaN	NaN
 130	3	4	46	bathroom	sun_apmqjbnwghzuhhzh.tif	1336932.686633	1336932.945225	1336933.760494	7.089801e-01	36	none	NaN	NaN
 130	3	5	17	bathroom	sun_acegryoqftbzowsg.tif	1336934.530127	1336934.788718	1336935.603825	8.424351e-01	7	none	NaN	NaN
 130	3	6	34	bathroom	sun_alkosphxlxwjwgjd.tif	1336936.373621	1336936.632209	1336937.447322	7.256620e-01	24	none	NaN	NaN
 130	3	7	18	bathroom	sun_acgyywnybuveqsro.tif	1336938.217112	1336938.475702	1336939.290883	7.089801e-01	8	none	NaN	NaN
 130	3	8	38	bathroom	sun_anhioqovhscjqqwb.tif	1336940.060608	1336940.319193	1336941.134426	6.756163e-01	28	none	NaN	NaN
 130	3	9	50	bathroom	sun_aspsyogrekjtfozg.tif	1336941.904099	1336942.162688	1336942.977771	8.424351e-01	40	none	NaN	NaN
 130	3	10	29	bathroom	sun_ahqjwnzgolcaoidx.tif	1336943.747592	1336944.006178	1336944.821420	7.089801e-01	19	37	1336945.944377	1
 130	3	11	53	bathroom	sun_ausgutylgojavyoq.tif	1336946.717201	1336946.975794	1336947.790937	6.589344e-01	43	none	NaN	NaN
 130	3	12	59	bathroom	sun_axyrejkiiaqiurjk.tif	1336948.560698	1336948.819279	1336949.634528	7.840485e-01	49	none	NaN	NaN
 130	3	13	24	bathroom	sun_agrwbmhcpmfuwmsg.tif	1336950.404188	1336950.662779	1336951.478040	8.007304e-01	14	none	NaN	NaN
 130	3	14	58	bathroom	sun_axxbkopsgyouuebh.tif	1336952.247679	1336952.506264	1336953.321400	7.506848e-01	48	none	NaN	NaN
 130	3	15	31	bathroom	sun_akiytfaagpdsphgz.tif	1336954.091170	1336954.349764	1336955.165044	6.839572e-01	21	none	NaN	NaN
 130	3	16	13	bathroom	sun_aavhrsfjbserjtht.tif	1336955.934663	1336956.193254	1336957.008550	7.590257e-01	3	none	NaN	NaN
 130	3	17	54	bathroom	sun_auzqhkafidnkrwmo.tif	1336957.778159	1336958.036749	1336958.851852	8.340942e-01	44	37	1336959.872542	1
 130	3	18	37	bathroom	sun_amzlamotzwfkwjco.tif	1336960.647665	1336960.906257	1336961.721375	7.340029e-01	27	none	NaN	NaN
 130	3	19	49	bathroom	sun_asfwthctfqerjvxr.tif	1336962.482821	1336962.741410	1336963.556647	7.173210e-01	39	none	NaN	NaN
 130	3	20	45	bathroom	sun_apkxzenqapsujocq.tif	1336964.326312	1336964.584904	1336965.400157	6.756163e-01	35	none	NaN	NaN
 130	3	21	39	bathroom	sun_anryaplzeujmzfkd.tif	1336966.169809	1336966.428391	1336967.243543	6.505935e-01	29	none	NaN	NaN
 130	3	22	51	bathroom	sun_atstyziqcmkahyxk.tif	1336968.013302	1336968.271888	1336969.087103	7.673667e-01	41	none	NaN	NaN
 130	3	23	30	bathroom	sun_ajlawzvmubibwbpy.tif	1336969.856793	1336970.115380	1336970.930653	6.922982e-01	20	none	NaN	NaN
 130	3	24	33	bathroom	sun_aljolscmmzydegqp.tif	1336971.700285	1336971.958876	1336972.774041	7.840485e-01	23	none	NaN	NaN
 130	3	25	20	bathroom	sun_afcoljnjfoxjtgja.tif	1336973.543779	1336973.802368	1336974.617481	6.756163e-01	10	none	NaN	NaN
 130	3	26	60	bathroom	sun_azqyogdvyhahyram.tif	1336975.387268	1336975.645860	1336976.460999	8.090714e-01	50	none	NaN	NaN
 130	3	27	22	bathroom	sun_agguqiubmwhqqunb.tif	1336977.222420	1336977.481009	1336978.296157	7.673667e-01	12	39	1336978.952402	1
 130	3	28	55	bathroom	sun_avhrdrntsqrjzccq.tif	1336979.724901	1336979.983490	1336980.798626	7.173210e-01	45	none	NaN	NaN
 130	3	29	52	bathroom	sun_aunuadmjocsddsrl.tif	1336981.568393	1336981.826984	1336982.642110	7.006391e-01	42	none	NaN	NaN
 130	3	30	14	bathroom	sun_abapwbhyhkfixyex.tif	1336983.403552	1336983.662131	1336984.477397	7.923895e-01	4	none	NaN	NaN
 130	3	31	35	bathroom	sun_alotolagknyrgtsk.tif	1336985.247036	1336985.505630	1336986.320804	7.757076e-01	25	39	1336987.520319	1
 130	3	32	11	bathroom	labelme_sfxiulhjbhlyiyt.tif	1336988.291726	1336988.550315	1336989.365489	7.340029e-01	1	none	NaN	NaN
 130	3	33	48	bathroom	sun_aqrpegblszgcoujh.tif	1336990.135212	1336990.393802	1336991.208951	8.257533e-01	38	none	NaN	NaN
 130	3	34	28	bathroom	sun_ahijqszoswveeyji.tif	1336991.978706	1336992.237296	1336993.052522	7.506848e-01	18	39	1336994.136198	1
 130	3	35	57	bathroom	sun_axldvoqbuvuggfmq.tif	1336994.906605	1336995.165191	1336995.980376	7.923895e-01	47	none	NaN	NaN
 130	3	36	26	bathroom	sun_ahaulkltgpkeeemi.tif	1336996.750096	1336997.008682	1336997.823959	7.256620e-01	16	none	NaN	NaN
 130	3	37	23	bathroom	sun_aghyqhbptboemmoq.tif	1336998.593591	1336998.852181	1336999.667267	8.174123e-01	13	none	NaN	NaN
 130	3	38	47	bathroom	sun_apynckhmoftszqoq.tif	1337000.428745	1337000.687337	1337001.502510	7.423438e-01	37	none	NaN	NaN
 130	3	39	42	bathroom	sun_apeeialkgkuxddgh.tif	1337002.272239	1337002.530830	1337003.345925	7.673667e-01	32	39	1337004.296371	1
 130	3	40	25	bathroom	sun_agyqfjcfkdcydepw.tif	1337005.066673	1337005.325265	1337006.140349	6.839572e-01	15	none	NaN	NaN
 130	3	41	32	bathroom	sun_aleqenyvunhactkl.tif	1337006.901825	1337007.160410	1337007.975571	7.506848e-01	22	39	1337008.824451	1
 130	3	42	12	bathroom	sun_aapitsgbtktqubfy.tif	1337009.596163	1337009.854746	1337010.669989	8.007304e-01	2	none	NaN	NaN
 130	3	43	36	bathroom	sun_ambriybtogmepttm.tif	1337011.439654	1337011.698237	1337012.513367	7.006391e-01	26	none	NaN	NaN
 130	3	44	44	bathroom	sun_apkruvsevgegsdwp.tif	1337013.283148	1337013.541735	1337014.356846	8.507761e-01	34	none	NaN	NaN
 130	3	45	56	bathroom	sun_awnqiikzaispgmwo.tif	1337015.126641	1337015.385223	1337016.200485	6.756163e-01	46	none	NaN	NaN
 130	3	46	15	bathroom	sun_abjtwfukuwddzted.tif	1337016.970130	1337017.228716	1337018.043810	8.424351e-01	5	none	NaN	NaN
 130	3	47	16	bathroom	sun_acduarbnmmoglmiv.tif	1337018.805281	1337019.063871	1337019.878973	6.922982e-01	6	none	NaN	NaN
 130	3	48	43	bathroom	sun_apjevzvycyhuqghb.tif	1337020.648777	1337020.907368	1337021.722549	7.757076e-01	33	none	NaN	NaN
 130	3	49	40	bathroom	sun_aofnryafpsjimzsb.tif	1337022.492270	1337022.750860	1337023.565948	6.672754e-01	30	none	NaN	NaN
 130	3	50	41	bathroom	sun_aoybiabnpadelefl.tif	1337024.327423	1337024.586009	1337025.401218	6.672754e-01	31	none	NaN	NaN
 130	3	51	27	bathroom	sun_ahcvzmoyaycdoftf.tif	1337026.170914	1337026.429504	1337027.244771	8.340942e-01	17	37	1337027.904196	1
 130	3	52	36	bathroom	sun_ambriybtogmepttm.tif	1337028.681732	1337028.940320	1337029.755469	8.340942e-01	26	none	NaN	NaN
 130	3	53	37	bathroom	sun_amzlamotzwfkwjco.tif	1337030.525225	1337030.783813	1337031.598934	8.090714e-01	27	none	NaN	NaN
 130	3	54	14	bathroom	sun_abapwbhyhkfixyex.tif	1337032.368721	1337032.627312	1337033.442464	8.007304e-01	4	none	NaN	NaN
 130	3	55	40	bathroom	sun_aofnryafpsjimzsb.tif	1337034.212213	1337034.470798	1337035.285998	7.173210e-01	30	none	NaN	NaN
 130	3	56	41	bathroom	sun_aoybiabnpadelefl.tif	1337036.055702	1337036.314294	1337037.129443	6.589344e-01	31	none	NaN	NaN
 130	3	57	39	bathroom	sun_anryaplzeujmzfkd.tif	1337037.899195	1337038.157785	1337038.973484	6.839572e-01	29	none	NaN	NaN
 130	3	58	43	bathroom	sun_apjevzvycyhuqghb.tif	1337039.742693	1337040.001283	1337040.816499	6.922982e-01	33	none	NaN	NaN
 130	3	59	60	bathroom	sun_azqyogdvyhahyram.tif	1337041.586183	1337041.844775	1337042.660032	7.006391e-01	50	39	1337043.360358	1
 130	3	60	38	bathroom	sun_anhioqovhscjqqwb.tif	1337044.138708	1337044.397301	1337045.212553	7.256620e-01	28	none	NaN	NaN
 130	3	61	12	bathroom	sun_aapitsgbtktqubfy.tif	1337045.982207	1337046.240796	1337047.056002	7.423438e-01	2	none	NaN	NaN
 130	3	62	11	bathroom	labelme_sfxiulhjbhlyiyt.tif	1337047.825698	1337048.084289	1337048.899527	7.757076e-01	1	none	NaN	NaN
 130	3	63	30	bathroom	sun_ajlawzvmubibwbpy.tif	1337049.669187	1337049.927777	1337050.743059	8.174123e-01	20	none	NaN	NaN
 130	3	64	28	bathroom	sun_ahijqszoswveeyji.tif	1337051.512684	1337051.771277	1337052.586554	6.505935e-01	18	none	NaN	NaN
 130	3	65	48	bathroom	sun_aqrpegblszgcoujh.tif	1337053.356174	1337053.614770	1337054.429983	7.506848e-01	38	none	NaN	NaN
 130	3	66	25	bathroom	sun_agyqfjcfkdcydepw.tif	1337055.199669	1337055.458259	1337056.273415	7.423438e-01	15	none	NaN	NaN
 130	3	67	23	bathroom	sun_aghyqhbptboemmoq.tif	1337057.043163	1337057.301751	1337058.116904	6.922982e-01	13	none	NaN	NaN
 130	3	68	16	bathroom	sun_acduarbnmmoglmiv.tif	1337058.878318	1337059.136903	1337059.952064	7.340029e-01	6	none	NaN	NaN
 130	3	69	58	bathroom	sun_axxbkopsgyouuebh.tif	1337060.721806	1337060.980393	1337061.795559	8.257533e-01	48	none	NaN	NaN
 130	3	70	21	bathroom	sun_aggnnqpdorgxpvce.tif	1337062.565303	1337062.823889	1337063.638997	8.174123e-01	11	none	NaN	NaN
 130	3	71	26	bathroom	sun_ahaulkltgpkeeemi.tif	1337064.400451	1337064.659044	1337065.474308	8.090714e-01	16	none	NaN	NaN
 130	3	72	34	bathroom	sun_alkosphxlxwjwgjd.tif	1337066.243945	1337066.502533	1337067.317774	6.505935e-01	24	none	NaN	NaN
 130	3	73	52	bathroom	sun_aunuadmjocsddsrl.tif	1337068.087439	1337068.346025	1337069.161163	6.672754e-01	42	none	NaN	NaN
 130	3	74	15	bathroom	sun_abjtwfukuwddzted.tif	1337069.930927	1337070.189518	1337071.004612	7.590257e-01	5	none	NaN	NaN
 130	3	75	13	bathroom	sun_aavhrsfjbserjtht.tif	1337071.766085	1337072.024671	1337072.839923	7.673667e-01	3	none	NaN	NaN
 130	3	76	46	bathroom	sun_apmqjbnwghzuhhzh.tif	1337073.609575	1337073.868161	1337074.683432	8.424351e-01	36	none	NaN	NaN
 130	3	77	59	bathroom	sun_axyrejkiiaqiurjk.tif	1337075.453068	1337075.711660	1337076.526901	7.923895e-01	49	none	NaN	NaN
 130	3	78	42	bathroom	sun_apeeialkgkuxddgh.tif	1337077.296560	1337077.555150	1337078.370290	7.840485e-01	32	none	NaN	NaN
 130	3	79	24	bathroom	sun_agrwbmhcpmfuwmsg.tif	1337079.140048	1337079.398643	1337080.213888	8.007304e-01	14	none	NaN	NaN
 130	3	80	35	bathroom	sun_alotolagknyrgtsk.tif	1337080.983547	1337081.242135	1337082.057400	7.173210e-01	25	37	1337083.384469	1
 130	3	81	57	bathroom	sun_axldvoqbuvuggfmq.tif	1337084.161691	1337084.420280	1337085.235402	8.257533e-01	47	none	NaN	NaN
 130	3	82	32	bathroom	sun_aleqenyvunhactkl.tif	1337086.005185	1337086.263774	1337087.078943	7.423438e-01	22	none	NaN	NaN
 130	3	83	55	bathroom	sun_avhrdrntsqrjzccq.tif	1337087.848681	1337088.107266	1337088.922455	7.923895e-01	45	37	1337089.856457	1
 130	3	84	22	bathroom	sun_agguqiubmwhqqunb.tif	1337090.634776	1337090.893364	1337091.708603	6.589344e-01	12	none	NaN	NaN
 130	3	85	45	bathroom	sun_apkxzenqapsujocq.tif	1337092.478267	1337092.736860	1337093.551941	7.340029e-01	35	none	NaN	NaN
 130	3	86	20	bathroom	sun_afcoljnjfoxjtgja.tif	1337094.313420	1337094.572007	1337095.387145	7.840485e-01	10	37	1337096.480387	1
 130	3	87	19	bathroom	sun_aclfzgynxzxlbepz.tif	1337097.257997	1337097.516591	1337098.331695	7.590257e-01	9	none	NaN	NaN
 130	3	88	31	bathroom	sun_akiytfaagpdsphgz.tif	1337099.093156	1337099.351743	1337100.167009	7.590257e-01	21	none	NaN	NaN
 130	3	89	47	bathroom	sun_apynckhmoftszqoq.tif	1337100.936645	1337101.195229	1337102.010422	8.507761e-01	37	none	NaN	NaN
 130	3	90	17	bathroom	sun_acegryoqftbzowsg.tif	1337102.780139	1337103.038729	1337103.853854	6.839572e-01	7	none	NaN	NaN
 130	3	91	33	bathroom	sun_aljolscmmzydegqp.tif	1337104.623628	1337104.882222	1337105.697501	7.256620e-01	23	none	NaN	NaN
 130	3	92	51	bathroom	sun_atstyziqcmkahyxk.tif	1337106.467122	1337106.725713	1337107.540946	6.672754e-01	41	37	1337108.824442	1
 130	3	93	54	bathroom	sun_auzqhkafidnkrwmo.tif	1337109.595223	1337109.853814	1337110.669018	8.174123e-01	44	none	NaN	NaN
 130	3	94	18	bathroom	sun_acgyywnybuveqsro.tif	1337111.430374	1337111.688964	1337112.504078	7.006391e-01	8	none	NaN	NaN
 130	3	95	50	bathroom	sun_aspsyogrekjtfozg.tif	1337113.273866	1337113.532456	1337114.347679	7.089801e-01	40	none	NaN	NaN
 130	3	96	53	bathroom	sun_ausgutylgojavyoq.tif	1337115.117359	1337115.375947	1337116.191040	7.757076e-01	43	none	NaN	NaN
 130	3	97	56	bathroom	sun_awnqiikzaispgmwo.tif	1337116.952515	1337117.211100	1337118.026243	8.090714e-01	46	37	1337119.208504	1
 130	3	98	49	bathroom	sun_asfwthctfqerjvxr.tif	1337119.980514	1337120.239096	1337121.054256	7.590257e-01	39	none	NaN	NaN
 130	3	99	44	bathroom	sun_apkruvsevgegsdwp.tif	1337121.824005	1337122.082592	1337122.897790	6.589344e-01	34	none	NaN	NaN
 130	3	100	29	bathroom	sun_ahqjwnzgolcaoidx.tif	1337123.667502	1337123.926085	1337124.741247	8.340942e-01	19	none	NaN	NaN
 130	4	1	68	kitchen	sun_aaxxjlsuzvqlgylf.tif	1337134.219620	1337134.478207	1337135.176720	7.256620e-01	58	none	NaN	NaN
 130	4	2	77	kitchen	sun_acxkpeoqbwcxfvip.tif	1337135.946329	1337136.204914	1337136.903273	7.006391e-01	67	none	NaN	NaN
 130	4	3	79	kitchen	sun_admlmbcdswaszruo.tif	1337137.673038	1337137.931627	1337138.630148	8.174123e-01	69	none	NaN	NaN
 130	4	4	86	kitchen	sun_aggjlwcdjsjcaemh.tif	1337139.399750	1337139.658337	1337140.356706	7.089801e-01	76	none	NaN	NaN
 130	4	5	94	kitchen	sun_ahywdevtimnqcsln.tif	1337141.126462	1337141.385048	1337142.083528	7.006391e-01	84	none	NaN	NaN
 130	4	6	95	kitchen	sun_aixorpehvfykdynp.tif	1337142.853172	1337143.111755	1337143.810109	6.756163e-01	85	none	NaN	NaN
 130	4	7	75	kitchen	sun_acgtpgfybqjmzeyw.tif	1337144.579885	1337144.838474	1337145.536956	7.506848e-01	65	none	NaN	NaN
 130	4	8	88	kitchen	sun_agubuxuukhzyzpdp.tif	1337146.306589	1337146.565179	1337147.263492	6.589344e-01	78	none	NaN	NaN
 130	4	9	85	kitchen	sun_afuyedyxivkhecmu.tif	1337148.033301	1337148.291890	1337148.990296	7.840485e-01	75	37	1337149.552508	1
 130	4	10	104	kitchen	sun_auticobqsbwgoppi.tif	1337150.327242	1337150.585827	1337151.284155	7.590257e-01	94	39	1337152.008492	1
 130	4	11	72	kitchen	sun_abpwyqmlzafvklqo.tif	1337152.779671	1337153.038263	1337153.736704	7.923895e-01	62	none	NaN	NaN
 130	4	12	66	kitchen	sun_aapllqyqlykszopd.tif	1337154.506384	1337154.764969	1337155.463488	7.256620e-01	56	none	NaN	NaN
 130	4	13	69	kitchen	sun_abdenxonkemggwsq.tif	1337156.233095	1337156.491681	1337157.190137	8.090714e-01	59	39	1337157.944569	1
 130	4	14	108	kitchen	sun_aymvwlarqodbwuoc.tif	1337158.718890	1337158.977478	1337159.675910	6.756163e-01	98	none	NaN	NaN
 130	4	15	105	kitchen	sun_avszsnwsbuqfgzbn.tif	1337160.445595	1337160.704191	1337161.402603	7.506848e-01	95	none	NaN	NaN
 130	4	16	78	kitchen	sun_adgqasybjyktddhj.tif	1337162.172313	1337162.430900	1337163.129225	8.007304e-01	68	none	NaN	NaN
 130	4	17	101	kitchen	sun_aqeaevwwwjoqhzvl.tif	1337163.899016	1337164.157609	1337164.856119	8.507761e-01	91	39	1337165.424411	1
 130	4	18	99	kitchen	sun_akcjzhbbjlbogpdi.tif	1337166.201296	1337166.459889	1337167.158350	6.839572e-01	89	none	NaN	NaN
 130	4	19	90	kitchen	sun_ahdycvpopffkzzsu.tif	1337167.928011	1337168.186597	1337168.884969	7.423438e-01	80	none	NaN	NaN
 130	4	20	70	kitchen	sun_abdxkyyxwfskuaqb.tif	1337169.654723	1337169.913314	1337170.611710	8.340942e-01	60	none	NaN	NaN
 130	4	21	81	kitchen	sun_aehawpgmrlhlvcow.tif	1337171.381434	1337171.640022	1337172.338520	8.007304e-01	71	39	1337172.992480	1
 130	4	22	106	kitchen	sun_awcpdzzznmweyyhv.tif	1337173.767128	1337174.025714	1337174.724200	8.090714e-01	96	none	NaN	NaN
 130	4	23	93	kitchen	sun_ahspylgoovwmwvgk.tif	1337175.493837	1337175.752424	1337176.450947	6.505935e-01	83	none	NaN	NaN
 130	4	24	97	kitchen	sun_ajkqhtgcbgpcwrwn.tif	1337177.220550	1337177.479141	1337178.177640	7.173210e-01	87	none	NaN	NaN
 130	4	25	91	kitchen	sun_ahljzhgcdpomplvg.tif	1337178.947262	1337179.205851	1337179.904287	7.256620e-01	81	none	NaN	NaN
 130	4	26	96	kitchen	sun_ajcbwwvdlsvjyzje.tif	1337180.673970	1337180.932557	1337181.630980	8.090714e-01	86	none	NaN	NaN
 130	4	27	62	kitchen	labelme_kxvouciolcpqplr.tif	1337182.400681	1337182.659272	1337183.357667	7.757076e-01	52	none	NaN	NaN
 130	4	28	109	kitchen	sun_aypmqwcualkenuoe.tif	1337184.127392	1337184.385981	1337185.084509	7.757076e-01	99	37	1337187.232511	1
 130	4	29	76	kitchen	sun_acwjdupvyjsugpay.tif	1337188.006238	1337188.264824	1337188.963246	8.090714e-01	66	none	NaN	NaN
 130	4	30	87	kitchen	sun_agorklincwxrdtga.tif	1337189.732945	1337189.991530	1337190.689939	8.424351e-01	77	none	NaN	NaN
 130	4	31	102	kitchen	sun_auaiucuqpdausiva.tif	1337191.459655	1337191.718243	1337192.416668	8.340942e-01	92	none	NaN	NaN
 130	4	32	110	kitchen	sun_azmutvzbxypaceni.tif	1337193.186365	1337193.444952	1337194.143298	7.673667e-01	100	39	1337194.824379	1
 130	4	33	98	kitchen	sun_akchetnepxlcxhsu.tif	1337195.597090	1337195.855675	1337196.554046	6.672754e-01	88	none	NaN	NaN
 130	4	34	100	kitchen	sun_amjjdeyrggfqgmom.tif	1337197.323797	1337197.582387	1337198.280773	7.340029e-01	90	39	1337198.872480	0
 130	4	35	107	kitchen	sun_axyyrmzcupyhlivc.tif	1337199.642759	1337199.901351	1337200.600013	7.673667e-01	97	none	NaN	NaN
 130	4	36	65	kitchen	sun_aamedkxepzlwuxes.tif	1337201.369473	1337201.628063	1337202.326484	8.174123e-01	55	none	NaN	NaN
 130	4	37	64	kitchen	sun_aadbddgrdsjugojn.tif	1337203.096179	1337203.354769	1337204.053082	7.340029e-01	54	37	1337204.952528	1
 130	4	38	89	kitchen	sun_agzzivivdpnawacl.tif	1337205.723787	1337205.982375	1337206.680703	8.424351e-01	79	none	NaN	NaN
 130	4	39	103	kitchen	sun_aunzlwrbjumxhwdj.tif	1337207.450496	1337207.709086	1337208.407474	6.839572e-01	93	none	NaN	NaN
 130	4	40	71	kitchen	sun_abftihopvusyfakt.tif	1337209.168838	1337209.427453	1337210.125743	7.423438e-01	61	none	NaN	NaN
 130	4	41	83	kitchen	sun_aeqdocilnnpuvuhx.tif	1337210.887234	1337211.145821	1337211.844240	6.505935e-01	73	none	NaN	NaN
 130	4	42	73	kitchen	sun_abrcnpqqhmjwekyf.tif	1337212.613943	1337212.872529	1337213.571029	6.505935e-01	63	none	NaN	NaN
 130	4	43	84	kitchen	sun_aexklacwqwezaorf.tif	1337214.340652	1337214.599242	1337215.297706	7.173210e-01	74	none	NaN	NaN
 130	4	44	92	kitchen	sun_ahpczsiumwwocjkv.tif	1337216.067367	1337216.325954	1337217.024432	7.673667e-01	82	none	NaN	NaN
 130	4	45	82	kitchen	sun_aenotlpyftoioydp.tif	1337217.794075	1337218.052667	1337218.751069	8.257533e-01	72	39	1337219.456179	1
 130	4	46	80	kitchen	sun_aegoxogugdkwpmpj.tif	1337220.229825	1337220.488411	1337221.186838	6.922982e-01	70	none	NaN	NaN
 130	4	47	61	kitchen	labelme_brsyyvweiuaazfr.tif	1337221.956536	1337222.215125	1337222.913598	7.089801e-01	51	none	NaN	NaN
 130	4	48	63	kitchen	labelme_rykdqxenmhulbdn.tif	1337223.683241	1337223.941834	1337224.640231	8.174123e-01	53	37	1337225.424170	1
 130	4	49	67	kitchen	sun_aarfiyshqohlwkmo.tif	1337226.202405	1337226.460995	1337227.159510	7.006391e-01	57	none	NaN	NaN
 130	4	50	74	kitchen	sun_acfmftudsenhrfhy.tif	1337227.929116	1337228.187707	1337228.886055	7.423438e-01	64	none	NaN	NaN
 130	4	51	91	kitchen	sun_ahljzhgcdpomplvg.tif	1337229.655823	1337229.914417	1337230.612792	7.923895e-01	81	none	NaN	NaN
 130	4	52	85	kitchen	sun_afuyedyxivkhecmu.tif	1337231.382540	1337231.641126	1337232.339635	8.257533e-01	75	none	NaN	NaN
 130	4	53	78	kitchen	sun_adgqasybjyktddhj.tif	1337233.109248	1337233.367840	1337234.066210	6.756163e-01	68	none	NaN	NaN
 130	4	54	92	kitchen	sun_ahpczsiumwwocjkv.tif	1337234.835956	1337235.094550	1337235.792976	6.589344e-01	82	none	NaN	NaN
 130	4	55	87	kitchen	sun_agorklincwxrdtga.tif	1337236.562670	1337236.821258	1337237.519649	8.257533e-01	77	none	NaN	NaN
 130	4	56	102	kitchen	sun_auaiucuqpdausiva.tif	1337238.289381	1337238.547971	1337239.246448	7.256620e-01	92	none	NaN	NaN
 130	4	57	66	kitchen	sun_aapllqyqlykszopd.tif	1337240.016088	1337240.274677	1337240.972991	8.007304e-01	56	39	1337241.736318	1
 130	4	58	106	kitchen	sun_awcpdzzznmweyyhv.tif	1337242.510228	1337242.768816	1337243.467268	7.089801e-01	96	none	NaN	NaN
 130	4	59	64	kitchen	sun_aadbddgrdsjugojn.tif	1337244.236937	1337244.495530	1337245.193888	7.089801e-01	54	none	NaN	NaN
 130	4	60	80	kitchen	sun_aegoxogugdkwpmpj.tif	1337245.963648	1337246.222236	1337246.920609	6.672754e-01	70	none	NaN	NaN
 130	4	61	73	kitchen	sun_abrcnpqqhmjwekyf.tif	1337247.690361	1337247.948948	1337248.647304	7.673667e-01	63	none	NaN	NaN
 130	4	62	105	kitchen	sun_avszsnwsbuqfgzbn.tif	1337249.417073	1337249.675661	1337250.374001	7.423438e-01	95	none	NaN	NaN
 130	4	63	62	kitchen	labelme_kxvouciolcpqplr.tif	1337251.143781	1337251.402372	1337252.100798	7.173210e-01	52	none	NaN	NaN
 130	4	64	89	kitchen	sun_agzzivivdpnawacl.tif	1337252.870491	1337253.129077	1337253.827553	6.672754e-01	79	none	NaN	NaN
 130	4	65	103	kitchen	sun_aunzlwrbjumxhwdj.tif	1337254.597204	1337254.855794	1337255.554155	8.257533e-01	93	37	1337256.440536	1
 130	4	66	108	kitchen	sun_aymvwlarqodbwuoc.tif	1337257.216457	1337257.475053	1337258.173471	8.424351e-01	98	none	NaN	NaN
 130	4	67	72	kitchen	sun_abpwyqmlzafvklqo.tif	1337258.943173	1337259.201764	1337259.900154	7.590257e-01	62	none	NaN	NaN
 130	4	68	70	kitchen	sun_abdxkyyxwfskuaqb.tif	1337260.669887	1337260.928475	1337261.627002	6.922982e-01	60	none	NaN	NaN
 130	4	69	68	kitchen	sun_aaxxjlsuzvqlgylf.tif	1337262.396596	1337262.655184	1337263.353565	6.756163e-01	58	37	1337264.288166	1
 130	4	70	110	kitchen	sun_azmutvzbxypaceni.tif	1337265.065908	1337265.324495	1337266.022875	7.506848e-01	100	none	NaN	NaN
 130	4	71	107	kitchen	sun_axyyrmzcupyhlivc.tif	1337266.792616	1337267.051204	1337267.749607	6.922982e-01	97	none	NaN	NaN
 130	4	72	97	kitchen	sun_ajkqhtgcbgpcwrwn.tif	1337268.519328	1337268.777916	1337269.476385	7.340029e-01	87	none	NaN	NaN
 130	4	73	65	kitchen	sun_aamedkxepzlwuxes.tif	1337270.246035	1337270.504628	1337271.202981	7.590257e-01	55	39	1337272.128388	1
 130	4	74	99	kitchen	sun_akcjzhbbjlbogpdi.tif	1337272.907009	1337273.165596	1337273.864046	6.839572e-01	89	none	NaN	NaN
 130	4	75	94	kitchen	sun_ahywdevtimnqcsln.tif	1337274.633720	1337274.892302	1337275.590775	7.840485e-01	84	none	NaN	NaN
 130	4	76	83	kitchen	sun_aeqdocilnnpuvuhx.tif	1337276.360427	1337276.619016	1337277.317360	8.340942e-01	73	none	NaN	NaN
 130	4	77	86	kitchen	sun_aggjlwcdjsjcaemh.tif	1337278.087142	1337278.345727	1337279.044041	6.672754e-01	76	none	NaN	NaN
 130	4	78	95	kitchen	sun_aixorpehvfykdynp.tif	1337279.805510	1337280.064096	1337280.762603	7.590257e-01	85	none	NaN	NaN
 130	4	79	74	kitchen	sun_acfmftudsenhrfhy.tif	1337281.532215	1337281.790804	1337282.489224	7.590257e-01	64	none	NaN	NaN
 130	4	80	77	kitchen	sun_acxkpeoqbwcxfvip.tif	1337283.258931	1337283.517518	1337284.215959	7.757076e-01	67	none	NaN	NaN
 130	4	81	79	kitchen	sun_admlmbcdswaszruo.tif	1337284.985642	1337285.244229	1337285.942555	7.923895e-01	69	none	NaN	NaN
 130	4	82	84	kitchen	sun_aexklacwqwezaorf.tif	1337286.704007	1337286.962596	1337287.661090	8.507761e-01	74	none	NaN	NaN
 130	4	83	88	kitchen	sun_agubuxuukhzyzpdp.tif	1337288.430719	1337288.689307	1337289.387647	7.923895e-01	78	none	NaN	NaN
 130	4	84	109	kitchen	sun_aypmqwcualkenuoe.tif	1337290.157426	1337290.416017	1337291.114343	8.424351e-01	99	none	NaN	NaN
 130	4	85	63	kitchen	labelme_rykdqxenmhulbdn.tif	1337291.875803	1337292.134383	1337292.832914	6.589344e-01	53	none	NaN	NaN
 130	4	86	101	kitchen	sun_aqeaevwwwjoqhzvl.tif	1337293.602510	1337293.861097	1337294.559475	8.340942e-01	91	none	NaN	NaN
 130	4	87	93	kitchen	sun_ahspylgoovwmwvgk.tif	1337295.329218	1337295.587807	1337296.286190	7.840485e-01	83	none	NaN	NaN
 130	4	88	81	kitchen	sun_aehawpgmrlhlvcow.tif	1337297.055927	1337297.314521	1337298.012919	7.340029e-01	71	none	NaN	NaN
 130	4	89	90	kitchen	sun_ahdycvpopffkzzsu.tif	1337298.782640	1337299.041230	1337299.739664	8.257533e-01	80	none	NaN	NaN
 130	4	90	98	kitchen	sun_akchetnepxlcxhsu.tif	1337300.509355	1337300.767939	1337301.466464	7.757076e-01	88	none	NaN	NaN
 130	4	91	69	kitchen	sun_abdenxonkemggwsq.tif	1337302.236062	1337302.494652	1337303.193081	6.922982e-01	59	none	NaN	NaN
 130	4	92	96	kitchen	sun_ajcbwwvdlsvjyzje.tif	1337303.962771	1337304.221359	1337304.919792	6.839572e-01	86	none	NaN	NaN
 130	4	93	75	kitchen	sun_acgtpgfybqjmzeyw.tif	1337305.689480	1337305.948070	1337306.646585	8.174123e-01	65	none	NaN	NaN
 130	4	94	76	kitchen	sun_acwjdupvyjsugpay.tif	1337307.416190	1337307.674780	1337308.373113	7.173210e-01	66	none	NaN	NaN
 130	4	95	104	kitchen	sun_auticobqsbwgoppi.tif	1337309.134563	1337309.393152	1337310.091478	8.007304e-01	94	none	NaN	NaN
 130	4	96	82	kitchen	sun_aenotlpyftoioydp.tif	1337310.852934	1337311.111518	1337311.810018	7.840485e-01	72	none	NaN	NaN
 130	4	97	61	kitchen	labelme_brsyyvweiuaazfr.tif	1337312.579640	1337312.838233	1337313.536624	7.006391e-01	51	none	NaN	NaN
 130	4	98	71	kitchen	sun_abftihopvusyfakt.tif	1337314.306350	1337314.564940	1337315.263261	6.589344e-01	61	none	NaN	NaN
 130	4	99	67	kitchen	sun_aarfiyshqohlwkmo.tif	1337316.024724	1337316.283311	1337316.981711	6.922982e-01	57	none	NaN	NaN
 130	4	100	100	kitchen	sun_amjjdeyrggfqgmom.tif	1337317.751432	1337318.010023	1337318.708545	7.506848e-01	90	none	NaN	NaN
 130	5	1	47	bathroom	sun_apynckhmoftszqoq.tif	1337328.370282	1337328.628871	1337329.335662	7.590257e-01	37	none	NaN	NaN
 130	5	2	55	bathroom	sun_avhrdrntsqrjzccq.tif	1337330.105339	1337330.363924	1337331.070640	6.505935e-01	45	39	1337332.360363	1
 130	5	3	45	bathroom	sun_apkxzenqapsujocq.tif	1337333.133339	1337333.391925	1337334.098610	7.423438e-01	35	none	NaN	NaN
 130	5	4	41	bathroom	sun_aoybiabnpadelefl.tif	1337334.868387	1337335.126976	1337335.833755	7.089801e-01	31	none	NaN	NaN
 130	5	5	21	bathroom	sun_aggnnqpdorgxpvce.tif	1337336.603441	1337336.862024	1337337.568888	7.173210e-01	11	none	NaN	NaN
 130	5	6	36	bathroom	sun_ambriybtogmepttm.tif	1337338.338492	1337338.597076	1337339.303939	8.507761e-01	26	none	NaN	NaN
 130	5	7	24	bathroom	sun_agrwbmhcpmfuwmsg.tif	1337340.073544	1337340.332133	1337341.038793	6.756163e-01	14	none	NaN	NaN
 130	5	8	37	bathroom	sun_amzlamotzwfkwjco.tif	1337341.800254	1337342.058843	1337342.765572	7.006391e-01	27	none	NaN	NaN
 130	5	9	20	bathroom	sun_afcoljnjfoxjtgja.tif	1337343.535302	1337343.793895	1337344.500628	7.256620e-01	10	none	NaN	NaN
 130	5	10	40	bathroom	sun_aofnryafpsjimzsb.tif	1337345.270364	1337345.528946	1337346.235713	7.506848e-01	30	none	NaN	NaN
 130	5	11	42	bathroom	sun_apeeialkgkuxddgh.tif	1337347.005412	1337347.264001	1337347.970759	8.090714e-01	32	none	NaN	NaN
 130	5	12	13	bathroom	sun_aavhrsfjbserjtht.tif	1337348.740465	1337348.999048	1337349.705776	8.174123e-01	3	none	NaN	NaN
 130	5	13	11	bathroom	labelme_sfxiulhjbhlyiyt.tif	1337350.475514	1337350.734108	1337351.440935	7.256620e-01	1	none	NaN	NaN
 130	5	14	34	bathroom	sun_alkosphxlxwjwgjd.tif	1337352.210570	1337352.469158	1337353.175929	6.589344e-01	24	37	1337354.064393	1
 130	5	15	51	bathroom	sun_atstyziqcmkahyxk.tif	1337354.838171	1337355.096760	1337355.803598	7.256620e-01	41	39	1337356.648148	1
 130	5	16	32	bathroom	sun_aleqenyvunhactkl.tif	1337357.424067	1337357.682656	1337358.389352	7.840485e-01	22	none	NaN	NaN
 130	5	17	26	bathroom	sun_ahaulkltgpkeeemi.tif	1337359.159117	1337359.417708	1337360.124464	7.923895e-01	16	none	NaN	NaN
 130	5	18	33	bathroom	sun_aljolscmmzydegqp.tif	1337360.894169	1337361.152760	1337361.859459	7.006391e-01	23	37	1337362.688378	1
 130	5	19	28	bathroom	sun_ahijqszoswveeyji.tif	1337363.463380	1337363.721977	1337364.428749	7.006391e-01	18	none	NaN	NaN
 130	5	20	19	bathroom	sun_aclfzgynxzxlbepz.tif	1337365.198431	1337365.457025	1337366.163815	7.590257e-01	9	none	NaN	NaN
 130	5	21	35	bathroom	sun_alotolagknyrgtsk.tif	1337366.933488	1337367.192077	1337367.898778	7.173210e-01	25	none	NaN	NaN
 130	5	22	58	bathroom	sun_axxbkopsgyouuebh.tif	1337368.668540	1337368.927127	1337369.633818	8.507761e-01	48	none	NaN	NaN
 130	5	23	27	bathroom	sun_ahcvzmoyaycdoftf.tif	1337370.403591	1337370.662180	1337371.368995	7.173210e-01	17	none	NaN	NaN
 130	5	24	23	bathroom	sun_aghyqhbptboemmoq.tif	1337372.138645	1337372.397230	1337373.104044	8.090714e-01	13	none	NaN	NaN
 130	5	25	56	bathroom	sun_awnqiikzaispgmwo.tif	1337373.873695	1337374.132288	1337374.838941	8.174123e-01	46	none	NaN	NaN
 130	5	26	15	bathroom	sun_abjtwfukuwddzted.tif	1337375.608747	1337375.867336	1337376.574120	7.423438e-01	5	none	NaN	NaN
 130	5	27	48	bathroom	sun_aqrpegblszgcoujh.tif	1337377.343798	1337377.602387	1337378.309203	8.424351e-01	38	none	NaN	NaN
 130	5	28	18	bathroom	sun_acgyywnybuveqsro.tif	1337379.078853	1337379.337438	1337380.044244	8.174123e-01	8	none	NaN	NaN
 130	5	29	60	bathroom	sun_azqyogdvyhahyram.tif	1337380.813904	1337381.072491	1337381.779174	8.007304e-01	50	none	NaN	NaN
 130	5	30	46	bathroom	sun_apmqjbnwghzuhhzh.tif	1337382.540616	1337382.799207	1337383.506022	6.756163e-01	36	none	NaN	NaN
 130	5	31	30	bathroom	sun_ajlawzvmubibwbpy.tif	1337384.275664	1337384.534254	1337385.241100	6.589344e-01	20	none	NaN	NaN
 130	5	32	31	bathroom	sun_akiytfaagpdsphgz.tif	1337386.010718	1337386.269308	1337386.975996	8.424351e-01	21	none	NaN	NaN
 130	5	33	16	bathroom	sun_acduarbnmmoglmiv.tif	1337387.745773	1337388.004357	1337388.711042	6.672754e-01	6	none	NaN	NaN
 130	5	34	29	bathroom	sun_ahqjwnzgolcaoidx.tif	1337389.480823	1337389.739414	1337390.446102	7.089801e-01	19	39	1337391.168515	1
 130	5	35	49	bathroom	sun_asfwthctfqerjvxr.tif	1337391.941594	1337392.200185	1337392.906968	7.673667e-01	39	none	NaN	NaN
 130	5	36	43	bathroom	sun_apjevzvycyhuqghb.tif	1337393.676650	1337393.935238	1337394.641978	8.007304e-01	33	none	NaN	NaN
 130	5	37	22	bathroom	sun_agguqiubmwhqqunb.tif	1337395.411699	1337395.670289	1337396.377065	7.006391e-01	12	none	NaN	NaN
 130	5	38	17	bathroom	sun_acegryoqftbzowsg.tif	1337397.146751	1337397.405338	1337398.112010	6.672754e-01	7	none	NaN	NaN
 130	5	39	44	bathroom	sun_apkruvsevgegsdwp.tif	1337398.873464	1337399.132047	1337399.838785	7.757076e-01	34	39	1337400.760358	1
 130	5	40	52	bathroom	sun_aunuadmjocsddsrl.tif	1337401.534426	1337401.793039	1337402.499774	8.007304e-01	42	none	NaN	NaN
 130	5	41	59	bathroom	sun_axyrejkiiaqiurjk.tif	1337403.269487	1337403.528070	1337404.234762	8.007304e-01	49	none	NaN	NaN
 130	5	42	53	bathroom	sun_ausgutylgojavyoq.tif	1337405.004535	1337405.263125	1337405.969822	7.089801e-01	43	none	NaN	NaN
 130	5	43	12	bathroom	sun_aapitsgbtktqubfy.tif	1337406.739588	1337406.998174	1337407.704914	6.589344e-01	2	none	NaN	NaN
 130	5	44	25	bathroom	sun_agyqfjcfkdcydepw.tif	1337408.474643	1337408.733228	1337409.440020	7.673667e-01	15	none	NaN	NaN
 130	5	45	14	bathroom	sun_abapwbhyhkfixyex.tif	1337410.209691	1337410.468277	1337411.174932	7.590257e-01	4	none	NaN	NaN
 130	5	46	54	bathroom	sun_auzqhkafidnkrwmo.tif	1337411.936404	1337412.194989	1337412.901811	8.090714e-01	44	none	NaN	NaN
 130	5	47	39	bathroom	sun_anryaplzeujmzfkd.tif	1337413.671452	1337413.930045	1337414.636754	7.840485e-01	29	none	NaN	NaN
 130	5	48	38	bathroom	sun_anhioqovhscjqqwb.tif	1337415.398168	1337415.656750	1337416.363422	6.756163e-01	28	none	NaN	NaN
 130	5	49	57	bathroom	sun_axldvoqbuvuggfmq.tif	1337417.124879	1337417.383465	1337418.090119	7.757076e-01	47	none	NaN	NaN
 130	5	50	50	bathroom	sun_aspsyogrekjtfozg.tif	1337418.859931	1337419.118519	1337419.825381	8.090714e-01	40	none	NaN	NaN
 130	5	51	50	bathroom	sun_aspsyogrekjtfozg.tif	1337420.594977	1337420.853573	1337421.560430	7.673667e-01	40	none	NaN	NaN
 130	5	52	58	bathroom	sun_axxbkopsgyouuebh.tif	1337422.330031	1337422.588620	1337423.295376	8.257533e-01	48	none	NaN	NaN
 130	5	53	13	bathroom	sun_aavhrsfjbserjtht.tif	1337424.065084	1337424.323674	1337425.030475	8.257533e-01	3	none	NaN	NaN
 130	5	54	28	bathroom	sun_ahijqszoswveeyji.tif	1337425.800136	1337426.058725	1337426.765491	7.423438e-01	18	none	NaN	NaN
 130	5	55	31	bathroom	sun_akiytfaagpdsphgz.tif	1337427.535189	1337427.793779	1337428.500538	7.590257e-01	21	none	NaN	NaN
 130	5	56	14	bathroom	sun_abapwbhyhkfixyex.tif	1337429.270240	1337429.528830	1337430.235521	8.340942e-01	4	none	NaN	NaN
 130	5	57	26	bathroom	sun_ahaulkltgpkeeemi.tif	1337431.005291	1337431.263883	1337431.970599	7.340029e-01	16	none	NaN	NaN
 130	5	58	45	bathroom	sun_apkxzenqapsujocq.tif	1337432.740348	1337432.998932	1337433.705778	8.257533e-01	35	none	NaN	NaN
 130	5	59	52	bathroom	sun_aunuadmjocsddsrl.tif	1337434.475399	1337434.733987	1337435.440737	7.840485e-01	42	none	NaN	NaN
 130	5	60	15	bathroom	sun_abjtwfukuwddzted.tif	1337436.210448	1337436.469039	1337437.175877	8.424351e-01	5	none	NaN	NaN
 130	5	61	42	bathroom	sun_apeeialkgkuxddgh.tif	1337437.945502	1337438.204093	1337438.910766	8.340942e-01	32	none	NaN	NaN
 130	5	62	32	bathroom	sun_aleqenyvunhactkl.tif	1337439.672215	1337439.930803	1337440.637646	8.340942e-01	22	none	NaN	NaN
 130	5	63	34	bathroom	sun_alkosphxlxwjwgjd.tif	1337441.407265	1337441.665850	1337442.372504	7.757076e-01	24	none	NaN	NaN
 130	5	64	16	bathroom	sun_acduarbnmmoglmiv.tif	1337443.133980	1337443.392566	1337444.099259	8.257533e-01	6	none	NaN	NaN
 130	5	65	44	bathroom	sun_apkruvsevgegsdwp.tif	1337444.869030	1337445.127617	1337445.834448	7.590257e-01	34	none	NaN	NaN
 130	5	66	36	bathroom	sun_ambriybtogmepttm.tif	1337446.604076	1337446.862669	1337447.569502	7.506848e-01	26	none	NaN	NaN
 130	5	67	27	bathroom	sun_ahcvzmoyaycdoftf.tif	1337448.339127	1337448.597717	1337449.304484	6.839572e-01	17	none	NaN	NaN
 130	5	68	33	bathroom	sun_aljolscmmzydegqp.tif	1337450.074180	1337450.332773	1337451.039512	8.174123e-01	23	39	1337451.616539	1
 130	5	69	49	bathroom	sun_asfwthctfqerjvxr.tif	1337452.393146	1337452.651731	1337453.358410	6.922982e-01	39	none	NaN	NaN
 130	5	70	46	bathroom	sun_apmqjbnwghzuhhzh.tif	1337454.128199	1337454.386789	1337455.093600	6.589344e-01	36	39	1337455.920465	1
 130	5	71	60	bathroom	sun_azqyogdvyhahyram.tif	1337456.697408	1337456.956001	1337457.662657	6.922982e-01	50	37	1337458.400557	1
 130	5	72	56	bathroom	sun_awnqiikzaispgmwo.tif	1337459.174864	1337459.433450	1337460.140316	8.340942e-01	46	none	NaN	NaN
 130	5	73	53	bathroom	sun_ausgutylgojavyoq.tif	1337460.909916	1337461.168506	1337461.875258	7.923895e-01	43	none	NaN	NaN
 130	5	74	12	bathroom	sun_aapitsgbtktqubfy.tif	1337462.644969	1337462.903558	1337463.610298	7.923895e-01	2	none	NaN	NaN
 130	5	75	38	bathroom	sun_anhioqovhscjqqwb.tif	1337464.380019	1337464.638609	1337465.345462	6.922982e-01	28	none	NaN	NaN
 130	5	76	47	bathroom	sun_apynckhmoftszqoq.tif	1337466.115071	1337466.373666	1337467.080512	6.922982e-01	37	none	NaN	NaN
 130	5	77	55	bathroom	sun_avhrdrntsqrjzccq.tif	1337467.850130	1337468.108714	1337468.815395	6.839572e-01	45	none	NaN	NaN
 130	5	78	29	bathroom	sun_ahqjwnzgolcaoidx.tif	1337469.585184	1337469.843772	1337470.550636	8.424351e-01	19	none	NaN	NaN
 130	5	79	20	bathroom	sun_afcoljnjfoxjtgja.tif	1337471.320230	1337471.578822	1337472.285638	7.840485e-01	10	39	1337473.632349	0
 130	5	80	59	bathroom	sun_axyrejkiiaqiurjk.tif	1337474.406620	1337474.665207	1337475.371914	6.505935e-01	49	none	NaN	NaN
 130	5	81	39	bathroom	sun_anryaplzeujmzfkd.tif	1337476.141677	1337476.400265	1337477.107108	7.256620e-01	29	none	NaN	NaN
 130	5	82	18	bathroom	sun_acgyywnybuveqsro.tif	1337477.876727	1337478.135314	1337478.842015	7.340029e-01	8	none	NaN	NaN
 130	5	83	21	bathroom	sun_aggnnqpdorgxpvce.tif	1337479.603437	1337479.862023	1337480.568714	7.089801e-01	11	none	NaN	NaN
 130	5	84	37	bathroom	sun_amzlamotzwfkwjco.tif	1337481.330143	1337481.588733	1337482.295590	7.173210e-01	27	39	1337483.000336	1
 130	5	85	11	bathroom	labelme_sfxiulhjbhlyiyt.tif	1337483.774235	1337484.032824	1337484.739532	7.340029e-01	1	37	1337485.464471	1
 130	5	86	35	bathroom	sun_alotolagknyrgtsk.tif	1337486.235003	1337486.493597	1337487.200258	7.506848e-01	25	37	1337487.992686	1
 130	5	87	30	bathroom	sun_ajlawzvmubibwbpy.tif	1337488.770853	1337489.029442	1337489.736135	7.673667e-01	20	none	NaN	NaN
 130	5	88	57	bathroom	sun_axldvoqbuvuggfmq.tif	1337490.505903	1337490.764493	1337491.471150	6.839572e-01	47	none	NaN	NaN
 130	5	89	22	bathroom	sun_agguqiubmwhqqunb.tif	1337492.232617	1337492.491204	1337493.198049	6.756163e-01	12	none	NaN	NaN
 130	5	90	19	bathroom	sun_aclfzgynxzxlbepz.tif	1337493.967669	1337494.226249	1337494.933001	7.340029e-01	9	none	NaN	NaN
 130	5	91	25	bathroom	sun_agyqfjcfkdcydepw.tif	1337495.702720	1337495.961308	1337496.667966	6.672754e-01	15	37	1337497.608146	1
 130	5	92	43	bathroom	sun_apjevzvycyhuqghb.tif	1337498.380371	1337498.638962	1337499.345751	6.672754e-01	33	none	NaN	NaN
 130	5	93	54	bathroom	sun_auzqhkafidnkrwmo.tif	1337500.115426	1337500.374015	1337501.080867	7.757076e-01	44	none	NaN	NaN
 130	5	94	51	bathroom	sun_atstyziqcmkahyxk.tif	1337501.850474	1337502.109066	1337502.815923	7.423438e-01	41	none	NaN	NaN
 130	5	95	24	bathroom	sun_agrwbmhcpmfuwmsg.tif	1337503.585527	1337503.844114	1337504.550781	6.839572e-01	14	none	NaN	NaN
 130	5	96	23	bathroom	sun_aghyqhbptboemmoq.tif	1337505.312241	1337505.570830	1337506.277623	6.922982e-01	13	39	1337507.296345	1
 130	5	97	40	bathroom	sun_aofnryafpsjimzsb.tif	1337508.073304	1337508.331884	1337509.038577	6.505935e-01	30	none	NaN	NaN
 130	5	98	41	bathroom	sun_aoybiabnpadelefl.tif	1337509.800016	1337510.058605	1337510.765430	7.506848e-01	31	none	NaN	NaN
 130	5	99	48	bathroom	sun_aqrpegblszgcoujh.tif	1337511.535072	1337511.793680	1337512.500929	7.923895e-01	38	none	NaN	NaN
 130	5	100	17	bathroom	sun_acegryoqftbzowsg.tif	1337513.270119	1337513.528708	1337514.235449	8.257533e-01	7	none	NaN	NaN
 130	6	1	64	kitchen	sun_aadbddgrdsjugojn.tif	1337522.195629	1337522.454219	1337523.194243	8.424351e-01	54	none	NaN	NaN
 130	6	2	81	kitchen	sun_aehawpgmrlhlvcow.tif	1337523.964050	1337524.222633	1337524.962790	7.089801e-01	71	none	NaN	NaN
 130	6	3	108	kitchen	sun_aymvwlarqodbwuoc.tif	1337525.732464	1337525.991057	1337526.731180	6.839572e-01	98	none	NaN	NaN
 130	6	4	65	kitchen	sun_aamedkxepzlwuxes.tif	1337527.500883	1337527.759476	1337528.499704	8.257533e-01	55	none	NaN	NaN
 130	6	5	87	kitchen	sun_agorklincwxrdtga.tif	1337529.269301	1337529.527895	1337530.268000	8.174123e-01	77	none	NaN	NaN
 130	6	6	90	kitchen	sun_ahdycvpopffkzzsu.tif	1337531.037721	1337531.296315	1337532.036349	7.506848e-01	80	none	NaN	NaN
 130	6	7	99	kitchen	sun_akcjzhbbjlbogpdi.tif	1337532.806141	1337533.064727	1337533.804818	7.673667e-01	89	39	1337534.664448	1
 130	6	8	93	kitchen	sun_ahspylgoovwmwvgk.tif	1337535.442081	1337535.700675	1337536.440848	7.006391e-01	83	none	NaN	NaN
 130	6	9	62	kitchen	labelme_kxvouciolcpqplr.tif	1337537.210504	1337537.469093	1337538.209115	6.672754e-01	52	none	NaN	NaN
 130	6	10	69	kitchen	sun_abdenxonkemggwsq.tif	1337538.970583	1337539.229173	1337539.969315	6.839572e-01	59	none	NaN	NaN
 130	6	11	98	kitchen	sun_akchetnepxlcxhsu.tif	1337540.738999	1337540.997590	1337541.737702	7.840485e-01	88	none	NaN	NaN
 130	6	12	106	kitchen	sun_awcpdzzznmweyyhv.tif	1337542.507416	1337542.766010	1337543.506117	7.923895e-01	96	none	NaN	NaN
 130	6	13	109	kitchen	sun_aypmqwcualkenuoe.tif	1337544.275835	1337544.534429	1337545.274478	6.922982e-01	99	none	NaN	NaN
 130	6	14	100	kitchen	sun_amjjdeyrggfqgmom.tif	1337546.044255	1337546.302839	1337547.042889	7.173210e-01	90	none	NaN	NaN
 130	6	15	89	kitchen	sun_agzzivivdpnawacl.tif	1337547.804330	1337548.062918	1337548.803020	8.257533e-01	79	none	NaN	NaN
 130	6	16	103	kitchen	sun_aunzlwrbjumxhwdj.tif	1337549.572751	1337549.831368	1337550.571559	6.922982e-01	93	none	NaN	NaN
 130	6	17	78	kitchen	sun_adgqasybjyktddhj.tif	1337551.341170	1337551.599754	1337552.339968	8.340942e-01	68	none	NaN	NaN
 130	6	18	68	kitchen	sun_aaxxjlsuzvqlgylf.tif	1337553.109587	1337553.368177	1337554.108328	8.257533e-01	58	none	NaN	NaN
 130	6	19	71	kitchen	sun_abftihopvusyfakt.tif	1337554.878004	1337555.136595	1337555.876770	7.089801e-01	61	none	NaN	NaN
 130	6	20	105	kitchen	sun_avszsnwsbuqfgzbn.tif	1337556.646426	1337556.905017	1337557.645162	6.505935e-01	95	39	1337558.496382	1
 130	6	21	73	kitchen	sun_abrcnpqqhmjwekyf.tif	1337559.274022	1337559.532616	1337560.272688	7.590257e-01	63	none	NaN	NaN
 130	6	22	67	kitchen	sun_aarfiyshqohlwkmo.tif	1337561.042445	1337561.301039	1337562.041247	7.757076e-01	57	none	NaN	NaN
 130	6	23	86	kitchen	sun_aggjlwcdjsjcaemh.tif	1337562.810865	1337563.069458	1337563.809707	8.007304e-01	76	none	NaN	NaN
 130	6	24	74	kitchen	sun_acfmftudsenhrfhy.tif	1337564.579287	1337564.837871	1337565.577935	6.589344e-01	64	none	NaN	NaN
 130	6	25	66	kitchen	sun_aapllqyqlykszopd.tif	1337566.347703	1337566.606290	1337567.346422	7.173210e-01	56	none	NaN	NaN
 130	6	26	95	kitchen	sun_aixorpehvfykdynp.tif	1337568.116118	1337568.374711	1337569.114797	7.590257e-01	85	none	NaN	NaN
 130	6	27	70	kitchen	sun_abdxkyyxwfskuaqb.tif	1337569.884537	1337570.143122	1337570.883271	8.340942e-01	60	39	1337571.616455	1
 130	6	28	75	kitchen	sun_acgtpgfybqjmzeyw.tif	1337572.387018	1337572.645605	1337573.385667	8.424351e-01	65	none	NaN	NaN
 130	6	29	94	kitchen	sun_ahywdevtimnqcsln.tif	1337574.155437	1337574.414022	1337575.154165	7.423438e-01	84	none	NaN	NaN
 130	6	30	85	kitchen	sun_afuyedyxivkhecmu.tif	1337575.923852	1337576.182445	1337576.922636	7.840485e-01	75	none	NaN	NaN
 130	6	31	107	kitchen	sun_axyyrmzcupyhlivc.tif	1337577.692273	1337577.950861	1337578.690891	8.174123e-01	97	none	NaN	NaN
 130	6	32	91	kitchen	sun_ahljzhgcdpomplvg.tif	1337579.452350	1337579.710935	1337580.451046	7.256620e-01	81	none	NaN	NaN
 130	6	33	96	kitchen	sun_ajcbwwvdlsvjyzje.tif	1337581.220765	1337581.479355	1337582.219588	7.757076e-01	86	39	1337582.912357	1
 130	6	34	82	kitchen	sun_aenotlpyftoioydp.tif	1337583.689877	1337583.948471	1337584.688857	7.590257e-01	72	37	1337585.480372	1
 130	6	35	102	kitchen	sun_auaiucuqpdausiva.tif	1337586.250755	1337586.509341	1337587.249400	8.007304e-01	92	37	1337587.888292	1
 130	6	36	72	kitchen	sun_abpwyqmlzafvklqo.tif	1337588.661469	1337588.920062	1337589.660147	7.256620e-01	62	none	NaN	NaN
 130	6	37	84	kitchen	sun_aexklacwqwezaorf.tif	1337590.429893	1337590.688477	1337591.428504	7.673667e-01	74	39	1337592.072403	1
 130	6	38	101	kitchen	sun_aqeaevwwwjoqhzvl.tif	1337592.848955	1337593.107542	1337593.847741	7.673667e-01	91	none	NaN	NaN
 130	6	39	110	kitchen	sun_azmutvzbxypaceni.tif	1337594.617370	1337594.875963	1337595.616038	6.589344e-01	100	none	NaN	NaN
 130	6	40	83	kitchen	sun_aeqdocilnnpuvuhx.tif	1337596.385794	1337596.644384	1337597.384567	8.007304e-01	73	none	NaN	NaN
 130	6	41	77	kitchen	sun_acxkpeoqbwcxfvip.tif	1337598.154204	1337598.412795	1337599.152860	8.257533e-01	67	none	NaN	NaN
 130	6	42	63	kitchen	labelme_rykdqxenmhulbdn.tif	1337599.914285	1337600.172878	1337600.912922	6.505935e-01	53	none	NaN	NaN
 130	6	43	80	kitchen	sun_aegoxogugdkwpmpj.tif	1337601.682704	1337601.941296	1337602.681372	7.089801e-01	70	none	NaN	NaN
 130	6	44	79	kitchen	sun_admlmbcdswaszruo.tif	1337603.451122	1337603.709716	1337604.449776	7.923895e-01	69	39	1337606.184316	0
 130	6	45	61	kitchen	labelme_brsyyvweiuaazfr.tif	1337606.962939	1337607.221545	1337607.961594	7.006391e-01	51	none	NaN	NaN
 130	6	46	97	kitchen	sun_ajkqhtgcbgpcwrwn.tif	1337608.731353	1337608.989942	1337609.730085	7.089801e-01	87	none	NaN	NaN
 130	6	47	88	kitchen	sun_agubuxuukhzyzpdp.tif	1337610.499775	1337610.758361	1337611.498575	7.340029e-01	78	none	NaN	NaN
 130	6	48	104	kitchen	sun_auticobqsbwgoppi.tif	1337612.268191	1337612.526779	1337613.266877	7.757076e-01	94	none	NaN	NaN
 130	6	49	76	kitchen	sun_acwjdupvyjsugpay.tif	1337614.036608	1337614.295199	1337615.035337	7.590257e-01	66	none	NaN	NaN
 130	6	50	92	kitchen	sun_ahpczsiumwwocjkv.tif	1337615.805028	1337616.063616	1337616.803753	7.173210e-01	82	none	NaN	NaN
 130	6	51	105	kitchen	sun_avszsnwsbuqfgzbn.tif	1337617.573449	1337617.832033	1337618.572136	8.257533e-01	95	none	NaN	NaN
 130	6	52	92	kitchen	sun_ahpczsiumwwocjkv.tif	1337619.333524	1337619.592114	1337620.332287	8.340942e-01	82	none	NaN	NaN
 130	6	53	83	kitchen	sun_aeqdocilnnpuvuhx.tif	1337621.101941	1337621.360528	1337622.100597	7.340029e-01	73	none	NaN	NaN
 130	6	54	94	kitchen	sun_ahywdevtimnqcsln.tif	1337622.870357	1337623.128953	1337623.869126	8.090714e-01	84	none	NaN	NaN
 130	6	55	101	kitchen	sun_aqeaevwwwjoqhzvl.tif	1337624.638776	1337624.897371	1337625.637409	7.006391e-01	91	none	NaN	NaN
 130	6	56	81	kitchen	sun_aehawpgmrlhlvcow.tif	1337626.398862	1337626.657446	1337627.397538	6.839572e-01	71	none	NaN	NaN
 130	6	57	87	kitchen	sun_agorklincwxrdtga.tif	1337628.167276	1337628.425864	1337629.166001	8.090714e-01	77	none	NaN	NaN
 130	6	58	89	kitchen	sun_agzzivivdpnawacl.tif	1337629.935695	1337630.194283	1337630.934334	7.256620e-01	79	none	NaN	NaN
 130	6	59	74	kitchen	sun_acfmftudsenhrfhy.tif	1337631.695796	1337631.954360	1337632.694412	8.007304e-01	64	none	NaN	NaN
 130	6	60	67	kitchen	sun_aarfiyshqohlwkmo.tif	1337633.455844	1337633.714439	1337634.454631	6.922982e-01	57	none	NaN	NaN
 130	6	61	63	kitchen	labelme_rykdqxenmhulbdn.tif	1337635.224267	1337635.482853	1337636.223079	6.672754e-01	53	none	NaN	NaN
 130	6	62	84	kitchen	sun_aexklacwqwezaorf.tif	1337636.992687	1337637.251272	1337637.991398	6.589344e-01	74	none	NaN	NaN
 130	6	63	103	kitchen	sun_aunzlwrbjumxhwdj.tif	1337638.761102	1337639.019689	1337639.759769	6.922982e-01	93	37	1337640.256550	1
 130	6	64	91	kitchen	sun_ahljzhgcdpomplvg.tif	1337641.030011	1337641.288607	1337642.028654	6.922982e-01	81	none	NaN	NaN
 130	6	65	62	kitchen	labelme_kxvouciolcpqplr.tif	1337642.790099	1337643.048681	1337643.788791	7.423438e-01	52	39	1337644.336368	1
 130	6	66	106	kitchen	sun_awcpdzzznmweyyhv.tif	1337645.109057	1337645.367652	1337646.107727	6.672754e-01	96	none	NaN	NaN
 130	6	67	68	kitchen	sun_aaxxjlsuzvqlgylf.tif	1337646.877478	1337647.136070	1337647.876302	7.506848e-01	58	none	NaN	NaN
 130	6	68	65	kitchen	sun_aamedkxepzlwuxes.tif	1337648.645899	1337648.904485	1337649.644631	7.340029e-01	55	none	NaN	NaN
 130	6	69	96	kitchen	sun_ajcbwwvdlsvjyzje.tif	1337650.414315	1337650.672906	1337651.413044	7.006391e-01	86	none	NaN	NaN
 130	6	70	110	kitchen	sun_azmutvzbxypaceni.tif	1337652.182732	1337652.441323	1337653.181405	8.424351e-01	100	none	NaN	NaN
 130	6	71	77	kitchen	sun_acxkpeoqbwcxfvip.tif	1337653.951152	1337654.209703	1337654.949777	8.507761e-01	67	39	1337655.776317	1
 130	6	72	86	kitchen	sun_aggjlwcdjsjcaemh.tif	1337656.553725	1337656.812319	1337657.552483	7.923895e-01	76	none	NaN	NaN
 130	6	73	64	kitchen	sun_aadbddgrdsjugojn.tif	1337658.322143	1337658.580740	1337659.320918	6.756163e-01	54	none	NaN	NaN
 130	6	74	76	kitchen	sun_acwjdupvyjsugpay.tif	1337660.090562	1337660.349154	1337661.089279	8.174123e-01	66	none	NaN	NaN
 130	6	75	104	kitchen	sun_auticobqsbwgoppi.tif	1337661.858984	1337662.117579	1337662.857636	8.507761e-01	94	none	NaN	NaN
 130	6	76	95	kitchen	sun_aixorpehvfykdynp.tif	1337663.627405	1337663.885988	1337664.626142	7.506848e-01	85	none	NaN	NaN
 130	6	77	109	kitchen	sun_aypmqwcualkenuoe.tif	1337665.395822	1337665.654410	1337666.394639	8.340942e-01	99	none	NaN	NaN
 130	6	78	108	kitchen	sun_aymvwlarqodbwuoc.tif	1337667.164237	1337667.422821	1337668.162947	6.756163e-01	98	39	1337669.000424	0
 130	6	79	100	kitchen	sun_amjjdeyrggfqgmom.tif	1337669.775162	1337670.033746	1337670.773937	7.590257e-01	90	none	NaN	NaN
 130	6	80	99	kitchen	sun_akcjzhbbjlbogpdi.tif	1337671.543572	1337671.802165	1337672.542342	6.589344e-01	89	none	NaN	NaN
 130	6	81	70	kitchen	sun_abdxkyyxwfskuaqb.tif	1337673.311992	1337673.570583	1337674.310615	7.173210e-01	60	none	NaN	NaN
 130	6	82	75	kitchen	sun_acgtpgfybqjmzeyw.tif	1337675.072072	1337675.330668	1337676.070701	6.672754e-01	65	37	1337676.856125	1
 130	6	83	90	kitchen	sun_ahdycvpopffkzzsu.tif	1337677.632942	1337677.891531	1337678.631698	6.756163e-01	80	none	NaN	NaN
 130	6	84	97	kitchen	sun_ajkqhtgcbgpcwrwn.tif	1337679.401365	1337679.659956	1337680.400101	6.839572e-01	87	none	NaN	NaN
 130	6	85	88	kitchen	sun_agubuxuukhzyzpdp.tif	1337681.169778	1337681.428366	1337682.168484	6.505935e-01	78	none	NaN	NaN
 130	6	86	80	kitchen	sun_aegoxogugdkwpmpj.tif	1337682.938197	1337683.196790	1337683.936870	8.090714e-01	70	none	NaN	NaN
 130	6	87	82	kitchen	sun_aenotlpyftoioydp.tif	1337684.706615	1337684.965209	1337685.705373	7.256620e-01	72	none	NaN	NaN
 130	6	88	102	kitchen	sun_auaiucuqpdausiva.tif	1337686.475041	1337686.733624	1337687.473682	7.923895e-01	92	39	1337688.176388	1
 130	6	89	66	kitchen	sun_aapllqyqlykszopd.tif	1337688.952490	1337689.211081	1337689.951151	7.840485e-01	56	none	NaN	NaN
 130	6	90	78	kitchen	sun_adgqasybjyktddhj.tif	1337690.720908	1337690.979491	1337691.719655	8.090714e-01	68	none	NaN	NaN
 130	6	91	61	kitchen	labelme_brsyyvweiuaazfr.tif	1337692.489329	1337692.747919	1337693.488048	8.174123e-01	51	none	NaN	NaN
 130	6	92	79	kitchen	sun_admlmbcdswaszruo.tif	1337694.257746	1337694.516336	1337695.256525	8.424351e-01	69	37	1337695.952380	1
 130	6	93	73	kitchen	sun_abrcnpqqhmjwekyf.tif	1337696.726864	1337696.985448	1337697.725605	7.673667e-01	63	none	NaN	NaN
 130	6	94	69	kitchen	sun_abdenxonkemggwsq.tif	1337698.495279	1337698.753868	1337699.494019	6.756163e-01	59	none	NaN	NaN
 130	6	95	98	kitchen	sun_akchetnepxlcxhsu.tif	1337700.263699	1337700.522290	1337701.262416	7.757076e-01	88	none	NaN	NaN
 130	6	96	107	kitchen	sun_axyyrmzcupyhlivc.tif	1337702.032115	1337702.290704	1337703.030812	7.840485e-01	97	none	NaN	NaN
 130	6	97	71	kitchen	sun_abftihopvusyfakt.tif	1337703.800534	1337704.059124	1337704.799482	7.506848e-01	61	none	NaN	NaN
 130	6	98	85	kitchen	sun_afuyedyxivkhecmu.tif	1337705.568951	1337705.827540	1337706.567565	7.340029e-01	75	none	NaN	NaN
 130	6	99	93	kitchen	sun_ahspylgoovwmwvgk.tif	1337707.329034	1337707.587619	1337708.327661	7.423438e-01	83	none	NaN	NaN
 130	6	100	72	kitchen	sun_abpwyqmlzafvklqo.tif	1337709.089107	1337709.347697	1337710.087824	7.423438e-01	62	none	NaN	NaN
 130	7	1	30	bathroom	sun_ajlawzvmubibwbpy.tif	1337718.181450	1337718.440036	1337719.130160	6.672754e-01	20	39	1337721.024121	0
 130	7	2	24	bathroom	sun_agrwbmhcpmfuwmsg.tif	1337721.801704	1337722.060288	1337722.750357	7.423438e-01	14	none	NaN	NaN
 130	7	3	18	bathroom	sun_acgyywnybuveqsro.tif	1337723.520069	1337723.778653	1337724.468719	7.673667e-01	8	none	NaN	NaN
 130	7	4	11	bathroom	labelme_sfxiulhjbhlyiyt.tif	1337725.238435	1337725.497026	1337726.187209	7.506848e-01	1	none	NaN	NaN
 130	7	5	36	bathroom	sun_ambriybtogmepttm.tif	1337726.956807	1337727.215396	1337727.905569	7.840485e-01	26	none	NaN	NaN
 130	7	6	59	bathroom	sun_axyrejkiiaqiurjk.tif	1337728.675173	1337728.933762	1337729.623807	8.007304e-01	49	39	1337730.408401	1
 130	7	7	41	bathroom	sun_aoybiabnpadelefl.tif	1337731.185995	1337731.444587	1337732.134708	7.006391e-01	31	none	NaN	NaN
 130	7	8	27	bathroom	sun_ahcvzmoyaycdoftf.tif	1337732.904361	1337733.162955	1337733.853117	7.340029e-01	17	none	NaN	NaN
 130	7	9	33	bathroom	sun_aljolscmmzydegqp.tif	1337734.622737	1337734.881323	1337735.571502	7.423438e-01	23	none	NaN	NaN
 130	7	10	19	bathroom	sun_aclfzgynxzxlbepz.tif	1337736.341102	1337736.599694	1337737.289811	6.756163e-01	9	none	NaN	NaN
 130	7	11	50	bathroom	sun_aspsyogrekjtfozg.tif	1337738.059475	1337738.318065	1337739.008040	7.506848e-01	40	none	NaN	NaN
 130	7	12	25	bathroom	sun_agyqfjcfkdcydepw.tif	1337739.769503	1337740.028088	1337740.718252	6.505935e-01	15	37	1337741.592477	1
 130	7	13	48	bathroom	sun_aqrpegblszgcoujh.tif	1337742.363738	1337742.622323	1337743.312345	8.007304e-01	38	none	NaN	NaN
 130	7	14	52	bathroom	sun_aunuadmjocsddsrl.tif	1337744.082102	1337744.340694	1337745.030673	8.340942e-01	42	none	NaN	NaN
 130	7	15	45	bathroom	sun_apkxzenqapsujocq.tif	1337745.800474	1337746.059060	1337746.749091	7.923895e-01	35	none	NaN	NaN
 130	7	16	54	bathroom	sun_auzqhkafidnkrwmo.tif	1337747.518845	1337747.777438	1337748.467465	6.839572e-01	44	none	NaN	NaN
 130	7	17	43	bathroom	sun_apjevzvycyhuqghb.tif	1337749.237209	1337749.495795	1337750.185870	6.922982e-01	33	37	1337750.824426	1
 130	7	18	23	bathroom	sun_aghyqhbptboemmoq.tif	1337751.597882	1337751.856476	1337752.546491	7.590257e-01	13	none	NaN	NaN
 130	7	19	57	bathroom	sun_axldvoqbuvuggfmq.tif	1337753.316254	1337753.574845	1337754.264917	7.506848e-01	47	none	NaN	NaN
 130	7	20	13	bathroom	sun_aavhrsfjbserjtht.tif	1337755.034621	1337755.293209	1337755.983190	8.174123e-01	3	none	NaN	NaN
 130	7	21	28	bathroom	sun_ahijqszoswveeyji.tif	1337756.744650	1337757.003239	1337757.693292	7.340029e-01	18	39	1337758.456419	1
 130	7	22	51	bathroom	sun_atstyziqcmkahyxk.tif	1337759.230447	1337759.489032	1337760.179101	7.256620e-01	41	none	NaN	NaN
 130	7	23	55	bathroom	sun_avhrdrntsqrjzccq.tif	1337760.948813	1337761.207403	1337761.897429	7.089801e-01	45	none	NaN	NaN
 130	7	24	40	bathroom	sun_aofnryafpsjimzsb.tif	1337762.667183	1337762.925773	1337763.615865	6.922982e-01	30	none	NaN	NaN
 130	7	25	44	bathroom	sun_apkruvsevgegsdwp.tif	1337764.385552	1337764.644140	1337765.334223	8.090714e-01	34	none	NaN	NaN
 130	7	26	42	bathroom	sun_apeeialkgkuxddgh.tif	1337766.103922	1337766.362513	1337767.052534	8.174123e-01	32	none	NaN	NaN
 130	7	27	20	bathroom	sun_afcoljnjfoxjtgja.tif	1337767.822290	1337768.080875	1337768.771022	7.173210e-01	10	none	NaN	NaN
 130	7	28	17	bathroom	sun_acegryoqftbzowsg.tif	1337769.540656	1337769.799246	1337770.489303	8.257533e-01	7	none	NaN	NaN
 130	7	29	37	bathroom	sun_amzlamotzwfkwjco.tif	1337771.259023	1337771.517622	1337772.207690	6.922982e-01	27	none	NaN	NaN
 130	7	30	16	bathroom	sun_acduarbnmmoglmiv.tif	1337772.977399	1337773.235987	1337773.925977	6.839572e-01	6	none	NaN	NaN
 130	7	31	34	bathroom	sun_alkosphxlxwjwgjd.tif	1337774.695763	1337774.954358	1337775.644352	8.340942e-01	24	none	NaN	NaN
 130	7	32	49	bathroom	sun_asfwthctfqerjvxr.tif	1337776.414132	1337776.672723	1337777.362729	7.673667e-01	39	none	NaN	NaN
 130	7	33	31	bathroom	sun_akiytfaagpdsphgz.tif	1337778.132504	1337778.391097	1337779.081129	7.923895e-01	21	none	NaN	NaN
 130	7	34	53	bathroom	sun_ausgutylgojavyoq.tif	1337779.850872	1337780.109460	1337780.799580	7.089801e-01	43	39	1337781.472126	1
 130	7	35	39	bathroom	sun_anryaplzeujmzfkd.tif	1337782.244915	1337782.503500	1337783.193653	8.424351e-01	29	none	NaN	NaN
 130	7	36	21	bathroom	sun_aggnnqpdorgxpvce.tif	1337783.963236	1337784.221872	1337784.911862	7.923895e-01	11	39	1337785.944482	1
 130	7	37	56	bathroom	sun_awnqiikzaispgmwo.tif	1337786.716009	1337786.974598	1337787.664645	7.340029e-01	46	none	NaN	NaN
 130	7	38	14	bathroom	sun_abapwbhyhkfixyex.tif	1337788.434377	1337788.692963	1337789.382989	8.174123e-01	4	none	NaN	NaN
 130	7	39	60	bathroom	sun_azqyogdvyhahyram.tif	1337790.152742	1337790.411334	1337791.101353	7.590257e-01	50	none	NaN	NaN
 130	7	40	38	bathroom	sun_anhioqovhscjqqwb.tif	1337791.862774	1337792.121363	1337792.811353	8.257533e-01	28	none	NaN	NaN
 130	7	41	47	bathroom	sun_apynckhmoftszqoq.tif	1337793.581145	1337793.839730	1337794.529835	6.505935e-01	37	none	NaN	NaN
 130	7	42	12	bathroom	sun_aapitsgbtktqubfy.tif	1337795.299512	1337795.558100	1337796.248162	8.007304e-01	2	none	NaN	NaN
 130	7	43	22	bathroom	sun_agguqiubmwhqqunb.tif	1337797.017875	1337797.276471	1337797.966540	7.423438e-01	12	37	1337798.488396	1
 130	7	44	46	bathroom	sun_apmqjbnwghzuhhzh.tif	1337799.261761	1337799.520353	1337800.210384	8.340942e-01	36	none	NaN	NaN
 130	7	45	58	bathroom	sun_axxbkopsgyouuebh.tif	1337800.980138	1337801.238723	1337801.928865	8.257533e-01	48	none	NaN	NaN
 130	7	46	35	bathroom	sun_alotolagknyrgtsk.tif	1337802.698506	1337802.957095	1337803.647267	8.424351e-01	25	none	NaN	NaN
 130	7	47	26	bathroom	sun_ahaulkltgpkeeemi.tif	1337804.416873	1337804.675466	1337805.365552	8.090714e-01	16	none	NaN	NaN
 130	7	48	29	bathroom	sun_ahqjwnzgolcaoidx.tif	1337806.135243	1337806.393831	1337807.083831	6.672754e-01	19	none	NaN	NaN
 130	7	49	32	bathroom	sun_aleqenyvunhactkl.tif	1337807.845272	1337808.103861	1337808.793999	7.590257e-01	22	none	NaN	NaN
 130	7	50	15	bathroom	sun_abjtwfukuwddzted.tif	1337809.563643	1337809.822234	1337810.512202	6.589344e-01	5	none	NaN	NaN
 130	7	51	16	bathroom	sun_acduarbnmmoglmiv.tif	1337811.273666	1337811.532253	1337812.222241	7.173210e-01	6	none	NaN	NaN
 130	7	52	53	bathroom	sun_ausgutylgojavyoq.tif	1337812.983697	1337813.242284	1337813.932268	8.340942e-01	43	none	NaN	NaN
 130	7	53	23	bathroom	sun_aghyqhbptboemmoq.tif	1337814.693726	1337814.952317	1337815.642366	7.757076e-01	13	none	NaN	NaN
 130	7	54	17	bathroom	sun_acegryoqftbzowsg.tif	1337816.412092	1337816.670682	1337817.360666	6.672754e-01	7	none	NaN	NaN
 130	7	55	32	bathroom	sun_aleqenyvunhactkl.tif	1337818.122121	1337818.380709	1337819.070846	8.424351e-01	22	37	1337819.960392	1
 130	7	56	37	bathroom	sun_amzlamotzwfkwjco.tif	1337820.733037	1337820.991627	1337821.681807	8.090714e-01	27	none	NaN	NaN
 130	7	57	59	bathroom	sun_axyrejkiiaqiurjk.tif	1337822.451413	1337822.710003	1337823.400088	7.506848e-01	49	39	1337824.328377	1
 130	7	58	41	bathroom	sun_aoybiabnpadelefl.tif	1337825.104040	1337825.362625	1337826.052692	7.006391e-01	31	none	NaN	NaN
 130	7	59	26	bathroom	sun_ahaulkltgpkeeemi.tif	1337826.822402	1337827.080991	1337827.771019	8.090714e-01	16	none	NaN	NaN
 130	7	60	55	bathroom	sun_avhrdrntsqrjzccq.tif	1337828.540778	1337828.799367	1337829.489378	6.756163e-01	45	none	NaN	NaN
 130	7	61	40	bathroom	sun_aofnryafpsjimzsb.tif	1337830.259141	1337830.517729	1337831.207821	7.340029e-01	30	none	NaN	NaN
 130	7	62	33	bathroom	sun_aljolscmmzydegqp.tif	1337831.977513	1337832.236098	1337832.926148	6.922982e-01	23	none	NaN	NaN
 130	7	63	24	bathroom	sun_agrwbmhcpmfuwmsg.tif	1337833.695877	1337833.954470	1337834.644550	7.590257e-01	14	none	NaN	NaN
 130	7	64	39	bathroom	sun_anryaplzeujmzfkd.tif	1337835.414247	1337835.672834	1337836.362905	8.507761e-01	29	none	NaN	NaN
 130	7	65	38	bathroom	sun_anhioqovhscjqqwb.tif	1337837.132614	1337837.391207	1337838.081304	6.589344e-01	28	none	NaN	NaN
 130	7	66	15	bathroom	sun_abjtwfukuwddzted.tif	1337838.850985	1337839.109576	1337839.799559	6.756163e-01	5	none	NaN	NaN
 130	7	67	42	bathroom	sun_apeeialkgkuxddgh.tif	1337840.561015	1337840.819606	1337841.509579	7.840485e-01	32	none	NaN	NaN
 130	7	68	11	bathroom	labelme_sfxiulhjbhlyiyt.tif	1337842.271039	1337842.529628	1337843.219786	8.507761e-01	1	none	NaN	NaN
 130	7	69	12	bathroom	sun_aapitsgbtktqubfy.tif	1337843.989409	1337844.248002	1337844.938036	6.839572e-01	2	none	NaN	NaN
 130	7	70	43	bathroom	sun_apjevzvycyhuqghb.tif	1337845.707778	1337845.966366	1337846.656438	7.256620e-01	33	none	NaN	NaN
 130	7	71	47	bathroom	sun_apynckhmoftszqoq.tif	1337847.426149	1337847.684743	1337848.374748	8.007304e-01	37	37	1337849.008512	1
 130	7	72	34	bathroom	sun_alkosphxlxwjwgjd.tif	1337849.786817	1337850.045410	1337850.735531	7.590257e-01	24	none	NaN	NaN
 130	7	73	30	bathroom	sun_ajlawzvmubibwbpy.tif	1337851.505188	1337851.763781	1337852.453759	7.173210e-01	20	none	NaN	NaN
 130	7	74	56	bathroom	sun_awnqiikzaispgmwo.tif	1337853.215217	1337853.473804	1337854.163860	6.589344e-01	46	none	NaN	NaN
 130	7	75	36	bathroom	sun_ambriybtogmepttm.tif	1337854.933588	1337855.192177	1337855.882354	8.174123e-01	26	none	NaN	NaN
 130	7	76	46	bathroom	sun_apmqjbnwghzuhhzh.tif	1337856.651932	1337856.910544	1337857.600666	6.672754e-01	36	none	NaN	NaN
 130	7	77	14	bathroom	sun_abapwbhyhkfixyex.tif	1337858.370322	1337858.628917	1337859.319016	7.757076e-01	4	none	NaN	NaN
 130	7	78	19	bathroom	sun_aclfzgynxzxlbepz.tif	1337860.088691	1337860.347286	1337861.037295	6.922982e-01	9	none	NaN	NaN
 130	7	79	25	bathroom	sun_agyqfjcfkdcydepw.tif	1337861.807060	1337862.065651	1337862.755806	7.006391e-01	15	none	NaN	NaN
 130	7	80	13	bathroom	sun_aavhrsfjbserjtht.tif	1337863.525431	1337863.784020	1337864.474013	7.256620e-01	3	none	NaN	NaN
 130	7	81	60	bathroom	sun_azqyogdvyhahyram.tif	1337865.235464	1337865.494048	1337866.184061	7.423438e-01	50	none	NaN	NaN
 130	7	82	50	bathroom	sun_aspsyogrekjtfozg.tif	1337866.945484	1337867.204075	1337867.894227	6.505935e-01	40	39	1337869.000303	1
 130	7	83	22	bathroom	sun_agguqiubmwhqqunb.tif	1337869.773288	1337870.031878	1337870.722040	6.589344e-01	12	none	NaN	NaN
 130	7	84	20	bathroom	sun_afcoljnjfoxjtgja.tif	1337871.491655	1337871.750248	1337872.440385	8.257533e-01	10	none	NaN	NaN
 130	7	85	18	bathroom	sun_acgyywnybuveqsro.tif	1337873.210024	1337873.468611	1337874.158591	6.756163e-01	8	none	NaN	NaN
 130	7	86	58	bathroom	sun_axxbkopsgyouuebh.tif	1337874.920052	1337875.178642	1337875.868678	7.757076e-01	48	none	NaN	NaN
 130	7	87	35	bathroom	sun_alotolagknyrgtsk.tif	1337876.638418	1337876.897013	1337877.587049	7.256620e-01	25	none	NaN	NaN
 130	7	88	44	bathroom	sun_apkruvsevgegsdwp.tif	1337878.356791	1337878.615374	1337879.305560	7.006391e-01	34	none	NaN	NaN
 130	7	89	48	bathroom	sun_aqrpegblszgcoujh.tif	1337880.075156	1337880.333743	1337881.023736	7.840485e-01	38	none	NaN	NaN
 130	7	90	45	bathroom	sun_apkxzenqapsujocq.tif	1337881.785191	1337882.043771	1337882.733803	7.840485e-01	35	none	NaN	NaN
 130	7	91	57	bathroom	sun_axldvoqbuvuggfmq.tif	1337883.495212	1337883.753806	1337884.443976	7.089801e-01	47	39	1337885.264318	1
 130	7	92	51	bathroom	sun_atstyziqcmkahyxk.tif	1337886.039406	1337886.297989	1337886.988080	7.173210e-01	41	none	NaN	NaN
 130	7	93	31	bathroom	sun_akiytfaagpdsphgz.tif	1337887.757770	1337888.016355	1337888.706399	7.923895e-01	21	none	NaN	NaN
 130	7	94	29	bathroom	sun_ahqjwnzgolcaoidx.tif	1337889.476139	1337889.734731	1337890.424860	8.257533e-01	19	none	NaN	NaN
 130	7	95	54	bathroom	sun_auzqhkafidnkrwmo.tif	1337891.194509	1337891.453096	1337892.143084	8.424351e-01	44	39	1337893.080388	0
 130	7	96	49	bathroom	sun_asfwthctfqerjvxr.tif	1337893.855477	1337894.114068	1337894.804240	7.757076e-01	39	none	NaN	NaN
 130	7	97	52	bathroom	sun_aunuadmjocsddsrl.tif	1337895.573848	1337895.832431	1337896.522438	7.673667e-01	42	none	NaN	NaN
 130	7	98	28	bathroom	sun_ahijqszoswveeyji.tif	1337897.292214	1337897.550804	1337898.240986	6.839572e-01	18	none	NaN	NaN
 130	7	99	21	bathroom	sun_aggnnqpdorgxpvce.tif	1337899.010586	1337899.269178	1337899.959181	7.089801e-01	11	40	1337900.704452	0
 130	7	100	27	bathroom	sun_ahcvzmoyaycdoftf.tif	1337901.479698	1337901.738285	1337902.428275	7.673667e-01	17	none	NaN	NaN
 130	8	1	66	kitchen	sun_aapllqyqlykszopd.tif	1337928.948577	1337929.207169	1337929.888812	6.756163e-01	56	none	NaN	NaN
 130	8	2	91	kitchen	sun_ahljzhgcdpomplvg.tif	1337930.650263	1337930.908851	1337931.590593	7.590257e-01	81	40	1337932.392331	0
 130	8	3	104	kitchen	sun_auticobqsbwgoppi.tif	1337933.169424	1337933.428009	1337934.109844	8.507761e-01	94	none	NaN	NaN
 130	8	4	109	kitchen	sun_aypmqwcualkenuoe.tif	1337934.879451	1337935.138040	1337935.819886	7.757076e-01	99	none	NaN	NaN
 130	8	5	81	kitchen	sun_aehawpgmrlhlvcow.tif	1337936.589473	1337936.848069	1337937.529909	7.089801e-01	71	39	1337938.232398	0
 130	8	6	101	kitchen	sun_aqeaevwwwjoqhzvl.tif	1337939.008562	1337939.267128	1337939.948969	7.256620e-01	91	none	NaN	NaN
 130	8	7	85	kitchen	sun_afuyedyxivkhecmu.tif	1337940.718569	1337940.977161	1337941.658983	8.257533e-01	75	none	NaN	NaN
 130	8	8	83	kitchen	sun_aeqdocilnnpuvuhx.tif	1337942.428593	1337942.687189	1337943.368864	6.922982e-01	73	none	NaN	NaN
 130	8	9	80	kitchen	sun_aegoxogugdkwpmpj.tif	1337944.138619	1337944.397213	1337945.079006	8.090714e-01	70	none	NaN	NaN
 130	8	10	86	kitchen	sun_aggjlwcdjsjcaemh.tif	1337945.848652	1337946.107246	1337946.789039	6.672754e-01	76	39	1337947.472365	1
 130	8	11	65	kitchen	sun_aamedkxepzlwuxes.tif	1337948.242685	1337948.501278	1337949.183035	7.006391e-01	55	none	NaN	NaN
 130	8	12	98	kitchen	sun_akchetnepxlcxhsu.tif	1337949.952718	1337950.211308	1337950.893002	7.006391e-01	88	none	NaN	NaN
 130	8	13	77	kitchen	sun_acxkpeoqbwcxfvip.tif	1337951.662748	1337951.921333	1337952.602988	8.007304e-01	67	none	NaN	NaN
 130	8	14	96	kitchen	sun_ajcbwwvdlsvjyzje.tif	1337953.372771	1337953.631360	1337954.313009	8.257533e-01	86	none	NaN	NaN
 130	8	15	84	kitchen	sun_aexklacwqwezaorf.tif	1337955.074458	1337955.333043	1337956.014823	7.256620e-01	74	39	1337956.680461	1
 130	8	16	79	kitchen	sun_admlmbcdswaszruo.tif	1337957.451809	1337957.710399	1337958.392140	7.506848e-01	69	none	NaN	NaN
 130	8	17	89	kitchen	sun_agzzivivdpnawacl.tif	1337959.161841	1337959.420430	1337960.102189	8.424351e-01	79	40	1337960.816420	0
 130	8	18	92	kitchen	sun_ahpczsiumwwocjkv.tif	1337961.589242	1337961.847836	1337962.529525	8.424351e-01	82	none	NaN	NaN
 130	8	19	93	kitchen	sun_ahspylgoovwmwvgk.tif	1337963.299276	1337963.557861	1337964.239544	7.757076e-01	83	39	1337964.912347	1
 130	8	20	87	kitchen	sun_agorklincwxrdtga.tif	1337965.684969	1337965.943560	1337966.625317	7.840485e-01	77	40	1337967.368415	0
 130	8	21	68	kitchen	sun_aaxxjlsuzvqlgylf.tif	1337968.145737	1337968.404331	1337969.086061	6.839572e-01	58	none	NaN	NaN
 130	8	22	76	kitchen	sun_acwjdupvyjsugpay.tif	1337969.855766	1337970.114358	1337970.796052	6.589344e-01	66	none	NaN	NaN
 130	8	23	67	kitchen	sun_aarfiyshqohlwkmo.tif	1337971.565795	1337971.824382	1337972.506227	6.589344e-01	57	none	NaN	NaN
 130	8	24	97	kitchen	sun_ajkqhtgcbgpcwrwn.tif	1337973.275825	1337973.534410	1337974.216075	7.506848e-01	87	none	NaN	NaN
 130	8	25	110	kitchen	sun_azmutvzbxypaceni.tif	1337974.985849	1337975.244434	1337975.926226	7.173210e-01	100	none	NaN	NaN
 130	8	26	105	kitchen	sun_avszsnwsbuqfgzbn.tif	1337976.695879	1337976.954469	1337977.636138	7.840485e-01	95	none	NaN	NaN
 130	8	27	70	kitchen	sun_abdxkyyxwfskuaqb.tif	1337978.405895	1337978.664496	1337979.346253	8.507761e-01	60	none	NaN	NaN
 130	8	28	69	kitchen	sun_abdenxonkemggwsq.tif	1337980.115932	1337980.374523	1337981.056271	7.506848e-01	59	none	NaN	NaN
 130	8	29	64	kitchen	sun_aadbddgrdsjugojn.tif	1337981.825960	1337982.084544	1337982.766254	8.424351e-01	54	none	NaN	NaN
 130	8	30	72	kitchen	sun_abpwyqmlzafvklqo.tif	1337983.535986	1337983.794578	1337984.476239	7.673667e-01	62	none	NaN	NaN
 130	8	31	71	kitchen	sun_abftihopvusyfakt.tif	1337985.246011	1337985.504601	1337986.186272	7.590257e-01	61	none	NaN	NaN
 130	8	32	108	kitchen	sun_aymvwlarqodbwuoc.tif	1337986.956044	1337987.214629	1337987.896451	8.340942e-01	98	none	NaN	NaN
 130	8	33	102	kitchen	sun_auaiucuqpdausiva.tif	1337988.666067	1337988.924661	1337989.606336	7.340029e-01	92	none	NaN	NaN
 130	8	34	75	kitchen	sun_acgtpgfybqjmzeyw.tif	1337990.376099	1337990.634686	1337991.316340	7.923895e-01	65	none	NaN	NaN
 130	8	35	100	kitchen	sun_amjjdeyrggfqgmom.tif	1337992.086118	1337992.344709	1337993.026570	8.257533e-01	90	none	NaN	NaN
 130	8	36	74	kitchen	sun_acfmftudsenhrfhy.tif	1337993.796148	1337994.054742	1337994.736508	7.673667e-01	64	none	NaN	NaN
 130	8	37	73	kitchen	sun_abrcnpqqhmjwekyf.tif	1337995.506174	1337995.764768	1337996.446436	8.007304e-01	63	none	NaN	NaN
 130	8	38	94	kitchen	sun_ahywdevtimnqcsln.tif	1337997.216203	1337997.474794	1337998.156472	8.174123e-01	84	none	NaN	NaN
 130	8	39	106	kitchen	sun_awcpdzzznmweyyhv.tif	1337998.926232	1337999.184821	1337999.866581	6.922982e-01	96	none	NaN	NaN
 130	8	40	103	kitchen	sun_aunzlwrbjumxhwdj.tif	1338000.636261	1338000.894846	1338001.576664	7.173210e-01	93	none	NaN	NaN
 130	8	41	99	kitchen	sun_akcjzhbbjlbogpdi.tif	1338002.346290	1338002.604870	1338003.286506	7.423438e-01	89	none	NaN	NaN
 130	8	42	63	kitchen	labelme_rykdqxenmhulbdn.tif	1338004.056311	1338004.314908	1338004.996739	8.257533e-01	53	none	NaN	NaN
 130	8	43	61	kitchen	labelme_brsyyvweiuaazfr.tif	1338005.766340	1338006.024928	1338006.706648	7.506848e-01	51	none	NaN	NaN
 130	8	44	88	kitchen	sun_agubuxuukhzyzpdp.tif	1338007.476369	1338007.734958	1338008.416591	7.590257e-01	78	none	NaN	NaN
 130	8	45	95	kitchen	sun_aixorpehvfykdynp.tif	1338009.186399	1338009.444988	1338010.126789	7.089801e-01	85	none	NaN	NaN
 130	8	46	62	kitchen	labelme_kxvouciolcpqplr.tif	1338010.896423	1338011.155012	1338011.836658	7.840485e-01	52	none	NaN	NaN
 130	8	47	78	kitchen	sun_adgqasybjyktddhj.tif	1338012.606454	1338012.865041	1338013.546866	8.424351e-01	68	none	NaN	NaN
 130	8	48	82	kitchen	sun_aenotlpyftoioydp.tif	1338014.316479	1338014.575069	1338015.256825	6.756163e-01	72	40	1338016.328309	0
 130	8	49	90	kitchen	sun_ahdycvpopffkzzsu.tif	1338017.102570	1338017.361160	1338018.042896	7.423438e-01	80	none	NaN	NaN
 130	8	50	107	kitchen	sun_axyyrmzcupyhlivc.tif	1338018.812598	1338019.071185	1338019.752855	6.839572e-01	97	none	NaN	NaN
 130	8	51	109	kitchen	sun_aypmqwcualkenuoe.tif	1338020.514286	1338020.772880	1338021.454579	7.757076e-01	99	none	NaN	NaN
 130	8	52	75	kitchen	sun_acgtpgfybqjmzeyw.tif	1338022.224312	1338022.482904	1338023.164666	7.173210e-01	65	none	NaN	NaN
 130	8	53	76	kitchen	sun_acwjdupvyjsugpay.tif	1338023.934342	1338024.192931	1338024.874572	6.756163e-01	66	none	NaN	NaN
 130	8	54	66	kitchen	sun_aapllqyqlykszopd.tif	1338025.636026	1338025.894618	1338026.576365	6.505935e-01	56	none	NaN	NaN
 130	8	55	107	kitchen	sun_axyyrmzcupyhlivc.tif	1338027.346052	1338027.604642	1338028.286368	7.006391e-01	97	40	1338028.936386	0
 130	8	56	64	kitchen	sun_aadbddgrdsjugojn.tif	1338029.706723	1338029.965315	1338030.647155	8.257533e-01	54	40	1338031.472397	0
 130	8	57	101	kitchen	sun_aqeaevwwwjoqhzvl.tif	1338032.242571	1338032.501164	1338033.182922	6.922982e-01	91	none	NaN	NaN
 130	8	58	79	kitchen	sun_admlmbcdswaszruo.tif	1338033.952602	1338034.211186	1338034.892933	7.256620e-01	69	none	NaN	NaN
 130	8	59	61	kitchen	labelme_brsyyvweiuaazfr.tif	1338035.662625	1338035.921215	1338036.603044	7.590257e-01	51	none	NaN	NaN
 130	8	60	92	kitchen	sun_ahpczsiumwwocjkv.tif	1338037.372653	1338037.631243	1338038.312888	7.590257e-01	82	none	NaN	NaN
 130	8	61	63	kitchen	labelme_rykdqxenmhulbdn.tif	1338039.082683	1338039.341268	1338040.023104	7.340029e-01	53	none	NaN	NaN
 130	8	62	93	kitchen	sun_ahspylgoovwmwvgk.tif	1338040.792709	1338041.051298	1338041.732968	7.256620e-01	83	none	NaN	NaN
 130	8	63	106	kitchen	sun_awcpdzzznmweyyhv.tif	1338042.502726	1338042.761321	1338043.442986	6.922982e-01	96	none	NaN	NaN
 130	8	64	83	kitchen	sun_aeqdocilnnpuvuhx.tif	1338044.204424	1338044.463010	1338045.144782	6.839572e-01	73	none	NaN	NaN
 130	8	65	70	kitchen	sun_abdxkyyxwfskuaqb.tif	1338045.914451	1338046.173034	1338046.854778	7.006391e-01	60	none	NaN	NaN
 130	8	66	84	kitchen	sun_aexklacwqwezaorf.tif	1338047.624476	1338047.883066	1338048.564724	7.757076e-01	74	none	NaN	NaN
 130	8	67	78	kitchen	sun_adgqasybjyktddhj.tif	1338049.334505	1338049.593093	1338050.274937	7.923895e-01	68	none	NaN	NaN
 130	8	68	77	kitchen	sun_acxkpeoqbwcxfvip.tif	1338051.044530	1338051.303123	1338051.984895	7.840485e-01	67	none	NaN	NaN
 130	8	69	74	kitchen	sun_acfmftudsenhrfhy.tif	1338052.754557	1338053.013145	1338053.694800	8.090714e-01	64	none	NaN	NaN
 130	8	70	94	kitchen	sun_ahywdevtimnqcsln.tif	1338054.464581	1338054.723172	1338055.404820	7.089801e-01	84	39	1338056.632447	1
 130	8	71	95	kitchen	sun_aixorpehvfykdynp.tif	1338057.409174	1338057.667758	1338058.349598	6.672754e-01	85	39	1338059.416421	1
 130	8	72	73	kitchen	sun_abrcnpqqhmjwekyf.tif	1338060.186919	1338060.445511	1338061.127159	8.007304e-01	63	39	1338061.920234	0
 130	8	73	88	kitchen	sun_agubuxuukhzyzpdp.tif	1338062.697740	1338062.956333	1338063.637990	8.174123e-01	78	none	NaN	NaN
 130	8	74	98	kitchen	sun_akchetnepxlcxhsu.tif	1338064.407767	1338064.666355	1338065.348047	8.007304e-01	88	none	NaN	NaN
 130	8	75	80	kitchen	sun_aegoxogugdkwpmpj.tif	1338066.117798	1338066.376389	1338067.058218	6.672754e-01	70	39	1338067.728297	1
 130	8	76	65	kitchen	sun_aamedkxepzlwuxes.tif	1338068.503494	1338068.762076	1338069.443850	7.673667e-01	55	none	NaN	NaN
 130	8	77	103	kitchen	sun_aunzlwrbjumxhwdj.tif	1338070.213517	1338070.472111	1338071.153896	7.423438e-01	93	none	NaN	NaN
 130	8	78	86	kitchen	sun_aggjlwcdjsjcaemh.tif	1338071.923547	1338072.182136	1338072.863885	8.090714e-01	76	none	NaN	NaN
 130	8	79	71	kitchen	sun_abftihopvusyfakt.tif	1338073.633579	1338073.892165	1338074.574014	7.423438e-01	61	none	NaN	NaN
 130	8	80	81	kitchen	sun_aehawpgmrlhlvcow.tif	1338075.343602	1338075.602192	1338076.284023	8.340942e-01	71	none	NaN	NaN
 130	8	81	96	kitchen	sun_ajcbwwvdlsvjyzje.tif	1338077.053630	1338077.312218	1338077.993855	6.589344e-01	86	none	NaN	NaN
 130	8	82	102	kitchen	sun_auaiucuqpdausiva.tif	1338078.755317	1338079.013902	1338079.695626	6.922982e-01	92	none	NaN	NaN
 130	8	83	62	kitchen	labelme_kxvouciolcpqplr.tif	1338080.465341	1338080.723931	1338081.405571	7.340029e-01	52	none	NaN	NaN
 130	8	84	108	kitchen	sun_aymvwlarqodbwuoc.tif	1338082.167030	1338082.425617	1338083.107402	6.589344e-01	98	none	NaN	NaN
 130	8	85	72	kitchen	sun_abpwyqmlzafvklqo.tif	1338083.877047	1338084.135655	1338084.817450	8.174123e-01	62	none	NaN	NaN
 130	8	86	87	kitchen	sun_agorklincwxrdtga.tif	1338085.587085	1338085.845676	1338086.527415	7.340029e-01	77	none	NaN	NaN
 130	8	87	90	kitchen	sun_ahdycvpopffkzzsu.tif	1338087.297111	1338087.555700	1338088.237341	7.923895e-01	80	none	NaN	NaN
 130	8	88	82	kitchen	sun_aenotlpyftoioydp.tif	1338088.998794	1338089.257387	1338089.939073	6.839572e-01	72	none	NaN	NaN
 130	8	89	100	kitchen	sun_amjjdeyrggfqgmom.tif	1338090.708826	1338090.967411	1338091.649258	7.173210e-01	90	39	1338092.688447	1
 130	8	90	67	kitchen	sun_aarfiyshqohlwkmo.tif	1338093.461550	1338093.720136	1338094.401885	7.089801e-01	57	none	NaN	NaN
 130	8	91	104	kitchen	sun_auticobqsbwgoppi.tif	1338095.171579	1338095.430171	1338096.111809	8.090714e-01	94	none	NaN	NaN
 130	8	92	110	kitchen	sun_azmutvzbxypaceni.tif	1338096.873259	1338097.131854	1338097.813640	7.673667e-01	100	none	NaN	NaN
 130	8	93	105	kitchen	sun_avszsnwsbuqfgzbn.tif	1338098.583282	1338098.841882	1338099.523691	8.174123e-01	95	none	NaN	NaN
 130	8	94	97	kitchen	sun_ajkqhtgcbgpcwrwn.tif	1338100.293319	1338100.551911	1338101.233579	8.340942e-01	87	none	NaN	NaN
 130	8	95	85	kitchen	sun_afuyedyxivkhecmu.tif	1338102.003343	1338102.261937	1338102.943646	8.340942e-01	75	none	NaN	NaN
 130	8	96	89	kitchen	sun_agzzivivdpnawacl.tif	1338103.713372	1338103.971964	1338104.653794	7.923895e-01	79	none	NaN	NaN
 130	8	97	91	kitchen	sun_ahljzhgcdpomplvg.tif	1338105.423397	1338105.681989	1338106.363703	6.672754e-01	81	none	NaN	NaN
 130	8	98	99	kitchen	sun_akcjzhbbjlbogpdi.tif	1338107.133431	1338107.392018	1338108.073777	6.505935e-01	89	none	NaN	NaN
 130	8	99	68	kitchen	sun_aaxxjlsuzvqlgylf.tif	1338108.843451	1338109.102042	1338109.783704	6.756163e-01	58	none	NaN	NaN
 130	8	100	69	kitchen	sun_abdenxonkemggwsq.tif	1338110.553488	1338110.812071	1338111.493826	6.505935e-01	59	none	NaN	NaN
 130	9	1	11	bathroom	labelme_sfxiulhjbhlyiyt.tif	1338161.378835	1338161.637427	1338162.285816	7.757076e-01	1	none	NaN	NaN
 130	9	2	24	bathroom	sun_agrwbmhcpmfuwmsg.tif	1338163.055495	1338163.314079	1338163.962481	8.507761e-01	14	none	NaN	NaN
 130	9	3	60	bathroom	sun_azqyogdvyhahyram.tif	1338164.732147	1338164.990746	1338165.639197	7.006391e-01	50	none	NaN	NaN
 130	9	4	19	bathroom	sun_aclfzgynxzxlbepz.tif	1338166.408819	1338166.667403	1338167.315855	7.923895e-01	9	none	NaN	NaN
 130	9	5	14	bathroom	sun_abapwbhyhkfixyex.tif	1338168.085477	1338168.344072	1338168.992370	8.174123e-01	4	none	NaN	NaN
 130	9	6	15	bathroom	sun_abjtwfukuwddzted.tif	1338169.762136	1338170.020731	1338170.669176	6.922982e-01	5	39	1338171.440313	1
 130	9	7	21	bathroom	sun_aggnnqpdorgxpvce.tif	1338172.214565	1338172.473157	1338173.121456	7.506848e-01	11	none	NaN	NaN
 130	9	8	38	bathroom	sun_anhioqovhscjqqwb.tif	1338173.891230	1338174.149820	1338174.798132	6.505935e-01	28	none	NaN	NaN
 130	9	9	44	bathroom	sun_apkruvsevgegsdwp.tif	1338175.567891	1338175.826479	1338176.474752	6.589344e-01	34	none	NaN	NaN
 130	9	10	56	bathroom	sun_awnqiikzaispgmwo.tif	1338177.236204	1338177.494802	1338178.143240	6.589344e-01	46	none	NaN	NaN
 130	9	11	16	bathroom	sun_acduarbnmmoglmiv.tif	1338178.912867	1338179.171463	1338179.819904	8.257533e-01	6	none	NaN	NaN
 130	9	12	45	bathroom	sun_apkxzenqapsujocq.tif	1338180.589533	1338180.848121	1338181.496498	8.007304e-01	35	none	NaN	NaN
 130	9	13	18	bathroom	sun_acgyywnybuveqsro.tif	1338182.266191	1338182.524780	1338183.173129	8.424351e-01	8	none	NaN	NaN
 130	9	14	20	bathroom	sun_afcoljnjfoxjtgja.tif	1338183.942850	1338184.201444	1338184.849829	7.757076e-01	10	37	1338185.592305	1
 130	9	15	49	bathroom	sun_asfwthctfqerjvxr.tif	1338186.370254	1338186.628847	1338187.277267	8.090714e-01	39	none	NaN	NaN
 130	9	16	31	bathroom	sun_akiytfaagpdsphgz.tif	1338188.046920	1338188.305508	1338188.953979	7.590257e-01	21	none	NaN	NaN
 130	9	17	17	bathroom	sun_acegryoqftbzowsg.tif	1338189.723578	1338189.982168	1338190.630573	7.423438e-01	7	none	NaN	NaN
 130	9	18	54	bathroom	sun_auzqhkafidnkrwmo.tif	1338191.400241	1338191.658833	1338192.307100	8.507761e-01	44	none	NaN	NaN
 130	9	19	50	bathroom	sun_aspsyogrekjtfozg.tif	1338193.068562	1338193.327149	1338193.975629	8.174123e-01	40	none	NaN	NaN
 130	9	20	34	bathroom	sun_alkosphxlxwjwgjd.tif	1338194.745220	1338195.003811	1338195.652184	7.340029e-01	24	37	1338196.376341	1
 130	9	21	53	bathroom	sun_ausgutylgojavyoq.tif	1338197.147595	1338197.406188	1338198.054641	6.839572e-01	43	none	NaN	NaN
 130	9	22	13	bathroom	sun_aavhrsfjbserjtht.tif	1338198.824264	1338199.082854	1338199.731269	6.672754e-01	3	none	NaN	NaN
 130	9	23	52	bathroom	sun_aunuadmjocsddsrl.tif	1338200.500922	1338200.759512	1338201.407919	6.505935e-01	42	none	NaN	NaN
 130	9	24	12	bathroom	sun_aapitsgbtktqubfy.tif	1338202.177584	1338202.436174	1338203.084598	7.590257e-01	2	none	NaN	NaN
 130	9	25	39	bathroom	sun_anryaplzeujmzfkd.tif	1338203.854241	1338204.112838	1338204.761205	7.340029e-01	29	none	NaN	NaN
 130	9	26	29	bathroom	sun_ahqjwnzgolcaoidx.tif	1338205.530904	1338205.789498	1338206.437795	7.089801e-01	19	none	NaN	NaN
 130	9	27	26	bathroom	sun_ahaulkltgpkeeemi.tif	1338207.207566	1338207.466158	1338208.114611	6.672754e-01	16	37	1338209.104373	1
 130	9	28	51	bathroom	sun_atstyziqcmkahyxk.tif	1338209.876884	1338210.135465	1338210.783752	7.089801e-01	41	none	NaN	NaN
 130	9	29	41	bathroom	sun_aoybiabnpadelefl.tif	1338211.545194	1338211.803786	1338212.452051	7.840485e-01	31	none	NaN	NaN
 130	9	30	28	bathroom	sun_ahijqszoswveeyji.tif	1338213.213516	1338213.472106	1338214.120427	7.423438e-01	18	none	NaN	NaN
 130	9	31	57	bathroom	sun_axldvoqbuvuggfmq.tif	1338214.890182	1338215.148764	1338215.797095	7.923895e-01	47	none	NaN	NaN
 130	9	32	32	bathroom	sun_aleqenyvunhactkl.tif	1338216.566835	1338216.825432	1338217.473766	6.922982e-01	22	39	1338218.128332	1
 130	9	33	25	bathroom	sun_agyqfjcfkdcydepw.tif	1338218.902491	1338219.161077	1338219.809477	8.007304e-01	15	none	NaN	NaN
 130	9	34	30	bathroom	sun_ajlawzvmubibwbpy.tif	1338220.579147	1338220.837737	1338221.486073	8.257533e-01	20	none	NaN	NaN
 130	9	35	58	bathroom	sun_axxbkopsgyouuebh.tif	1338222.255808	1338222.514400	1338223.162794	7.506848e-01	48	none	NaN	NaN
 130	9	36	48	bathroom	sun_aqrpegblszgcoujh.tif	1338223.932467	1338224.191058	1338224.839348	7.673667e-01	38	none	NaN	NaN
 130	9	37	36	bathroom	sun_ambriybtogmepttm.tif	1338225.609131	1338225.867724	1338226.516154	8.257533e-01	26	none	NaN	NaN
 130	9	38	33	bathroom	sun_aljolscmmzydegqp.tif	1338227.285788	1338227.544379	1338228.192739	7.673667e-01	23	none	NaN	NaN
 130	9	39	42	bathroom	sun_apeeialkgkuxddgh.tif	1338228.962451	1338229.221001	1338229.869417	7.840485e-01	32	none	NaN	NaN
 130	9	40	55	bathroom	sun_avhrdrntsqrjzccq.tif	1338230.639107	1338230.897705	1338231.545973	6.756163e-01	45	37	1338232.400285	1
 130	9	41	46	bathroom	sun_apmqjbnwghzuhhzh.tif	1338233.174959	1338233.433551	1338234.081890	6.839572e-01	36	none	NaN	NaN
 130	9	42	22	bathroom	sun_agguqiubmwhqqunb.tif	1338234.851617	1338235.110214	1338235.758508	6.589344e-01	12	none	NaN	NaN
 130	9	43	27	bathroom	sun_ahcvzmoyaycdoftf.tif	1338236.528278	1338236.786868	1338237.435310	6.756163e-01	17	none	NaN	NaN
 130	9	44	47	bathroom	sun_apynckhmoftszqoq.tif	1338238.204943	1338238.463533	1338239.111860	6.839572e-01	37	none	NaN	NaN
 130	9	45	59	bathroom	sun_axyrejkiiaqiurjk.tif	1338239.881606	1338240.140190	1338240.788645	7.423438e-01	49	none	NaN	NaN
 130	9	46	35	bathroom	sun_alotolagknyrgtsk.tif	1338241.558261	1338241.816856	1338242.465135	6.672754e-01	25	37	1338243.352326	1
 130	9	47	40	bathroom	sun_aofnryafpsjimzsb.tif	1338244.127476	1338244.386069	1338245.034365	7.089801e-01	30	37	1338245.768551	0
 130	9	48	23	bathroom	sun_aghyqhbptboemmoq.tif	1338246.546538	1338246.805131	1338247.453522	7.840485e-01	13	none	NaN	NaN
 130	9	49	43	bathroom	sun_apjevzvycyhuqghb.tif	1338248.223203	1338248.481791	1338249.130160	6.672754e-01	33	none	NaN	NaN
 130	9	50	37	bathroom	sun_amzlamotzwfkwjco.tif	1338249.899851	1338250.158450	1338250.806848	8.090714e-01	27	none	NaN	NaN
 130	9	51	26	bathroom	sun_ahaulkltgpkeeemi.tif	1338251.576521	1338251.835111	1338252.483588	7.590257e-01	16	none	NaN	NaN
 130	9	52	56	bathroom	sun_awnqiikzaispgmwo.tif	1338253.253182	1338253.511770	1338254.160213	8.007304e-01	46	none	NaN	NaN
 130	9	53	15	bathroom	sun_abjtwfukuwddzted.tif	1338254.929845	1338255.188438	1338255.836788	8.090714e-01	5	39	1338256.576301	1
 130	9	54	14	bathroom	sun_abapwbhyhkfixyex.tif	1338257.348905	1338257.607496	1338258.255938	7.923895e-01	4	none	NaN	NaN
 130	9	55	58	bathroom	sun_axxbkopsgyouuebh.tif	1338259.025563	1338259.284156	1338259.932586	7.256620e-01	48	none	NaN	NaN
 130	9	56	53	bathroom	sun_ausgutylgojavyoq.tif	1338260.702226	1338260.960823	1338261.609230	7.590257e-01	43	none	NaN	NaN
 130	9	57	50	bathroom	sun_aspsyogrekjtfozg.tif	1338262.378881	1338262.637479	1338263.285809	8.424351e-01	40	none	NaN	NaN
 130	9	58	19	bathroom	sun_aclfzgynxzxlbepz.tif	1338264.055553	1338264.314140	1338264.962515	8.340942e-01	9	none	NaN	NaN
 130	9	59	46	bathroom	sun_apmqjbnwghzuhhzh.tif	1338265.732208	1338265.990800	1338266.639121	7.673667e-01	36	none	NaN	NaN
 130	9	60	18	bathroom	sun_acgyywnybuveqsro.tif	1338267.408874	1338267.667479	1338268.315899	7.006391e-01	8	none	NaN	NaN
 130	9	61	16	bathroom	sun_acduarbnmmoglmiv.tif	1338269.085537	1338269.344127	1338269.992590	7.923895e-01	6	none	NaN	NaN
 130	9	62	49	bathroom	sun_asfwthctfqerjvxr.tif	1338270.762193	1338271.020789	1338271.669125	7.256620e-01	39	none	NaN	NaN
 130	9	63	28	bathroom	sun_ahijqszoswveeyji.tif	1338272.438855	1338272.697445	1338273.345813	7.506848e-01	18	none	NaN	NaN
 130	9	64	33	bathroom	sun_aljolscmmzydegqp.tif	1338274.115520	1338274.374104	1338275.022566	8.340942e-01	23	none	NaN	NaN
 130	9	65	34	bathroom	sun_alkosphxlxwjwgjd.tif	1338275.792178	1338276.050764	1338276.699055	7.173210e-01	24	none	NaN	NaN
 130	9	66	45	bathroom	sun_apkxzenqapsujocq.tif	1338277.460499	1338277.719085	1338278.367458	7.340029e-01	35	none	NaN	NaN
 130	9	67	35	bathroom	sun_alotolagknyrgtsk.tif	1338279.137157	1338279.395750	1338280.044156	8.340942e-01	25	none	NaN	NaN
 130	9	68	24	bathroom	sun_agrwbmhcpmfuwmsg.tif	1338280.813816	1338281.072413	1338281.720782	8.424351e-01	14	none	NaN	NaN
 130	9	69	52	bathroom	sun_aunuadmjocsddsrl.tif	1338282.490481	1338282.749072	1338283.397529	7.256620e-01	42	none	NaN	NaN
 130	9	70	43	bathroom	sun_apjevzvycyhuqghb.tif	1338284.167141	1338284.425732	1338285.074162	7.173210e-01	33	none	NaN	NaN
 130	9	71	29	bathroom	sun_ahqjwnzgolcaoidx.tif	1338285.843802	1338286.102394	1338286.750714	7.173210e-01	19	none	NaN	NaN
 130	9	72	20	bathroom	sun_afcoljnjfoxjtgja.tif	1338287.520464	1338287.779052	1338288.427475	7.840485e-01	10	39	1338288.984244	1
 130	9	73	27	bathroom	sun_ahcvzmoyaycdoftf.tif	1338289.756012	1338290.014605	1338290.663029	8.007304e-01	17	none	NaN	NaN
 130	9	74	32	bathroom	sun_aleqenyvunhactkl.tif	1338291.432673	1338291.691261	1338292.339700	8.174123e-01	22	none	NaN	NaN
 130	9	75	37	bathroom	sun_amzlamotzwfkwjco.tif	1338293.109332	1338293.367944	1338294.016357	8.340942e-01	27	none	NaN	NaN
 130	9	76	40	bathroom	sun_aofnryafpsjimzsb.tif	1338294.785994	1338295.044606	1338295.692991	7.006391e-01	30	none	NaN	NaN
 130	9	77	30	bathroom	sun_ajlawzvmubibwbpy.tif	1338296.462655	1338296.721245	1338297.369630	6.756163e-01	20	none	NaN	NaN
 130	9	78	13	bathroom	sun_aavhrsfjbserjtht.tif	1338298.139318	1338298.397900	1338299.046363	7.506848e-01	3	none	NaN	NaN
 130	9	79	21	bathroom	sun_aggnnqpdorgxpvce.tif	1338299.815974	1338300.074570	1338300.722897	6.922982e-01	11	none	NaN	NaN
 130	9	80	54	bathroom	sun_auzqhkafidnkrwmo.tif	1338301.492641	1338301.751226	1338302.399505	8.257533e-01	44	39	1338303.448312	0
 130	9	81	48	bathroom	sun_aqrpegblszgcoujh.tif	1338304.220338	1338304.478922	1338305.127249	6.922982e-01	38	none	NaN	NaN
 130	9	82	39	bathroom	sun_anryaplzeujmzfkd.tif	1338305.888658	1338306.147250	1338306.795675	7.340029e-01	29	none	NaN	NaN
 130	9	83	31	bathroom	sun_akiytfaagpdsphgz.tif	1338307.565319	1338307.823912	1338308.472229	6.922982e-01	21	none	NaN	NaN
 130	9	84	57	bathroom	sun_axldvoqbuvuggfmq.tif	1338309.233643	1338309.492231	1338310.140565	6.589344e-01	47	none	NaN	NaN
 130	9	85	51	bathroom	sun_atstyziqcmkahyxk.tif	1338310.910303	1338311.168889	1338311.817189	7.256620e-01	41	none	NaN	NaN
 130	9	86	42	bathroom	sun_apeeialkgkuxddgh.tif	1338312.586963	1338312.845550	1338313.494017	7.757076e-01	32	39	1338314.120439	1
 130	9	87	38	bathroom	sun_anhioqovhscjqqwb.tif	1338314.897584	1338315.156172	1338315.804536	7.590257e-01	28	none	NaN	NaN
 130	9	88	47	bathroom	sun_apynckhmoftszqoq.tif	1338316.574251	1338316.832838	1338317.481189	8.090714e-01	37	39	1338318.792252	0
 130	9	89	55	bathroom	sun_avhrdrntsqrjzccq.tif	1338319.568881	1338319.827472	1338320.475778	7.423438e-01	45	none	NaN	NaN
 130	9	90	12	bathroom	sun_aapitsgbtktqubfy.tif	1338321.245542	1338321.504129	1338322.152495	7.173210e-01	2	none	NaN	NaN
 130	9	91	11	bathroom	labelme_sfxiulhjbhlyiyt.tif	1338322.922202	1338323.180791	1338323.829101	7.757076e-01	1	none	NaN	NaN
 130	9	92	22	bathroom	sun_agguqiubmwhqqunb.tif	1338324.598862	1338324.857451	1338325.505935	6.839572e-01	12	none	NaN	NaN
 130	9	93	36	bathroom	sun_ambriybtogmepttm.tif	1338326.275525	1338326.534108	1338327.182425	8.174123e-01	26	none	NaN	NaN
 130	9	94	41	bathroom	sun_aoybiabnpadelefl.tif	1338327.952187	1338328.210769	1338328.859051	8.424351e-01	31	none	NaN	NaN
 130	9	95	60	bathroom	sun_azqyogdvyhahyram.tif	1338329.620509	1338329.879095	1338330.527437	8.257533e-01	50	none	NaN	NaN
 130	9	96	59	bathroom	sun_axyrejkiiaqiurjk.tif	1338331.297156	1338331.555755	1338332.204214	6.505935e-01	49	39	1338332.840489	1
 130	9	97	17	bathroom	sun_acegryoqftbzowsg.tif	1338333.616125	1338333.874720	1338334.523115	7.006391e-01	7	none	NaN	NaN
 130	9	98	23	bathroom	sun_aghyqhbptboemmoq.tif	1338335.292787	1338335.551380	1338336.199682	7.673667e-01	13	none	NaN	NaN
 130	9	99	25	bathroom	sun_agyqfjcfkdcydepw.tif	1338336.961106	1338337.219702	1338337.868082	6.756163e-01	15	none	NaN	NaN
 130	9	100	44	bathroom	sun_apkruvsevgegsdwp.tif	1338338.637769	1338338.896356	1338339.544742	7.089801e-01	34	39	1338340.352348	1
 130	10	1	73	kitchen	sun_abrcnpqqhmjwekyf.tif	1338354.870517	1338355.129104	1338355.952639	8.174123e-01	63	none	NaN	NaN
 130	10	2	62	kitchen	labelme_kxvouciolcpqplr.tif	1338356.722352	1338356.980941	1338357.804511	7.256620e-01	52	none	NaN	NaN
 130	10	3	99	kitchen	sun_akcjzhbbjlbogpdi.tif	1338358.574184	1338358.832775	1338359.656815	8.007304e-01	89	none	NaN	NaN
 130	10	4	70	kitchen	sun_abdxkyyxwfskuaqb.tif	1338360.426022	1338360.684615	1338361.508069	7.757076e-01	60	37	1338362.240354	1
 130	10	5	95	kitchen	sun_aixorpehvfykdynp.tif	1338363.011917	1338363.270508	1338364.094064	6.672754e-01	85	39	1338365.080336	1
 130	10	6	97	kitchen	sun_ajkqhtgcbgpcwrwn.tif	1338365.856401	1338366.114993	1338366.938590	7.757076e-01	87	none	NaN	NaN
 130	10	7	82	kitchen	sun_aenotlpyftoioydp.tif	1338367.708242	1338367.966823	1338368.790412	7.089801e-01	72	none	NaN	NaN
 130	10	8	110	kitchen	sun_azmutvzbxypaceni.tif	1338369.560073	1338369.818664	1338370.642085	6.756163e-01	100	none	NaN	NaN
 130	10	9	69	kitchen	sun_abdenxonkemggwsq.tif	1338371.403563	1338371.662152	1338372.485577	6.505935e-01	59	none	NaN	NaN
 130	10	10	67	kitchen	sun_aarfiyshqohlwkmo.tif	1338373.247060	1338373.505644	1338374.329267	8.340942e-01	57	none	NaN	NaN
 130	10	11	103	kitchen	sun_aunzlwrbjumxhwdj.tif	1338375.098894	1338375.357483	1338376.180949	7.590257e-01	93	none	NaN	NaN
 130	10	12	66	kitchen	sun_aapllqyqlykszopd.tif	1338376.950728	1338377.209317	1338378.032853	8.507761e-01	56	none	NaN	NaN
 130	10	13	78	kitchen	sun_adgqasybjyktddhj.tif	1338378.802558	1338379.061143	1338379.884788	8.340942e-01	68	none	NaN	NaN
 130	10	14	107	kitchen	sun_axyyrmzcupyhlivc.tif	1338380.654389	1338380.912981	1338381.736624	7.506848e-01	97	39	1338382.368305	1
 130	10	15	96	kitchen	sun_ajcbwwvdlsvjyzje.tif	1338383.140191	1338383.398782	1338384.222381	6.922982e-01	86	none	NaN	NaN
 130	10	16	94	kitchen	sun_ahywdevtimnqcsln.tif	1338384.992020	1338385.250619	1338386.074058	6.839572e-01	84	none	NaN	NaN
 130	10	17	109	kitchen	sun_aypmqwcualkenuoe.tif	1338386.835517	1338387.094111	1338387.917619	8.257533e-01	99	none	NaN	NaN
 130	10	18	105	kitchen	sun_avszsnwsbuqfgzbn.tif	1338388.687353	1338388.945941	1338389.769550	7.006391e-01	95	none	NaN	NaN
 130	10	19	83	kitchen	sun_aeqdocilnnpuvuhx.tif	1338390.539191	1338390.797781	1338391.621375	7.423438e-01	73	none	NaN	NaN
 130	10	20	86	kitchen	sun_aggjlwcdjsjcaemh.tif	1338392.391021	1338392.649608	1338393.473191	6.756163e-01	76	none	NaN	NaN
 130	10	21	85	kitchen	sun_afuyedyxivkhecmu.tif	1338394.242856	1338394.501444	1338395.324977	7.506848e-01	75	39	1338395.968234	1
 130	10	22	65	kitchen	sun_aamedkxepzlwuxes.tif	1338396.745331	1338397.003928	1338397.827527	7.840485e-01	55	none	NaN	NaN
 130	10	23	74	kitchen	sun_acfmftudsenhrfhy.tif	1338398.597168	1338398.855760	1338399.679260	8.174123e-01	64	39	1338400.240263	1
 130	10	24	88	kitchen	sun_agubuxuukhzyzpdp.tif	1338401.016236	1338401.274820	1338402.098248	8.090714e-01	78	none	NaN	NaN
 130	10	25	92	kitchen	sun_ahpczsiumwwocjkv.tif	1338402.859725	1338403.118312	1338403.941976	6.839572e-01	82	none	NaN	NaN
 130	10	26	81	kitchen	sun_aehawpgmrlhlvcow.tif	1338404.711560	1338404.970147	1338405.793790	7.006391e-01	71	none	NaN	NaN
 130	10	27	101	kitchen	sun_aqeaevwwwjoqhzvl.tif	1338406.563395	1338406.821986	1338407.645504	7.673667e-01	91	none	NaN	NaN
 130	10	28	90	kitchen	sun_ahdycvpopffkzzsu.tif	1338408.415227	1338408.673819	1338409.497379	8.340942e-01	80	none	NaN	NaN
 130	10	29	76	kitchen	sun_acwjdupvyjsugpay.tif	1338410.267065	1338410.525652	1338411.349190	6.922982e-01	66	none	NaN	NaN
 130	10	30	87	kitchen	sun_agorklincwxrdtga.tif	1338412.118898	1338412.377492	1338413.200969	7.173210e-01	77	none	NaN	NaN
 130	10	31	100	kitchen	sun_amjjdeyrggfqgmom.tif	1338413.970732	1338414.229316	1338415.052872	7.089801e-01	90	39	1338415.648073	1
 130	10	32	63	kitchen	labelme_rykdqxenmhulbdn.tif	1338416.423163	1338416.681754	1338417.505281	8.424351e-01	53	39	1338418.016394	0
 130	10	33	89	kitchen	sun_agzzivivdpnawacl.tif	1338418.792176	1338419.050768	1338419.874386	7.673667e-01	79	none	NaN	NaN
 130	10	34	84	kitchen	sun_aexklacwqwezaorf.tif	1338420.644009	1338420.902603	1338421.726081	6.672754e-01	74	none	NaN	NaN
 130	10	35	71	kitchen	sun_abftihopvusyfakt.tif	1338422.495845	1338422.754436	1338423.577981	6.839572e-01	61	39	1338424.224245	0
 130	10	36	80	kitchen	sun_aegoxogugdkwpmpj.tif	1338424.998325	1338425.256910	1338426.080511	8.257533e-01	70	none	NaN	NaN
 130	10	37	77	kitchen	sun_acxkpeoqbwcxfvip.tif	1338426.850158	1338427.108751	1338427.932392	6.672754e-01	67	none	NaN	NaN
 130	10	38	64	kitchen	sun_aadbddgrdsjugojn.tif	1338428.701995	1338428.960585	1338429.784108	8.507761e-01	54	none	NaN	NaN
 130	10	39	106	kitchen	sun_awcpdzzznmweyyhv.tif	1338430.553828	1338430.812416	1338431.635929	6.922982e-01	96	none	NaN	NaN
 130	10	40	68	kitchen	sun_aaxxjlsuzvqlgylf.tif	1338432.405659	1338432.664256	1338433.487700	7.173210e-01	58	none	NaN	NaN
 130	10	41	61	kitchen	labelme_brsyyvweiuaazfr.tif	1338434.249160	1338434.507746	1338435.331282	7.840485e-01	51	none	NaN	NaN
 130	10	42	91	kitchen	sun_ahljzhgcdpomplvg.tif	1338436.100988	1338436.359583	1338437.183027	8.257533e-01	81	none	NaN	NaN
 130	10	43	75	kitchen	sun_acgtpgfybqjmzeyw.tif	1338437.944483	1338438.203075	1338439.026589	7.423438e-01	65	37	1338439.904327	1
 130	10	44	102	kitchen	sun_auaiucuqpdausiva.tif	1338440.680530	1338440.939112	1338441.762701	7.673667e-01	92	none	NaN	NaN
 130	10	45	98	kitchen	sun_akchetnepxlcxhsu.tif	1338442.532362	1338442.790949	1338443.614499	7.506848e-01	88	none	NaN	NaN
 130	10	46	104	kitchen	sun_auticobqsbwgoppi.tif	1338444.384196	1338444.642791	1338445.466387	7.757076e-01	94	none	NaN	NaN
 130	10	47	108	kitchen	sun_aymvwlarqodbwuoc.tif	1338446.236031	1338446.494623	1338447.318161	8.257533e-01	98	none	NaN	NaN
 130	10	48	93	kitchen	sun_ahspylgoovwmwvgk.tif	1338448.087868	1338448.346454	1338449.170012	8.090714e-01	83	none	NaN	NaN
 130	10	49	79	kitchen	sun_admlmbcdswaszruo.tif	1338449.939704	1338450.198287	1338451.021924	6.589344e-01	69	37	1338451.840327	1
 130	10	50	72	kitchen	sun_abpwyqmlzafvklqo.tif	1338452.617349	1338452.875946	1338453.699541	7.006391e-01	62	none	NaN	NaN
 130	10	51	96	kitchen	sun_ajcbwwvdlsvjyzje.tif	1338454.469183	1338454.727776	1338455.551197	8.090714e-01	86	none	NaN	NaN
 130	10	52	75	kitchen	sun_acgtpgfybqjmzeyw.tif	1338456.312685	1338456.571271	1338457.394790	7.590257e-01	65	none	NaN	NaN
 130	10	53	81	kitchen	sun_aehawpgmrlhlvcow.tif	1338458.164503	1338458.423107	1338459.246542	6.756163e-01	71	39	1338459.976430	0
 130	10	54	86	kitchen	sun_aggjlwcdjsjcaemh.tif	1338460.750407	1338461.008999	1338461.832588	8.090714e-01	76	none	NaN	NaN
 130	10	55	103	kitchen	sun_aunzlwrbjumxhwdj.tif	1338462.602240	1338462.860830	1338463.684419	7.256620e-01	93	none	NaN	NaN
 130	10	56	77	kitchen	sun_acxkpeoqbwcxfvip.tif	1338464.454081	1338464.712666	1338465.536239	7.089801e-01	67	none	NaN	NaN
 130	10	57	62	kitchen	labelme_kxvouciolcpqplr.tif	1338466.305913	1338466.564505	1338467.388096	7.840485e-01	52	none	NaN	NaN
 130	10	58	64	kitchen	sun_aadbddgrdsjugojn.tif	1338468.157748	1338468.416339	1338469.239805	7.340029e-01	54	none	NaN	NaN
 130	10	59	98	kitchen	sun_akchetnepxlcxhsu.tif	1338470.001238	1338470.259832	1338471.083435	6.672754e-01	88	none	NaN	NaN
 130	10	60	70	kitchen	sun_abdxkyyxwfskuaqb.tif	1338471.853075	1338472.111666	1338472.935268	7.590257e-01	60	none	NaN	NaN
 130	10	61	94	kitchen	sun_ahywdevtimnqcsln.tif	1338473.704908	1338473.963514	1338474.786942	7.256620e-01	84	37	1338475.632270	1
 130	10	62	102	kitchen	sun_auaiucuqpdausiva.tif	1338476.407585	1338476.666178	1338477.489762	7.340029e-01	92	none	NaN	NaN
 130	10	63	95	kitchen	sun_aixorpehvfykdynp.tif	1338478.259423	1338478.518010	1338479.341578	8.424351e-01	85	none	NaN	NaN
 130	10	64	97	kitchen	sun_ajkqhtgcbgpcwrwn.tif	1338480.111254	1338480.369845	1338481.193285	6.505935e-01	87	none	NaN	NaN
 130	10	65	78	kitchen	sun_adgqasybjyktddhj.tif	1338481.954752	1338482.213340	1338483.036803	7.423438e-01	68	none	NaN	NaN
 130	10	66	83	kitchen	sun_aeqdocilnnpuvuhx.tif	1338483.806582	1338484.065172	1338484.888731	6.589344e-01	73	none	NaN	NaN
 130	10	67	109	kitchen	sun_aypmqwcualkenuoe.tif	1338485.658421	1338485.917006	1338486.740603	7.673667e-01	99	none	NaN	NaN
 130	10	68	79	kitchen	sun_admlmbcdswaszruo.tif	1338487.510252	1338487.768846	1338488.592407	7.006391e-01	69	none	NaN	NaN
 130	10	69	105	kitchen	sun_avszsnwsbuqfgzbn.tif	1338489.362086	1338489.620678	1338490.444196	7.923895e-01	95	none	NaN	NaN
 130	10	70	85	kitchen	sun_afuyedyxivkhecmu.tif	1338491.213923	1338491.472510	1338492.296118	7.923895e-01	75	none	NaN	NaN
 130	10	71	76	kitchen	sun_acwjdupvyjsugpay.tif	1338493.065757	1338493.324348	1338494.147878	8.007304e-01	66	none	NaN	NaN
 130	10	72	65	kitchen	sun_aamedkxepzlwuxes.tif	1338494.917593	1338495.176182	1338495.999780	7.089801e-01	55	none	NaN	NaN
 130	10	73	61	kitchen	labelme_brsyyvweiuaazfr.tif	1338496.769426	1338497.028018	1338497.851653	8.424351e-01	51	none	NaN	NaN
 130	10	74	90	kitchen	sun_ahdycvpopffkzzsu.tif	1338498.621255	1338498.879847	1338499.703467	6.756163e-01	80	none	NaN	NaN
 130	10	75	82	kitchen	sun_aenotlpyftoioydp.tif	1338500.473096	1338500.731690	1338501.555232	7.506848e-01	72	none	NaN	NaN
 130	10	76	108	kitchen	sun_aymvwlarqodbwuoc.tif	1338502.324931	1338502.583522	1338503.407108	7.423438e-01	98	none	NaN	NaN
 130	10	77	68	kitchen	sun_aaxxjlsuzvqlgylf.tif	1338504.176767	1338504.435355	1338505.258849	8.340942e-01	58	none	NaN	NaN
 130	10	78	101	kitchen	sun_aqeaevwwwjoqhzvl.tif	1338506.020284	1338506.278847	1338507.102303	6.589344e-01	91	none	NaN	NaN
 130	10	79	106	kitchen	sun_awcpdzzznmweyyhv.tif	1338507.863751	1338508.122344	1338508.945876	8.257533e-01	96	none	NaN	NaN
 130	10	80	92	kitchen	sun_ahpczsiumwwocjkv.tif	1338509.707243	1338509.965833	1338510.789450	6.922982e-01	82	none	NaN	NaN
 130	10	81	110	kitchen	sun_azmutvzbxypaceni.tif	1338511.559078	1338511.817666	1338512.641188	7.757076e-01	100	none	NaN	NaN
 130	10	82	73	kitchen	sun_abrcnpqqhmjwekyf.tif	1338513.410916	1338513.669504	1338514.492998	8.007304e-01	63	none	NaN	NaN
 130	10	83	99	kitchen	sun_akcjzhbbjlbogpdi.tif	1338515.262746	1338515.521333	1338516.344972	6.922982e-01	89	none	NaN	NaN
 130	10	84	100	kitchen	sun_amjjdeyrggfqgmom.tif	1338517.114579	1338517.373171	1338518.196753	8.007304e-01	90	none	NaN	NaN
 130	10	85	74	kitchen	sun_acfmftudsenhrfhy.tif	1338518.966417	1338519.225006	1338520.048448	6.589344e-01	64	none	NaN	NaN
 130	10	86	71	kitchen	sun_abftihopvusyfakt.tif	1338520.809907	1338521.068497	1338521.891934	7.923895e-01	61	37	1338522.728414	1
 130	10	87	93	kitchen	sun_ahspylgoovwmwvgk.tif	1338523.504244	1338523.762836	1338524.586344	7.340029e-01	83	none	NaN	NaN
 130	10	88	91	kitchen	sun_ahljzhgcdpomplvg.tif	1338525.356077	1338525.614667	1338526.438260	7.590257e-01	81	none	NaN	NaN
 130	10	89	84	kitchen	sun_aexklacwqwezaorf.tif	1338527.207914	1338527.466506	1338528.290014	8.424351e-01	74	none	NaN	NaN
 130	10	90	88	kitchen	sun_agubuxuukhzyzpdp.tif	1338529.059747	1338529.318339	1338530.141923	7.590257e-01	78	39	1338530.856229	1
 130	10	91	80	kitchen	sun_aegoxogugdkwpmpj.tif	1338531.628962	1338531.887549	1338532.711150	7.840485e-01	70	none	NaN	NaN
 130	10	92	63	kitchen	labelme_rykdqxenmhulbdn.tif	1338533.480796	1338533.739384	1338534.562933	8.174123e-01	53	none	NaN	NaN
 130	10	93	69	kitchen	sun_abdenxonkemggwsq.tif	1338535.332628	1338535.591219	1338536.414824	7.923895e-01	59	none	NaN	NaN
 130	10	94	89	kitchen	sun_agzzivivdpnawacl.tif	1338537.184462	1338537.443054	1338538.266536	8.174123e-01	79	none	NaN	NaN
 130	10	95	87	kitchen	sun_agorklincwxrdtga.tif	1338539.027955	1338539.286543	1338540.110004	6.505935e-01	77	39	1338540.944212	1
 130	10	96	72	kitchen	sun_abpwyqmlzafvklqo.tif	1338541.722292	1338541.980879	1338542.804364	7.340029e-01	62	none	NaN	NaN
 130	10	97	66	kitchen	sun_aapllqyqlykszopd.tif	1338543.574131	1338543.832709	1338544.656297	6.839572e-01	56	none	NaN	NaN
 130	10	98	107	kitchen	sun_axyyrmzcupyhlivc.tif	1338545.425961	1338545.684551	1338546.507986	7.173210e-01	97	none	NaN	NaN
 130	10	99	104	kitchen	sun_auticobqsbwgoppi.tif	1338547.277796	1338547.536383	1338548.359812	7.173210e-01	94	none	NaN	NaN
 130	10	100	67	kitchen	sun_aarfiyshqohlwkmo.tif	1338549.121291	1338549.379880	1338550.203486	7.256620e-01	57	none	NaN	NaN
 130	11	1	17	bathroom	sun_acegryoqftbzowsg.tif	1338670.257972	1338670.516555	1338671.214932	8.507761e-01	7	none	NaN	NaN
 130	11	2	12	bathroom	sun_aapitsgbtktqubfy.tif	1338671.984676	1338672.243263	1338672.941698	7.590257e-01	2	none	NaN	NaN
 130	11	3	27	bathroom	sun_ahcvzmoyaycdoftf.tif	1338673.711382	1338673.969976	1338674.668492	7.673667e-01	17	none	NaN	NaN
 130	11	4	39	bathroom	sun_anryaplzeujmzfkd.tif	1338675.438096	1338675.696687	1338676.395144	8.090714e-01	29	39	1338677.320241	1
 130	11	5	51	bathroom	sun_atstyziqcmkahyxk.tif	1338678.090724	1338678.349317	1338679.047636	7.923895e-01	41	none	NaN	NaN
 130	11	6	53	bathroom	sun_ausgutylgojavyoq.tif	1338679.809094	1338680.067686	1338680.766197	7.757076e-01	43	none	NaN	NaN
 130	11	7	55	bathroom	sun_avhrdrntsqrjzccq.tif	1338681.535805	1338681.794391	1338682.492900	7.673667e-01	45	none	NaN	NaN
 130	11	8	36	bathroom	sun_ambriybtogmepttm.tif	1338683.262518	1338683.521105	1338684.219476	8.090714e-01	26	none	NaN	NaN
 130	11	9	22	bathroom	sun_agguqiubmwhqqunb.tif	1338684.989223	1338685.247822	1338685.946208	6.672754e-01	12	39	1338687.456271	1
 130	11	10	35	bathroom	sun_alotolagknyrgtsk.tif	1338688.234110	1338688.492701	1338689.191261	6.589344e-01	25	none	NaN	NaN
 130	11	11	28	bathroom	sun_ahijqszoswveeyji.tif	1338689.960816	1338690.219404	1338690.917808	7.089801e-01	18	none	NaN	NaN
 130	11	12	30	bathroom	sun_ajlawzvmubibwbpy.tif	1338691.687527	1338691.946122	1338692.644476	7.423438e-01	20	none	NaN	NaN
 130	11	13	25	bathroom	sun_agyqfjcfkdcydepw.tif	1338693.414242	1338693.672831	1338694.371354	7.506848e-01	15	none	NaN	NaN
 130	11	14	11	bathroom	labelme_sfxiulhjbhlyiyt.tif	1338695.140950	1338695.399542	1338696.098038	8.340942e-01	1	none	NaN	NaN
 130	11	15	49	bathroom	sun_asfwthctfqerjvxr.tif	1338696.867662	1338697.126256	1338697.824644	8.257533e-01	39	none	NaN	NaN
 130	11	16	56	bathroom	sun_awnqiikzaispgmwo.tif	1338698.594373	1338698.852959	1338699.551432	8.257533e-01	46	none	NaN	NaN
 130	11	17	29	bathroom	sun_ahqjwnzgolcaoidx.tif	1338700.321088	1338700.579677	1338701.278090	6.505935e-01	19	none	NaN	NaN
 130	11	18	34	bathroom	sun_alkosphxlxwjwgjd.tif	1338702.047799	1338702.306384	1338703.004882	7.340029e-01	24	none	NaN	NaN
 130	11	19	54	bathroom	sun_auzqhkafidnkrwmo.tif	1338703.774505	1338704.033095	1338704.731475	7.673667e-01	44	none	NaN	NaN
 130	11	20	48	bathroom	sun_aqrpegblszgcoujh.tif	1338705.501218	1338705.759807	1338706.458319	7.256620e-01	38	none	NaN	NaN
 130	11	21	33	bathroom	sun_aljolscmmzydegqp.tif	1338707.227927	1338707.486519	1338708.185015	8.090714e-01	23	none	NaN	NaN
 130	11	22	52	bathroom	sun_aunuadmjocsddsrl.tif	1338708.954639	1338709.213226	1338709.911647	7.757076e-01	42	none	NaN	NaN
 130	11	23	41	bathroom	sun_aoybiabnpadelefl.tif	1338710.681349	1338710.939936	1338711.638436	8.340942e-01	31	none	NaN	NaN
 130	11	24	15	bathroom	sun_abjtwfukuwddzted.tif	1338712.408058	1338712.666652	1338713.364957	6.756163e-01	5	none	NaN	NaN
 130	11	25	13	bathroom	sun_aavhrsfjbserjtht.tif	1338714.126431	1338714.385024	1338715.083406	6.922982e-01	3	39	1338715.728330	0
 130	11	26	40	bathroom	sun_aofnryafpsjimzsb.tif	1338716.503784	1338716.762373	1338717.460847	8.257533e-01	30	39	1338718.048063	0
 130	11	27	16	bathroom	sun_acduarbnmmoglmiv.tif	1338718.822750	1338719.081338	1338719.779772	8.424351e-01	6	none	NaN	NaN
 130	11	28	18	bathroom	sun_acgyywnybuveqsro.tif	1338720.549456	1338720.808050	1338721.506464	8.340942e-01	8	none	NaN	NaN
 130	11	29	45	bathroom	sun_apkxzenqapsujocq.tif	1338722.276168	1338722.534764	1338723.233172	6.589344e-01	35	37	1338723.952042	1
 130	11	30	60	bathroom	sun_azqyogdvyhahyram.tif	1338724.728603	1338724.987191	1338725.685525	6.589344e-01	50	37	1338726.296360	1
 130	11	31	38	bathroom	sun_anhioqovhscjqqwb.tif	1338727.072589	1338727.331173	1338728.029523	8.007304e-01	28	none	NaN	NaN
 130	11	32	44	bathroom	sun_apkruvsevgegsdwp.tif	1338728.799299	1338729.057890	1338729.756280	7.173210e-01	34	none	NaN	NaN
 130	11	33	26	bathroom	sun_ahaulkltgpkeeemi.tif	1338730.526008	1338730.784601	1338731.483100	6.505935e-01	16	none	NaN	NaN
 130	11	34	37	bathroom	sun_amzlamotzwfkwjco.tif	1338732.252718	1338732.511307	1338733.209618	8.424351e-01	27	none	NaN	NaN
 130	11	35	43	bathroom	sun_apjevzvycyhuqghb.tif	1338733.971089	1338734.229682	1338734.928049	6.672754e-01	33	none	NaN	NaN
 130	11	36	14	bathroom	sun_abapwbhyhkfixyex.tif	1338735.697800	1338735.956391	1338736.654739	7.923895e-01	4	37	1338737.616411	1
 130	11	37	21	bathroom	sun_aggnnqpdorgxpvce.tif	1338738.392136	1338738.650729	1338739.349123	7.590257e-01	11	none	NaN	NaN
 130	11	38	31	bathroom	sun_akiytfaagpdsphgz.tif	1338740.118847	1338740.377440	1338741.075912	8.007304e-01	21	none	NaN	NaN
 130	11	39	57	bathroom	sun_axldvoqbuvuggfmq.tif	1338741.845556	1338742.104148	1338742.802551	7.173210e-01	47	none	NaN	NaN
 130	11	40	59	bathroom	sun_axyrejkiiaqiurjk.tif	1338743.572272	1338743.830856	1338744.529385	6.839572e-01	49	39	1338745.160300	1
 130	11	41	50	bathroom	sun_aspsyogrekjtfozg.tif	1338745.932940	1338746.191532	1338746.889885	7.256620e-01	40	none	NaN	NaN
 130	11	42	32	bathroom	sun_aleqenyvunhactkl.tif	1338747.659650	1338747.918243	1338748.616744	8.507761e-01	22	none	NaN	NaN
 130	11	43	42	bathroom	sun_apeeialkgkuxddgh.tif	1338749.386363	1338749.644947	1338750.343438	6.589344e-01	32	37	1338751.112265	1
 130	11	44	20	bathroom	sun_afcoljnjfoxjtgja.tif	1338751.888841	1338752.147432	1338752.845958	7.006391e-01	10	none	NaN	NaN
 130	11	45	24	bathroom	sun_agrwbmhcpmfuwmsg.tif	1338753.615551	1338753.874144	1338754.572521	7.840485e-01	14	39	1338755.416282	0
 130	11	46	23	bathroom	sun_aghyqhbptboemmoq.tif	1338756.193108	1338756.451698	1338757.150176	7.840485e-01	13	none	NaN	NaN
 130	11	47	58	bathroom	sun_axxbkopsgyouuebh.tif	1338757.919822	1338758.178410	1338758.876732	6.922982e-01	48	none	NaN	NaN
 130	11	48	19	bathroom	sun_aclfzgynxzxlbepz.tif	1338759.638189	1338759.896780	1338760.595241	7.006391e-01	9	none	NaN	NaN
 130	11	49	46	bathroom	sun_apmqjbnwghzuhhzh.tif	1338761.364897	1338761.623485	1338762.321820	7.423438e-01	36	none	NaN	NaN
 130	11	50	47	bathroom	sun_apynckhmoftszqoq.tif	1338763.083266	1338763.341855	1338764.040266	6.922982e-01	37	none	NaN	NaN
 130	11	51	39	bathroom	sun_anryaplzeujmzfkd.tif	1338764.809979	1338765.068564	1338765.766994	7.423438e-01	29	none	NaN	NaN
 130	11	52	17	bathroom	sun_acegryoqftbzowsg.tif	1338766.536690	1338766.795278	1338767.493696	6.839572e-01	7	39	1338768.184330	0
 130	11	53	16	bathroom	sun_acduarbnmmoglmiv.tif	1338768.955749	1338769.214342	1338769.912858	7.340029e-01	6	none	NaN	NaN
 130	11	54	38	bathroom	sun_anhioqovhscjqqwb.tif	1338770.682458	1338770.941052	1338771.639432	7.006391e-01	28	none	NaN	NaN
 130	11	55	13	bathroom	sun_aavhrsfjbserjtht.tif	1338772.409171	1338772.667762	1338773.366182	7.590257e-01	3	none	NaN	NaN
 130	11	56	46	bathroom	sun_apmqjbnwghzuhhzh.tif	1338774.135881	1338774.394471	1338775.092952	7.173210e-01	36	none	NaN	NaN
 130	11	57	53	bathroom	sun_ausgutylgojavyoq.tif	1338775.862593	1338776.121186	1338776.819558	7.340029e-01	43	none	NaN	NaN
 130	11	58	19	bathroom	sun_aclfzgynxzxlbepz.tif	1338777.589303	1338777.847891	1338778.546368	7.923895e-01	9	none	NaN	NaN
 130	11	59	57	bathroom	sun_axldvoqbuvuggfmq.tif	1338779.316011	1338779.574607	1338780.272998	6.756163e-01	47	39	1338780.840468	1
 130	11	60	31	bathroom	sun_akiytfaagpdsphgz.tif	1338781.618299	1338781.876883	1338782.575325	6.756163e-01	21	none	NaN	NaN
 130	11	61	55	bathroom	sun_avhrdrntsqrjzccq.tif	1338783.345002	1338783.603593	1338784.301942	7.590257e-01	45	none	NaN	NaN
 130	11	62	34	bathroom	sun_alkosphxlxwjwgjd.tif	1338785.063373	1338785.321964	1338786.020381	7.006391e-01	24	none	NaN	NaN
 130	11	63	24	bathroom	sun_agrwbmhcpmfuwmsg.tif	1338786.790089	1338787.048678	1338787.747210	6.756163e-01	14	none	NaN	NaN
 130	11	64	12	bathroom	sun_aapitsgbtktqubfy.tif	1338788.516794	1338788.775387	1338789.473812	8.340942e-01	2	none	NaN	NaN
 130	11	65	36	bathroom	sun_ambriybtogmepttm.tif	1338790.243508	1338790.502099	1338791.200495	8.007304e-01	26	none	NaN	NaN
 130	11	66	45	bathroom	sun_apkxzenqapsujocq.tif	1338791.970218	1338792.228806	1338792.927386	7.673667e-01	35	none	NaN	NaN
 130	11	67	23	bathroom	sun_aghyqhbptboemmoq.tif	1338793.696930	1338793.955521	1338794.654014	8.174123e-01	13	none	NaN	NaN
 130	11	68	44	bathroom	sun_apkruvsevgegsdwp.tif	1338795.423643	1338795.682230	1338796.380615	6.672754e-01	34	none	NaN	NaN
 130	11	69	14	bathroom	sun_abapwbhyhkfixyex.tif	1338797.150352	1338797.408947	1338798.107256	7.423438e-01	4	none	NaN	NaN
 130	11	70	56	bathroom	sun_awnqiikzaispgmwo.tif	1338798.868722	1338799.127308	1338799.825728	6.922982e-01	46	none	NaN	NaN
 130	11	71	41	bathroom	sun_aoybiabnpadelefl.tif	1338800.595432	1338800.854019	1338801.552398	7.590257e-01	31	none	NaN	NaN
 130	11	72	37	bathroom	sun_amzlamotzwfkwjco.tif	1338802.322137	1338802.580733	1338803.279196	8.424351e-01	27	none	NaN	NaN
 130	11	73	58	bathroom	sun_axxbkopsgyouuebh.tif	1338804.048802	1338804.307439	1338805.005822	7.840485e-01	48	none	NaN	NaN
 130	11	74	60	bathroom	sun_azqyogdvyhahyram.tif	1338805.775563	1338806.034147	1338806.732511	8.257533e-01	50	none	NaN	NaN
 130	11	75	35	bathroom	sun_alotolagknyrgtsk.tif	1338807.502275	1338807.760865	1338808.459268	8.174123e-01	25	none	NaN	NaN
 130	11	76	11	bathroom	labelme_sfxiulhjbhlyiyt.tif	1338809.228982	1338809.487573	1338810.186078	6.839572e-01	1	none	NaN	NaN
 130	11	77	42	bathroom	sun_apeeialkgkuxddgh.tif	1338810.955697	1338811.214285	1338811.912644	8.090714e-01	32	none	NaN	NaN
 130	11	78	29	bathroom	sun_ahqjwnzgolcaoidx.tif	1338812.682404	1338812.940997	1338813.639487	7.089801e-01	19	none	NaN	NaN
 130	11	79	51	bathroom	sun_atstyziqcmkahyxk.tif	1338814.409117	1338814.667704	1338815.366180	6.505935e-01	41	none	NaN	NaN
 130	11	80	27	bathroom	sun_ahcvzmoyaycdoftf.tif	1338816.135826	1338816.394420	1338817.092843	7.757076e-01	17	none	NaN	NaN
 130	11	81	59	bathroom	sun_axyrejkiiaqiurjk.tif	1338817.862538	1338818.121127	1338818.819582	8.424351e-01	49	none	NaN	NaN
 130	11	82	52	bathroom	sun_aunuadmjocsddsrl.tif	1338819.589251	1338819.847839	1338820.546169	6.839572e-01	42	none	NaN	NaN
 130	11	83	20	bathroom	sun_afcoljnjfoxjtgja.tif	1338821.315959	1338821.574552	1338822.272984	8.174123e-01	10	39	1338823.040357	1
 130	11	84	15	bathroom	sun_abjtwfukuwddzted.tif	1338823.818435	1338824.077024	1338824.775420	7.173210e-01	5	none	NaN	NaN
 130	11	85	49	bathroom	sun_asfwthctfqerjvxr.tif	1338825.545146	1338825.803739	1338826.502125	7.923895e-01	39	39	1338827.272276	1
 130	11	86	21	bathroom	sun_aggnnqpdorgxpvce.tif	1338828.047629	1338828.306222	1338829.004642	6.922982e-01	11	none	NaN	NaN
 130	11	87	32	bathroom	sun_aleqenyvunhactkl.tif	1338829.774338	1338830.032928	1338830.731321	7.506848e-01	22	none	NaN	NaN
 130	11	88	43	bathroom	sun_apjevzvycyhuqghb.tif	1338831.501050	1338831.759643	1338832.458105	7.256620e-01	33	none	NaN	NaN
 130	11	89	40	bathroom	sun_aofnryafpsjimzsb.tif	1338833.227758	1338833.486350	1338834.184742	7.340029e-01	30	none	NaN	NaN
 130	11	90	26	bathroom	sun_ahaulkltgpkeeemi.tif	1338834.954471	1338835.213050	1338835.911500	7.089801e-01	16	none	NaN	NaN
 130	11	91	54	bathroom	sun_auzqhkafidnkrwmo.tif	1338836.681179	1338836.939770	1338837.638176	8.007304e-01	44	none	NaN	NaN
 130	11	92	18	bathroom	sun_acgyywnybuveqsro.tif	1338838.407893	1338838.666484	1338839.364801	8.174123e-01	8	none	NaN	NaN
 130	11	93	47	bathroom	sun_apynckhmoftszqoq.tif	1338840.126264	1338840.384851	1338841.083251	7.506848e-01	37	none	NaN	NaN
 130	11	94	25	bathroom	sun_agyqfjcfkdcydepw.tif	1338841.852969	1338842.111564	1338842.809966	7.256620e-01	15	none	NaN	NaN
 130	11	95	28	bathroom	sun_ahijqszoswveeyji.tif	1338843.579688	1338843.838269	1338844.536610	8.257533e-01	18	none	NaN	NaN
 130	11	96	48	bathroom	sun_aqrpegblszgcoujh.tif	1338845.306392	1338845.564983	1338846.263427	7.506848e-01	38	none	NaN	NaN
 130	11	97	50	bathroom	sun_aspsyogrekjtfozg.tif	1338847.033105	1338847.291696	1338847.990145	7.089801e-01	40	none	NaN	NaN
 130	11	98	22	bathroom	sun_agguqiubmwhqqunb.tif	1338848.759811	1338849.018410	1338849.716805	6.672754e-01	12	none	NaN	NaN
 130	11	99	33	bathroom	sun_aljolscmmzydegqp.tif	1338850.486529	1338850.745113	1338851.443579	7.840485e-01	23	39	1338852.232278	1
 130	11	100	30	bathroom	sun_ajlawzvmubibwbpy.tif	1338853.005687	1338853.264274	1338853.962793	7.757076e-01	20	none	NaN	NaN
 130	12	1	75	kitchen	sun_acgtpgfybqjmzeyw.tif	1338895.964919	1338896.223508	1338896.913689	7.173210e-01	65	none	NaN	NaN
 130	12	2	65	kitchen	sun_aamedkxepzlwuxes.tif	1338897.683289	1338897.941875	1338898.631997	7.256620e-01	55	none	NaN	NaN
 130	12	3	82	kitchen	sun_aenotlpyftoioydp.tif	1338899.401653	1338899.660243	1338900.350383	7.757076e-01	72	none	NaN	NaN
 130	12	4	68	kitchen	sun_aaxxjlsuzvqlgylf.tif	1338901.120020	1338901.378614	1338902.068741	8.174123e-01	58	39	1338902.680426	1
 130	12	5	110	kitchen	sun_azmutvzbxypaceni.tif	1338903.455665	1338903.714263	1338904.404236	7.089801e-01	100	39	1338904.952328	1
 130	12	6	84	kitchen	sun_aexklacwqwezaorf.tif	1338905.724577	1338905.983171	1338906.673141	6.589344e-01	74	none	NaN	NaN
 130	12	7	83	kitchen	sun_aeqdocilnnpuvuhx.tif	1338907.434611	1338907.693202	1338908.383363	7.256620e-01	73	none	NaN	NaN
 130	12	8	70	kitchen	sun_abdxkyyxwfskuaqb.tif	1338909.152979	1338909.411568	1338910.101574	7.923895e-01	60	none	NaN	NaN
 130	12	9	61	kitchen	labelme_brsyyvweiuaazfr.tif	1338910.871348	1338911.129942	1338911.819947	8.174123e-01	51	none	NaN	NaN
 130	12	10	80	kitchen	sun_aegoxogugdkwpmpj.tif	1338912.589720	1338912.848311	1338913.538325	7.006391e-01	70	none	NaN	NaN
 130	12	11	103	kitchen	sun_aunzlwrbjumxhwdj.tif	1338914.308088	1338914.566679	1338915.256733	7.840485e-01	93	none	NaN	NaN
 130	12	12	63	kitchen	labelme_rykdqxenmhulbdn.tif	1338916.026460	1338916.285046	1338916.975122	7.006391e-01	53	none	NaN	NaN
 130	12	13	71	kitchen	sun_abftihopvusyfakt.tif	1338917.744828	1338918.003420	1338918.693555	6.922982e-01	61	none	NaN	NaN
 130	12	14	89	kitchen	sun_agzzivivdpnawacl.tif	1338919.463195	1338919.721790	1338920.411891	7.590257e-01	79	37	1338921.072500	1
 130	12	15	85	kitchen	sun_afuyedyxivkhecmu.tif	1338921.848898	1338922.107478	1338922.797476	8.090714e-01	75	37	1338923.496160	1
 130	12	16	92	kitchen	sun_ahpczsiumwwocjkv.tif	1338924.267958	1338924.526551	1338925.216613	7.340029e-01	82	none	NaN	NaN
 130	12	17	93	kitchen	sun_ahspylgoovwmwvgk.tif	1338925.986329	1338926.244914	1338926.935074	7.173210e-01	83	none	NaN	NaN
 130	12	18	108	kitchen	sun_aymvwlarqodbwuoc.tif	1338927.704694	1338927.963281	1338928.653291	6.922982e-01	98	none	NaN	NaN
 130	12	19	101	kitchen	sun_aqeaevwwwjoqhzvl.tif	1338929.423062	1338929.681654	1338930.371626	6.672754e-01	91	none	NaN	NaN
 130	12	20	99	kitchen	sun_akcjzhbbjlbogpdi.tif	1338931.133088	1338931.391684	1338932.081809	6.756163e-01	89	none	NaN	NaN
 130	12	21	105	kitchen	sun_avszsnwsbuqfgzbn.tif	1338932.851464	1338933.110053	1338933.800050	6.672754e-01	95	none	NaN	NaN
 130	12	22	106	kitchen	sun_awcpdzzznmweyyhv.tif	1338934.569830	1338934.828421	1338935.518594	7.423438e-01	96	none	NaN	NaN
 130	12	23	100	kitchen	sun_amjjdeyrggfqgmom.tif	1338936.288197	1338936.546790	1338937.236918	7.840485e-01	90	39	1338937.864018	1
 130	12	24	107	kitchen	sun_axyyrmzcupyhlivc.tif	1338938.640528	1338938.899121	1338939.589294	6.922982e-01	97	none	NaN	NaN
 130	12	25	109	kitchen	sun_aypmqwcualkenuoe.tif	1338940.358898	1338940.617482	1338941.307514	8.340942e-01	99	none	NaN	NaN
 130	12	26	87	kitchen	sun_agorklincwxrdtga.tif	1338942.077263	1338942.335858	1338943.025861	7.089801e-01	77	none	NaN	NaN
 130	12	27	78	kitchen	sun_adgqasybjyktddhj.tif	1338943.787298	1338944.045883	1338944.736075	7.590257e-01	68	none	NaN	NaN
 130	12	28	76	kitchen	sun_acwjdupvyjsugpay.tif	1338945.505660	1338945.764254	1338946.454392	6.589344e-01	66	none	NaN	NaN
 130	12	29	64	kitchen	sun_aadbddgrdsjugojn.tif	1338947.224034	1338947.482624	1338948.172755	7.256620e-01	54	none	NaN	NaN
 130	12	30	77	kitchen	sun_acxkpeoqbwcxfvip.tif	1338948.942401	1338949.200989	1338949.891116	7.423438e-01	67	none	NaN	NaN
 130	12	31	72	kitchen	sun_abpwyqmlzafvklqo.tif	1338950.660770	1338950.919359	1338951.609533	8.007304e-01	62	none	NaN	NaN
 130	12	32	95	kitchen	sun_aixorpehvfykdynp.tif	1338952.379140	1338952.637728	1338953.327723	6.839572e-01	85	none	NaN	NaN
 130	12	33	86	kitchen	sun_aggjlwcdjsjcaemh.tif	1338954.089167	1338954.347761	1338955.037772	7.173210e-01	76	none	NaN	NaN
 130	12	34	91	kitchen	sun_ahljzhgcdpomplvg.tif	1338955.807539	1338956.066127	1338956.756270	7.673667e-01	81	39	1338957.728154	1
 130	12	35	90	kitchen	sun_ahdycvpopffkzzsu.tif	1338958.501871	1338958.760464	1338959.450522	7.673667e-01	80	none	NaN	NaN
 130	12	36	62	kitchen	labelme_kxvouciolcpqplr.tif	1338960.220242	1338960.478829	1338961.169040	7.173210e-01	52	none	NaN	NaN
 130	12	37	81	kitchen	sun_aehawpgmrlhlvcow.tif	1338961.938613	1338962.197203	1338962.887197	7.590257e-01	71	none	NaN	NaN
 130	12	38	97	kitchen	sun_ajkqhtgcbgpcwrwn.tif	1338963.656982	1338963.915566	1338964.605727	6.672754e-01	87	none	NaN	NaN
 130	12	39	79	kitchen	sun_admlmbcdswaszruo.tif	1338965.375352	1338965.633938	1338966.324111	6.505935e-01	69	none	NaN	NaN
 130	12	40	88	kitchen	sun_agubuxuukhzyzpdp.tif	1338967.093716	1338967.352307	1338968.042296	7.923895e-01	78	none	NaN	NaN
 130	12	41	98	kitchen	sun_akchetnepxlcxhsu.tif	1338968.812085	1338969.070681	1338969.760733	6.922982e-01	88	none	NaN	NaN
 130	12	42	74	kitchen	sun_acfmftudsenhrfhy.tif	1338970.530454	1338970.789051	1338971.479146	6.756163e-01	64	none	NaN	NaN
 130	12	43	67	kitchen	sun_aarfiyshqohlwkmo.tif	1338972.248821	1338972.507409	1338973.197467	7.506848e-01	57	39	1338973.888318	1
 130	12	44	66	kitchen	sun_aapllqyqlykszopd.tif	1338974.659548	1338974.918133	1338975.608303	7.923895e-01	56	none	NaN	NaN
 130	12	45	73	kitchen	sun_abrcnpqqhmjwekyf.tif	1338976.377911	1338976.636516	1338977.326523	6.756163e-01	63	37	1338978.480276	1
 130	12	46	96	kitchen	sun_ajcbwwvdlsvjyzje.tif	1338979.255769	1338979.514357	1338980.204518	8.424351e-01	86	none	NaN	NaN
 130	12	47	69	kitchen	sun_abdenxonkemggwsq.tif	1338980.974134	1338981.232724	1338981.922859	8.257533e-01	59	none	NaN	NaN
 130	12	48	104	kitchen	sun_auticobqsbwgoppi.tif	1338982.692506	1338982.951089	1338983.641079	7.423438e-01	94	none	NaN	NaN
 130	12	49	94	kitchen	sun_ahywdevtimnqcsln.tif	1338984.410878	1338984.669464	1338985.359554	6.839572e-01	84	none	NaN	NaN
 130	12	50	102	kitchen	sun_auaiucuqpdausiva.tif	1338986.129246	1338986.387831	1338987.077837	8.090714e-01	92	none	NaN	NaN
 130	12	51	106	kitchen	sun_awcpdzzznmweyyhv.tif	1338987.847609	1338988.106202	1338988.796173	8.424351e-01	96	none	NaN	NaN
 130	12	52	109	kitchen	sun_aypmqwcualkenuoe.tif	1338989.557644	1338989.816234	1338990.506331	8.424351e-01	99	37	1338991.320194	0
 130	12	53	64	kitchen	sun_aadbddgrdsjugojn.tif	1338992.093507	1338992.352074	1338993.042182	7.423438e-01	54	none	NaN	NaN
 130	12	54	89	kitchen	sun_agzzivivdpnawacl.tif	1338993.811860	1338994.070444	1338994.760541	7.757076e-01	79	none	NaN	NaN
 130	12	55	70	kitchen	sun_abdxkyyxwfskuaqb.tif	1338995.530223	1338995.788816	1338996.478805	8.257533e-01	60	none	NaN	NaN
 130	12	56	67	kitchen	sun_aarfiyshqohlwkmo.tif	1338997.240252	1338997.498837	1338998.189008	6.505935e-01	57	39	1338998.912282	0
 130	12	57	87	kitchen	sun_agorklincwxrdtga.tif	1338999.684342	1338999.942936	1339000.632953	7.256620e-01	77	none	NaN	NaN
 130	12	58	61	kitchen	labelme_brsyyvweiuaazfr.tif	1339001.402711	1339001.661300	1339002.351337	6.589344e-01	51	none	NaN	NaN
 130	12	59	73	kitchen	sun_abrcnpqqhmjwekyf.tif	1339003.121076	1339003.379670	1339004.069688	7.006391e-01	63	none	NaN	NaN
 130	12	60	85	kitchen	sun_afuyedyxivkhecmu.tif	1339004.839448	1339005.098034	1339005.788131	6.505935e-01	75	none	NaN	NaN
 130	12	61	66	kitchen	sun_aapllqyqlykszopd.tif	1339006.557813	1339006.816410	1339007.506423	7.673667e-01	56	none	NaN	NaN
 130	12	62	74	kitchen	sun_acfmftudsenhrfhy.tif	1339008.276189	1339008.534774	1339009.224852	7.757076e-01	64	none	NaN	NaN
 130	12	63	100	kitchen	sun_amjjdeyrggfqgmom.tif	1339009.994554	1339010.253145	1339010.943140	7.089801e-01	90	none	NaN	NaN
 130	12	64	65	kitchen	sun_aamedkxepzlwuxes.tif	1339011.712926	1339011.971511	1339012.661568	8.257533e-01	55	none	NaN	NaN
 130	12	65	99	kitchen	sun_akcjzhbbjlbogpdi.tif	1339013.431291	1339013.689880	1339014.379970	7.923895e-01	89	none	NaN	NaN
 130	12	66	98	kitchen	sun_akchetnepxlcxhsu.tif	1339015.149667	1339015.408253	1339016.098346	8.340942e-01	88	37	1339016.960172	1
 130	12	67	102	kitchen	sun_auaiucuqpdausiva.tif	1339017.735560	1339017.994149	1339018.684129	7.590257e-01	92	none	NaN	NaN
 130	12	68	69	kitchen	sun_abdenxonkemggwsq.tif	1339019.445580	1339019.704173	1339020.394257	7.506848e-01	59	none	NaN	NaN
 130	12	69	82	kitchen	sun_aenotlpyftoioydp.tif	1339021.163950	1339021.422542	1339022.112669	6.839572e-01	72	37	1339022.888244	1
 130	12	70	94	kitchen	sun_ahywdevtimnqcsln.tif	1339023.666438	1339023.925021	1339024.615025	7.506848e-01	84	none	NaN	NaN
 130	12	71	78	kitchen	sun_adgqasybjyktddhj.tif	1339025.376459	1339025.635052	1339026.325111	7.089801e-01	68	none	NaN	NaN
 130	12	72	83	kitchen	sun_aeqdocilnnpuvuhx.tif	1339027.094829	1339027.353419	1339028.043386	8.507761e-01	73	none	NaN	NaN
 130	12	73	76	kitchen	sun_acwjdupvyjsugpay.tif	1339028.804859	1339029.063450	1339029.753611	7.840485e-01	66	none	NaN	NaN
 130	12	74	77	kitchen	sun_acxkpeoqbwcxfvip.tif	1339030.523227	1339030.781816	1339031.471944	7.506848e-01	67	none	NaN	NaN
 130	12	75	68	kitchen	sun_aaxxjlsuzvqlgylf.tif	1339032.233254	1339032.491846	1339033.181892	8.007304e-01	58	39	1339033.992276	1
 130	12	76	71	kitchen	sun_abftihopvusyfakt.tif	1339034.769096	1339035.027691	1339035.717675	7.590257e-01	61	none	NaN	NaN
 130	12	77	88	kitchen	sun_agubuxuukhzyzpdp.tif	1339036.479129	1339036.737719	1339037.427804	8.174123e-01	78	37	1339038.120313	1
 130	12	78	81	kitchen	sun_aehawpgmrlhlvcow.tif	1339038.898191	1339039.156779	1339039.846789	8.340942e-01	71	none	NaN	NaN
 130	12	79	80	kitchen	sun_aegoxogugdkwpmpj.tif	1339040.616555	1339040.875150	1339041.565250	7.757076e-01	70	none	NaN	NaN
 130	12	80	97	kitchen	sun_ajkqhtgcbgpcwrwn.tif	1339042.334927	1339042.593516	1339043.283637	6.839572e-01	87	none	NaN	NaN
 130	12	81	63	kitchen	labelme_rykdqxenmhulbdn.tif	1339044.053298	1339044.311889	1339045.001940	6.922982e-01	53	none	NaN	NaN
 130	12	82	91	kitchen	sun_ahljzhgcdpomplvg.tif	1339045.771666	1339046.030256	1339046.720275	6.589344e-01	81	none	NaN	NaN
 130	12	83	75	kitchen	sun_acgtpgfybqjmzeyw.tif	1339047.490040	1339047.748629	1339048.438631	8.340942e-01	65	none	NaN	NaN
 130	12	84	110	kitchen	sun_azmutvzbxypaceni.tif	1339049.208402	1339049.466999	1339050.156998	7.340029e-01	100	none	NaN	NaN
 130	12	85	90	kitchen	sun_ahdycvpopffkzzsu.tif	1339050.926774	1339051.185366	1339051.875402	8.174123e-01	80	none	NaN	NaN
 130	12	86	95	kitchen	sun_aixorpehvfykdynp.tif	1339052.645145	1339052.903735	1339053.593728	6.756163e-01	85	none	NaN	NaN
 130	12	87	105	kitchen	sun_avszsnwsbuqfgzbn.tif	1339054.363517	1339054.622105	1339055.312076	8.257533e-01	95	39	1339056.200325	1
 130	12	88	62	kitchen	labelme_kxvouciolcpqplr.tif	1339056.974433	1339057.233018	1339057.923091	6.672754e-01	52	none	NaN	NaN
 130	12	89	72	kitchen	sun_abpwyqmlzafvklqo.tif	1339058.692804	1339058.951393	1339059.641436	7.340029e-01	62	none	NaN	NaN
 130	12	90	104	kitchen	sun_auticobqsbwgoppi.tif	1339060.411168	1339060.669755	1339061.359934	8.090714e-01	94	none	NaN	NaN
 130	12	91	92	kitchen	sun_ahpczsiumwwocjkv.tif	1339062.129541	1339062.388130	1339063.078210	7.006391e-01	82	none	NaN	NaN
 130	12	92	84	kitchen	sun_aexklacwqwezaorf.tif	1339063.847910	1339064.106494	1339064.796568	8.424351e-01	74	none	NaN	NaN
 130	12	93	79	kitchen	sun_admlmbcdswaszruo.tif	1339065.566272	1339065.824867	1339066.514875	8.090714e-01	69	none	NaN	NaN
 130	12	94	107	kitchen	sun_axyyrmzcupyhlivc.tif	1339067.284647	1339067.543235	1339068.233290	7.840485e-01	97	none	NaN	NaN
 130	12	95	108	kitchen	sun_aymvwlarqodbwuoc.tif	1339069.003016	1339069.261605	1339069.951667	7.340029e-01	98	none	NaN	NaN
 130	12	96	96	kitchen	sun_ajcbwwvdlsvjyzje.tif	1339070.721387	1339070.979976	1339071.670021	8.007304e-01	86	none	NaN	NaN
 130	12	97	93	kitchen	sun_ahspylgoovwmwvgk.tif	1339072.439754	1339072.698342	1339073.388398	8.007304e-01	83	none	NaN	NaN
 130	12	98	86	kitchen	sun_aggjlwcdjsjcaemh.tif	1339074.158123	1339074.416711	1339075.106811	8.257533e-01	76	none	NaN	NaN
 130	12	99	103	kitchen	sun_aunzlwrbjumxhwdj.tif	1339075.876494	1339076.135085	1339076.825064	7.673667e-01	93	none	NaN	NaN
 130	12	100	101	kitchen	sun_aqeaevwwwjoqhzvl.tif	1339077.594863	1339077.853450	1339078.543444	8.507761e-01	91	none	NaN	NaN
 130	13	1	47	bathroom	sun_apynckhmoftszqoq.tif	1339112.054000	1339112.312593	1339113.069438	7.923895e-01	37	37	1339114.720330	1
 130	13	2	39	bathroom	sun_anryaplzeujmzfkd.tif	1339115.490740	1339115.749328	1339116.506213	7.006391e-01	29	none	NaN	NaN
 130	13	3	29	bathroom	sun_ahqjwnzgolcaoidx.tif	1339117.275843	1339117.534427	1339118.291217	6.839572e-01	19	none	NaN	NaN
 130	13	4	35	bathroom	sun_alotolagknyrgtsk.tif	1339119.060941	1339119.319532	1339120.076424	7.340029e-01	25	none	NaN	NaN
 130	13	5	21	bathroom	sun_aggnnqpdorgxpvce.tif	1339120.846049	1339121.104634	1339121.861363	7.506848e-01	11	none	NaN	NaN
 130	13	6	23	bathroom	sun_aghyqhbptboemmoq.tif	1339122.622807	1339122.881400	1339123.638116	6.672754e-01	13	39	1339124.697398	1
 130	13	7	36	bathroom	sun_ambriybtogmepttm.tif	1339125.475635	1339125.734217	1339126.490989	7.340029e-01	26	none	NaN	NaN
 130	13	8	60	bathroom	sun_azqyogdvyhahyram.tif	1339127.260736	1339127.519324	1339128.276169	7.006391e-01	50	none	NaN	NaN
 130	13	9	42	bathroom	sun_apeeialkgkuxddgh.tif	1339129.045837	1339129.304421	1339130.061229	8.424351e-01	32	none	NaN	NaN
 130	13	10	32	bathroom	sun_aleqenyvunhactkl.tif	1339130.830937	1339131.089526	1339131.846389	7.173210e-01	22	none	NaN	NaN
 130	13	11	12	bathroom	sun_aapitsgbtktqubfy.tif	1339132.616038	1339132.874629	1339133.631325	7.840485e-01	2	none	NaN	NaN
 130	13	12	54	bathroom	sun_auzqhkafidnkrwmo.tif	1339134.392799	1339134.651393	1339135.408181	8.174123e-01	44	none	NaN	NaN
 130	13	13	48	bathroom	sun_aqrpegblszgcoujh.tif	1339136.177898	1339136.436491	1339137.193384	7.673667e-01	38	none	NaN	NaN
 130	13	14	56	bathroom	sun_awnqiikzaispgmwo.tif	1339137.963006	1339138.221593	1339138.978301	6.756163e-01	46	none	NaN	NaN
 130	13	15	27	bathroom	sun_ahcvzmoyaycdoftf.tif	1339139.739767	1339139.998354	1339140.755210	7.673667e-01	17	39	1339141.704381	1
 130	13	16	51	bathroom	sun_atstyziqcmkahyxk.tif	1339142.475808	1339142.734394	1339143.491263	8.007304e-01	41	none	NaN	NaN
 130	13	17	22	bathroom	sun_agguqiubmwhqqunb.tif	1339144.260910	1339144.519498	1339145.276322	7.506848e-01	12	none	NaN	NaN
 130	13	18	33	bathroom	sun_aljolscmmzydegqp.tif	1339146.046016	1339146.304600	1339147.061425	8.090714e-01	23	none	NaN	NaN
 130	13	19	50	bathroom	sun_aspsyogrekjtfozg.tif	1339147.831111	1339148.089704	1339148.846426	7.173210e-01	40	none	NaN	NaN
 130	13	20	28	bathroom	sun_ahijqszoswveeyji.tif	1339149.616219	1339149.874801	1339150.631612	6.672754e-01	18	none	NaN	NaN
 130	13	21	30	bathroom	sun_ajlawzvmubibwbpy.tif	1339151.401316	1339151.659904	1339152.416655	7.423438e-01	20	none	NaN	NaN
 130	13	22	25	bathroom	sun_agyqfjcfkdcydepw.tif	1339153.186421	1339153.445007	1339154.201806	8.257533e-01	15	none	NaN	NaN
 130	13	23	57	bathroom	sun_axldvoqbuvuggfmq.tif	1339154.971521	1339155.230117	1339155.986841	8.507761e-01	47	none	NaN	NaN
 130	13	24	16	bathroom	sun_acduarbnmmoglmiv.tif	1339156.756627	1339157.015210	1339157.771915	7.757076e-01	6	none	NaN	NaN
 130	13	25	55	bathroom	sun_avhrdrntsqrjzccq.tif	1339158.533384	1339158.791969	1339159.548868	7.089801e-01	45	39	1339160.352325	1
 130	13	26	45	bathroom	sun_apkxzenqapsujocq.tif	1339161.127617	1339161.386211	1339162.142994	7.590257e-01	35	none	NaN	NaN
 130	13	27	44	bathroom	sun_apkruvsevgegsdwp.tif	1339162.912722	1339163.171313	1339163.928022	6.756163e-01	34	none	NaN	NaN
 130	13	28	58	bathroom	sun_axxbkopsgyouuebh.tif	1339164.697828	1339164.956413	1339165.713226	8.090714e-01	48	none	NaN	NaN
 130	13	29	17	bathroom	sun_acegryoqftbzowsg.tif	1339166.482921	1339166.741521	1339167.498233	8.174123e-01	7	none	NaN	NaN
 130	13	30	37	bathroom	sun_amzlamotzwfkwjco.tif	1339168.259685	1339168.518277	1339169.275164	6.672754e-01	27	none	NaN	NaN
 130	13	31	19	bathroom	sun_aclfzgynxzxlbepz.tif	1339170.044787	1339170.303383	1339171.060228	8.340942e-01	9	none	NaN	NaN
 130	13	32	43	bathroom	sun_apjevzvycyhuqghb.tif	1339171.829893	1339172.088478	1339172.845374	6.589344e-01	33	none	NaN	NaN
 130	13	33	26	bathroom	sun_ahaulkltgpkeeemi.tif	1339173.614989	1339173.873587	1339174.630436	6.756163e-01	16	37	1339175.408017	1
 130	13	34	52	bathroom	sun_aunuadmjocsddsrl.tif	1339176.184205	1339176.442796	1339177.199655	6.922982e-01	42	none	NaN	NaN
 130	13	35	49	bathroom	sun_asfwthctfqerjvxr.tif	1339177.969309	1339178.227897	1339178.984646	7.423438e-01	39	none	NaN	NaN
 130	13	36	20	bathroom	sun_afcoljnjfoxjtgja.tif	1339179.754408	1339180.013002	1339180.769830	6.589344e-01	10	none	NaN	NaN
 130	13	37	40	bathroom	sun_aofnryafpsjimzsb.tif	1339181.531172	1339181.789753	1339182.546478	6.839572e-01	30	none	NaN	NaN
 130	13	38	59	bathroom	sun_axyrejkiiaqiurjk.tif	1339183.307932	1339183.566522	1339184.323221	7.423438e-01	49	none	NaN	NaN
 130	13	39	18	bathroom	sun_acgyywnybuveqsro.tif	1339185.084687	1339185.343280	1339186.100103	6.505935e-01	8	none	NaN	NaN
 130	13	40	11	bathroom	labelme_sfxiulhjbhlyiyt.tif	1339186.869789	1339187.128383	1339187.885250	8.340942e-01	1	none	NaN	NaN
 130	13	41	41	bathroom	sun_aoybiabnpadelefl.tif	1339188.654896	1339188.913483	1339189.670393	6.756163e-01	31	39	1339190.568143	0
 130	13	42	13	bathroom	sun_aavhrsfjbserjtht.tif	1339191.340891	1339191.599472	1339192.356371	7.590257e-01	3	none	NaN	NaN
 130	13	43	24	bathroom	sun_agrwbmhcpmfuwmsg.tif	1339193.125994	1339193.384583	1339194.141316	8.507761e-01	14	none	NaN	NaN
 130	13	44	38	bathroom	sun_anhioqovhscjqqwb.tif	1339194.911091	1339195.169683	1339195.926485	8.090714e-01	28	none	NaN	NaN
 130	13	45	34	bathroom	sun_alkosphxlxwjwgjd.tif	1339196.696194	1339196.954784	1339197.711543	7.506848e-01	24	none	NaN	NaN
 130	13	46	53	bathroom	sun_ausgutylgojavyoq.tif	1339198.481297	1339198.739886	1339199.496708	8.340942e-01	43	none	NaN	NaN
 130	13	47	31	bathroom	sun_akiytfaagpdsphgz.tif	1339200.266400	1339200.524990	1339201.281811	8.007304e-01	21	none	NaN	NaN
 130	13	48	46	bathroom	sun_apmqjbnwghzuhhzh.tif	1339202.051495	1339202.310084	1339203.066865	7.089801e-01	36	none	NaN	NaN
 130	13	49	14	bathroom	sun_abapwbhyhkfixyex.tif	1339203.836602	1339204.095190	1339204.851968	7.590257e-01	4	none	NaN	NaN
 130	13	50	15	bathroom	sun_abjtwfukuwddzted.tif	1339205.621702	1339205.880292	1339206.637091	7.256620e-01	5	39	1339207.448244	1
 130	13	51	22	bathroom	sun_agguqiubmwhqqunb.tif	1339208.224285	1339208.482872	1339209.239710	6.922982e-01	12	none	NaN	NaN
 130	13	52	57	bathroom	sun_axldvoqbuvuggfmq.tif	1339210.009381	1339210.267972	1339211.024683	8.257533e-01	47	none	NaN	NaN
 130	13	53	54	bathroom	sun_auzqhkafidnkrwmo.tif	1339211.786148	1339212.044734	1339212.801497	7.757076e-01	44	none	NaN	NaN
 130	13	54	14	bathroom	sun_abapwbhyhkfixyex.tif	1339213.571248	1339213.829839	1339214.586735	7.423438e-01	4	none	NaN	NaN
 130	13	55	32	bathroom	sun_aleqenyvunhactkl.tif	1339215.356348	1339215.614937	1339216.371800	8.257533e-01	22	none	NaN	NaN
 130	13	56	53	bathroom	sun_ausgutylgojavyoq.tif	1339217.141450	1339217.400039	1339218.156931	7.673667e-01	43	37	1339219.008349	1
 130	13	57	43	bathroom	sun_apjevzvycyhuqghb.tif	1339219.785733	1339220.044327	1339220.801065	7.590257e-01	33	none	NaN	NaN
 130	13	58	37	bathroom	sun_amzlamotzwfkwjco.tif	1339221.570835	1339221.829430	1339222.586225	6.922982e-01	27	none	NaN	NaN
 130	13	59	13	bathroom	sun_aavhrsfjbserjtht.tif	1339223.355939	1339223.614528	1339224.371235	7.173210e-01	3	none	NaN	NaN
 130	13	60	50	bathroom	sun_aspsyogrekjtfozg.tif	1339225.132700	1339225.391290	1339226.148080	7.923895e-01	40	none	NaN	NaN
 130	13	61	25	bathroom	sun_agyqfjcfkdcydepw.tif	1339226.917804	1339227.176398	1339227.933097	7.089801e-01	15	none	NaN	NaN
 130	13	62	16	bathroom	sun_acduarbnmmoglmiv.tif	1339228.694571	1339228.953154	1339229.710037	7.923895e-01	6	none	NaN	NaN
 130	13	63	46	bathroom	sun_apmqjbnwghzuhhzh.tif	1339230.479666	1339230.738255	1339231.494981	7.590257e-01	36	none	NaN	NaN
 130	13	64	26	bathroom	sun_ahaulkltgpkeeemi.tif	1339232.264770	1339232.523356	1339233.280086	6.922982e-01	16	none	NaN	NaN
 130	13	65	56	bathroom	sun_awnqiikzaispgmwo.tif	1339234.049867	1339234.308455	1339235.065239	8.174123e-01	46	none	NaN	NaN
 130	13	66	45	bathroom	sun_apkxzenqapsujocq.tif	1339235.834975	1339236.093561	1339236.850380	7.340029e-01	35	37	1339237.728226	1
 130	13	67	35	bathroom	sun_alotolagknyrgtsk.tif	1339238.504285	1339238.762870	1339239.519591	6.839572e-01	25	39	1339240.432008	1
 130	13	68	38	bathroom	sun_anhioqovhscjqqwb.tif	1339241.206958	1339241.465543	1339242.222359	8.090714e-01	28	none	NaN	NaN
 130	13	69	19	bathroom	sun_aclfzgynxzxlbepz.tif	1339242.992058	1339243.250653	1339244.007439	8.424351e-01	9	37	1339244.768252	1
 130	13	70	15	bathroom	sun_abjtwfukuwddzted.tif	1339245.544594	1339245.803178	1339246.559928	6.589344e-01	5	none	NaN	NaN
 130	13	71	58	bathroom	sun_axxbkopsgyouuebh.tif	1339247.329694	1339247.588280	1339248.345080	8.007304e-01	48	none	NaN	NaN
 130	13	72	48	bathroom	sun_aqrpegblszgcoujh.tif	1339249.114798	1339249.373381	1339250.130246	7.506848e-01	38	none	NaN	NaN
 130	13	73	34	bathroom	sun_alkosphxlxwjwgjd.tif	1339250.899900	1339251.158488	1339251.915412	8.257533e-01	24	none	NaN	NaN
 130	13	74	24	bathroom	sun_agrwbmhcpmfuwmsg.tif	1339252.684992	1339252.943591	1339253.700363	6.505935e-01	14	39	1339254.480290	0
 130	13	75	47	bathroom	sun_apynckhmoftszqoq.tif	1339255.254211	1339255.512806	1339256.269650	7.173210e-01	37	none	NaN	NaN
 130	13	76	42	bathroom	sun_apeeialkgkuxddgh.tif	1339257.039315	1339257.297905	1339258.054734	7.840485e-01	32	none	NaN	NaN
 130	13	77	27	bathroom	sun_ahcvzmoyaycdoftf.tif	1339258.824412	1339259.083004	1339259.839811	7.340029e-01	17	none	NaN	NaN
 130	13	78	31	bathroom	sun_akiytfaagpdsphgz.tif	1339260.609517	1339260.868109	1339261.624875	7.256620e-01	21	39	1339262.856577	1
 130	13	79	60	bathroom	sun_azqyogdvyhahyram.tif	1339263.629174	1339263.887766	1339264.644555	6.672754e-01	50	none	NaN	NaN
 130	13	80	12	bathroom	sun_aapitsgbtktqubfy.tif	1339265.414278	1339265.672870	1339266.429565	7.256620e-01	2	none	NaN	NaN
 130	13	81	21	bathroom	sun_aggnnqpdorgxpvce.tif	1339267.191040	1339267.449625	1339268.206453	6.839572e-01	11	none	NaN	NaN
 130	13	82	40	bathroom	sun_aofnryafpsjimzsb.tif	1339268.976140	1339269.234730	1339269.991491	8.340942e-01	30	none	NaN	NaN
 130	13	83	20	bathroom	sun_afcoljnjfoxjtgja.tif	1339270.761241	1339271.019830	1339271.776557	7.757076e-01	10	none	NaN	NaN
 130	13	84	39	bathroom	sun_anryaplzeujmzfkd.tif	1339272.538005	1339272.796593	1339273.553473	7.006391e-01	29	none	NaN	NaN
 130	13	85	59	bathroom	sun_axyrejkiiaqiurjk.tif	1339274.323100	1339274.581689	1339275.338429	7.006391e-01	49	none	NaN	NaN
 130	13	86	52	bathroom	sun_aunuadmjocsddsrl.tif	1339276.108205	1339276.366792	1339277.123681	7.840485e-01	42	none	NaN	NaN
 130	13	87	18	bathroom	sun_acgyywnybuveqsro.tif	1339277.893309	1339278.151900	1339278.908804	8.424351e-01	8	none	NaN	NaN
 130	13	88	11	bathroom	labelme_sfxiulhjbhlyiyt.tif	1339279.678412	1339279.936999	1339280.693887	7.089801e-01	1	none	NaN	NaN
 130	13	89	28	bathroom	sun_ahijqszoswveeyji.tif	1339281.463511	1339281.722104	1339282.478914	7.673667e-01	18	none	NaN	NaN
 130	13	90	44	bathroom	sun_apkruvsevgegsdwp.tif	1339283.248611	1339283.507204	1339284.263976	6.589344e-01	34	none	NaN	NaN
 130	13	91	23	bathroom	sun_aghyqhbptboemmoq.tif	1339285.033714	1339285.292304	1339286.049108	8.424351e-01	13	39	1339286.775985	1
 130	13	92	51	bathroom	sun_atstyziqcmkahyxk.tif	1339287.552877	1339287.811471	1339288.568249	7.923895e-01	41	none	NaN	NaN
 130	13	93	36	bathroom	sun_ambriybtogmepttm.tif	1339289.337977	1339289.596571	1339290.353402	7.757076e-01	26	none	NaN	NaN
 130	13	94	30	bathroom	sun_ajlawzvmubibwbpy.tif	1339291.123083	1339291.381674	1339292.138561	6.922982e-01	20	39	1339292.815980	1
 130	13	95	33	bathroom	sun_aljolscmmzydegqp.tif	1339293.592198	1339293.850783	1339294.607512	7.840485e-01	23	none	NaN	NaN
 130	13	96	17	bathroom	sun_acegryoqftbzowsg.tif	1339295.377299	1339295.635889	1339296.392789	8.174123e-01	7	none	NaN	NaN
 130	13	97	41	bathroom	sun_aoybiabnpadelefl.tif	1339297.162394	1339297.420991	1339298.177684	8.257533e-01	31	none	NaN	NaN
 130	13	98	55	bathroom	sun_avhrdrntsqrjzccq.tif	1339298.939158	1339299.197751	1339299.954540	7.256620e-01	45	none	NaN	NaN
 130	13	99	49	bathroom	sun_asfwthctfqerjvxr.tif	1339300.724262	1339300.982848	1339301.739664	6.505935e-01	39	none	NaN	NaN
 130	13	100	29	bathroom	sun_ahqjwnzgolcaoidx.tif	1339302.509366	1339302.767955	1339303.524822	8.007304e-01	19	none	NaN	NaN
 130	14	1	74	kitchen	sun_acfmftudsenhrfhy.tif	1339308.331801	1339308.590381	1339309.238765	6.672754e-01	64	none	NaN	NaN
 130	14	2	64	kitchen	sun_aadbddgrdsjugojn.tif	1339310.008461	1339310.267049	1339310.915466	7.840485e-01	54	none	NaN	NaN
 130	14	3	104	kitchen	sun_auticobqsbwgoppi.tif	1339311.685121	1339311.943714	1339312.592092	8.424351e-01	94	none	NaN	NaN
 130	14	4	94	kitchen	sun_ahywdevtimnqcsln.tif	1339313.361783	1339313.620367	1339314.268637	8.507761e-01	84	none	NaN	NaN
 130	14	5	92	kitchen	sun_ahpczsiumwwocjkv.tif	1339315.030097	1339315.288681	1339315.937014	6.922982e-01	82	none	NaN	NaN
 130	14	6	82	kitchen	sun_aenotlpyftoioydp.tif	1339316.706764	1339316.965351	1339317.613769	7.423438e-01	72	none	NaN	NaN
 130	14	7	89	kitchen	sun_agzzivivdpnawacl.tif	1339318.383422	1339318.642013	1339319.290341	6.505935e-01	79	none	NaN	NaN
 130	14	8	100	kitchen	sun_amjjdeyrggfqgmom.tif	1339320.060088	1339320.318674	1339320.967063	7.923895e-01	90	none	NaN	NaN
 130	14	9	76	kitchen	sun_acwjdupvyjsugpay.tif	1339321.728402	1339321.986991	1339322.635456	7.173210e-01	66	39	1339323.503954	1
 130	14	10	70	kitchen	sun_abdxkyyxwfskuaqb.tif	1339324.280931	1339324.539525	1339325.187949	7.089801e-01	60	none	NaN	NaN
 130	14	11	86	kitchen	sun_aggjlwcdjsjcaemh.tif	1339325.957589	1339326.216186	1339326.864564	8.424351e-01	76	none	NaN	NaN
 130	14	12	107	kitchen	sun_axyyrmzcupyhlivc.tif	1339327.634252	1339327.892841	1339328.541245	7.256620e-01	97	none	NaN	NaN
 130	14	13	83	kitchen	sun_aeqdocilnnpuvuhx.tif	1339329.310919	1339329.569507	1339330.217816	6.589344e-01	73	none	NaN	NaN
 130	14	14	65	kitchen	sun_aamedkxepzlwuxes.tif	1339330.987582	1339331.246170	1339331.894508	6.589344e-01	55	none	NaN	NaN
 130	14	15	105	kitchen	sun_avszsnwsbuqfgzbn.tif	1339332.664235	1339332.922829	1339333.571088	7.340029e-01	95	none	NaN	NaN
 130	14	16	68	kitchen	sun_aaxxjlsuzvqlgylf.tif	1339334.332556	1339334.591140	1339335.239437	7.006391e-01	58	37	1339335.928183	1
 130	14	17	90	kitchen	sun_ahdycvpopffkzzsu.tif	1339336.701573	1339336.960157	1339337.608486	7.590257e-01	80	none	NaN	NaN
 130	14	18	72	kitchen	sun_abpwyqmlzafvklqo.tif	1339338.378232	1339338.636823	1339339.285234	6.922982e-01	62	none	NaN	NaN
 130	14	19	101	kitchen	sun_aqeaevwwwjoqhzvl.tif	1339340.054893	1339340.313476	1339340.961852	7.590257e-01	91	none	NaN	NaN
 130	14	20	103	kitchen	sun_aunzlwrbjumxhwdj.tif	1339341.731553	1339341.990149	1339342.638466	8.340942e-01	93	none	NaN	NaN
 130	14	21	78	kitchen	sun_adgqasybjyktddhj.tif	1339343.408215	1339343.666808	1339344.315287	8.257533e-01	68	none	NaN	NaN
 130	14	22	97	kitchen	sun_ajkqhtgcbgpcwrwn.tif	1339345.084878	1339345.343470	1339345.991831	6.505935e-01	87	none	NaN	NaN
 130	14	23	99	kitchen	sun_akcjzhbbjlbogpdi.tif	1339346.761537	1339347.020126	1339347.668522	8.424351e-01	89	none	NaN	NaN
 130	14	24	108	kitchen	sun_aymvwlarqodbwuoc.tif	1339348.438203	1339348.696789	1339349.345170	7.840485e-01	98	none	NaN	NaN
 130	14	25	84	kitchen	sun_aexklacwqwezaorf.tif	1339350.114859	1339350.373453	1339351.021927	8.007304e-01	74	none	NaN	NaN
 130	14	26	67	kitchen	sun_aarfiyshqohlwkmo.tif	1339351.791523	1339352.050117	1339352.698388	6.839572e-01	57	39	1339353.720310	0
 130	14	27	61	kitchen	labelme_brsyyvweiuaazfr.tif	1339354.494200	1339354.752794	1339355.401183	7.173210e-01	51	none	NaN	NaN
 130	14	28	73	kitchen	sun_abrcnpqqhmjwekyf.tif	1339356.170865	1339356.429454	1339357.077835	6.672754e-01	63	none	NaN	NaN
 130	14	29	69	kitchen	sun_abdenxonkemggwsq.tif	1339357.847520	1339358.106112	1339358.754457	7.423438e-01	59	none	NaN	NaN
 130	14	30	88	kitchen	sun_agubuxuukhzyzpdp.tif	1339359.524185	1339359.782770	1339360.431121	6.589344e-01	78	none	NaN	NaN
 130	14	31	85	kitchen	sun_afuyedyxivkhecmu.tif	1339361.200841	1339361.459434	1339362.107762	7.506848e-01	75	none	NaN	NaN
 130	14	32	75	kitchen	sun_acgtpgfybqjmzeyw.tif	1339362.877506	1339363.136095	1339363.784438	6.756163e-01	65	none	NaN	NaN
 130	14	33	87	kitchen	sun_agorklincwxrdtga.tif	1339364.554170	1339364.812756	1339365.461028	8.090714e-01	77	none	NaN	NaN
 130	14	34	102	kitchen	sun_auaiucuqpdausiva.tif	1339366.222489	1339366.481079	1339367.129404	7.006391e-01	92	none	NaN	NaN
 130	14	35	95	kitchen	sun_aixorpehvfykdynp.tif	1339367.899152	1339368.157735	1339368.806027	8.090714e-01	85	none	NaN	NaN
 130	14	36	109	kitchen	sun_aypmqwcualkenuoe.tif	1339369.575806	1339369.834403	1339370.483487	7.089801e-01	99	none	NaN	NaN
 130	14	37	96	kitchen	sun_ajcbwwvdlsvjyzje.tif	1339371.252470	1339371.511058	1339372.159417	6.839572e-01	86	none	NaN	NaN
 130	14	38	93	kitchen	sun_ahspylgoovwmwvgk.tif	1339372.929129	1339373.187719	1339373.836116	6.505935e-01	83	none	NaN	NaN
 130	14	39	79	kitchen	sun_admlmbcdswaszruo.tif	1339374.605792	1339374.864381	1339375.512684	8.424351e-01	69	39	1339376.240235	1
 130	14	40	80	kitchen	sun_aegoxogugdkwpmpj.tif	1339377.016511	1339377.275104	1339377.923576	7.423438e-01	70	none	NaN	NaN
 130	14	41	62	kitchen	labelme_kxvouciolcpqplr.tif	1339378.693177	1339378.951769	1339379.600100	7.673667e-01	52	39	1339380.680378	1
 130	14	42	71	kitchen	sun_abftihopvusyfakt.tif	1339381.454239	1339381.712831	1339382.361159	8.340942e-01	61	none	NaN	NaN
 130	14	43	63	kitchen	labelme_rykdqxenmhulbdn.tif	1339383.130906	1339383.389497	1339384.037940	7.006391e-01	53	37	1339384.848329	1
 130	14	44	81	kitchen	sun_aehawpgmrlhlvcow.tif	1339385.625045	1339385.883630	1339386.531930	6.922982e-01	71	none	NaN	NaN
 130	14	45	91	kitchen	sun_ahljzhgcdpomplvg.tif	1339387.293363	1339387.551952	1339388.200286	8.174123e-01	81	none	NaN	NaN
 130	14	46	77	kitchen	sun_acxkpeoqbwcxfvip.tif	1339388.970023	1339389.228610	1339389.877023	7.340029e-01	67	none	NaN	NaN
 130	14	47	110	kitchen	sun_azmutvzbxypaceni.tif	1339390.646681	1339390.905279	1339391.553723	8.257533e-01	100	37	1339392.320393	1
 130	14	48	66	kitchen	sun_aapllqyqlykszopd.tif	1339393.090771	1339393.349363	1339393.997840	7.673667e-01	56	none	NaN	NaN
 130	14	49	98	kitchen	sun_akchetnepxlcxhsu.tif	1339394.767437	1339395.026023	1339395.674478	8.090714e-01	88	none	NaN	NaN
 130	14	50	106	kitchen	sun_awcpdzzznmweyyhv.tif	1339396.444095	1339396.702686	1339397.351080	7.590257e-01	96	none	NaN	NaN
 130	14	51	92	kitchen	sun_ahpczsiumwwocjkv.tif	1339398.120758	1339398.379342	1339399.027633	8.257533e-01	82	none	NaN	NaN
 130	14	52	80	kitchen	sun_aegoxogugdkwpmpj.tif	1339399.789078	1339400.047665	1339400.696070	7.506848e-01	70	none	NaN	NaN
 130	14	53	94	kitchen	sun_ahywdevtimnqcsln.tif	1339401.465739	1339401.724323	1339402.372604	8.174123e-01	84	none	NaN	NaN
 130	14	54	89	kitchen	sun_agzzivivdpnawacl.tif	1339403.134055	1339403.392652	1339404.040923	6.756163e-01	79	none	NaN	NaN
 130	14	55	97	kitchen	sun_ajkqhtgcbgpcwrwn.tif	1339404.802377	1339405.060970	1339405.709428	7.173210e-01	87	none	NaN	NaN
 130	14	56	108	kitchen	sun_aymvwlarqodbwuoc.tif	1339406.479035	1339406.737630	1339407.385940	7.757076e-01	98	37	1339408.224282	1
 130	14	57	67	kitchen	sun_aarfiyshqohlwkmo.tif	1339408.998198	1339409.256786	1339409.905185	7.089801e-01	57	none	NaN	NaN
 130	14	58	75	kitchen	sun_acgtpgfybqjmzeyw.tif	1339410.674860	1339410.933452	1339411.581747	7.757076e-01	65	none	NaN	NaN
 130	14	59	63	kitchen	labelme_rykdqxenmhulbdn.tif	1339412.351521	1339412.610109	1339413.258438	7.506848e-01	53	none	NaN	NaN
 130	14	60	73	kitchen	sun_abrcnpqqhmjwekyf.tif	1339414.028185	1339414.286774	1339414.935170	7.340029e-01	63	none	NaN	NaN
 130	14	61	76	kitchen	sun_acwjdupvyjsugpay.tif	1339415.704843	1339415.963430	1339416.611722	7.923895e-01	66	none	NaN	NaN
 130	14	62	82	kitchen	sun_aenotlpyftoioydp.tif	1339417.381504	1339417.640097	1339418.288425	8.007304e-01	72	none	NaN	NaN
 130	14	63	61	kitchen	labelme_brsyyvweiuaazfr.tif	1339419.058161	1339419.316757	1339419.965199	8.007304e-01	51	none	NaN	NaN
 130	14	64	64	kitchen	sun_aadbddgrdsjugojn.tif	1339420.734830	1339420.993420	1339421.641890	7.256620e-01	54	none	NaN	NaN
 130	14	65	62	kitchen	labelme_kxvouciolcpqplr.tif	1339422.411486	1339422.670078	1339423.318489	8.090714e-01	52	39	1339424.128185	1
 130	14	66	86	kitchen	sun_aggjlwcdjsjcaemh.tif	1339424.905626	1339425.164217	1339425.812634	7.840485e-01	76	none	NaN	NaN
 130	14	67	91	kitchen	sun_ahljzhgcdpomplvg.tif	1339426.582287	1339426.840882	1339427.489187	8.340942e-01	81	none	NaN	NaN
 130	14	68	66	kitchen	sun_aapllqyqlykszopd.tif	1339428.258953	1339428.517538	1339429.165982	8.174123e-01	56	none	NaN	NaN
 130	14	69	81	kitchen	sun_aehawpgmrlhlvcow.tif	1339429.935609	1339430.194200	1339430.842644	7.923895e-01	71	none	NaN	NaN
 130	14	70	104	kitchen	sun_auticobqsbwgoppi.tif	1339431.612277	1339431.870863	1339432.519248	7.423438e-01	94	none	NaN	NaN
 130	14	71	87	kitchen	sun_agorklincwxrdtga.tif	1339433.288925	1339433.547524	1339434.195800	7.840485e-01	77	none	NaN	NaN
 130	14	72	78	kitchen	sun_adgqasybjyktddhj.tif	1339434.965592	1339435.224178	1339435.872445	7.256620e-01	68	none	NaN	NaN
 130	14	73	99	kitchen	sun_akcjzhbbjlbogpdi.tif	1339436.633919	1339436.892504	1339437.540788	8.007304e-01	89	none	NaN	NaN
 130	14	74	105	kitchen	sun_avszsnwsbuqfgzbn.tif	1339438.302233	1339438.560829	1339439.209100	6.839572e-01	95	none	NaN	NaN
 130	14	75	77	kitchen	sun_acxkpeoqbwcxfvip.tif	1339439.970552	1339440.229145	1339440.877575	7.673667e-01	67	none	NaN	NaN
 130	14	76	69	kitchen	sun_abdenxonkemggwsq.tif	1339441.647213	1339441.905752	1339442.554156	8.340942e-01	59	none	NaN	NaN
 130	14	77	88	kitchen	sun_agubuxuukhzyzpdp.tif	1339443.323875	1339443.582466	1339444.230756	6.922982e-01	78	none	NaN	NaN
 130	14	78	68	kitchen	sun_aaxxjlsuzvqlgylf.tif	1339444.992193	1339445.250785	1339445.899240	7.506848e-01	58	none	NaN	NaN
 130	14	79	96	kitchen	sun_ajcbwwvdlsvjyzje.tif	1339446.668854	1339446.927446	1339447.575848	6.756163e-01	86	none	NaN	NaN
 130	14	80	83	kitchen	sun_aeqdocilnnpuvuhx.tif	1339448.345514	1339448.604108	1339449.252419	6.672754e-01	73	39	1339450.248312	1
 130	14	81	98	kitchen	sun_akchetnepxlcxhsu.tif	1339451.023171	1339451.281759	1339451.930214	7.006391e-01	88	none	NaN	NaN
 130	14	82	74	kitchen	sun_acfmftudsenhrfhy.tif	1339452.699831	1339452.958420	1339453.606854	8.257533e-01	64	none	NaN	NaN
 130	14	83	100	kitchen	sun_amjjdeyrggfqgmom.tif	1339454.376493	1339454.635083	1339455.283455	7.923895e-01	90	none	NaN	NaN
 130	14	84	90	kitchen	sun_ahdycvpopffkzzsu.tif	1339456.053151	1339456.311744	1339456.960154	8.507761e-01	80	none	NaN	NaN
 130	14	85	84	kitchen	sun_aexklacwqwezaorf.tif	1339457.729814	1339457.988407	1339458.636886	7.757076e-01	74	39	1339459.408248	0
 130	14	86	71	kitchen	sun_abftihopvusyfakt.tif	1339460.182245	1339460.440836	1339461.089193	6.589344e-01	61	39	1339462.032324	0
 130	14	87	72	kitchen	sun_abpwyqmlzafvklqo.tif	1339462.809848	1339463.068438	1339463.716850	7.256620e-01	62	none	NaN	NaN
 130	14	88	107	kitchen	sun_axyyrmzcupyhlivc.tif	1339464.486506	1339464.745101	1339465.393395	6.672754e-01	97	37	1339466.088258	1
 130	14	89	85	kitchen	sun_afuyedyxivkhecmu.tif	1339466.863865	1339467.122451	1339467.770826	7.089801e-01	75	none	NaN	NaN
 130	14	90	109	kitchen	sun_aypmqwcualkenuoe.tif	1339468.540520	1339468.799114	1339469.447400	6.922982e-01	99	none	NaN	NaN
 130	14	91	103	kitchen	sun_aunzlwrbjumxhwdj.tif	1339470.208841	1339470.467432	1339471.115838	7.673667e-01	93	none	NaN	NaN
 130	14	92	95	kitchen	sun_aixorpehvfykdynp.tif	1339471.885504	1339472.144096	1339472.792453	6.839572e-01	85	none	NaN	NaN
 130	14	93	79	kitchen	sun_admlmbcdswaszruo.tif	1339473.562166	1339473.820756	1339474.469212	6.756163e-01	69	39	1339475.456169	1
 130	14	94	70	kitchen	sun_abdxkyyxwfskuaqb.tif	1339476.231477	1339476.490065	1339477.138458	7.757076e-01	60	none	NaN	NaN
 130	14	95	106	kitchen	sun_awcpdzzznmweyyhv.tif	1339477.908140	1339478.166733	1339478.815120	7.173210e-01	96	39	1339479.663962	1
 130	14	96	101	kitchen	sun_aqeaevwwwjoqhzvl.tif	1339480.435645	1339480.694236	1339481.342566	8.174123e-01	91	none	NaN	NaN
 130	14	97	93	kitchen	sun_ahspylgoovwmwvgk.tif	1339482.112308	1339482.370893	1339483.019377	7.340029e-01	83	none	NaN	NaN
 130	14	98	110	kitchen	sun_azmutvzbxypaceni.tif	1339483.788963	1339484.047558	1339484.695975	7.590257e-01	100	none	NaN	NaN
 130	14	99	102	kitchen	sun_auaiucuqpdausiva.tif	1339485.465627	1339485.724216	1339486.372555	7.590257e-01	92	none	NaN	NaN
 130	14	100	65	kitchen	sun_aamedkxepzlwuxes.tif	1339487.142292	1339487.400880	1339488.049282	8.257533e-01	55	none	NaN	NaN
 130	15	1	55	bathroom	sun_avhrdrntsqrjzccq.tif	1339494.090847	1339494.349428	1339495.039413	6.672754e-01	45	none	NaN	NaN
 130	15	2	58	bathroom	sun_axxbkopsgyouuebh.tif	1339495.800869	1339496.059461	1339496.749511	6.505935e-01	48	none	NaN	NaN
 130	15	3	29	bathroom	sun_ahqjwnzgolcaoidx.tif	1339497.519241	1339497.777822	1339498.468011	8.090714e-01	19	none	NaN	NaN
 130	15	4	28	bathroom	sun_ahijqszoswveeyji.tif	1339499.237605	1339499.496194	1339500.186323	7.673667e-01	18	none	NaN	NaN
 130	15	5	13	bathroom	sun_aavhrsfjbserjtht.tif	1339500.955974	1339501.214566	1339501.904531	8.090714e-01	3	none	NaN	NaN
 130	15	6	52	bathroom	sun_aunuadmjocsddsrl.tif	1339502.666001	1339502.924589	1339503.614706	7.423438e-01	42	none	NaN	NaN
 130	15	7	53	bathroom	sun_ausgutylgojavyoq.tif	1339504.384370	1339504.642966	1339505.332935	7.757076e-01	43	none	NaN	NaN
 130	15	8	51	bathroom	sun_atstyziqcmkahyxk.tif	1339506.094399	1339506.352993	1339507.043112	7.006391e-01	41	none	NaN	NaN
 130	15	9	37	bathroom	sun_amzlamotzwfkwjco.tif	1339507.812765	1339508.071352	1339508.761410	7.590257e-01	27	none	NaN	NaN
 130	15	10	19	bathroom	sun_aclfzgynxzxlbepz.tif	1339509.531134	1339509.789723	1339510.479887	7.923895e-01	9	none	NaN	NaN
 130	15	11	57	bathroom	sun_axldvoqbuvuggfmq.tif	1339511.249505	1339511.508092	1339512.198200	7.340029e-01	47	none	NaN	NaN
 130	15	12	39	bathroom	sun_anryaplzeujmzfkd.tif	1339512.967877	1339513.226469	1339513.916537	6.756163e-01	29	none	NaN	NaN
 130	15	13	27	bathroom	sun_ahcvzmoyaycdoftf.tif	1339514.686244	1339514.944829	1339515.634946	7.590257e-01	17	none	NaN	NaN
 130	15	14	12	bathroom	sun_aapitsgbtktqubfy.tif	1339516.404611	1339516.663207	1339517.353249	6.839572e-01	2	none	NaN	NaN
 130	15	15	30	bathroom	sun_ajlawzvmubibwbpy.tif	1339518.122984	1339518.381571	1339519.071706	7.006391e-01	20	none	NaN	NaN
 130	15	16	26	bathroom	sun_ahaulkltgpkeeemi.tif	1339519.841352	1339520.099940	1339520.790067	8.257533e-01	16	none	NaN	NaN
 130	15	17	20	bathroom	sun_afcoljnjfoxjtgja.tif	1339521.559725	1339521.818310	1339522.508362	6.672754e-01	10	39	1339523.232246	0
 130	15	18	22	bathroom	sun_agguqiubmwhqqunb.tif	1339524.003810	1339524.262394	1339524.952442	8.340942e-01	12	none	NaN	NaN
 130	15	19	15	bathroom	sun_abjtwfukuwddzted.tif	1339525.722177	1339525.980767	1339526.670744	8.424351e-01	5	none	NaN	NaN
 130	15	20	41	bathroom	sun_aoybiabnpadelefl.tif	1339527.432207	1339527.690790	1339528.380796	7.340029e-01	31	none	NaN	NaN
 130	15	21	18	bathroom	sun_acgyywnybuveqsro.tif	1339529.142232	1339529.400825	1339530.090973	7.840485e-01	8	none	NaN	NaN
 130	15	22	17	bathroom	sun_acegryoqftbzowsg.tif	1339530.860601	1339531.119194	1339531.809341	8.340942e-01	7	none	NaN	NaN
 130	15	23	14	bathroom	sun_abapwbhyhkfixyex.tif	1339532.578974	1339532.837561	1339533.527720	7.757076e-01	4	39	1339534.176248	1
 130	15	24	44	bathroom	sun_apkruvsevgegsdwp.tif	1339534.947980	1339535.206573	1339535.896681	8.174123e-01	34	none	NaN	NaN
 130	15	25	32	bathroom	sun_aleqenyvunhactkl.tif	1339536.666352	1339536.924946	1339537.615087	6.839572e-01	22	39	1339538.768124	1
 130	15	26	49	bathroom	sun_asfwthctfqerjvxr.tif	1339539.544208	1339539.802795	1339540.492953	7.089801e-01	39	none	NaN	NaN
 130	15	27	48	bathroom	sun_aqrpegblszgcoujh.tif	1339541.262575	1339541.521166	1339542.211299	7.923895e-01	38	none	NaN	NaN
 130	15	28	50	bathroom	sun_aspsyogrekjtfozg.tif	1339542.980949	1339543.239530	1339543.929521	7.089801e-01	40	none	NaN	NaN
 130	15	29	47	bathroom	sun_apynckhmoftszqoq.tif	1339544.690970	1339544.949558	1339545.639652	7.923895e-01	37	none	NaN	NaN
 130	15	30	60	bathroom	sun_azqyogdvyhahyram.tif	1339546.409342	1339546.667932	1339547.358071	8.257533e-01	50	none	NaN	NaN
 130	15	31	38	bathroom	sun_anhioqovhscjqqwb.tif	1339548.127708	1339548.386300	1339549.076315	8.257533e-01	28	none	NaN	NaN
 130	15	32	34	bathroom	sun_alkosphxlxwjwgjd.tif	1339549.846079	1339550.104667	1339550.794674	7.423438e-01	24	none	NaN	NaN
 130	15	33	56	bathroom	sun_awnqiikzaispgmwo.tif	1339551.556111	1339551.814690	1339552.504779	8.507761e-01	46	none	NaN	NaN
 130	15	34	35	bathroom	sun_alotolagknyrgtsk.tif	1339553.274478	1339553.533066	1339554.223163	7.673667e-01	25	none	NaN	NaN
 130	15	35	16	bathroom	sun_acduarbnmmoglmiv.tif	1339554.992843	1339555.251439	1339555.941427	7.256620e-01	6	none	NaN	NaN
 130	15	36	42	bathroom	sun_apeeialkgkuxddgh.tif	1339556.702871	1339556.961467	1339557.651484	6.922982e-01	32	none	NaN	NaN
 130	15	37	40	bathroom	sun_aofnryafpsjimzsb.tif	1339558.421235	1339558.679832	1339559.369816	8.424351e-01	30	none	NaN	NaN
 130	15	38	45	bathroom	sun_apkxzenqapsujocq.tif	1339560.131271	1339560.389856	1339561.079891	7.089801e-01	35	37	1339561.752197	1
 130	15	39	59	bathroom	sun_axyrejkiiaqiurjk.tif	1339562.525308	1339562.783895	1339563.474036	7.173210e-01	49	none	NaN	NaN
 130	15	40	46	bathroom	sun_apmqjbnwghzuhhzh.tif	1339564.243676	1339564.502267	1339565.192296	6.922982e-01	36	39	1339565.896269	1
 130	15	41	43	bathroom	sun_apjevzvycyhuqghb.tif	1339566.671081	1339566.929675	1339567.619758	8.340942e-01	33	none	NaN	NaN
 130	15	42	54	bathroom	sun_auzqhkafidnkrwmo.tif	1339568.389452	1339568.648040	1339569.338114	7.006391e-01	44	39	1339570.368274	0
 130	15	43	23	bathroom	sun_aghyqhbptboemmoq.tif	1339571.142174	1339571.400767	1339572.090812	8.007304e-01	13	none	NaN	NaN
 130	15	44	33	bathroom	sun_aljolscmmzydegqp.tif	1339572.860543	1339573.119134	1339573.809201	7.840485e-01	23	none	NaN	NaN
 130	15	45	25	bathroom	sun_agyqfjcfkdcydepw.tif	1339574.578918	1339574.837510	1339575.527528	8.174123e-01	15	none	NaN	NaN
 130	15	46	11	bathroom	labelme_sfxiulhjbhlyiyt.tif	1339576.297287	1339576.555872	1339577.246048	7.173210e-01	1	none	NaN	NaN
 130	15	47	24	bathroom	sun_agrwbmhcpmfuwmsg.tif	1339578.015649	1339578.274239	1339578.964316	7.340029e-01	14	none	NaN	NaN
 130	15	48	21	bathroom	sun_aggnnqpdorgxpvce.tif	1339579.734026	1339579.992612	1339580.682614	8.340942e-01	11	none	NaN	NaN
 130	15	49	36	bathroom	sun_ambriybtogmepttm.tif	1339581.452398	1339581.710980	1339582.401020	7.506848e-01	26	39	1339583.240236	1
 130	15	50	31	bathroom	sun_akiytfaagpdsphgz.tif	1339584.013264	1339584.271852	1339584.962022	7.923895e-01	21	none	NaN	NaN
 130	15	51	51	bathroom	sun_atstyziqcmkahyxk.tif	1339585.731629	1339585.990221	1339586.680321	6.756163e-01	41	none	NaN	NaN
 130	15	52	34	bathroom	sun_alkosphxlxwjwgjd.tif	1339587.449997	1339587.708598	1339588.398765	6.672754e-01	24	39	1339589.240246	0
 130	15	53	20	bathroom	sun_afcoljnjfoxjtgja.tif	1339590.010872	1339590.269462	1339590.959612	7.256620e-01	10	39	1339591.800183	1
 130	15	54	52	bathroom	sun_aunuadmjocsddsrl.tif	1339592.571743	1339592.830330	1339593.520336	7.256620e-01	42	39	1339594.128135	1
 130	15	55	22	bathroom	sun_agguqiubmwhqqunb.tif	1339594.899051	1339595.157633	1339595.847701	7.673667e-01	12	none	NaN	NaN
 130	15	56	33	bathroom	sun_aljolscmmzydegqp.tif	1339596.617419	1339596.876009	1339597.565991	6.922982e-01	23	none	NaN	NaN
 130	15	57	41	bathroom	sun_aoybiabnpadelefl.tif	1339598.335785	1339598.594373	1339599.284525	8.174123e-01	31	none	NaN	NaN
 130	15	58	13	bathroom	sun_aavhrsfjbserjtht.tif	1339600.054154	1339600.312743	1339601.002776	6.589344e-01	3	none	NaN	NaN
 130	15	59	57	bathroom	sun_axldvoqbuvuggfmq.tif	1339601.772524	1339602.031114	1339602.721268	8.424351e-01	47	none	NaN	NaN
 130	15	60	50	bathroom	sun_aspsyogrekjtfozg.tif	1339603.490891	1339603.749491	1339604.439561	6.922982e-01	40	none	NaN	NaN
 130	15	61	37	bathroom	sun_amzlamotzwfkwjco.tif	1339605.209261	1339605.467853	1339606.157846	6.505935e-01	27	none	NaN	NaN
 130	15	62	32	bathroom	sun_aleqenyvunhactkl.tif	1339606.919289	1339607.177881	1339607.867993	6.589344e-01	22	none	NaN	NaN
 130	15	63	19	bathroom	sun_aclfzgynxzxlbepz.tif	1339608.637655	1339608.896249	1339609.586294	7.506848e-01	9	none	NaN	NaN
 130	15	64	43	bathroom	sun_apjevzvycyhuqghb.tif	1339610.356031	1339610.614614	1339611.304728	7.423438e-01	33	none	NaN	NaN
 130	15	65	42	bathroom	sun_apeeialkgkuxddgh.tif	1339612.074399	1339612.332989	1339613.023044	6.756163e-01	32	none	NaN	NaN
 130	15	66	12	bathroom	sun_aapitsgbtktqubfy.tif	1339613.792783	1339614.051357	1339614.741511	7.173210e-01	2	none	NaN	NaN
 130	15	67	46	bathroom	sun_apmqjbnwghzuhhzh.tif	1339615.511137	1339615.769728	1339616.459845	6.672754e-01	36	none	NaN	NaN
 130	15	68	15	bathroom	sun_abjtwfukuwddzted.tif	1339617.229510	1339617.488095	1339618.178281	7.006391e-01	5	none	NaN	NaN
 130	15	69	60	bathroom	sun_azqyogdvyhahyram.tif	1339618.947877	1339619.206465	1339619.896501	7.256620e-01	50	none	NaN	NaN
 130	15	70	21	bathroom	sun_aggnnqpdorgxpvce.tif	1339620.666240	1339620.924831	1339621.614834	8.424351e-01	11	none	NaN	NaN
 130	15	71	53	bathroom	sun_ausgutylgojavyoq.tif	1339622.384610	1339622.643198	1339623.333331	7.840485e-01	43	37	1339624.016135	1
 130	15	72	58	bathroom	sun_axxbkopsgyouuebh.tif	1339624.786995	1339625.045581	1339625.735594	7.340029e-01	48	none	NaN	NaN
 130	15	73	27	bathroom	sun_ahcvzmoyaycdoftf.tif	1339626.505364	1339626.763949	1339627.453944	8.174123e-01	17	none	NaN	NaN
 130	15	74	18	bathroom	sun_acgyywnybuveqsro.tif	1339628.215392	1339628.473981	1339629.163966	7.590257e-01	8	none	NaN	NaN
 130	15	75	30	bathroom	sun_ajlawzvmubibwbpy.tif	1339629.925417	1339630.184006	1339630.873979	6.839572e-01	20	none	NaN	NaN
 130	15	76	24	bathroom	sun_agrwbmhcpmfuwmsg.tif	1339631.635444	1339631.894029	1339632.584092	8.090714e-01	14	none	NaN	NaN
 130	15	77	54	bathroom	sun_auzqhkafidnkrwmo.tif	1339633.353813	1339633.612402	1339634.302602	6.756163e-01	44	none	NaN	NaN
 130	15	78	48	bathroom	sun_aqrpegblszgcoujh.tif	1339635.072187	1339635.330773	1339636.020963	7.506848e-01	38	none	NaN	NaN
 130	15	79	25	bathroom	sun_agyqfjcfkdcydepw.tif	1339636.790554	1339637.049135	1339637.739234	7.673667e-01	15	none	NaN	NaN
 130	15	80	38	bathroom	sun_anhioqovhscjqqwb.tif	1339638.508922	1339638.767513	1339639.457588	7.423438e-01	28	none	NaN	NaN
 130	15	81	44	bathroom	sun_apkruvsevgegsdwp.tif	1339640.227291	1339640.485875	1339641.176060	8.257533e-01	34	none	NaN	NaN
 130	15	82	55	bathroom	sun_avhrdrntsqrjzccq.tif	1339641.945660	1339642.204253	1339642.894429	8.007304e-01	45	none	NaN	NaN
 130	15	83	28	bathroom	sun_ahijqszoswveeyji.tif	1339643.664023	1339643.922616	1339644.612669	8.007304e-01	18	none	NaN	NaN
 130	15	84	47	bathroom	sun_apynckhmoftszqoq.tif	1339645.382396	1339645.640990	1339646.331013	7.506848e-01	37	none	NaN	NaN
 130	15	85	36	bathroom	sun_ambriybtogmepttm.tif	1339647.100769	1339647.359351	1339648.049483	7.089801e-01	26	none	NaN	NaN
 130	15	86	14	bathroom	sun_abapwbhyhkfixyex.tif	1339648.819136	1339649.077725	1339649.767861	7.173210e-01	4	39	1339650.592131	0
 130	15	87	26	bathroom	sun_ahaulkltgpkeeemi.tif	1339651.363314	1339651.621916	1339652.312018	7.590257e-01	16	39	1339653.872340	1
 130	15	88	23	bathroom	sun_aghyqhbptboemmoq.tif	1339654.649915	1339654.908505	1339655.598552	7.840485e-01	13	none	NaN	NaN
 130	15	89	45	bathroom	sun_apkxzenqapsujocq.tif	1339656.368279	1339656.626869	1339657.316847	6.505935e-01	35	none	NaN	NaN
 130	15	90	16	bathroom	sun_acduarbnmmoglmiv.tif	1339658.078312	1339658.336899	1339659.027061	8.507761e-01	6	39	1339659.656117	1
 130	15	91	17	bathroom	sun_acegryoqftbzowsg.tif	1339660.430641	1339660.689234	1339661.379271	6.589344e-01	7	none	NaN	NaN
 130	15	92	29	bathroom	sun_ahqjwnzgolcaoidx.tif	1339662.149009	1339662.407602	1339663.097588	6.839572e-01	19	none	NaN	NaN
 130	15	93	40	bathroom	sun_aofnryafpsjimzsb.tif	1339663.859037	1339664.117628	1339664.807601	8.257533e-01	30	none	NaN	NaN
 130	15	94	56	bathroom	sun_awnqiikzaispgmwo.tif	1339665.569058	1339665.827652	1339666.517710	8.090714e-01	46	none	NaN	NaN
 130	15	95	31	bathroom	sun_akiytfaagpdsphgz.tif	1339667.287436	1339667.546022	1339668.236154	8.007304e-01	21	none	NaN	NaN
 130	15	96	35	bathroom	sun_alotolagknyrgtsk.tif	1339669.005806	1339669.264395	1339669.954541	7.757076e-01	25	39	1339670.624296	0
 130	15	97	49	bathroom	sun_asfwthctfqerjvxr.tif	1339671.399836	1339671.658429	1339672.348549	7.757076e-01	39	none	NaN	NaN
 130	15	98	39	bathroom	sun_anryaplzeujmzfkd.tif	1339673.118209	1339673.376804	1339674.066913	7.590257e-01	29	none	NaN	NaN
 130	15	99	59	bathroom	sun_axyrejkiiaqiurjk.tif	1339674.836580	1339675.095169	1339675.785308	6.589344e-01	49	none	NaN	NaN
 130	15	100	11	bathroom	labelme_sfxiulhjbhlyiyt.tif	1339676.554950	1339676.813537	1339677.503726	6.922982e-01	1	none	NaN	NaN
 130	16	1	100	kitchen	sun_amjjdeyrggfqgmom.tif	1339780.266034	1339780.524629	1339781.248160	6.756163e-01	90	39	1339782.344267	1
 130	16	2	86	kitchen	sun_aggjlwcdjsjcaemh.tif	1339783.118862	1339783.377446	1339784.100831	8.340942e-01	76	none	NaN	NaN
 130	16	3	64	kitchen	sun_aadbddgrdsjugojn.tif	1339784.870594	1339785.129187	1339785.852545	8.090714e-01	54	none	NaN	NaN
 130	16	4	93	kitchen	sun_ahspylgoovwmwvgk.tif	1339786.613991	1339786.872580	1339787.596127	8.340942e-01	83	none	NaN	NaN
 130	16	5	69	kitchen	sun_abdenxonkemggwsq.tif	1339788.365726	1339788.624312	1339789.347655	7.006391e-01	59	none	NaN	NaN
 130	16	6	91	kitchen	sun_ahljzhgcdpomplvg.tif	1339790.109119	1339790.367711	1339791.091127	8.174123e-01	81	none	NaN	NaN
 130	16	7	72	kitchen	sun_abpwyqmlzafvklqo.tif	1339791.860855	1339792.119438	1339792.842931	7.506848e-01	62	none	NaN	NaN
 130	16	8	81	kitchen	sun_aehawpgmrlhlvcow.tif	1339793.612590	1339793.871182	1339794.594589	8.257533e-01	71	none	NaN	NaN
 130	16	9	103	kitchen	sun_aunzlwrbjumxhwdj.tif	1339795.364321	1339795.622912	1339796.346317	7.590257e-01	93	none	NaN	NaN
 130	16	10	74	kitchen	sun_acfmftudsenhrfhy.tif	1339797.116054	1339797.374648	1339798.098024	7.006391e-01	64	none	NaN	NaN
 130	16	11	68	kitchen	sun_aaxxjlsuzvqlgylf.tif	1339798.867796	1339799.126387	1339799.849898	7.423438e-01	58	none	NaN	NaN
 130	16	12	107	kitchen	sun_axyyrmzcupyhlivc.tif	1339800.619536	1339800.878122	1339801.601636	7.006391e-01	97	none	NaN	NaN
 130	16	13	79	kitchen	sun_admlmbcdswaszruo.tif	1339802.371268	1339802.629858	1339803.353345	6.756163e-01	69	none	NaN	NaN
 130	16	14	110	kitchen	sun_azmutvzbxypaceni.tif	1339804.123004	1339804.381595	1339805.105012	7.590257e-01	100	none	NaN	NaN
 130	16	15	66	kitchen	sun_aapllqyqlykszopd.tif	1339805.874739	1339806.133329	1339806.856727	7.757076e-01	56	none	NaN	NaN
 130	16	16	61	kitchen	labelme_brsyyvweiuaazfr.tif	1339807.626471	1339807.885069	1339808.608599	7.340029e-01	51	none	NaN	NaN
 130	16	17	106	kitchen	sun_awcpdzzznmweyyhv.tif	1339809.378209	1339809.636798	1339810.360195	7.506848e-01	96	none	NaN	NaN
 130	16	18	75	kitchen	sun_acgtpgfybqjmzeyw.tif	1339811.129950	1339811.388538	1339812.111886	7.340029e-01	65	none	NaN	NaN
 130	16	19	99	kitchen	sun_akcjzhbbjlbogpdi.tif	1339812.873340	1339813.131927	1339813.855271	6.672754e-01	89	none	NaN	NaN
 130	16	20	108	kitchen	sun_aymvwlarqodbwuoc.tif	1339814.616733	1339814.875328	1339815.598746	6.589344e-01	98	none	NaN	NaN
 130	16	21	76	kitchen	sun_acwjdupvyjsugpay.tif	1339816.368468	1339816.627060	1339817.350552	7.923895e-01	66	none	NaN	NaN
 130	16	22	85	kitchen	sun_afuyedyxivkhecmu.tif	1339818.120204	1339818.378792	1339819.102302	8.257533e-01	75	none	NaN	NaN
 130	16	23	105	kitchen	sun_avszsnwsbuqfgzbn.tif	1339819.871941	1339820.130531	1339820.854000	8.007304e-01	95	none	NaN	NaN
 130	16	24	65	kitchen	sun_aamedkxepzlwuxes.tif	1339821.623672	1339821.882265	1339822.605779	7.173210e-01	55	none	NaN	NaN
 130	16	25	95	kitchen	sun_aixorpehvfykdynp.tif	1339823.375412	1339823.634001	1339824.357440	8.424351e-01	85	none	NaN	NaN
 130	16	26	80	kitchen	sun_aegoxogugdkwpmpj.tif	1339825.127148	1339825.385738	1339826.109125	8.174123e-01	70	none	NaN	NaN
 130	16	27	78	kitchen	sun_adgqasybjyktddhj.tif	1339826.878882	1339827.137472	1339827.860978	8.340942e-01	68	39	1339829.168248	0
 130	16	28	96	kitchen	sun_ajcbwwvdlsvjyzje.tif	1339829.940252	1339830.198841	1339830.922261	7.340029e-01	86	none	NaN	NaN
 130	16	29	84	kitchen	sun_aexklacwqwezaorf.tif	1339831.691989	1339831.950575	1339832.673938	7.673667e-01	74	none	NaN	NaN
 130	16	30	62	kitchen	labelme_kxvouciolcpqplr.tif	1339833.443723	1339833.702310	1339834.425725	6.589344e-01	52	none	NaN	NaN
 130	16	31	88	kitchen	sun_agubuxuukhzyzpdp.tif	1339835.195454	1339835.454046	1339836.177549	6.756163e-01	78	none	NaN	NaN
 130	16	32	63	kitchen	labelme_rykdqxenmhulbdn.tif	1339836.947192	1339837.205778	1339837.929209	6.672754e-01	53	none	NaN	NaN
 130	16	33	71	kitchen	sun_abftihopvusyfakt.tif	1339838.698929	1339838.957517	1339839.681003	8.257533e-01	61	none	NaN	NaN
 130	16	34	83	kitchen	sun_aeqdocilnnpuvuhx.tif	1339840.450659	1339840.709249	1339841.432743	6.839572e-01	73	none	NaN	NaN
 130	16	35	104	kitchen	sun_auticobqsbwgoppi.tif	1339842.202398	1339842.460986	1339843.184353	7.256620e-01	94	none	NaN	NaN
 130	16	36	92	kitchen	sun_ahpczsiumwwocjkv.tif	1339843.954132	1339844.212724	1339844.936261	7.757076e-01	82	none	NaN	NaN
 130	16	37	97	kitchen	sun_ajkqhtgcbgpcwrwn.tif	1339845.705867	1339845.964460	1339846.687853	7.256620e-01	87	39	1339847.928232	0
 130	16	38	94	kitchen	sun_ahywdevtimnqcsln.tif	1339848.700500	1339848.959094	1339849.682448	8.174123e-01	84	none	NaN	NaN
 130	16	39	67	kitchen	sun_aarfiyshqohlwkmo.tif	1339850.443895	1339850.702486	1339851.425952	7.923895e-01	57	39	1339852.272248	0
 130	16	40	98	kitchen	sun_akchetnepxlcxhsu.tif	1339853.046475	1339853.305064	1339854.028602	7.506848e-01	88	none	NaN	NaN
 130	16	41	77	kitchen	sun_acxkpeoqbwcxfvip.tif	1339854.798215	1339855.056800	1339855.780236	8.007304e-01	67	none	NaN	NaN
 130	16	42	73	kitchen	sun_abrcnpqqhmjwekyf.tif	1339856.549947	1339856.808530	1339857.532023	6.839572e-01	63	39	1339858.344126	0
 130	16	43	87	kitchen	sun_agorklincwxrdtga.tif	1339859.119132	1339859.377747	1339860.101077	6.505935e-01	77	none	NaN	NaN
 130	16	44	89	kitchen	sun_agzzivivdpnawacl.tif	1339860.870892	1339861.129485	1339861.852976	8.507761e-01	79	none	NaN	NaN
 130	16	45	101	kitchen	sun_aqeaevwwwjoqhzvl.tif	1339862.622627	1339862.881220	1339863.604728	7.840485e-01	91	none	NaN	NaN
 130	16	46	90	kitchen	sun_ahdycvpopffkzzsu.tif	1339864.374364	1339864.632951	1339865.356409	6.922982e-01	80	none	NaN	NaN
 130	16	47	102	kitchen	sun_auaiucuqpdausiva.tif	1339866.126101	1339866.384692	1339867.108162	7.506848e-01	92	none	NaN	NaN
 130	16	48	82	kitchen	sun_aenotlpyftoioydp.tif	1339867.877837	1339868.136429	1339868.859957	7.673667e-01	72	none	NaN	NaN
 130	16	49	70	kitchen	sun_abdxkyyxwfskuaqb.tif	1339869.629570	1339869.888161	1339870.611703	7.757076e-01	60	none	NaN	NaN
 130	16	50	109	kitchen	sun_aypmqwcualkenuoe.tif	1339871.381311	1339871.639901	1339872.363244	7.089801e-01	99	none	NaN	NaN
 130	16	51	62	kitchen	labelme_kxvouciolcpqplr.tif	1339873.124706	1339873.383294	1339874.106736	7.840485e-01	52	none	NaN	NaN
 130	16	52	73	kitchen	sun_abrcnpqqhmjwekyf.tif	1339874.876440	1339875.135031	1339875.858515	7.757076e-01	63	39	1339876.480147	1
 130	16	53	99	kitchen	sun_akcjzhbbjlbogpdi.tif	1339877.253788	1339877.512385	1339878.235807	7.923895e-01	89	none	NaN	NaN
 130	16	54	87	kitchen	sun_agorklincwxrdtga.tif	1339879.005532	1339879.264118	1339879.987580	7.673667e-01	77	none	NaN	NaN
 130	16	55	102	kitchen	sun_auaiucuqpdausiva.tif	1339880.757259	1339881.015852	1339881.739388	7.423438e-01	92	none	NaN	NaN
 130	16	56	81	kitchen	sun_aehawpgmrlhlvcow.tif	1339882.508997	1339882.767590	1339883.491122	6.756163e-01	71	39	1339884.152130	0
 130	16	57	106	kitchen	sun_awcpdzzznmweyyhv.tif	1339884.928058	1339885.186652	1339885.909994	6.922982e-01	96	39	1339886.512334	1
 130	16	58	86	kitchen	sun_aggjlwcdjsjcaemh.tif	1339887.288734	1339887.547318	1339888.270737	7.089801e-01	76	none	NaN	NaN
 130	16	59	82	kitchen	sun_aenotlpyftoioydp.tif	1339889.040473	1339889.299056	1339890.022588	6.672754e-01	72	none	NaN	NaN
 130	16	60	64	kitchen	sun_aadbddgrdsjugojn.tif	1339890.792207	1339891.050796	1339891.774311	7.840485e-01	54	37	1339892.592229	1
 130	16	61	95	kitchen	sun_aixorpehvfykdynp.tif	1339893.369761	1339893.628353	1339894.351755	6.922982e-01	85	none	NaN	NaN
 130	16	62	85	kitchen	sun_afuyedyxivkhecmu.tif	1339895.121497	1339895.380087	1339896.103610	8.090714e-01	75	none	NaN	NaN
 130	16	63	61	kitchen	labelme_brsyyvweiuaazfr.tif	1339896.873235	1339897.131822	1339897.855312	7.340029e-01	51	none	NaN	NaN
 130	16	64	104	kitchen	sun_auticobqsbwgoppi.tif	1339898.624964	1339898.883562	1339899.607075	7.173210e-01	94	none	NaN	NaN
 130	16	65	84	kitchen	sun_aexklacwqwezaorf.tif	1339900.376699	1339900.635290	1339901.358693	8.174123e-01	74	none	NaN	NaN
 130	16	66	94	kitchen	sun_ahywdevtimnqcsln.tif	1339902.128438	1339902.387047	1339903.110400	7.423438e-01	84	none	NaN	NaN
 130	16	67	88	kitchen	sun_agubuxuukhzyzpdp.tif	1339903.880180	1339904.138762	1339904.862217	6.589344e-01	78	none	NaN	NaN
 130	16	68	67	kitchen	sun_aarfiyshqohlwkmo.tif	1339905.631906	1339905.890503	1339906.613945	8.257533e-01	57	none	NaN	NaN
 130	16	69	71	kitchen	sun_abftihopvusyfakt.tif	1339907.383644	1339907.642232	1339908.365654	6.922982e-01	61	none	NaN	NaN
 130	16	70	93	kitchen	sun_ahspylgoovwmwvgk.tif	1339909.135379	1339909.393968	1339910.117311	6.922982e-01	83	none	NaN	NaN
 130	16	71	76	kitchen	sun_acwjdupvyjsugpay.tif	1339910.878775	1339911.137368	1339911.860809	8.007304e-01	66	39	1339912.488289	1
 130	16	72	77	kitchen	sun_acxkpeoqbwcxfvip.tif	1339913.264472	1339913.523037	1339914.246414	8.424351e-01	67	none	NaN	NaN
 130	16	73	89	kitchen	sun_agzzivivdpnawacl.tif	1339915.007863	1339915.266456	1339915.989997	7.089801e-01	79	39	1339916.624165	1
 130	16	74	66	kitchen	sun_aapllqyqlykszopd.tif	1339917.401902	1339917.660494	1339918.383971	6.505935e-01	56	none	NaN	NaN
 130	16	75	100	kitchen	sun_amjjdeyrggfqgmom.tif	1339919.153638	1339919.412169	1339920.135732	7.423438e-01	90	39	1339920.832371	1
 130	16	76	63	kitchen	labelme_rykdqxenmhulbdn.tif	1339921.606072	1339921.864658	1339922.588178	7.923895e-01	53	none	NaN	NaN
 130	16	77	108	kitchen	sun_aymvwlarqodbwuoc.tif	1339923.357805	1339923.616397	1339924.339831	8.090714e-01	98	none	NaN	NaN
 130	16	78	105	kitchen	sun_avszsnwsbuqfgzbn.tif	1339925.109541	1339925.368130	1339926.091484	7.590257e-01	95	39	1339926.672292	1
 130	16	79	75	kitchen	sun_acgtpgfybqjmzeyw.tif	1339927.445186	1339927.703777	1339928.427252	7.173210e-01	65	37	1339929.200118	1
 130	16	80	79	kitchen	sun_admlmbcdswaszruo.tif	1339929.972696	1339930.231284	1339930.954805	8.340942e-01	69	none	NaN	NaN
 130	16	81	68	kitchen	sun_aaxxjlsuzvqlgylf.tif	1339931.724427	1339931.983019	1339932.706541	8.424351e-01	58	none	NaN	NaN
 130	16	82	83	kitchen	sun_aeqdocilnnpuvuhx.tif	1339933.476168	1339933.734755	1339934.458246	7.173210e-01	73	none	NaN	NaN
 130	16	83	78	kitchen	sun_adgqasybjyktddhj.tif	1339935.227900	1339935.486485	1339936.209832	6.589344e-01	68	none	NaN	NaN
 130	16	84	74	kitchen	sun_acfmftudsenhrfhy.tif	1339936.971298	1339937.229886	1339937.953247	8.090714e-01	64	39	1339938.560244	1
 130	16	85	90	kitchen	sun_ahdycvpopffkzzsu.tif	1339939.331965	1339939.590554	1339940.313893	8.424351e-01	80	none	NaN	NaN
 130	16	86	65	kitchen	sun_aamedkxepzlwuxes.tif	1339941.083699	1339941.342294	1339942.065721	8.257533e-01	55	none	NaN	NaN
 130	16	87	98	kitchen	sun_akchetnepxlcxhsu.tif	1339942.835437	1339943.094029	1339943.817364	7.089801e-01	88	none	NaN	NaN
 130	16	88	80	kitchen	sun_aegoxogugdkwpmpj.tif	1339944.578834	1339944.837419	1339945.560825	7.256620e-01	70	none	NaN	NaN
 130	16	89	70	kitchen	sun_abdxkyyxwfskuaqb.tif	1339946.330565	1339946.589159	1339947.312593	7.590257e-01	60	none	NaN	NaN
 130	16	90	96	kitchen	sun_ajcbwwvdlsvjyzje.tif	1339948.082304	1339948.340890	1339949.064245	6.839572e-01	86	none	NaN	NaN
 130	16	91	91	kitchen	sun_ahljzhgcdpomplvg.tif	1339949.825692	1339950.084284	1339950.807685	7.590257e-01	81	none	NaN	NaN
 130	16	92	110	kitchen	sun_azmutvzbxypaceni.tif	1339951.577429	1339951.836019	1339952.559379	6.672754e-01	100	none	NaN	NaN
 130	16	93	97	kitchen	sun_ajkqhtgcbgpcwrwn.tif	1339953.320829	1339953.579418	1339954.302819	7.840485e-01	87	none	NaN	NaN
 130	16	94	109	kitchen	sun_aypmqwcualkenuoe.tif	1339955.072561	1339955.331150	1339956.054541	6.839572e-01	99	none	NaN	NaN
 130	16	95	101	kitchen	sun_aqeaevwwwjoqhzvl.tif	1339956.824301	1339957.082891	1339957.806403	6.505935e-01	91	none	NaN	NaN
 130	16	96	72	kitchen	sun_abpwyqmlzafvklqo.tif	1339958.576031	1339958.834622	1339959.558010	8.507761e-01	62	none	NaN	NaN
 130	16	97	107	kitchen	sun_axyyrmzcupyhlivc.tif	1339960.327769	1339960.586361	1339961.309831	7.006391e-01	97	none	NaN	NaN
 130	16	98	92	kitchen	sun_ahpczsiumwwocjkv.tif	1339962.079506	1339962.338096	1339963.061554	7.673667e-01	82	none	NaN	NaN
 130	16	99	69	kitchen	sun_abdenxonkemggwsq.tif	1339963.831239	1339964.089828	1339964.813341	7.256620e-01	59	none	NaN	NaN
 130	16	100	103	kitchen	sun_aunzlwrbjumxhwdj.tif	1339965.582977	1339965.841567	1339966.564998	8.007304e-01	93	none	NaN	NaN
 130	17	1	19	bathroom	sun_aclfzgynxzxlbepz.tif	1339972.740069	1339972.998660	1339973.813767	8.174123e-01	9	none	NaN	NaN
 130	17	2	25	bathroom	sun_agyqfjcfkdcydepw.tif	1339974.575220	1339974.833808	1339975.649041	8.257533e-01	15	none	NaN	NaN
 130	17	3	38	bathroom	sun_anhioqovhscjqqwb.tif	1339976.418713	1339976.677304	1339977.492516	7.006391e-01	28	none	NaN	NaN
 130	17	4	22	bathroom	sun_agguqiubmwhqqunb.tif	1339978.262200	1339978.520793	1339979.335995	7.506848e-01	12	none	NaN	NaN
 130	17	5	14	bathroom	sun_abapwbhyhkfixyex.tif	1339980.105695	1339980.364287	1339981.179468	7.923895e-01	4	none	NaN	NaN
 130	17	6	52	bathroom	sun_aunuadmjocsddsrl.tif	1339981.949186	1339982.207785	1339983.022986	7.923895e-01	42	none	NaN	NaN
 130	17	7	44	bathroom	sun_apkruvsevgegsdwp.tif	1339983.792685	1339984.051269	1339984.866466	6.589344e-01	34	none	NaN	NaN
 130	17	8	48	bathroom	sun_aqrpegblszgcoujh.tif	1339985.636178	1339985.894769	1339986.709901	6.839572e-01	38	none	NaN	NaN
 130	17	9	58	bathroom	sun_axxbkopsgyouuebh.tif	1339987.471324	1339987.729919	1339988.545245	8.090714e-01	48	none	NaN	NaN
 130	17	10	36	bathroom	sun_ambriybtogmepttm.tif	1339989.314824	1339989.573412	1339990.388736	7.256620e-01	26	none	NaN	NaN
 130	17	11	37	bathroom	sun_amzlamotzwfkwjco.tif	1339991.158320	1339991.416904	1339992.232053	6.839572e-01	27	39	1339993.200123	0
 130	17	12	46	bathroom	sun_apmqjbnwghzuhhzh.tif	1339993.977777	1339994.236368	1339995.051572	7.506848e-01	36	39	1339995.600255	1
 130	17	13	13	bathroom	sun_aavhrsfjbserjtht.tif	1339996.371808	1339996.630403	1339997.445628	7.340029e-01	3	none	NaN	NaN
 130	17	14	41	bathroom	sun_aoybiabnpadelefl.tif	1339998.215302	1339998.473898	1339999.289021	8.340942e-01	31	none	NaN	NaN
 130	17	15	30	bathroom	sun_ajlawzvmubibwbpy.tif	1340000.058796	1340000.317387	1340001.132564	8.174123e-01	20	none	NaN	NaN
 130	17	16	40	bathroom	sun_aofnryafpsjimzsb.tif	1340001.902291	1340002.160887	1340002.976166	7.006391e-01	30	none	NaN	NaN
 130	17	17	11	bathroom	labelme_sfxiulhjbhlyiyt.tif	1340003.745786	1340004.004375	1340004.819510	8.257533e-01	1	none	NaN	NaN
 130	17	18	31	bathroom	sun_akiytfaagpdsphgz.tif	1340005.589281	1340005.847866	1340006.663018	7.923895e-01	21	none	NaN	NaN
 130	17	19	20	bathroom	sun_afcoljnjfoxjtgja.tif	1340007.432772	1340007.691362	1340008.506645	7.757076e-01	10	none	NaN	NaN
 130	17	20	33	bathroom	sun_aljolscmmzydegqp.tif	1340009.276265	1340009.534855	1340010.349984	7.423438e-01	23	none	NaN	NaN
 130	17	21	35	bathroom	sun_alotolagknyrgtsk.tif	1340011.119757	1340011.378353	1340012.193474	8.257533e-01	25	none	NaN	NaN
 130	17	22	49	bathroom	sun_asfwthctfqerjvxr.tif	1340012.963251	1340013.221842	1340014.037091	7.506848e-01	39	39	1340014.824313	0
 130	17	23	29	bathroom	sun_ahqjwnzgolcaoidx.tif	1340015.599199	1340015.857787	1340016.673012	7.340029e-01	19	none	NaN	NaN
 130	17	24	12	bathroom	sun_aapitsgbtktqubfy.tif	1340017.442695	1340017.701282	1340018.516537	7.173210e-01	2	none	NaN	NaN
 130	17	25	45	bathroom	sun_apkxzenqapsujocq.tif	1340019.286186	1340019.544772	1340020.359940	8.424351e-01	35	none	NaN	NaN
 130	17	26	27	bathroom	sun_ahcvzmoyaycdoftf.tif	1340021.121336	1340021.379927	1340022.195279	8.007304e-01	17	none	NaN	NaN
 130	17	27	32	bathroom	sun_aleqenyvunhactkl.tif	1340022.964828	1340023.223417	1340024.038573	7.089801e-01	22	none	NaN	NaN
 130	17	28	43	bathroom	sun_apjevzvycyhuqghb.tif	1340024.808321	1340025.066911	1340025.882044	6.839572e-01	33	39	1340026.416147	1
 130	17	29	18	bathroom	sun_acgyywnybuveqsro.tif	1340027.194018	1340027.452606	1340028.267908	6.589344e-01	8	none	NaN	NaN
 130	17	30	28	bathroom	sun_ahijqszoswveeyji.tif	1340029.037512	1340029.296099	1340030.111311	7.923895e-01	18	none	NaN	NaN
 130	17	31	17	bathroom	sun_acegryoqftbzowsg.tif	1340030.881002	1340031.139597	1340031.954762	8.007304e-01	7	none	NaN	NaN
 130	17	32	26	bathroom	sun_ahaulkltgpkeeemi.tif	1340032.724498	1340032.983082	1340033.798243	7.590257e-01	16	none	NaN	NaN
 130	17	33	16	bathroom	sun_acduarbnmmoglmiv.tif	1340034.567993	1340034.826578	1340035.641815	7.423438e-01	6	none	NaN	NaN
 130	17	34	54	bathroom	sun_auzqhkafidnkrwmo.tif	1340036.411483	1340036.670078	1340037.485228	7.340029e-01	44	none	NaN	NaN
 130	17	35	47	bathroom	sun_apynckhmoftszqoq.tif	1340038.254978	1340038.513560	1340039.328692	6.756163e-01	37	none	NaN	NaN
 130	17	36	39	bathroom	sun_anryaplzeujmzfkd.tif	1340040.098472	1340040.357058	1340041.172322	7.590257e-01	29	none	NaN	NaN
 130	17	37	55	bathroom	sun_avhrdrntsqrjzccq.tif	1340041.941965	1340042.200553	1340043.015732	8.090714e-01	45	39	1340043.560239	1
 130	17	38	56	bathroom	sun_awnqiikzaispgmwo.tif	1340044.336002	1340044.594592	1340045.409768	8.257533e-01	46	none	NaN	NaN
 130	17	39	59	bathroom	sun_axyrejkiiaqiurjk.tif	1340046.179494	1340046.438085	1340047.253171	6.505935e-01	49	none	NaN	NaN
 130	17	40	15	bathroom	sun_abjtwfukuwddzted.tif	1340048.014649	1340048.273237	1340049.088351	7.256620e-01	5	none	NaN	NaN
 130	17	41	34	bathroom	sun_alkosphxlxwjwgjd.tif	1340049.858143	1340050.116732	1340050.931995	6.672754e-01	24	none	NaN	NaN
 130	17	42	51	bathroom	sun_atstyziqcmkahyxk.tif	1340051.701634	1340051.960225	1340052.775384	7.590257e-01	41	none	NaN	NaN
 130	17	43	42	bathroom	sun_apeeialkgkuxddgh.tif	1340053.545125	1340053.803716	1340054.618952	6.922982e-01	32	37	1340055.376214	1
 130	17	44	60	bathroom	sun_azqyogdvyhahyram.tif	1340056.147705	1340056.406298	1340057.221507	7.089801e-01	50	none	NaN	NaN
 130	17	45	23	bathroom	sun_aghyqhbptboemmoq.tif	1340057.991198	1340058.249789	1340059.064982	7.757076e-01	13	none	NaN	NaN
 130	17	46	24	bathroom	sun_agrwbmhcpmfuwmsg.tif	1340059.834681	1340060.093284	1340060.908393	6.672754e-01	14	none	NaN	NaN
 130	17	47	57	bathroom	sun_axldvoqbuvuggfmq.tif	1340061.669838	1340061.928434	1340062.743562	8.007304e-01	47	none	NaN	NaN
 130	17	48	50	bathroom	sun_aspsyogrekjtfozg.tif	1340063.513336	1340063.771926	1340064.587157	6.756163e-01	40	none	NaN	NaN
 130	17	49	21	bathroom	sun_aggnnqpdorgxpvce.tif	1340065.356829	1340065.615419	1340066.430510	7.673667e-01	11	none	NaN	NaN
 130	17	50	53	bathroom	sun_ausgutylgojavyoq.tif	1340067.191983	1340067.450573	1340068.265749	6.505935e-01	43	none	NaN	NaN
 130	17	51	26	bathroom	sun_ahaulkltgpkeeemi.tif	1340069.035471	1340069.294066	1340070.109287	6.672754e-01	16	none	NaN	NaN
 130	17	52	12	bathroom	sun_aapitsgbtktqubfy.tif	1340070.878964	1340071.137557	1340071.952647	8.090714e-01	2	none	NaN	NaN
 130	17	53	44	bathroom	sun_apkruvsevgegsdwp.tif	1340072.714118	1340072.972707	1340073.787911	7.840485e-01	34	none	NaN	NaN
 130	17	54	19	bathroom	sun_aclfzgynxzxlbepz.tif	1340074.549266	1340074.807857	1340075.623045	8.507761e-01	9	none	NaN	NaN
 130	17	55	56	bathroom	sun_awnqiikzaispgmwo.tif	1340076.392767	1340076.651353	1340077.466584	6.922982e-01	46	none	NaN	NaN
 130	17	56	35	bathroom	sun_alotolagknyrgtsk.tif	1340078.236254	1340078.494849	1340079.310136	8.174123e-01	25	none	NaN	NaN
 130	17	57	24	bathroom	sun_agrwbmhcpmfuwmsg.tif	1340080.079749	1340080.338339	1340081.153464	7.256620e-01	14	39	1340081.952088	0
 130	17	58	48	bathroom	sun_aqrpegblszgcoujh.tif	1340082.724032	1340082.982629	1340083.797717	7.256620e-01	38	none	NaN	NaN
 130	17	59	17	bathroom	sun_acegryoqftbzowsg.tif	1340084.559186	1340084.817777	1340085.632859	8.257533e-01	7	none	NaN	NaN
 130	17	60	23	bathroom	sun_aghyqhbptboemmoq.tif	1340086.402685	1340086.661267	1340087.476558	8.340942e-01	13	none	NaN	NaN
 130	17	61	41	bathroom	sun_aoybiabnpadelefl.tif	1340088.246175	1340088.504763	1340089.320032	8.174123e-01	31	39	1340089.992222	1
 130	17	62	32	bathroom	sun_aleqenyvunhactkl.tif	1340090.765338	1340091.023928	1340091.839131	7.340029e-01	22	none	NaN	NaN
 130	17	63	42	bathroom	sun_apeeialkgkuxddgh.tif	1340092.608831	1340092.867423	1340093.682506	7.757076e-01	32	none	NaN	NaN
 130	17	64	31	bathroom	sun_akiytfaagpdsphgz.tif	1340094.443978	1340094.702566	1340095.517847	7.089801e-01	21	none	NaN	NaN
 130	17	65	33	bathroom	sun_aljolscmmzydegqp.tif	1340096.287474	1340096.546067	1340097.361271	7.590257e-01	23	none	NaN	NaN
 130	17	66	40	bathroom	sun_aofnryafpsjimzsb.tif	1340098.130963	1340098.389553	1340099.204774	6.839572e-01	30	39	1340099.784137	1
 130	17	67	13	bathroom	sun_aavhrsfjbserjtht.tif	1340100.558376	1340100.816963	1340101.632147	8.424351e-01	3	none	NaN	NaN
 130	17	68	14	bathroom	sun_abapwbhyhkfixyex.tif	1340102.401861	1340102.660458	1340103.475683	6.922982e-01	4	none	NaN	NaN
 130	17	69	45	bathroom	sun_apkxzenqapsujocq.tif	1340104.245358	1340104.503950	1340105.319224	7.173210e-01	35	none	NaN	NaN
 130	17	70	46	bathroom	sun_apmqjbnwghzuhhzh.tif	1340106.088853	1340106.347446	1340107.162558	6.922982e-01	36	none	NaN	NaN
 130	17	71	16	bathroom	sun_acduarbnmmoglmiv.tif	1340107.932346	1340108.190935	1340109.006037	8.340942e-01	6	none	NaN	NaN
 130	17	72	55	bathroom	sun_avhrdrntsqrjzccq.tif	1340109.767500	1340110.026091	1340110.841258	7.590257e-01	45	none	NaN	NaN
 130	17	73	51	bathroom	sun_atstyziqcmkahyxk.tif	1340111.610994	1340111.869579	1340112.684859	8.424351e-01	41	none	NaN	NaN
 130	17	74	15	bathroom	sun_abjtwfukuwddzted.tif	1340113.454479	1340113.713073	1340114.528209	6.505935e-01	5	none	NaN	NaN
 130	17	75	52	bathroom	sun_aunuadmjocsddsrl.tif	1340115.297974	1340115.556568	1340116.371843	7.506848e-01	42	none	NaN	NaN
 130	17	76	49	bathroom	sun_asfwthctfqerjvxr.tif	1340117.141470	1340117.400059	1340118.215335	7.006391e-01	39	none	NaN	NaN
 130	17	77	20	bathroom	sun_afcoljnjfoxjtgja.tif	1340118.984967	1340119.243556	1340120.058834	6.756163e-01	10	none	NaN	NaN
 130	17	78	21	bathroom	sun_aggnnqpdorgxpvce.tif	1340120.828456	1340121.087045	1340121.902274	7.423438e-01	11	none	NaN	NaN
 130	17	79	47	bathroom	sun_apynckhmoftszqoq.tif	1340122.671949	1340122.930538	1340123.745837	7.423438e-01	37	none	NaN	NaN
 130	17	80	36	bathroom	sun_ambriybtogmepttm.tif	1340124.515445	1340124.774037	1340125.589295	7.173210e-01	26	37	1340126.440339	1
 130	17	81	38	bathroom	sun_anhioqovhscjqqwb.tif	1340127.218123	1340127.476712	1340128.292013	7.840485e-01	28	none	NaN	NaN
 130	17	82	58	bathroom	sun_axxbkopsgyouuebh.tif	1340129.061611	1340129.320200	1340130.135358	8.090714e-01	48	37	1340130.704164	1
 130	17	83	34	bathroom	sun_alkosphxlxwjwgjd.tif	1340131.480699	1340131.739267	1340132.554557	6.589344e-01	24	none	NaN	NaN
 130	17	84	43	bathroom	sun_apjevzvycyhuqghb.tif	1340133.324174	1340133.582756	1340134.397956	7.673667e-01	33	none	NaN	NaN
 130	17	85	59	bathroom	sun_axyrejkiiaqiurjk.tif	1340135.167662	1340135.426254	1340136.241374	6.589344e-01	49	39	1340137.376260	1
 130	17	86	28	bathroom	sun_ahijqszoswveeyji.tif	1340138.153953	1340138.412544	1340139.227625	7.673667e-01	18	none	NaN	NaN
 130	17	87	39	bathroom	sun_anryaplzeujmzfkd.tif	1340139.989112	1340140.247699	1340141.062812	8.007304e-01	29	37	1340141.736285	1
 130	17	88	27	bathroom	sun_ahcvzmoyaycdoftf.tif	1340142.508273	1340142.766856	1340143.582116	7.006391e-01	17	none	NaN	NaN
 130	17	89	60	bathroom	sun_azqyogdvyhahyram.tif	1340144.351762	1340144.610350	1340145.425481	6.672754e-01	50	none	NaN	NaN
 130	17	90	11	bathroom	labelme_sfxiulhjbhlyiyt.tif	1340146.195250	1340146.453847	1340147.269100	8.340942e-01	1	none	NaN	NaN
 130	17	91	54	bathroom	sun_auzqhkafidnkrwmo.tif	1340148.038752	1340148.297337	1340149.112590	8.424351e-01	44	none	NaN	NaN
 130	17	92	37	bathroom	sun_amzlamotzwfkwjco.tif	1340149.882247	1340150.140831	1340150.956133	7.089801e-01	27	none	NaN	NaN
 130	17	93	57	bathroom	sun_axldvoqbuvuggfmq.tif	1340151.725736	1340151.984322	1340152.799456	7.757076e-01	47	none	NaN	NaN
 130	17	94	29	bathroom	sun_ahqjwnzgolcaoidx.tif	1340153.569233	1340153.827815	1340154.642971	7.673667e-01	19	none	NaN	NaN
 130	17	95	25	bathroom	sun_agyqfjcfkdcydepw.tif	1340155.412724	1340155.671313	1340156.486405	6.756163e-01	15	39	1340157.192211	1
 130	17	96	30	bathroom	sun_ajlawzvmubibwbpy.tif	1340157.965248	1340158.223839	1340159.038998	7.173210e-01	20	none	NaN	NaN
 130	17	97	22	bathroom	sun_agguqiubmwhqqunb.tif	1340159.808743	1340160.067335	1340160.882497	7.840485e-01	12	37	1340162.168262	1
 130	17	98	50	bathroom	sun_aspsyogrekjtfozg.tif	1340162.945187	1340163.203779	1340164.018974	6.922982e-01	40	none	NaN	NaN
 130	17	99	18	bathroom	sun_acgyywnybuveqsro.tif	1340164.788679	1340165.047267	1340165.862415	7.840485e-01	8	none	NaN	NaN
 130	17	100	53	bathroom	sun_ausgutylgojavyoq.tif	1340166.632165	1340166.890759	1340167.705871	8.507761e-01	43	none	NaN	NaN
 130	18	1	101	kitchen	sun_aqeaevwwwjoqhzvl.tif	1340178.477247	1340178.735845	1340179.409193	7.673667e-01	91	none	NaN	NaN
 130	18	2	105	kitchen	sun_avszsnwsbuqfgzbn.tif	1340180.178926	1340180.437514	1340181.110972	6.839572e-01	95	none	NaN	NaN
 130	18	3	110	kitchen	sun_azmutvzbxypaceni.tif	1340181.880609	1340182.139199	1340182.812489	6.922982e-01	100	none	NaN	NaN
 130	18	4	74	kitchen	sun_acfmftudsenhrfhy.tif	1340183.573953	1340183.832545	1340184.506030	7.173210e-01	64	39	1340185.120263	1
 130	18	5	70	kitchen	sun_abdxkyyxwfskuaqb.tif	1340185.892916	1340186.151513	1340186.824812	8.174123e-01	60	none	NaN	NaN
 130	18	6	104	kitchen	sun_auticobqsbwgoppi.tif	1340187.586264	1340187.844854	1340188.518236	7.673667e-01	94	39	1340189.072143	1
 130	18	7	109	kitchen	sun_aypmqwcualkenuoe.tif	1340189.846834	1340190.105426	1340190.778725	6.922982e-01	99	none	NaN	NaN
 130	18	8	75	kitchen	sun_acgtpgfybqjmzeyw.tif	1340191.540182	1340191.798766	1340192.472222	8.340942e-01	65	none	NaN	NaN
 130	18	9	64	kitchen	sun_aadbddgrdsjugojn.tif	1340193.241868	1340193.500456	1340194.173930	7.340029e-01	54	none	NaN	NaN
 130	18	10	96	kitchen	sun_ajcbwwvdlsvjyzje.tif	1340194.943556	1340195.202146	1340195.875516	7.006391e-01	86	39	1340196.536081	1
 130	18	11	85	kitchen	sun_afuyedyxivkhecmu.tif	1340197.312568	1340197.571159	1340198.244558	8.424351e-01	75	none	NaN	NaN
 130	18	12	79	kitchen	sun_admlmbcdswaszruo.tif	1340199.014252	1340199.272842	1340199.946299	7.256620e-01	69	none	NaN	NaN
 130	18	13	89	kitchen	sun_agzzivivdpnawacl.tif	1340200.715944	1340200.974533	1340201.647870	6.672754e-01	79	none	NaN	NaN
 130	18	14	108	kitchen	sun_aymvwlarqodbwuoc.tif	1340202.417624	1340202.676218	1340203.349576	7.173210e-01	98	none	NaN	NaN
 130	18	15	69	kitchen	sun_abdenxonkemggwsq.tif	1340204.119315	1340204.377905	1340205.051309	8.007304e-01	59	none	NaN	NaN
 130	18	16	106	kitchen	sun_awcpdzzznmweyyhv.tif	1340205.820994	1340206.079589	1340206.752946	8.424351e-01	96	none	NaN	NaN
 130	18	17	92	kitchen	sun_ahpczsiumwwocjkv.tif	1340207.514346	1340207.772930	1340208.446238	6.756163e-01	82	none	NaN	NaN
 130	18	18	76	kitchen	sun_acwjdupvyjsugpay.tif	1340209.207683	1340209.466279	1340210.139647	6.839572e-01	66	none	NaN	NaN
 130	18	19	93	kitchen	sun_ahspylgoovwmwvgk.tif	1340210.909371	1340211.167960	1340211.841414	7.757076e-01	83	39	1340212.519914	0
 130	18	20	91	kitchen	sun_ahljzhgcdpomplvg.tif	1340213.295067	1340213.553662	1340214.226967	8.257533e-01	81	none	NaN	NaN
 130	18	21	82	kitchen	sun_aenotlpyftoioydp.tif	1340214.988414	1340215.247002	1340215.920313	8.424351e-01	72	none	NaN	NaN
 130	18	22	87	kitchen	sun_agorklincwxrdtga.tif	1340216.690097	1340216.948689	1340217.622087	7.340029e-01	77	none	NaN	NaN
 130	18	23	62	kitchen	labelme_kxvouciolcpqplr.tif	1340218.391786	1340218.650373	1340219.323846	7.506848e-01	52	none	NaN	NaN
 130	18	24	99	kitchen	sun_akcjzhbbjlbogpdi.tif	1340220.093469	1340220.352062	1340221.025554	7.923895e-01	89	none	NaN	NaN
 130	18	25	103	kitchen	sun_aunzlwrbjumxhwdj.tif	1340221.795157	1340222.053748	1340222.727145	7.590257e-01	93	none	NaN	NaN
 130	18	26	95	kitchen	sun_aixorpehvfykdynp.tif	1340223.496847	1340223.755432	1340224.428897	7.590257e-01	85	39	1340225.160159	0
 130	18	27	100	kitchen	sun_amjjdeyrggfqgmom.tif	1340225.932590	1340226.191182	1340226.864593	8.007304e-01	90	none	NaN	NaN
 130	18	28	71	kitchen	sun_abftihopvusyfakt.tif	1340227.634275	1340227.892866	1340228.566212	8.340942e-01	61	none	NaN	NaN
 130	18	29	98	kitchen	sun_akchetnepxlcxhsu.tif	1340229.335964	1340229.594554	1340230.267990	8.257533e-01	88	39	1340230.944126	1
 130	18	30	61	kitchen	labelme_brsyyvweiuaazfr.tif	1340231.721656	1340231.980247	1340232.653615	7.757076e-01	51	none	NaN	NaN
 130	18	31	80	kitchen	sun_aegoxogugdkwpmpj.tif	1340233.423343	1340233.681934	1340234.355285	7.006391e-01	70	39	1340235.064294	1
 130	18	32	67	kitchen	sun_aarfiyshqohlwkmo.tif	1340235.842409	1340236.100995	1340236.774420	7.173210e-01	57	39	1340237.472112	1
 130	18	33	88	kitchen	sun_agubuxuukhzyzpdp.tif	1340238.244792	1340238.503383	1340239.176885	7.506848e-01	78	none	NaN	NaN
 130	18	34	77	kitchen	sun_acxkpeoqbwcxfvip.tif	1340239.946473	1340240.205067	1340240.878570	8.507761e-01	67	none	NaN	NaN
 130	18	35	102	kitchen	sun_auaiucuqpdausiva.tif	1340241.648158	1340241.906753	1340242.580135	8.340942e-01	92	none	NaN	NaN
 130	18	36	81	kitchen	sun_aehawpgmrlhlvcow.tif	1340243.349846	1340243.608434	1340244.281801	6.672754e-01	71	none	NaN	NaN
 130	18	37	97	kitchen	sun_ajkqhtgcbgpcwrwn.tif	1340245.051532	1340245.310120	1340245.983484	7.089801e-01	87	none	NaN	NaN
 130	18	38	73	kitchen	sun_abrcnpqqhmjwekyf.tif	1340246.753221	1340247.011808	1340247.685117	6.505935e-01	63	none	NaN	NaN
 130	18	39	66	kitchen	sun_aapllqyqlykszopd.tif	1340248.454902	1340248.713495	1340249.386914	6.839572e-01	56	none	NaN	NaN
 130	18	40	83	kitchen	sun_aeqdocilnnpuvuhx.tif	1340250.156588	1340250.415184	1340251.088518	8.424351e-01	73	37	1340251.967929	1
 130	18	41	90	kitchen	sun_ahdycvpopffkzzsu.tif	1340252.742483	1340253.001080	1340253.674490	6.589344e-01	80	none	NaN	NaN
 130	18	42	84	kitchen	sun_aexklacwqwezaorf.tif	1340254.444170	1340254.702762	1340255.376118	7.423438e-01	74	none	NaN	NaN
 130	18	43	94	kitchen	sun_ahywdevtimnqcsln.tif	1340256.145878	1340256.404450	1340257.077819	8.007304e-01	84	none	NaN	NaN
 130	18	44	72	kitchen	sun_abpwyqmlzafvklqo.tif	1340257.847547	1340258.106137	1340258.779532	7.340029e-01	62	none	NaN	NaN
 130	18	45	65	kitchen	sun_aamedkxepzlwuxes.tif	1340259.549227	1340259.807820	1340260.481135	7.506848e-01	55	none	NaN	NaN
 130	18	46	78	kitchen	sun_adgqasybjyktddhj.tif	1340261.242575	1340261.501163	1340262.174565	6.505935e-01	68	none	NaN	NaN
 130	18	47	63	kitchen	labelme_rykdqxenmhulbdn.tif	1340262.944258	1340263.202851	1340263.876296	8.257533e-01	53	none	NaN	NaN
 130	18	48	86	kitchen	sun_aggjlwcdjsjcaemh.tif	1340264.645949	1340264.904536	1340265.577933	7.089801e-01	76	none	NaN	NaN
 130	18	49	68	kitchen	sun_aaxxjlsuzvqlgylf.tif	1340266.339285	1340266.597880	1340267.271340	6.589344e-01	58	none	NaN	NaN
 130	18	50	107	kitchen	sun_axyyrmzcupyhlivc.tif	1340268.040973	1340268.299570	1340268.972914	6.756163e-01	97	none	NaN	NaN
 130	18	51	66	kitchen	sun_aapllqyqlykszopd.tif	1340269.742666	1340270.001250	1340270.674738	7.006391e-01	56	none	NaN	NaN
 130	18	52	82	kitchen	sun_aenotlpyftoioydp.tif	1340271.444347	1340271.702942	1340272.376394	8.174123e-01	72	none	NaN	NaN
 130	18	53	103	kitchen	sun_aunzlwrbjumxhwdj.tif	1340273.146034	1340273.404627	1340274.078030	7.089801e-01	93	none	NaN	NaN
 130	18	54	95	kitchen	sun_aixorpehvfykdynp.tif	1340274.847722	1340275.106315	1340275.779780	6.922982e-01	85	37	1340276.575898	1
 130	18	55	99	kitchen	sun_akcjzhbbjlbogpdi.tif	1340277.350209	1340277.608791	1340278.282177	6.672754e-01	89	none	NaN	NaN
 130	18	56	86	kitchen	sun_aggjlwcdjsjcaemh.tif	1340279.051884	1340279.310476	1340279.983781	8.257533e-01	76	none	NaN	NaN
 130	18	57	89	kitchen	sun_agzzivivdpnawacl.tif	1340280.745232	1340281.003818	1340281.677132	8.174123e-01	79	none	NaN	NaN
 130	18	58	100	kitchen	sun_amjjdeyrggfqgmom.tif	1340282.438579	1340282.697163	1340283.370589	6.922982e-01	90	none	NaN	NaN
 130	18	59	110	kitchen	sun_azmutvzbxypaceni.tif	1340284.140263	1340284.398855	1340285.072223	6.672754e-01	100	37	1340285.663937	1
 130	18	60	105	kitchen	sun_avszsnwsbuqfgzbn.tif	1340286.434200	1340286.692788	1340287.366145	7.757076e-01	95	none	NaN	NaN
 130	18	61	63	kitchen	labelme_rykdqxenmhulbdn.tif	1340288.135883	1340288.394409	1340289.067897	6.589344e-01	53	39	1340289.951923	0
 130	18	62	104	kitchen	sun_auticobqsbwgoppi.tif	1340290.730126	1340290.988717	1340291.662198	6.505935e-01	94	none	NaN	NaN
 130	18	63	78	kitchen	sun_adgqasybjyktddhj.tif	1340292.431805	1340292.690398	1340293.363681	7.256620e-01	68	none	NaN	NaN
 130	18	64	70	kitchen	sun_abdxkyyxwfskuaqb.tif	1340294.125156	1340294.383745	1340295.057086	7.256620e-01	60	none	NaN	NaN
 130	18	65	88	kitchen	sun_agubuxuukhzyzpdp.tif	1340295.826842	1340296.085434	1340296.758936	8.090714e-01	78	none	NaN	NaN
 130	18	66	61	kitchen	labelme_brsyyvweiuaazfr.tif	1340297.528520	1340297.787116	1340298.460509	7.673667e-01	51	none	NaN	NaN
 130	18	67	102	kitchen	sun_auaiucuqpdausiva.tif	1340299.230214	1340299.488801	1340300.162154	8.090714e-01	92	none	NaN	NaN
 130	18	68	87	kitchen	sun_agorklincwxrdtga.tif	1340300.931895	1340301.190490	1340301.863967	7.923895e-01	77	none	NaN	NaN
 130	18	69	101	kitchen	sun_aqeaevwwwjoqhzvl.tif	1340302.633584	1340302.892175	1340303.565624	7.673667e-01	91	none	NaN	NaN
 130	18	70	97	kitchen	sun_ajkqhtgcbgpcwrwn.tif	1340304.335265	1340304.593862	1340305.267231	7.089801e-01	87	none	NaN	NaN
 130	18	71	106	kitchen	sun_awcpdzzznmweyyhv.tif	1340306.036955	1340306.295541	1340306.969018	6.756163e-01	96	none	NaN	NaN
 130	18	72	84	kitchen	sun_aexklacwqwezaorf.tif	1340307.738638	1340307.997233	1340308.670531	7.840485e-01	74	none	NaN	NaN
 130	18	73	77	kitchen	sun_acxkpeoqbwcxfvip.tif	1340309.431977	1340309.690577	1340310.363882	7.256620e-01	67	none	NaN	NaN
 130	18	74	98	kitchen	sun_akchetnepxlcxhsu.tif	1340311.125331	1340311.383920	1340312.057352	7.423438e-01	88	none	NaN	NaN
 130	18	75	73	kitchen	sun_abrcnpqqhmjwekyf.tif	1340312.827012	1340313.085607	1340313.758903	8.174123e-01	63	none	NaN	NaN
 130	18	76	85	kitchen	sun_afuyedyxivkhecmu.tif	1340314.528704	1340314.787294	1340315.460738	7.590257e-01	75	none	NaN	NaN
 130	18	77	75	kitchen	sun_acgtpgfybqjmzeyw.tif	1340316.230387	1340316.488980	1340317.162350	7.173210e-01	65	none	NaN	NaN
 130	18	78	69	kitchen	sun_abdenxonkemggwsq.tif	1340317.932073	1340318.190661	1340318.864150	7.423438e-01	59	none	NaN	NaN
 130	18	79	91	kitchen	sun_ahljzhgcdpomplvg.tif	1340319.633760	1340319.892345	1340320.565802	7.340029e-01	81	39	1340321.224233	1
 130	18	80	94	kitchen	sun_ahywdevtimnqcsln.tif	1340321.994434	1340322.253025	1340322.926343	7.923895e-01	84	none	NaN	NaN
 130	18	81	81	kitchen	sun_aehawpgmrlhlvcow.tif	1340323.687774	1340323.946364	1340324.619860	6.756163e-01	71	none	NaN	NaN
 130	18	82	71	kitchen	sun_abftihopvusyfakt.tif	1340325.389463	1340325.648053	1340326.321473	8.007304e-01	61	none	NaN	NaN
 130	18	83	76	kitchen	sun_acwjdupvyjsugpay.tif	1340327.091151	1340327.349733	1340328.023071	7.590257e-01	66	none	NaN	NaN
 130	18	84	68	kitchen	sun_aaxxjlsuzvqlgylf.tif	1340328.792833	1340329.051429	1340329.724894	7.840485e-01	58	none	NaN	NaN
 130	18	85	80	kitchen	sun_aegoxogugdkwpmpj.tif	1340330.494522	1340330.753115	1340331.426572	7.423438e-01	70	none	NaN	NaN
 130	18	86	108	kitchen	sun_aymvwlarqodbwuoc.tif	1340332.196203	1340332.454801	1340333.128267	7.006391e-01	98	none	NaN	NaN
 130	18	87	72	kitchen	sun_abpwyqmlzafvklqo.tif	1340333.897897	1340334.156482	1340334.829837	6.922982e-01	62	39	1340335.648216	0
 130	18	88	67	kitchen	sun_aarfiyshqohlwkmo.tif	1340336.425393	1340336.683979	1340337.357390	7.757076e-01	57	none	NaN	NaN
 130	18	89	96	kitchen	sun_ajcbwwvdlsvjyzje.tif	1340338.127085	1340338.385675	1340339.058982	8.340942e-01	86	none	NaN	NaN
 130	18	90	93	kitchen	sun_ahspylgoovwmwvgk.tif	1340339.820430	1340340.079016	1340340.752335	6.589344e-01	83	none	NaN	NaN
 130	18	91	90	kitchen	sun_ahdycvpopffkzzsu.tif	1340341.513776	1340341.772359	1340342.445785	7.590257e-01	80	none	NaN	NaN
 130	18	92	109	kitchen	sun_aypmqwcualkenuoe.tif	1340343.215459	1340343.474047	1340344.147336	8.090714e-01	99	none	NaN	NaN
 130	18	93	62	kitchen	labelme_kxvouciolcpqplr.tif	1340344.908800	1340345.167391	1340345.840803	7.923895e-01	52	none	NaN	NaN
 130	18	94	107	kitchen	sun_axyyrmzcupyhlivc.tif	1340346.610486	1340346.869076	1340347.542391	8.507761e-01	97	none	NaN	NaN
 130	18	95	92	kitchen	sun_ahpczsiumwwocjkv.tif	1340348.312171	1340348.570765	1340349.244119	7.506848e-01	82	none	NaN	NaN
 130	18	96	83	kitchen	sun_aeqdocilnnpuvuhx.tif	1340350.005523	1340350.264111	1340350.937414	7.840485e-01	73	none	NaN	NaN
 130	18	97	64	kitchen	sun_aadbddgrdsjugojn.tif	1340351.698861	1340351.957450	1340352.630855	6.839572e-01	54	none	NaN	NaN
 130	18	98	79	kitchen	sun_admlmbcdswaszruo.tif	1340353.400548	1340353.659134	1340354.332613	7.840485e-01	69	none	NaN	NaN
 130	18	99	74	kitchen	sun_acfmftudsenhrfhy.tif	1340355.102235	1340355.360827	1340356.034247	8.257533e-01	64	39	1340356.680185	0
 130	18	100	65	kitchen	sun_aamedkxepzlwuxes.tif	1340357.454567	1340357.713147	1340358.386617	8.090714e-01	55	none	NaN	NaN
 130	19	1	53	bathroom	sun_ausgutylgojavyoq.tif	1340365.412452	1340365.671034	1340366.486309	6.839572e-01	43	39	1340367.368160	1
 130	19	2	51	bathroom	sun_atstyziqcmkahyxk.tif	1340368.140151	1340368.398733	1340369.214019	8.340942e-01	41	none	NaN	NaN
 130	19	3	48	bathroom	sun_aqrpegblszgcoujh.tif	1340369.983643	1340370.242234	1340371.057445	8.340942e-01	38	none	NaN	NaN
 130	19	4	41	bathroom	sun_aoybiabnpadelefl.tif	1340371.827141	1340372.085733	1340372.900896	7.173210e-01	31	none	NaN	NaN
 130	19	5	52	bathroom	sun_aunuadmjocsddsrl.tif	1340373.670628	1340373.929215	1340374.744432	7.673667e-01	42	none	NaN	NaN
 130	19	6	16	bathroom	sun_acduarbnmmoglmiv.tif	1340375.514127	1340375.772715	1340376.588009	8.007304e-01	6	none	NaN	NaN
 130	19	7	11	bathroom	labelme_sfxiulhjbhlyiyt.tif	1340377.357617	1340377.616207	1340378.431304	7.089801e-01	1	none	NaN	NaN
 130	19	8	25	bathroom	sun_agyqfjcfkdcydepw.tif	1340379.201112	1340379.459695	1340380.274954	7.173210e-01	15	none	NaN	NaN
 130	19	9	14	bathroom	sun_abapwbhyhkfixyex.tif	1340381.044602	1340381.303194	1340382.118460	7.673667e-01	4	none	NaN	NaN
 130	19	10	27	bathroom	sun_ahcvzmoyaycdoftf.tif	1340382.888097	1340383.146688	1340383.961971	7.757076e-01	17	none	NaN	NaN
 130	19	11	46	bathroom	sun_apmqjbnwghzuhhzh.tif	1340384.731588	1340384.990181	1340385.805446	7.340029e-01	36	none	NaN	NaN
 130	19	12	56	bathroom	sun_awnqiikzaispgmwo.tif	1340386.575079	1340386.833672	1340387.648866	7.506848e-01	46	none	NaN	NaN
 130	19	13	21	bathroom	sun_aggnnqpdorgxpvce.tif	1340388.418575	1340388.677168	1340389.492286	8.090714e-01	11	none	NaN	NaN
 130	19	14	24	bathroom	sun_agrwbmhcpmfuwmsg.tif	1340390.253724	1340390.512319	1340391.327408	8.424351e-01	14	none	NaN	NaN
 130	19	15	13	bathroom	sun_aavhrsfjbserjtht.tif	1340392.097218	1340392.355809	1340393.171015	6.922982e-01	3	none	NaN	NaN
 130	19	16	37	bathroom	sun_amzlamotzwfkwjco.tif	1340393.940710	1340394.199295	1340395.014502	8.257533e-01	27	none	NaN	NaN
 130	19	17	39	bathroom	sun_anryaplzeujmzfkd.tif	1340395.784206	1340396.042797	1340396.857946	7.173210e-01	29	none	NaN	NaN
 130	19	18	15	bathroom	sun_abjtwfukuwddzted.tif	1340397.627704	1340397.886291	1340398.701535	8.174123e-01	5	none	NaN	NaN
 130	19	19	45	bathroom	sun_apkxzenqapsujocq.tif	1340399.471193	1340399.729777	1340400.544887	8.257533e-01	35	37	1340401.480084	1
 130	19	20	57	bathroom	sun_axldvoqbuvuggfmq.tif	1340402.257284	1340402.515877	1340403.331001	8.257533e-01	47	none	NaN	NaN
 130	19	21	31	bathroom	sun_akiytfaagpdsphgz.tif	1340404.100780	1340404.359371	1340405.174656	8.340942e-01	21	none	NaN	NaN
 130	19	22	29	bathroom	sun_ahqjwnzgolcaoidx.tif	1340405.944272	1340406.202861	1340407.018021	7.840485e-01	19	none	NaN	NaN
 130	19	23	59	bathroom	sun_axyrejkiiaqiurjk.tif	1340407.787766	1340408.046357	1340408.861636	7.173210e-01	49	none	NaN	NaN
 130	19	24	26	bathroom	sun_ahaulkltgpkeeemi.tif	1340409.631261	1340409.889850	1340410.705051	6.839572e-01	16	none	NaN	NaN
 130	19	25	28	bathroom	sun_ahijqszoswveeyji.tif	1340411.474753	1340411.733341	1340412.548451	7.256620e-01	18	39	1340413.552106	0
 130	19	26	47	bathroom	sun_apynckhmoftszqoq.tif	1340414.327575	1340414.586173	1340415.401302	7.256620e-01	37	none	NaN	NaN
 130	19	27	23	bathroom	sun_aghyqhbptboemmoq.tif	1340416.171074	1340416.429660	1340417.244947	7.590257e-01	13	none	NaN	NaN
 130	19	28	22	bathroom	sun_agguqiubmwhqqunb.tif	1340418.014564	1340418.273154	1340419.088259	6.672754e-01	12	none	NaN	NaN
 130	19	29	43	bathroom	sun_apjevzvycyhuqghb.tif	1340419.849719	1340420.108308	1340420.923568	8.507761e-01	33	none	NaN	NaN
 130	19	30	44	bathroom	sun_apkruvsevgegsdwp.tif	1340421.693207	1340421.951798	1340422.766973	7.590257e-01	34	none	NaN	NaN
 130	19	31	55	bathroom	sun_avhrdrntsqrjzccq.tif	1340423.536705	1340423.795292	1340424.610522	8.424351e-01	45	none	NaN	NaN
 130	19	32	34	bathroom	sun_alkosphxlxwjwgjd.tif	1340425.380197	1340425.638788	1340426.453917	7.840485e-01	24	39	1340427.576145	0
 130	19	33	35	bathroom	sun_alotolagknyrgtsk.tif	1340428.349802	1340428.608396	1340429.423657	8.007304e-01	25	none	NaN	NaN
 130	19	34	20	bathroom	sun_afcoljnjfoxjtgja.tif	1340430.193294	1340430.451886	1340431.267148	7.423438e-01	10	none	NaN	NaN
 130	19	35	36	bathroom	sun_ambriybtogmepttm.tif	1340432.036794	1340432.295383	1340433.110527	7.923895e-01	26	none	NaN	NaN
 130	19	36	17	bathroom	sun_acegryoqftbzowsg.tif	1340433.880285	1340434.138870	1340434.954114	7.006391e-01	7	none	NaN	NaN
 130	19	37	30	bathroom	sun_ajlawzvmubibwbpy.tif	1340435.723780	1340435.982366	1340436.797568	7.840485e-01	20	none	NaN	NaN
 130	19	38	42	bathroom	sun_apeeialkgkuxddgh.tif	1340437.567274	1340437.825859	1340438.641152	7.089801e-01	32	none	NaN	NaN
 130	19	39	40	bathroom	sun_aofnryafpsjimzsb.tif	1340439.410765	1340439.669352	1340440.484598	7.423438e-01	30	none	NaN	NaN
 130	19	40	50	bathroom	sun_aspsyogrekjtfozg.tif	1340441.254258	1340441.512841	1340442.327990	7.256620e-01	40	none	NaN	NaN
 130	19	41	38	bathroom	sun_anhioqovhscjqqwb.tif	1340443.097753	1340443.356339	1340444.171452	7.006391e-01	28	none	NaN	NaN
 130	19	42	12	bathroom	sun_aapitsgbtktqubfy.tif	1340444.932901	1340445.191489	1340446.006797	7.089801e-01	2	none	NaN	NaN
 130	19	43	33	bathroom	sun_aljolscmmzydegqp.tif	1340446.776397	1340447.034987	1340447.850258	6.505935e-01	23	none	NaN	NaN
 130	19	44	18	bathroom	sun_acgyywnybuveqsro.tif	1340448.619884	1340448.878476	1340449.693651	8.090714e-01	8	none	NaN	NaN
 130	19	45	49	bathroom	sun_asfwthctfqerjvxr.tif	1340450.463380	1340450.721970	1340451.537094	6.672754e-01	39	none	NaN	NaN
 130	19	46	58	bathroom	sun_axxbkopsgyouuebh.tif	1340452.306877	1340452.565468	1340453.380705	7.340029e-01	48	none	NaN	NaN
 130	19	47	32	bathroom	sun_aleqenyvunhactkl.tif	1340454.150367	1340454.408959	1340455.224186	6.756163e-01	22	none	NaN	NaN
 130	19	48	60	bathroom	sun_azqyogdvyhahyram.tif	1340455.993863	1340456.252447	1340457.067595	7.340029e-01	50	none	NaN	NaN
 130	19	49	19	bathroom	sun_aclfzgynxzxlbepz.tif	1340457.837353	1340458.095945	1340458.911115	8.174123e-01	9	none	NaN	NaN
 130	19	50	54	bathroom	sun_auzqhkafidnkrwmo.tif	1340459.680845	1340459.939437	1340460.754655	7.590257e-01	44	39	1340461.544122	0
 130	19	51	20	bathroom	sun_afcoljnjfoxjtgja.tif	1340462.316790	1340462.575383	1340463.390545	7.590257e-01	10	none	NaN	NaN
 130	19	52	45	bathroom	sun_apkxzenqapsujocq.tif	1340464.160279	1340464.418880	1340465.234110	8.340942e-01	35	39	1340465.896076	1
 130	19	53	54	bathroom	sun_auzqhkafidnkrwmo.tif	1340466.671109	1340466.929694	1340467.744803	8.257533e-01	44	none	NaN	NaN
 130	19	54	55	bathroom	sun_avhrdrntsqrjzccq.tif	1340468.506255	1340468.764844	1340469.580001	8.507761e-01	45	none	NaN	NaN
 130	19	55	60	bathroom	sun_azqyogdvyhahyram.tif	1340470.349749	1340470.608336	1340471.423460	8.424351e-01	50	none	NaN	NaN
 130	19	56	33	bathroom	sun_aljolscmmzydegqp.tif	1340472.193212	1340472.451830	1340473.266964	6.922982e-01	23	none	NaN	NaN
 130	19	57	11	bathroom	labelme_sfxiulhjbhlyiyt.tif	1340474.036736	1340474.295322	1340475.110446	8.007304e-01	1	none	NaN	NaN
 130	19	58	38	bathroom	sun_anhioqovhscjqqwb.tif	1340475.871884	1340476.130480	1340476.945762	7.673667e-01	28	none	NaN	NaN
 130	19	59	29	bathroom	sun_ahqjwnzgolcaoidx.tif	1340477.715382	1340477.973970	1340478.789081	7.840485e-01	19	none	NaN	NaN
 130	19	60	34	bathroom	sun_alkosphxlxwjwgjd.tif	1340479.558873	1340479.817464	1340480.632661	8.007304e-01	24	none	NaN	NaN
 130	19	61	22	bathroom	sun_agguqiubmwhqqunb.tif	1340481.402371	1340481.660961	1340482.476103	7.423438e-01	12	none	NaN	NaN
 130	19	62	56	bathroom	sun_awnqiikzaispgmwo.tif	1340483.245862	1340483.504455	1340484.319701	7.506848e-01	46	none	NaN	NaN
 130	19	63	47	bathroom	sun_apynckhmoftszqoq.tif	1340485.089353	1340485.347946	1340486.163030	7.590257e-01	37	none	NaN	NaN
 130	19	64	36	bathroom	sun_ambriybtogmepttm.tif	1340486.924505	1340487.183092	1340487.998244	7.256620e-01	26	39	1340488.727897	1
 130	19	65	57	bathroom	sun_axldvoqbuvuggfmq.tif	1340489.502060	1340489.760650	1340490.575877	7.006391e-01	47	none	NaN	NaN
 130	19	66	48	bathroom	sun_aqrpegblszgcoujh.tif	1340491.345555	1340491.604144	1340492.419296	7.757076e-01	38	none	NaN	NaN
 130	19	67	50	bathroom	sun_aspsyogrekjtfozg.tif	1340493.189045	1340493.447636	1340494.262922	7.506848e-01	40	none	NaN	NaN
 130	19	68	28	bathroom	sun_ahijqszoswveeyji.tif	1340495.032540	1340495.291126	1340496.106323	7.423438e-01	18	none	NaN	NaN
 130	19	69	58	bathroom	sun_axxbkopsgyouuebh.tif	1340496.876035	1340497.134623	1340497.949809	7.506848e-01	48	none	NaN	NaN
 130	19	70	40	bathroom	sun_aofnryafpsjimzsb.tif	1340498.719524	1340498.978117	1340499.793395	7.340029e-01	30	none	NaN	NaN
 130	19	71	43	bathroom	sun_apjevzvycyhuqghb.tif	1340500.563018	1340500.821610	1340501.636907	6.672754e-01	33	none	NaN	NaN
 130	19	72	53	bathroom	sun_ausgutylgojavyoq.tif	1340502.406510	1340502.665101	1340503.480385	7.006391e-01	43	none	NaN	NaN
 130	19	73	30	bathroom	sun_ajlawzvmubibwbpy.tif	1340504.250007	1340504.508596	1340505.323826	7.673667e-01	20	none	NaN	NaN
 130	19	74	32	bathroom	sun_aleqenyvunhactkl.tif	1340506.093500	1340506.352091	1340507.167257	6.589344e-01	22	39	1340508.064205	1
 130	19	75	19	bathroom	sun_aclfzgynxzxlbepz.tif	1340508.837884	1340509.096477	1340509.911714	6.589344e-01	9	none	NaN	NaN
 130	19	76	46	bathroom	sun_apmqjbnwghzuhhzh.tif	1340510.681376	1340510.939965	1340511.755222	6.839572e-01	36	none	NaN	NaN
 130	19	77	18	bathroom	sun_acgyywnybuveqsro.tif	1340512.524869	1340512.783459	1340513.598635	7.757076e-01	8	none	NaN	NaN
 130	19	78	27	bathroom	sun_ahcvzmoyaycdoftf.tif	1340514.368358	1340514.626952	1340515.442104	6.756163e-01	17	none	NaN	NaN
 130	19	79	51	bathroom	sun_atstyziqcmkahyxk.tif	1340516.211853	1340516.470443	1340517.285599	8.424351e-01	41	none	NaN	NaN
 130	19	80	41	bathroom	sun_aoybiabnpadelefl.tif	1340518.047006	1340518.305592	1340519.120731	7.923895e-01	31	none	NaN	NaN
 130	19	81	16	bathroom	sun_acduarbnmmoglmiv.tif	1340519.890498	1340520.149092	1340520.964197	8.174123e-01	6	39	1340522.000228	1
 130	19	82	42	bathroom	sun_apeeialkgkuxddgh.tif	1340522.776692	1340523.035284	1340523.850414	6.922982e-01	32	none	NaN	NaN
 130	19	83	12	bathroom	sun_aapitsgbtktqubfy.tif	1340524.620181	1340524.878777	1340525.694066	6.505935e-01	2	none	NaN	NaN
 130	19	84	23	bathroom	sun_aghyqhbptboemmoq.tif	1340526.463674	1340526.722270	1340527.537496	6.505935e-01	13	39	1340528.272225	1
 130	19	85	49	bathroom	sun_asfwthctfqerjvxr.tif	1340529.049578	1340529.308163	1340530.123440	6.756163e-01	39	none	NaN	NaN
 130	19	86	31	bathroom	sun_akiytfaagpdsphgz.tif	1340530.893060	1340531.151656	1340531.966904	7.923895e-01	21	none	NaN	NaN
 130	19	87	26	bathroom	sun_ahaulkltgpkeeemi.tif	1340532.736561	1340532.995151	1340533.810378	7.757076e-01	16	none	NaN	NaN
 130	19	88	59	bathroom	sun_axyrejkiiaqiurjk.tif	1340534.580054	1340534.838641	1340535.653930	8.090714e-01	49	none	NaN	NaN
 130	19	89	21	bathroom	sun_aggnnqpdorgxpvce.tif	1340536.423545	1340536.682132	1340537.497396	6.922982e-01	11	39	1340538.224099	0
 130	19	90	37	bathroom	sun_amzlamotzwfkwjco.tif	1340539.001103	1340539.259691	1340540.074979	6.839572e-01	27	37	1340541.056176	1
 130	19	91	25	bathroom	sun_agyqfjcfkdcydepw.tif	1340541.828900	1340542.087492	1340542.902609	8.257533e-01	15	none	NaN	NaN
 130	19	92	44	bathroom	sun_apkruvsevgegsdwp.tif	1340543.672397	1340543.930990	1340544.746161	6.922982e-01	34	37	1340545.576054	1
 130	19	93	13	bathroom	sun_aavhrsfjbserjtht.tif	1340546.350044	1340546.608633	1340547.423836	8.174123e-01	3	none	NaN	NaN
 130	19	94	14	bathroom	sun_abapwbhyhkfixyex.tif	1340548.193539	1340548.452130	1340549.267292	7.923895e-01	4	none	NaN	NaN
 130	19	95	15	bathroom	sun_abjtwfukuwddzted.tif	1340550.037032	1340550.295624	1340551.110875	6.672754e-01	5	none	NaN	NaN
 130	19	96	17	bathroom	sun_acegryoqftbzowsg.tif	1340551.880526	1340552.139110	1340552.954342	8.090714e-01	7	none	NaN	NaN
 130	19	97	39	bathroom	sun_anryaplzeujmzfkd.tif	1340553.724016	1340553.982611	1340554.797896	7.089801e-01	29	37	1340555.599960	0
 130	19	98	24	bathroom	sun_agrwbmhcpmfuwmsg.tif	1340556.376648	1340556.635241	1340557.450520	6.589344e-01	14	none	NaN	NaN
 130	19	99	52	bathroom	sun_aunuadmjocsddsrl.tif	1340558.220146	1340558.478734	1340559.293908	6.589344e-01	42	39	1340560.144222	1
 130	19	100	35	bathroom	sun_alotolagknyrgtsk.tif	1340560.914478	1340561.173070	1340561.988297	6.756163e-01	25	none	NaN	NaN
 130	20	1	65	kitchen	sun_aamedkxepzlwuxes.tif	1340569.956773	1340570.215361	1340571.022326	7.256620e-01	55	none	NaN	NaN
 130	20	2	76	kitchen	sun_acwjdupvyjsugpay.tif	1340571.791921	1340572.050515	1340572.857422	6.922982e-01	66	none	NaN	NaN
 130	20	3	94	kitchen	sun_ahywdevtimnqcsln.tif	1340573.627072	1340573.885663	1340574.692535	8.424351e-01	84	none	NaN	NaN
 130	20	4	77	kitchen	sun_acxkpeoqbwcxfvip.tif	1340575.462220	1340575.720813	1340576.527722	7.340029e-01	67	none	NaN	NaN
 130	20	5	110	kitchen	sun_azmutvzbxypaceni.tif	1340577.297380	1340577.555967	1340578.362858	6.839572e-01	100	none	NaN	NaN
 130	20	6	107	kitchen	sun_axyyrmzcupyhlivc.tif	1340579.132528	1340579.391116	1340580.197865	7.423438e-01	97	none	NaN	NaN
 130	20	7	84	kitchen	sun_aexklacwqwezaorf.tif	1340580.967679	1340581.226265	1340582.033102	7.673667e-01	74	37	1340582.888210	1
 130	20	8	70	kitchen	sun_abdxkyyxwfskuaqb.tif	1340583.662019	1340583.920606	1340584.727394	6.839572e-01	60	none	NaN	NaN
 130	20	9	79	kitchen	sun_admlmbcdswaszruo.tif	1340585.497167	1340585.755753	1340586.562528	8.257533e-01	69	none	NaN	NaN
 130	20	10	80	kitchen	sun_aegoxogugdkwpmpj.tif	1340587.323972	1340587.582566	1340588.389490	6.756163e-01	70	none	NaN	NaN
 130	20	11	105	kitchen	sun_avszsnwsbuqfgzbn.tif	1340589.159124	1340589.417714	1340590.224566	8.174123e-01	95	none	NaN	NaN
 130	20	12	99	kitchen	sun_akcjzhbbjlbogpdi.tif	1340590.994275	1340591.252873	1340592.059776	7.423438e-01	89	none	NaN	NaN
 130	20	13	93	kitchen	sun_ahspylgoovwmwvgk.tif	1340592.829429	1340593.088020	1340593.894800	6.922982e-01	83	none	NaN	NaN
 130	20	14	71	kitchen	sun_abftihopvusyfakt.tif	1340594.656242	1340594.914829	1340595.721686	6.756163e-01	61	39	1340596.368203	1
 130	20	15	100	kitchen	sun_amjjdeyrggfqgmom.tif	1340597.142035	1340597.400626	1340598.207523	7.757076e-01	90	none	NaN	NaN
 130	20	16	103	kitchen	sun_aunzlwrbjumxhwdj.tif	1340598.977193	1340599.235777	1340600.042704	7.256620e-01	93	37	1340600.720089	1
 130	20	17	97	kitchen	sun_ajkqhtgcbgpcwrwn.tif	1340601.496354	1340601.754944	1340602.561893	7.923895e-01	87	none	NaN	NaN
 130	20	18	67	kitchen	sun_aarfiyshqohlwkmo.tif	1340603.331500	1340603.590093	1340604.397016	7.506848e-01	57	37	1340605.024209	1
 130	20	19	104	kitchen	sun_auticobqsbwgoppi.tif	1340605.800618	1340606.059207	1340606.866112	7.923895e-01	94	none	NaN	NaN
 130	20	20	89	kitchen	sun_agzzivivdpnawacl.tif	1340607.635766	1340607.894354	1340608.701229	8.174123e-01	79	none	NaN	NaN
 130	20	21	96	kitchen	sun_ajcbwwvdlsvjyzje.tif	1340609.470913	1340609.729511	1340610.536259	6.505935e-01	86	none	NaN	NaN
 130	20	22	86	kitchen	sun_aggjlwcdjsjcaemh.tif	1340611.297731	1340611.556319	1340612.363131	6.839572e-01	76	none	NaN	NaN
 130	20	23	90	kitchen	sun_ahdycvpopffkzzsu.tif	1340613.132879	1340613.391473	1340614.198356	6.672754e-01	80	37	1340614.800324	1
 130	20	24	98	kitchen	sun_akchetnepxlcxhsu.tif	1340615.576966	1340615.835552	1340616.642309	6.589344e-01	88	none	NaN	NaN
 130	20	25	68	kitchen	sun_aaxxjlsuzvqlgylf.tif	1340617.403777	1340617.662367	1340618.469193	7.590257e-01	58	none	NaN	NaN
 130	20	26	102	kitchen	sun_auaiucuqpdausiva.tif	1340619.230586	1340619.489177	1340620.296019	7.173210e-01	92	none	NaN	NaN
 130	20	27	83	kitchen	sun_aeqdocilnnpuvuhx.tif	1340621.065734	1340621.324338	1340622.131262	6.505935e-01	73	none	NaN	NaN
 130	20	28	106	kitchen	sun_awcpdzzznmweyyhv.tif	1340622.900882	1340623.159469	1340623.966585	8.340942e-01	96	none	NaN	NaN
 130	20	29	61	kitchen	labelme_brsyyvweiuaazfr.tif	1340624.736042	1340624.994635	1340625.801591	6.589344e-01	51	39	1340626.551899	1
 130	20	30	108	kitchen	sun_aymvwlarqodbwuoc.tif	1340627.330277	1340627.588865	1340628.395705	7.673667e-01	98	none	NaN	NaN
 130	20	31	101	kitchen	sun_aqeaevwwwjoqhzvl.tif	1340629.165434	1340629.424017	1340630.230807	6.672754e-01	91	none	NaN	NaN
 130	20	32	87	kitchen	sun_agorklincwxrdtga.tif	1340631.000586	1340631.259173	1340632.066003	8.007304e-01	77	37	1340632.592184	1
 130	20	33	92	kitchen	sun_ahpczsiumwwocjkv.tif	1340633.369591	1340633.628189	1340634.434928	6.672754e-01	82	none	NaN	NaN
 130	20	34	69	kitchen	sun_abdenxonkemggwsq.tif	1340635.204750	1340635.463335	1340636.270128	6.589344e-01	59	none	NaN	NaN
 130	20	35	91	kitchen	sun_ahljzhgcdpomplvg.tif	1340637.039896	1340637.298488	1340638.105267	7.089801e-01	81	none	NaN	NaN
 130	20	36	66	kitchen	sun_aapllqyqlykszopd.tif	1340638.866712	1340639.125296	1340639.932252	8.090714e-01	56	none	NaN	NaN
 130	20	37	72	kitchen	sun_abpwyqmlzafvklqo.tif	1340640.701862	1340640.960451	1340641.767305	7.089801e-01	62	none	NaN	NaN
 130	20	38	78	kitchen	sun_adgqasybjyktddhj.tif	1340642.537011	1340642.795601	1340643.602450	6.922982e-01	68	none	NaN	NaN
 130	20	39	85	kitchen	sun_afuyedyxivkhecmu.tif	1340644.372163	1340644.630753	1340645.437697	8.174123e-01	75	none	NaN	NaN
 130	20	40	95	kitchen	sun_aixorpehvfykdynp.tif	1340646.207316	1340646.465903	1340647.272696	7.506848e-01	85	none	NaN	NaN
 130	20	41	75	kitchen	sun_acgtpgfybqjmzeyw.tif	1340648.042469	1340648.301056	1340649.107873	7.506848e-01	65	none	NaN	NaN
 130	20	42	73	kitchen	sun_abrcnpqqhmjwekyf.tif	1340649.877617	1340650.136207	1340650.942970	7.673667e-01	63	none	NaN	NaN
 130	20	43	64	kitchen	sun_aadbddgrdsjugojn.tif	1340651.704429	1340651.963017	1340652.769844	7.673667e-01	54	none	NaN	NaN
 130	20	44	109	kitchen	sun_aypmqwcualkenuoe.tif	1340653.539576	1340653.798170	1340654.605069	8.007304e-01	99	none	NaN	NaN
 130	20	45	88	kitchen	sun_agubuxuukhzyzpdp.tif	1340655.374726	1340655.633322	1340656.440202	8.090714e-01	78	none	NaN	NaN
 130	20	46	74	kitchen	sun_acfmftudsenhrfhy.tif	1340657.209883	1340657.468476	1340658.275372	8.424351e-01	64	none	NaN	NaN
 130	20	47	81	kitchen	sun_aehawpgmrlhlvcow.tif	1340659.045032	1340659.303619	1340660.110558	7.840485e-01	71	none	NaN	NaN
 130	20	48	63	kitchen	labelme_rykdqxenmhulbdn.tif	1340660.880186	1340661.138773	1340661.945618	7.006391e-01	53	none	NaN	NaN
 130	20	49	62	kitchen	labelme_kxvouciolcpqplr.tif	1340662.715338	1340662.973925	1340663.780887	7.757076e-01	52	none	NaN	NaN
 130	20	50	82	kitchen	sun_aenotlpyftoioydp.tif	1340664.550488	1340664.809079	1340665.615925	8.507761e-01	72	none	NaN	NaN
 130	20	51	103	kitchen	sun_aunzlwrbjumxhwdj.tif	1340666.385639	1340666.644229	1340667.451050	7.256620e-01	93	none	NaN	NaN
 130	20	52	72	kitchen	sun_abpwyqmlzafvklqo.tif	1340668.220783	1340668.479383	1340669.286128	8.007304e-01	62	none	NaN	NaN
 130	20	53	91	kitchen	sun_ahljzhgcdpomplvg.tif	1340670.047600	1340670.306186	1340671.113069	7.840485e-01	81	none	NaN	NaN
 130	20	54	80	kitchen	sun_aegoxogugdkwpmpj.tif	1340671.882754	1340672.141340	1340672.948170	8.257533e-01	70	none	NaN	NaN
 130	20	55	99	kitchen	sun_akcjzhbbjlbogpdi.tif	1340673.717903	1340673.976493	1340674.783386	6.672754e-01	89	39	1340675.383900	1
 130	20	56	100	kitchen	sun_amjjdeyrggfqgmom.tif	1340676.161989	1340676.420573	1340677.227501	7.757076e-01	90	none	NaN	NaN
 130	20	57	104	kitchen	sun_auticobqsbwgoppi.tif	1340677.997142	1340678.255732	1340679.062557	7.590257e-01	94	none	NaN	NaN
 130	20	58	96	kitchen	sun_ajcbwwvdlsvjyzje.tif	1340679.832295	1340680.090883	1340680.897648	7.590257e-01	86	none	NaN	NaN
 130	20	59	94	kitchen	sun_ahywdevtimnqcsln.tif	1340681.659108	1340681.917694	1340682.724628	8.007304e-01	84	39	1340683.327881	1
 130	20	60	89	kitchen	sun_agzzivivdpnawacl.tif	1340684.103192	1340684.361782	1340685.168534	7.089801e-01	79	39	1340685.840085	0
 130	20	61	98	kitchen	sun_akchetnepxlcxhsu.tif	1340686.614015	1340686.872598	1340687.679433	8.257533e-01	88	none	NaN	NaN
 130	20	62	78	kitchen	sun_adgqasybjyktddhj.tif	1340688.449157	1340688.707757	1340689.514671	6.756163e-01	68	none	NaN	NaN
 130	20	63	93	kitchen	sun_ahspylgoovwmwvgk.tif	1340690.284314	1340690.542906	1340691.349724	7.089801e-01	83	none	NaN	NaN
 130	20	64	95	kitchen	sun_aixorpehvfykdynp.tif	1340692.119471	1340692.378059	1340693.184970	8.257533e-01	85	none	NaN	NaN
 130	20	65	85	kitchen	sun_afuyedyxivkhecmu.tif	1340693.954622	1340694.213203	1340695.020144	6.922982e-01	75	none	NaN	NaN
 130	20	66	77	kitchen	sun_acxkpeoqbwcxfvip.tif	1340695.789766	1340696.048364	1340696.855205	7.173210e-01	67	none	NaN	NaN
 130	20	67	62	kitchen	labelme_kxvouciolcpqplr.tif	1340697.624924	1340697.883512	1340698.690465	8.257533e-01	52	39	1340699.240208	1
 130	20	68	110	kitchen	sun_azmutvzbxypaceni.tif	1340700.010618	1340700.269209	1340701.076078	7.590257e-01	100	none	NaN	NaN
 130	20	69	69	kitchen	sun_abdenxonkemggwsq.tif	1340701.845772	1340702.104364	1340702.911192	7.340029e-01	59	none	NaN	NaN
 130	20	70	76	kitchen	sun_acwjdupvyjsugpay.tif	1340703.680924	1340703.939517	1340704.746389	7.423438e-01	66	none	NaN	NaN
 130	20	71	71	kitchen	sun_abftihopvusyfakt.tif	1340705.516077	1340705.774664	1340706.581507	7.506848e-01	61	none	NaN	NaN
 130	20	72	70	kitchen	sun_abdxkyyxwfskuaqb.tif	1340707.351225	1340707.609817	1340708.416614	7.006391e-01	60	37	1340709.296115	1
 130	20	73	106	kitchen	sun_awcpdzzznmweyyhv.tif	1340710.070587	1340710.329175	1340711.136021	8.090714e-01	96	none	NaN	NaN
 130	20	74	87	kitchen	sun_agorklincwxrdtga.tif	1340711.905738	1340712.164330	1340712.971098	7.923895e-01	77	none	NaN	NaN
 130	20	75	79	kitchen	sun_admlmbcdswaszruo.tif	1340713.732550	1340713.991135	1340714.798095	7.340029e-01	69	none	NaN	NaN
 130	20	76	108	kitchen	sun_aymvwlarqodbwuoc.tif	1340715.567702	1340715.826291	1340716.633075	8.340942e-01	98	none	NaN	NaN
 130	20	77	66	kitchen	sun_aapllqyqlykszopd.tif	1340717.402852	1340717.661441	1340718.468401	7.173210e-01	56	none	NaN	NaN
 130	20	78	90	kitchen	sun_ahdycvpopffkzzsu.tif	1340719.238000	1340719.496591	1340720.303379	8.424351e-01	80	none	NaN	NaN
 130	20	79	74	kitchen	sun_acfmftudsenhrfhy.tif	1340721.064814	1340721.323401	1340722.130199	6.839572e-01	64	none	NaN	NaN
 130	20	80	81	kitchen	sun_aehawpgmrlhlvcow.tif	1340722.899964	1340723.158552	1340723.965445	6.505935e-01	71	none	NaN	NaN
 130	20	81	68	kitchen	sun_aaxxjlsuzvqlgylf.tif	1340724.735113	1340724.993704	1340725.800529	8.424351e-01	58	none	NaN	NaN
 130	20	82	88	kitchen	sun_agubuxuukhzyzpdp.tif	1340726.561924	1340726.820519	1340727.627390	6.589344e-01	78	none	NaN	NaN
 130	20	83	67	kitchen	sun_aarfiyshqohlwkmo.tif	1340728.397077	1340728.655671	1340729.462414	7.256620e-01	57	none	NaN	NaN
 130	20	84	92	kitchen	sun_ahpczsiumwwocjkv.tif	1340730.223888	1340730.482436	1340731.289340	7.840485e-01	82	none	NaN	NaN
 130	20	85	86	kitchen	sun_aggjlwcdjsjcaemh.tif	1340732.050696	1340732.309285	1340733.116177	7.423438e-01	76	none	NaN	NaN
 130	20	86	73	kitchen	sun_abrcnpqqhmjwekyf.tif	1340733.885849	1340734.144437	1340734.951352	7.757076e-01	63	39	1340736.240182	1
 130	20	87	61	kitchen	labelme_brsyyvweiuaazfr.tif	1340737.013948	1340737.272540	1340738.079348	8.340942e-01	51	none	NaN	NaN
 130	20	88	101	kitchen	sun_aqeaevwwwjoqhzvl.tif	1340738.849100	1340739.107687	1340739.914546	7.006391e-01	91	none	NaN	NaN
 130	20	89	109	kitchen	sun_aypmqwcualkenuoe.tif	1340740.684249	1340740.942789	1340741.749623	8.340942e-01	99	none	NaN	NaN
 130	20	90	75	kitchen	sun_acgtpgfybqjmzeyw.tif	1340742.511063	1340742.769651	1340743.576527	7.173210e-01	65	39	1340744.256205	1
 130	20	91	63	kitchen	labelme_rykdqxenmhulbdn.tif	1340745.030229	1340745.288812	1340746.095660	8.090714e-01	53	none	NaN	NaN
 130	20	92	65	kitchen	sun_aamedkxepzlwuxes.tif	1340746.865372	1340747.123966	1340747.930856	7.923895e-01	55	none	NaN	NaN
 130	20	93	64	kitchen	sun_aadbddgrdsjugojn.tif	1340748.700520	1340748.959115	1340749.766008	7.840485e-01	54	none	NaN	NaN
 130	20	94	102	kitchen	sun_auaiucuqpdausiva.tif	1340750.535675	1340750.794264	1340751.601136	6.756163e-01	92	none	NaN	NaN
 130	20	95	84	kitchen	sun_aexklacwqwezaorf.tif	1340752.370829	1340752.629416	1340753.436303	7.590257e-01	74	none	NaN	NaN
 130	20	96	105	kitchen	sun_avszsnwsbuqfgzbn.tif	1340754.205980	1340754.464570	1340755.271349	8.507761e-01	95	none	NaN	NaN
 130	20	97	83	kitchen	sun_aeqdocilnnpuvuhx.tif	1340756.041132	1340756.299722	1340757.106623	7.006391e-01	73	none	NaN	NaN
 130	20	98	97	kitchen	sun_ajkqhtgcbgpcwrwn.tif	1340757.876280	1340758.134869	1340758.941781	8.174123e-01	87	none	NaN	NaN
 130	20	99	107	kitchen	sun_axyyrmzcupyhlivc.tif	1340759.711434	1340759.970027	1340760.776882	7.340029e-01	97	none	NaN	NaN
 130	20	100	82	kitchen	sun_aenotlpyftoioydp.tif	1340761.546588	1340761.805173	1340762.611977	6.922982e-01	72	37	1340764.471877	1
