subject	block	trial	texture	category	image	trialOnset	itiOnset	trialEnd	iti	EEGtrigger	responseKey	responseTime	accuracy
129	1	1	13	bathroom	sun_aavhrsfjbserjtht.tif	1843570.830099	1843571.088691	1843571.828932	7.507265e-01	3	none	NaN	NaN
129	1	2	49	bathroom	sun_asfwthctfqerjvxr.tif	1843572.598517	1843572.857109	1843573.597341	8.424820e-01	39	none	NaN	NaN
129	1	3	25	bathroom	sun_agyqfjcfkdcydepw.tif	1843574.366940	1843574.625524	1843575.365791	6.589711e-01	15	39	1843576.277430	1
129	1	4	38	bathroom	sun_anhioqovhscjqqwb.tif	1843577.052929	1843577.311522	1843578.051649	7.840922e-01	28	none	NaN	NaN
129	1	5	37	bathroom	sun_amzlamotzwfkwjco.tif	1843578.821347	1843579.079938	1843579.820119	7.173609e-01	27	none	NaN	NaN
129	1	6	16	bathroom	sun_acduarbnmmoglmiv.tif	1843580.589765	1843580.848355	1843581.588469	6.923367e-01	6	none	NaN	NaN
129	1	7	41	bathroom	sun_aoybiabnpadelefl.tif	1843582.358186	1843582.616776	1843583.356906	6.923367e-01	31	39	1843584.125392	1
129	1	8	55	bathroom	sun_avhrdrntsqrjzccq.tif	1843584.902370	1843585.160965	1843585.901168	6.923367e-01	45	none	NaN	NaN
129	1	9	60	bathroom	sun_azqyogdvyhahyram.tif	1843586.670794	1843586.929384	1843587.669511	7.423851e-01	50	37	1843588.509244	1
129	1	10	29	bathroom	sun_ahqjwnzgolcaoidx.tif	1843589.281709	1843589.540303	1843590.280497	7.340437e-01	19	none	NaN	NaN
129	1	11	15	bathroom	sun_abjtwfukuwddzted.tif	1843591.050128	1843591.308716	1843592.048966	8.341406e-01	5	37	1843592.933312	1
129	1	12	39	bathroom	sun_anryaplzeujmzfkd.tif	1843593.711100	1843593.969686	1843594.709748	6.756539e-01	29	none	NaN	NaN
129	1	13	17	bathroom	sun_acegryoqftbzowsg.tif	1843595.479519	1843595.738105	1843596.478312	8.091164e-01	7	none	NaN	NaN
129	1	14	30	bathroom	sun_ajlawzvmubibwbpy.tif	1843597.247936	1843597.506525	1843598.246705	8.174578e-01	20	none	NaN	NaN
129	1	15	23	bathroom	sun_aghyqhbptboemmoq.tif	1843599.016353	1843599.274941	1843600.015029	7.840922e-01	13	none	NaN	NaN
129	1	16	53	bathroom	sun_ausgutylgojavyoq.tif	1843600.784776	1843601.043366	1843601.783496	7.507265e-01	43	none	NaN	NaN
129	1	17	59	bathroom	sun_axyrejkiiaqiurjk.tif	1843602.553195	1843602.811782	1843603.551899	7.423851e-01	49	none	NaN	NaN
129	1	18	58	bathroom	sun_axxbkopsgyouuebh.tif	1843604.321609	1843604.580199	1843605.320339	7.340437e-01	48	none	NaN	NaN
129	1	19	14	bathroom	sun_abapwbhyhkfixyex.tif	1843606.090030	1843606.348617	1843607.088873	7.090195e-01	4	none	NaN	NaN
129	1	20	33	bathroom	sun_aljolscmmzydegqp.tif	1843607.858446	1843608.117033	1843608.857116	6.923367e-01	23	none	NaN	NaN
129	1	21	46	bathroom	sun_apmqjbnwghzuhhzh.tif	1843609.626863	1843609.885458	1843610.625567	7.340437e-01	36	39	1843612.005332	1
129	1	22	18	bathroom	sun_acgyywnybuveqsro.tif	1843612.779991	1843613.038578	1843613.778700	6.756539e-01	8	none	NaN	NaN
129	1	23	19	bathroom	sun_aclfzgynxzxlbepz.tif	1843614.548407	1843614.806999	1843615.547253	7.757508e-01	9	none	NaN	NaN
129	1	24	11	bathroom	labelme_sfxiulhjbhlyiyt.tif	1843616.316824	1843616.575418	1843617.315489	6.673125e-01	1	39	1843618.141443	1
129	1	25	27	bathroom	sun_ahcvzmoyaycdoftf.tif	1843618.919403	1843619.177994	1843619.918171	8.257992e-01	17	none	NaN	NaN
129	1	26	21	bathroom	sun_aggnnqpdorgxpvce.tif	1843620.687822	1843620.946408	1843621.686572	7.590679e-01	11	none	NaN	NaN
129	1	27	42	bathroom	sun_apeeialkgkuxddgh.tif	1843622.456238	1843622.714829	1843623.455062	7.590679e-01	32	none	NaN	NaN
129	1	28	56	bathroom	sun_awnqiikzaispgmwo.tif	1843624.224658	1843624.483250	1843625.223328	8.174578e-01	46	none	NaN	NaN
129	1	29	44	bathroom	sun_apkruvsevgegsdwp.tif	1843625.993076	1843626.251664	1843626.991807	7.423851e-01	34	none	NaN	NaN
129	1	30	20	bathroom	sun_afcoljnjfoxjtgja.tif	1843627.761497	1843628.020088	1843628.760308	7.173609e-01	10	none	NaN	NaN
129	1	31	28	bathroom	sun_ahijqszoswveeyji.tif	1843629.529912	1843629.788505	1843630.528693	8.424820e-01	18	none	NaN	NaN
129	1	32	26	bathroom	sun_ahaulkltgpkeeemi.tif	1843631.298333	1843631.556918	1843632.297116	7.674094e-01	16	none	NaN	NaN
129	1	33	22	bathroom	sun_agguqiubmwhqqunb.tif	1843633.066749	1843633.325337	1843634.065593	6.923367e-01	12	none	NaN	NaN
129	1	34	47	bathroom	sun_apynckhmoftszqoq.tif	1843634.835170	1843635.093758	1843635.834003	7.590679e-01	37	none	NaN	NaN
129	1	35	45	bathroom	sun_apkxzenqapsujocq.tif	1843636.603587	1843636.862175	1843637.602438	8.174578e-01	35	none	NaN	NaN
129	1	36	34	bathroom	sun_alkosphxlxwjwgjd.tif	1843638.372006	1843638.630593	1843639.370858	8.341406e-01	24	none	NaN	NaN
129	1	37	12	bathroom	sun_aapitsgbtktqubfy.tif	1843640.140423	1843640.399009	1843641.139139	8.091164e-01	2	none	NaN	NaN
129	1	38	52	bathroom	sun_aunuadmjocsddsrl.tif	1843641.908839	1843642.167434	1843642.907572	7.090195e-01	42	none	NaN	NaN
129	1	39	50	bathroom	sun_aspsyogrekjtfozg.tif	1843643.677257	1843643.935849	1843644.676019	7.924336e-01	40	none	NaN	NaN
129	1	40	54	bathroom	sun_auzqhkafidnkrwmo.tif	1843645.445681	1843645.704270	1843646.444394	6.506297e-01	44	none	NaN	NaN
129	1	41	31	bathroom	sun_akiytfaagpdsphgz.tif	1843647.214099	1843647.472684	1843648.212842	6.589711e-01	21	39	1843649.013356	1
129	1	42	48	bathroom	sun_aqrpegblszgcoujh.tif	1843649.791652	1843650.050239	1843650.790402	8.091164e-01	38	none	NaN	NaN
129	1	43	35	bathroom	sun_alotolagknyrgtsk.tif	1843651.560068	1843651.818657	1843652.558875	8.007750e-01	25	none	NaN	NaN
129	1	44	24	bathroom	sun_agrwbmhcpmfuwmsg.tif	1843653.328484	1843653.587077	1843654.327152	7.257023e-01	14	none	NaN	NaN
129	1	45	40	bathroom	sun_aofnryafpsjimzsb.tif	1843655.096906	1843655.355498	1843656.095932	7.840922e-01	30	none	NaN	NaN
129	1	46	36	bathroom	sun_ambriybtogmepttm.tif	1843656.865325	1843657.123911	1843657.864073	7.757508e-01	26	none	NaN	NaN
129	1	47	57	bathroom	sun_axldvoqbuvuggfmq.tif	1843658.633743	1843658.892331	1843659.632418	8.257992e-01	47	none	NaN	NaN
129	1	48	43	bathroom	sun_apjevzvycyhuqghb.tif	1843660.402159	1843660.660747	1843661.400871	6.506297e-01	33	none	NaN	NaN
129	1	49	32	bathroom	sun_aleqenyvunhactkl.tif	1843662.170574	1843662.429172	1843663.169427	7.006781e-01	22	none	NaN	NaN
129	1	50	51	bathroom	sun_atstyziqcmkahyxk.tif	1843663.938993	1843664.197588	1843664.937755	8.007750e-01	41	none	NaN	NaN
129	1	51	59	bathroom	sun_axyrejkiiaqiurjk.tif	1843665.707416	1843665.966006	1843666.706194	7.006781e-01	49	none	NaN	NaN
129	1	52	11	bathroom	labelme_sfxiulhjbhlyiyt.tif	1843667.475835	1843667.734423	1843668.474644	7.340437e-01	1	none	NaN	NaN
129	1	53	25	bathroom	sun_agyqfjcfkdcydepw.tif	1843669.244247	1843669.502843	1843670.243070	7.507265e-01	15	none	NaN	NaN
129	1	54	16	bathroom	sun_acduarbnmmoglmiv.tif	1843671.012668	1843671.271261	1843672.011321	7.173609e-01	6	none	NaN	NaN
129	1	55	21	bathroom	sun_aggnnqpdorgxpvce.tif	1843672.781087	1843673.039676	1843673.779757	7.590679e-01	11	none	NaN	NaN
129	1	56	51	bathroom	sun_atstyziqcmkahyxk.tif	1843674.549507	1843674.808098	1843675.548233	7.924336e-01	41	none	NaN	NaN
129	1	57	32	bathroom	sun_aleqenyvunhactkl.tif	1843676.317922	1843676.576513	1843677.316672	7.924336e-01	22	none	NaN	NaN
129	1	58	33	bathroom	sun_aljolscmmzydegqp.tif	1843678.086339	1843678.344937	1843679.085189	7.674094e-01	23	none	NaN	NaN
129	1	59	18	bathroom	sun_acgyywnybuveqsro.tif	1843679.854763	1843680.113353	1843680.853589	7.090195e-01	8	none	NaN	NaN
129	1	60	36	bathroom	sun_ambriybtogmepttm.tif	1843681.623179	1843681.881771	1843682.621825	7.840922e-01	26	none	NaN	NaN
129	1	61	13	bathroom	sun_aavhrsfjbserjtht.tif	1843683.383256	1843683.641844	1843684.381948	8.508234e-01	3	none	NaN	NaN
129	1	62	56	bathroom	sun_awnqiikzaispgmwo.tif	1843685.151672	1843685.410304	1843686.150450	7.757508e-01	46	39	1843687.213428	1
129	1	63	14	bathroom	sun_abapwbhyhkfixyex.tif	1843687.987814	1843688.246408	1843688.986465	6.589711e-01	4	none	NaN	NaN
129	1	64	45	bathroom	sun_apkxzenqapsujocq.tif	1843689.756237	1843690.014821	1843690.755075	8.091164e-01	35	none	NaN	NaN
129	1	65	38	bathroom	sun_anhioqovhscjqqwb.tif	1843691.524655	1843691.783245	1843692.523332	8.257992e-01	28	39	1843693.357212	0
129	1	66	44	bathroom	sun_apkruvsevgegsdwp.tif	1843694.135572	1843694.394159	1843695.134341	8.007750e-01	34	37	1843695.813345	1
129	1	67	35	bathroom	sun_alotolagknyrgtsk.tif	1843696.588004	1843696.846586	1843697.586832	6.673125e-01	25	none	NaN	NaN
129	1	68	55	bathroom	sun_avhrdrntsqrjzccq.tif	1843698.356422	1843698.615010	1843699.355178	6.756539e-01	45	39	1843700.101276	1
129	1	69	22	bathroom	sun_agguqiubmwhqqunb.tif	1843700.875583	1843701.134169	1843701.874383	6.839953e-01	12	none	NaN	NaN
129	1	70	24	bathroom	sun_agrwbmhcpmfuwmsg.tif	1843702.644000	1843702.902587	1843703.642838	7.423851e-01	14	none	NaN	NaN
129	1	71	47	bathroom	sun_apynckhmoftszqoq.tif	1843704.412422	1843704.671012	1843705.411138	8.341406e-01	37	none	NaN	NaN
129	1	72	53	bathroom	sun_ausgutylgojavyoq.tif	1843706.180842	1843706.439445	1843707.179535	7.590679e-01	43	none	NaN	NaN
129	1	73	15	bathroom	sun_abjtwfukuwddzted.tif	1843707.949256	1843708.207852	1843708.948031	8.007750e-01	5	none	NaN	NaN
129	1	74	28	bathroom	sun_ahijqszoswveeyji.tif	1843709.717672	1843709.976265	1843710.716510	7.257023e-01	18	none	NaN	NaN
129	1	75	26	bathroom	sun_ahaulkltgpkeeemi.tif	1843711.486095	1843711.744682	1843712.484758	8.174578e-01	16	37	1843713.277178	1
129	1	76	58	bathroom	sun_axxbkopsgyouuebh.tif	1843714.055304	1843714.313890	1843715.054036	6.839953e-01	48	none	NaN	NaN
129	1	77	17	bathroom	sun_acegryoqftbzowsg.tif	1843715.823723	1843716.082312	1843716.822589	6.839953e-01	7	37	1843717.725356	1
129	1	78	54	bathroom	sun_auzqhkafidnkrwmo.tif	1843718.501375	1843718.759963	1843719.500069	8.341406e-01	44	none	NaN	NaN
129	1	79	30	bathroom	sun_ajlawzvmubibwbpy.tif	1843720.269797	1843720.528386	1843721.268532	7.173609e-01	20	none	NaN	NaN
129	1	80	19	bathroom	sun_aclfzgynxzxlbepz.tif	1843722.038210	1843722.296801	1843723.036865	8.257992e-01	9	none	NaN	NaN
129	1	81	60	bathroom	sun_azqyogdvyhahyram.tif	1843723.806631	1843724.065220	1843724.805400	7.257023e-01	50	none	NaN	NaN
129	1	82	50	bathroom	sun_aspsyogrekjtfozg.tif	1843725.575049	1843725.833635	1843726.573709	7.757508e-01	40	none	NaN	NaN
129	1	83	42	bathroom	sun_apeeialkgkuxddgh.tif	1843727.343466	1843727.602054	1843728.342214	7.006781e-01	32	none	NaN	NaN
129	1	84	49	bathroom	sun_asfwthctfqerjvxr.tif	1843729.111882	1843729.370468	1843730.110620	7.674094e-01	39	none	NaN	NaN
129	1	85	27	bathroom	sun_ahcvzmoyaycdoftf.tif	1843730.880304	1843731.138889	1843731.879032	7.006781e-01	17	none	NaN	NaN
129	1	86	12	bathroom	sun_aapitsgbtktqubfy.tif	1843732.640378	1843732.898970	1843733.639193	7.257023e-01	2	none	NaN	NaN
129	1	87	23	bathroom	sun_aghyqhbptboemmoq.tif	1843734.408796	1843734.667385	1843735.407452	6.506297e-01	13	39	1843736.605240	1
129	1	88	20	bathroom	sun_afcoljnjfoxjtgja.tif	1843737.378399	1843737.636989	1843738.377257	8.424820e-01	10	none	NaN	NaN
129	1	89	40	bathroom	sun_aofnryafpsjimzsb.tif	1843739.146821	1843739.405412	1843740.145549	6.589711e-01	30	none	NaN	NaN
129	1	90	39	bathroom	sun_anryaplzeujmzfkd.tif	1843740.915244	1843741.173831	1843741.913916	6.839953e-01	29	none	NaN	NaN
129	1	91	43	bathroom	sun_apjevzvycyhuqghb.tif	1843742.675322	1843742.933907	1843743.674148	8.257992e-01	33	none	NaN	NaN
129	1	92	34	bathroom	sun_alkosphxlxwjwgjd.tif	1843744.443738	1843744.702324	1843745.442463	6.673125e-01	24	none	NaN	NaN
129	1	93	41	bathroom	sun_aoybiabnpadelefl.tif	1843746.212151	1843746.470742	1843747.210849	8.424820e-01	31	none	NaN	NaN
129	1	94	46	bathroom	sun_apmqjbnwghzuhhzh.tif	1843747.980576	1843748.239164	1843748.979296	6.756539e-01	36	none	NaN	NaN
129	1	95	57	bathroom	sun_axldvoqbuvuggfmq.tif	1843749.748989	1843750.007581	1843750.747744	8.508234e-01	47	none	NaN	NaN
129	1	96	31	bathroom	sun_akiytfaagpdsphgz.tif	1843751.517409	1843751.775999	1843752.516187	7.507265e-01	21	37	1843753.397387	1
129	1	97	37	bathroom	sun_amzlamotzwfkwjco.tif	1843754.170036	1843754.428626	1843755.168850	7.090195e-01	27	none	NaN	NaN
129	1	98	29	bathroom	sun_ahqjwnzgolcaoidx.tif	1843755.938456	1843756.197042	1843756.937179	7.674094e-01	19	none	NaN	NaN
129	1	99	52	bathroom	sun_aunuadmjocsddsrl.tif	1843757.706872	1843757.965463	1843758.705732	7.924336e-01	42	none	NaN	NaN
129	1	100	48	bathroom	sun_aqrpegblszgcoujh.tif	1843759.475295	1843759.733880	1843760.474102	6.673125e-01	38	none	NaN	NaN
129	2	1	62	kitchen	labelme_kxvouciolcpqplr.tif	1843766.498912	1843766.757502	1843767.447591	8.257992e-01	52	none	NaN	NaN
129	2	2	82	kitchen	sun_aenotlpyftoioydp.tif	1843768.217279	1843768.475875	1843769.165886	7.006781e-01	72	none	NaN	NaN
129	2	3	80	kitchen	sun_aegoxogugdkwpmpj.tif	1843769.935653	1843770.194243	1843770.884272	8.257992e-01	70	none	NaN	NaN
129	2	4	84	kitchen	sun_aexklacwqwezaorf.tif	1843771.654019	1843771.912611	1843772.602704	7.507265e-01	74	none	NaN	NaN
129	2	5	88	kitchen	sun_agubuxuukhzyzpdp.tif	1843773.372389	1843773.630977	1843774.321095	7.423851e-01	78	none	NaN	NaN
129	2	6	85	kitchen	sun_afuyedyxivkhecmu.tif	1843775.090758	1843775.349350	1843776.039483	7.924336e-01	75	37	1843776.789166	1
129	2	7	73	kitchen	sun_abrcnpqqhmjwekyf.tif	1843777.559869	1843777.818459	1843778.508470	7.590679e-01	63	none	NaN	NaN
129	2	8	99	kitchen	sun_akcjzhbbjlbogpdi.tif	1843779.269902	1843779.528490	1843780.218674	7.257023e-01	89	none	NaN	NaN
129	2	9	75	kitchen	sun_acgtpgfybqjmzeyw.tif	1843780.988264	1843781.246851	1843781.936968	7.590679e-01	65	none	NaN	NaN
129	2	10	92	kitchen	sun_ahpczsiumwwocjkv.tif	1843782.706635	1843782.965224	1843783.655388	7.590679e-01	82	none	NaN	NaN
129	2	11	67	kitchen	sun_aarfiyshqohlwkmo.tif	1843784.425000	1843784.683593	1843785.373619	7.507265e-01	57	37	1843786.077203	1
129	2	12	89	kitchen	sun_agzzivivdpnawacl.tif	1843786.852407	1843787.110993	1843787.801079	7.090195e-01	79	none	NaN	NaN
129	2	13	87	kitchen	sun_agorklincwxrdtga.tif	1843788.570776	1843788.829369	1843789.519571	8.341406e-01	77	none	NaN	NaN
129	2	14	70	kitchen	sun_abdxkyyxwfskuaqb.tif	1843790.289146	1843790.547734	1843791.237868	7.006781e-01	60	none	NaN	NaN
129	2	15	69	kitchen	sun_abdenxonkemggwsq.tif	1843792.007517	1843792.266101	1843792.956335	6.506297e-01	59	none	NaN	NaN
129	2	16	66	kitchen	sun_aapllqyqlykszopd.tif	1843793.725880	1843793.984452	1843794.674531	7.340437e-01	56	37	1843795.853379	0
129	2	17	104	kitchen	sun_auticobqsbwgoppi.tif	1843796.628759	1843796.887345	1843797.577448	8.007750e-01	94	none	NaN	NaN
129	2	18	90	kitchen	sun_ahdycvpopffkzzsu.tif	1843798.347123	1843798.605712	1843799.295810	6.839953e-01	80	none	NaN	NaN
129	2	19	96	kitchen	sun_ajcbwwvdlsvjyzje.tif	1843800.065493	1843800.324086	1843801.014256	6.923367e-01	86	none	NaN	NaN
129	2	20	65	kitchen	sun_aamedkxepzlwuxes.tif	1843801.783864	1843802.042455	1843802.732633	7.090195e-01	55	none	NaN	NaN
129	2	21	106	kitchen	sun_awcpdzzznmweyyhv.tif	1843803.502231	1843803.760820	1843804.450969	7.674094e-01	96	none	NaN	NaN
129	2	22	83	kitchen	sun_aeqdocilnnpuvuhx.tif	1843805.220600	1843805.479191	1843806.169256	8.424820e-01	73	none	NaN	NaN
129	2	23	64	kitchen	sun_aadbddgrdsjugojn.tif	1843806.938968	1843807.197558	1843807.887565	7.840922e-01	54	none	NaN	NaN
129	2	24	61	kitchen	labelme_brsyyvweiuaazfr.tif	1843808.657357	1843808.915927	1843809.605997	7.173609e-01	51	none	NaN	NaN
129	2	25	107	kitchen	sun_axyyrmzcupyhlivc.tif	1843810.375710	1843810.634296	1843811.324435	7.340437e-01	97	none	NaN	NaN
129	2	26	91	kitchen	sun_ahljzhgcdpomplvg.tif	1843812.094076	1843812.352663	1843813.042754	6.589711e-01	81	none	NaN	NaN
129	2	27	94	kitchen	sun_ahywdevtimnqcsln.tif	1843813.812446	1843814.071034	1843814.761243	7.507265e-01	84	none	NaN	NaN
129	2	28	78	kitchen	sun_adgqasybjyktddhj.tif	1843815.530810	1843815.789400	1843816.479537	7.257023e-01	68	none	NaN	NaN
129	2	29	102	kitchen	sun_auaiucuqpdausiva.tif	1843817.249179	1843817.507770	1843818.197953	6.923367e-01	92	none	NaN	NaN
129	2	30	95	kitchen	sun_aixorpehvfykdynp.tif	1843818.967550	1843819.226137	1843819.916359	6.673125e-01	85	none	NaN	NaN
129	2	31	81	kitchen	sun_aehawpgmrlhlvcow.tif	1843820.685916	1843820.944508	1843821.634692	7.006781e-01	71	39	1843822.309276	1
129	2	32	74	kitchen	sun_acfmftudsenhrfhy.tif	1843823.079953	1843823.338543	1843824.028629	8.341406e-01	64	37	1843824.741254	1
129	2	33	72	kitchen	sun_abpwyqmlzafvklqo.tif	1843825.515702	1843825.774294	1843826.464506	7.090195e-01	62	none	NaN	NaN
129	2	34	109	kitchen	sun_aypmqwcualkenuoe.tif	1843827.234070	1843827.492658	1843828.182667	7.173609e-01	99	37	1843828.781365	1
129	2	35	63	kitchen	labelme_rykdqxenmhulbdn.tif	1843829.553032	1843829.811620	1843830.501652	7.757508e-01	53	none	NaN	NaN
129	2	36	105	kitchen	sun_avszsnwsbuqfgzbn.tif	1843831.271402	1843831.529993	1843832.220217	7.090195e-01	95	none	NaN	NaN
129	2	37	98	kitchen	sun_akchetnepxlcxhsu.tif	1843832.989771	1843833.248360	1843833.938368	8.091164e-01	88	none	NaN	NaN
129	2	38	86	kitchen	sun_aggjlwcdjsjcaemh.tif	1843834.699799	1843834.958387	1843835.648610	6.673125e-01	76	none	NaN	NaN
129	2	39	68	kitchen	sun_aaxxjlsuzvqlgylf.tif	1843836.418169	1843836.676782	1843837.366855	7.590679e-01	58	none	NaN	NaN
129	2	40	71	kitchen	sun_abftihopvusyfakt.tif	1843838.136539	1843838.395125	1843839.085266	8.424820e-01	61	none	NaN	NaN
129	2	41	93	kitchen	sun_ahspylgoovwmwvgk.tif	1843839.854902	1843840.113496	1843840.803567	7.674094e-01	83	39	1843841.693375	1
129	2	42	100	kitchen	sun_amjjdeyrggfqgmom.tif	1843842.465826	1843842.724416	1843843.414443	8.174578e-01	90	none	NaN	NaN
129	2	43	108	kitchen	sun_aymvwlarqodbwuoc.tif	1843844.184192	1843844.442788	1843845.132829	6.756539e-01	98	none	NaN	NaN
129	2	44	76	kitchen	sun_acwjdupvyjsugpay.tif	1843845.902560	1843846.161152	1843846.851310	7.840922e-01	66	none	NaN	NaN
129	2	45	97	kitchen	sun_ajkqhtgcbgpcwrwn.tif	1843847.620931	1843847.879519	1843848.569612	7.757508e-01	87	none	NaN	NaN
129	2	46	79	kitchen	sun_admlmbcdswaszruo.tif	1843849.339298	1843849.597888	1843850.288106	8.257992e-01	69	none	NaN	NaN
129	2	47	77	kitchen	sun_acxkpeoqbwcxfvip.tif	1843851.057664	1843851.316259	1843852.006468	7.924336e-01	67	none	NaN	NaN
129	2	48	103	kitchen	sun_aunzlwrbjumxhwdj.tif	1843852.776037	1843853.034628	1843853.724731	7.840922e-01	93	none	NaN	NaN
129	2	49	110	kitchen	sun_azmutvzbxypaceni.tif	1843854.494423	1843854.752991	1843855.443224	8.007750e-01	100	none	NaN	NaN
129	2	50	101	kitchen	sun_aqeaevwwwjoqhzvl.tif	1843856.212770	1843856.471365	1843857.161397	7.173609e-01	91	none	NaN	NaN
129	2	51	88	kitchen	sun_agubuxuukhzyzpdp.tif	1843857.931141	1843858.189729	1843858.880570	8.174578e-01	78	none	NaN	NaN
129	2	52	92	kitchen	sun_ahpczsiumwwocjkv.tif	1843859.649516	1843859.908102	1843860.598324	6.923367e-01	82	39	1843861.293326	1
129	2	53	66	kitchen	sun_aapllqyqlykszopd.tif	1843862.068572	1843862.327164	1843863.017244	8.091164e-01	56	none	NaN	NaN
129	2	54	102	kitchen	sun_auaiucuqpdausiva.tif	1843863.786940	1843864.045531	1843864.735598	7.924336e-01	92	37	1843866.133255	1
129	2	55	78	kitchen	sun_adgqasybjyktddhj.tif	1843866.906700	1843867.165287	1843867.855320	7.924336e-01	68	none	NaN	NaN
129	2	56	68	kitchen	sun_aaxxjlsuzvqlgylf.tif	1843868.625069	1843868.883659	1843869.573856	6.756539e-01	58	none	NaN	NaN
129	2	57	62	kitchen	labelme_kxvouciolcpqplr.tif	1843870.343436	1843870.602027	1843871.292104	6.589711e-01	52	none	NaN	NaN
129	2	58	100	kitchen	sun_amjjdeyrggfqgmom.tif	1843872.061801	1843872.320395	1843873.010397	6.923367e-01	90	none	NaN	NaN
129	2	59	74	kitchen	sun_acfmftudsenhrfhy.tif	1843873.780174	1843874.038764	1843874.728899	7.173609e-01	64	none	NaN	NaN
129	2	60	109	kitchen	sun_aypmqwcualkenuoe.tif	1843875.498544	1843875.757132	1843876.447155	8.424820e-01	99	none	NaN	NaN
129	2	61	105	kitchen	sun_avszsnwsbuqfgzbn.tif	1843877.208572	1843877.467174	1843878.157346	7.590679e-01	95	none	NaN	NaN
129	2	62	67	kitchen	sun_aarfiyshqohlwkmo.tif	1843878.926938	1843879.185524	1843879.875596	6.839953e-01	57	none	NaN	NaN
129	2	63	83	kitchen	sun_aeqdocilnnpuvuhx.tif	1843880.645307	1843880.903894	1843881.594004	6.673125e-01	73	none	NaN	NaN
129	2	64	90	kitchen	sun_ahdycvpopffkzzsu.tif	1843882.363670	1843882.622262	1843883.312370	6.756539e-01	80	none	NaN	NaN
129	2	65	75	kitchen	sun_acgtpgfybqjmzeyw.tif	1843884.082042	1843884.340635	1843885.030701	7.757508e-01	65	none	NaN	NaN
129	2	66	101	kitchen	sun_aqeaevwwwjoqhzvl.tif	1843885.800407	1843886.058999	1843886.749067	7.757508e-01	91	none	NaN	NaN
129	2	67	82	kitchen	sun_aenotlpyftoioydp.tif	1843887.518777	1843887.777374	1843888.467440	6.839953e-01	72	39	1843889.173164	1
129	2	68	97	kitchen	sun_ajkqhtgcbgpcwrwn.tif	1843889.946187	1843890.204774	1843890.894911	7.006781e-01	87	none	NaN	NaN
129	2	69	77	kitchen	sun_acxkpeoqbwcxfvip.tif	1843891.664553	1843891.923142	1843892.613316	7.340437e-01	67	none	NaN	NaN
129	2	70	63	kitchen	labelme_rykdqxenmhulbdn.tif	1843893.382922	1843893.641514	1843894.331678	7.423851e-01	53	none	NaN	NaN
129	2	71	87	kitchen	sun_agorklincwxrdtga.tif	1843895.101290	1843895.359883	1843896.049952	8.341406e-01	77	none	NaN	NaN
129	2	72	84	kitchen	sun_aexklacwqwezaorf.tif	1843896.819655	1843897.078249	1843897.768363	7.674094e-01	74	none	NaN	NaN
129	2	73	94	kitchen	sun_ahywdevtimnqcsln.tif	1843898.538029	1843898.796616	1843899.486746	6.923367e-01	84	37	1843900.229375	1
129	2	74	65	kitchen	sun_aamedkxepzlwuxes.tif	1843901.007139	1843901.265732	1843901.955934	8.508234e-01	55	none	NaN	NaN
129	2	75	96	kitchen	sun_ajcbwwvdlsvjyzje.tif	1843902.725511	1843902.984096	1843903.674116	7.507265e-01	86	39	1843904.429164	1
129	2	76	106	kitchen	sun_awcpdzzznmweyyhv.tif	1843905.202960	1843905.461550	1843906.151731	8.007750e-01	96	none	NaN	NaN
129	2	77	80	kitchen	sun_aegoxogugdkwpmpj.tif	1843906.921330	1843907.179924	1843907.869949	8.257992e-01	70	37	1843908.692998	1
129	2	78	95	kitchen	sun_aixorpehvfykdynp.tif	1843909.465520	1843909.724106	1843910.414196	7.423851e-01	85	none	NaN	NaN
129	2	79	81	kitchen	sun_aehawpgmrlhlvcow.tif	1843911.183887	1843911.442475	1843912.132570	8.174578e-01	71	none	NaN	NaN
129	2	80	76	kitchen	sun_acwjdupvyjsugpay.tif	1843912.902259	1843913.160847	1843913.850963	6.589711e-01	66	39	1843914.453206	1
129	2	81	61	kitchen	labelme_brsyyvweiuaazfr.tif	1843915.229562	1843915.488150	1843916.178232	8.091164e-01	51	none	NaN	NaN
129	2	82	98	kitchen	sun_akchetnepxlcxhsu.tif	1843916.947931	1843917.206521	1843917.896540	8.007750e-01	88	none	NaN	NaN
129	2	83	91	kitchen	sun_ahljzhgcdpomplvg.tif	1843918.666300	1843918.924885	1843919.614993	6.506297e-01	81	none	NaN	NaN
129	2	84	72	kitchen	sun_abpwyqmlzafvklqo.tif	1843920.384664	1843920.643259	1843921.333352	6.589711e-01	62	none	NaN	NaN
129	2	85	107	kitchen	sun_axyyrmzcupyhlivc.tif	1843922.103033	1843922.361626	1843923.051635	7.423851e-01	97	39	1843923.845343	1
129	2	86	104	kitchen	sun_auticobqsbwgoppi.tif	1843924.622198	1843924.880790	1843925.570897	6.839953e-01	94	none	NaN	NaN
129	2	87	108	kitchen	sun_aymvwlarqodbwuoc.tif	1843926.340563	1843926.599154	1843927.289266	7.257023e-01	98	none	NaN	NaN
129	2	88	93	kitchen	sun_ahspylgoovwmwvgk.tif	1843928.058937	1843928.317520	1843929.007703	8.257992e-01	83	none	NaN	NaN
129	2	89	86	kitchen	sun_aggjlwcdjsjcaemh.tif	1843929.777307	1843930.035892	1843930.725950	8.174578e-01	76	none	NaN	NaN
129	2	90	103	kitchen	sun_aunzlwrbjumxhwdj.tif	1843931.495671	1843931.754262	1843932.444479	6.506297e-01	93	none	NaN	NaN
129	2	91	73	kitchen	sun_abrcnpqqhmjwekyf.tif	1843933.214043	1843933.472627	1843934.162664	7.340437e-01	63	none	NaN	NaN
129	2	92	89	kitchen	sun_agzzivivdpnawacl.tif	1843934.932409	1843935.190997	1843935.881173	7.674094e-01	79	none	NaN	NaN
129	2	93	71	kitchen	sun_abftihopvusyfakt.tif	1843936.650775	1843936.909362	1843937.599585	6.756539e-01	61	none	NaN	NaN
129	2	94	85	kitchen	sun_afuyedyxivkhecmu.tif	1843938.369146	1843938.627739	1843939.317872	8.508234e-01	75	none	NaN	NaN
129	2	95	64	kitchen	sun_aadbddgrdsjugojn.tif	1843940.087515	1843940.346107	1843941.036235	6.673125e-01	54	none	NaN	NaN
129	2	96	110	kitchen	sun_azmutvzbxypaceni.tif	1843941.805845	1843942.064474	1843942.754644	8.424820e-01	100	none	NaN	NaN
129	2	97	70	kitchen	sun_abdxkyyxwfskuaqb.tif	1843943.524251	1843943.782841	1843944.472860	8.341406e-01	60	none	NaN	NaN
129	2	98	99	kitchen	sun_akcjzhbbjlbogpdi.tif	1843945.242623	1843945.501213	1843946.191291	7.840922e-01	89	none	NaN	NaN
129	2	99	79	kitchen	sun_admlmbcdswaszruo.tif	1843946.960989	1843947.219576	1843947.909702	8.091164e-01	69	none	NaN	NaN
129	2	100	69	kitchen	sun_abdenxonkemggwsq.tif	1843948.679358	1843948.937950	1843949.628170	7.257023e-01	59	none	NaN	NaN
129	3	1	27	bathroom	sun_ahcvzmoyaycdoftf.tif	1843958.338925	1843958.597513	1843959.412786	8.257992e-01	17	none	NaN	NaN
129	3	2	21	bathroom	sun_aggnnqpdorgxpvce.tif	1843960.182419	1843960.441005	1843961.256321	6.923367e-01	11	39	1843961.981137	1
129	3	3	19	bathroom	sun_aclfzgynxzxlbepz.tif	1843962.751628	1843963.010219	1843963.825489	8.257992e-01	9	none	NaN	NaN
129	3	4	46	bathroom	sun_apmqjbnwghzuhhzh.tif	1843964.595124	1843964.853708	1843965.668890	7.090195e-01	36	none	NaN	NaN
129	3	5	17	bathroom	sun_acegryoqftbzowsg.tif	1843966.438616	1843966.697201	1843967.512418	8.424820e-01	7	none	NaN	NaN
129	3	6	34	bathroom	sun_alkosphxlxwjwgjd.tif	1843968.282104	1843968.540694	1843969.355988	7.257023e-01	24	none	NaN	NaN
129	3	7	18	bathroom	sun_acgyywnybuveqsro.tif	1843970.125602	1843970.384192	1843971.199529	7.090195e-01	8	none	NaN	NaN
129	3	8	38	bathroom	sun_anhioqovhscjqqwb.tif	1843971.969093	1843972.227680	1843973.043020	6.756539e-01	28	none	NaN	NaN
129	3	9	50	bathroom	sun_aspsyogrekjtfozg.tif	1843973.812586	1843974.071176	1843974.886370	8.424820e-01	40	none	NaN	NaN
129	3	10	29	bathroom	sun_ahqjwnzgolcaoidx.tif	1843975.656077	1843975.914667	1843976.729978	7.090195e-01	19	37	1843977.405164	1
129	3	11	53	bathroom	sun_ausgutylgojavyoq.tif	1843978.183579	1843978.442174	1843979.257346	6.589711e-01	43	none	NaN	NaN
129	3	12	59	bathroom	sun_axyrejkiiaqiurjk.tif	1843980.027074	1843980.285661	1843981.100933	7.840922e-01	49	none	NaN	NaN
129	3	13	24	bathroom	sun_agrwbmhcpmfuwmsg.tif	1843981.870567	1843982.129157	1843982.944448	8.007750e-01	14	none	NaN	NaN
129	3	14	58	bathroom	sun_axxbkopsgyouuebh.tif	1843983.714058	1843983.972651	1843984.787789	7.507265e-01	48	none	NaN	NaN
129	3	15	31	bathroom	sun_akiytfaagpdsphgz.tif	1843985.557550	1843985.816138	1843986.631486	6.839953e-01	21	none	NaN	NaN
129	3	16	13	bathroom	sun_aavhrsfjbserjtht.tif	1843987.401042	1843987.659636	1843988.474823	7.590679e-01	3	none	NaN	NaN
129	3	17	54	bathroom	sun_auzqhkafidnkrwmo.tif	1843989.244539	1843989.503126	1843990.318263	8.341406e-01	44	37	1843990.972998	1
129	3	18	37	bathroom	sun_amzlamotzwfkwjco.tif	1843991.747016	1843992.005608	1843992.820746	7.340437e-01	27	none	NaN	NaN
129	3	19	49	bathroom	sun_asfwthctfqerjvxr.tif	1843993.590507	1843993.849101	1843994.664379	7.173609e-01	39	none	NaN	NaN
129	3	20	45	bathroom	sun_apkxzenqapsujocq.tif	1843995.434000	1843995.692591	1843996.507862	6.756539e-01	35	none	NaN	NaN
129	3	21	39	bathroom	sun_anryaplzeujmzfkd.tif	1843997.277493	1843997.536081	1843998.351419	6.506297e-01	29	none	NaN	NaN
129	3	22	51	bathroom	sun_atstyziqcmkahyxk.tif	1843999.120981	1843999.379572	1844000.194767	7.674094e-01	41	none	NaN	NaN
129	3	23	30	bathroom	sun_ajlawzvmubibwbpy.tif	1844000.964475	1844001.223069	1844002.038220	6.923367e-01	20	none	NaN	NaN
129	3	24	33	bathroom	sun_aljolscmmzydegqp.tif	1844002.807967	1844003.066563	1844003.881690	7.840922e-01	23	none	NaN	NaN
129	3	25	20	bathroom	sun_afcoljnjfoxjtgja.tif	1844004.651464	1844004.910052	1844005.725302	6.756539e-01	10	none	NaN	NaN
129	3	26	60	bathroom	sun_azqyogdvyhahyram.tif	1844006.494957	1844006.753543	1844007.568679	8.091164e-01	50	none	NaN	NaN
129	3	27	22	bathroom	sun_agguqiubmwhqqunb.tif	1844008.338448	1844008.597038	1844009.412267	7.674094e-01	12	39	1844010.149224	1
129	3	28	55	bathroom	sun_avhrdrntsqrjzccq.tif	1844010.924342	1844011.182930	1844011.998173	7.173609e-01	45	none	NaN	NaN
129	3	29	52	bathroom	sun_aunuadmjocsddsrl.tif	1844012.767833	1844013.026425	1844013.841748	7.006781e-01	42	none	NaN	NaN
129	3	30	14	bathroom	sun_abapwbhyhkfixyex.tif	1844014.611329	1844014.869917	1844015.685049	7.924336e-01	4	none	NaN	NaN
129	3	31	35	bathroom	sun_alotolagknyrgtsk.tif	1844016.446479	1844016.705068	1844017.520400	7.757508e-01	25	39	1844018.277134	1
129	3	32	11	bathroom	labelme_sfxiulhjbhlyiyt.tif	1844019.049057	1844019.307647	1844020.123029	7.340437e-01	1	none	NaN	NaN
129	3	33	48	bathroom	sun_aqrpegblszgcoujh.tif	1844020.892550	1844021.151137	1844021.966367	8.257992e-01	38	none	NaN	NaN
129	3	34	28	bathroom	sun_ahijqszoswveeyji.tif	1844022.736043	1844022.994631	1844023.809939	7.507265e-01	18	39	1844024.901270	1
129	3	35	57	bathroom	sun_axldvoqbuvuggfmq.tif	1844025.672285	1844025.930867	1844026.746123	7.924336e-01	47	none	NaN	NaN
129	3	36	26	bathroom	sun_ahaulkltgpkeeemi.tif	1844027.515776	1844027.774365	1844028.589556	7.257023e-01	16	none	NaN	NaN
129	3	37	23	bathroom	sun_aghyqhbptboemmoq.tif	1844029.359265	1844029.617860	1844030.433178	8.174578e-01	13	none	NaN	NaN
129	3	38	47	bathroom	sun_apynckhmoftszqoq.tif	1844031.202762	1844031.461345	1844032.276517	7.423851e-01	37	none	NaN	NaN
129	3	39	42	bathroom	sun_apeeialkgkuxddgh.tif	1844033.046252	1844033.304841	1844034.119996	7.674094e-01	32	39	1844034.869004	1
129	3	40	25	bathroom	sun_agyqfjcfkdcydepw.tif	1844035.640487	1844035.899076	1844036.714314	6.839953e-01	15	none	NaN	NaN
129	3	41	32	bathroom	sun_aleqenyvunhactkl.tif	1844037.483980	1844037.742574	1844038.557706	7.507265e-01	22	39	1844039.213289	1
129	3	42	12	bathroom	sun_aapitsgbtktqubfy.tif	1844039.986460	1844040.245049	1844041.060373	8.007750e-01	2	none	NaN	NaN
129	3	43	36	bathroom	sun_ambriybtogmepttm.tif	1844041.829953	1844042.088536	1844042.903766	7.006781e-01	26	none	NaN	NaN
129	3	44	44	bathroom	sun_apkruvsevgegsdwp.tif	1844043.665106	1844043.923692	1844044.738846	8.508234e-01	34	none	NaN	NaN
129	3	45	56	bathroom	sun_awnqiikzaispgmwo.tif	1844045.508598	1844045.767187	1844046.582492	6.756539e-01	46	none	NaN	NaN
129	3	46	15	bathroom	sun_abjtwfukuwddzted.tif	1844047.352089	1844047.610681	1844048.426012	8.424820e-01	5	none	NaN	NaN
129	3	47	16	bathroom	sun_acduarbnmmoglmiv.tif	1844049.195581	1844049.454173	1844050.269477	6.923367e-01	6	none	NaN	NaN
129	3	48	43	bathroom	sun_apjevzvycyhuqghb.tif	1844051.039074	1844051.297664	1844052.112922	7.757508e-01	33	none	NaN	NaN
129	3	49	40	bathroom	sun_aofnryafpsjimzsb.tif	1844052.882565	1844053.141154	1844053.956305	6.673125e-01	30	none	NaN	NaN
129	3	50	41	bathroom	sun_aoybiabnpadelefl.tif	1844054.717715	1844054.976311	1844055.791572	6.673125e-01	31	none	NaN	NaN
129	3	51	27	bathroom	sun_ahcvzmoyaycdoftf.tif	1844056.561211	1844056.819802	1844057.634943	8.341406e-01	17	37	1844058.493338	1
129	3	52	36	bathroom	sun_ambriybtogmepttm.tif	1844059.263889	1844059.522476	1844060.337690	8.341406e-01	26	none	NaN	NaN
129	3	53	37	bathroom	sun_amzlamotzwfkwjco.tif	1844061.107377	1844061.365970	1844062.181312	8.091164e-01	27	none	NaN	NaN
129	3	54	14	bathroom	sun_abapwbhyhkfixyex.tif	1844062.950876	1844063.209461	1844064.024610	8.007750e-01	4	none	NaN	NaN
129	3	55	40	bathroom	sun_aofnryafpsjimzsb.tif	1844064.794364	1844065.052952	1844065.868205	7.173609e-01	30	none	NaN	NaN
129	3	56	41	bathroom	sun_aoybiabnpadelefl.tif	1844066.637861	1844066.896446	1844067.711620	6.589711e-01	31	none	NaN	NaN
129	3	57	39	bathroom	sun_anryaplzeujmzfkd.tif	1844068.481348	1844068.739938	1844069.555265	6.839953e-01	29	none	NaN	NaN
129	3	58	43	bathroom	sun_apjevzvycyhuqghb.tif	1844070.324786	1844070.583433	1844071.398611	6.923367e-01	33	none	NaN	NaN
129	3	59	60	bathroom	sun_azqyogdvyhahyram.tif	1844072.168334	1844072.426925	1844073.242201	7.006781e-01	50	39	1844074.429158	1
129	3	60	38	bathroom	sun_anhioqovhscjqqwb.tif	1844075.204670	1844075.463261	1844076.278550	7.257023e-01	28	none	NaN	NaN
129	3	61	12	bathroom	sun_aapitsgbtktqubfy.tif	1844077.048168	1844077.306758	1844078.122043	7.423851e-01	2	none	NaN	NaN
129	3	62	11	bathroom	labelme_sfxiulhjbhlyiyt.tif	1844078.891662	1844079.150247	1844079.965395	7.757508e-01	1	none	NaN	NaN
129	3	63	30	bathroom	sun_ajlawzvmubibwbpy.tif	1844080.735155	1844080.993743	1844081.808932	8.174578e-01	20	none	NaN	NaN
129	3	64	28	bathroom	sun_ahijqszoswveeyji.tif	1844082.578647	1844082.837232	1844083.652423	6.506297e-01	18	none	NaN	NaN
129	3	65	48	bathroom	sun_aqrpegblszgcoujh.tif	1844084.422137	1844084.680731	1844085.495894	7.507265e-01	38	none	NaN	NaN
129	3	66	25	bathroom	sun_agyqfjcfkdcydepw.tif	1844086.265631	1844086.524218	1844087.339524	7.423851e-01	15	none	NaN	NaN
129	3	67	23	bathroom	sun_aghyqhbptboemmoq.tif	1844088.109124	1844088.367713	1844089.182843	6.923367e-01	13	none	NaN	NaN
129	3	68	16	bathroom	sun_acduarbnmmoglmiv.tif	1844089.952614	1844090.211205	1844091.026335	7.340437e-01	6	none	NaN	NaN
129	3	69	58	bathroom	sun_axxbkopsgyouuebh.tif	1844091.796107	1844092.054700	1844092.870020	8.257992e-01	48	none	NaN	NaN
129	3	70	21	bathroom	sun_aggnnqpdorgxpvce.tif	1844093.639602	1844093.898190	1844094.713397	8.174578e-01	11	none	NaN	NaN
129	3	71	26	bathroom	sun_ahaulkltgpkeeemi.tif	1844095.483095	1844095.741689	1844096.556921	8.091164e-01	16	none	NaN	NaN
129	3	72	34	bathroom	sun_alkosphxlxwjwgjd.tif	1844097.326588	1844097.585180	1844098.400400	6.506297e-01	24	none	NaN	NaN
129	3	73	52	bathroom	sun_aunuadmjocsddsrl.tif	1844099.170082	1844099.428667	1844100.243972	6.673125e-01	42	none	NaN	NaN
129	3	74	15	bathroom	sun_abjtwfukuwddzted.tif	1844101.013568	1844101.272157	1844102.087375	7.590679e-01	5	none	NaN	NaN
129	3	75	13	bathroom	sun_aavhrsfjbserjtht.tif	1844102.857066	1844103.115654	1844103.930879	7.674094e-01	3	none	NaN	NaN
129	3	76	46	bathroom	sun_apmqjbnwghzuhhzh.tif	1844104.700556	1844104.959149	1844105.774437	8.424820e-01	36	none	NaN	NaN
129	3	77	59	bathroom	sun_axyrejkiiaqiurjk.tif	1844106.544047	1844106.802633	1844107.618004	7.924336e-01	49	none	NaN	NaN
129	3	78	42	bathroom	sun_apeeialkgkuxddgh.tif	1844108.387541	1844108.646128	1844109.461459	7.840922e-01	32	none	NaN	NaN
129	3	79	24	bathroom	sun_agrwbmhcpmfuwmsg.tif	1844110.231037	1844110.489622	1844111.304927	8.007750e-01	14	none	NaN	NaN
129	3	80	35	bathroom	sun_alotolagknyrgtsk.tif	1844112.074528	1844112.333120	1844113.148332	7.173609e-01	25	37	1844113.925300	1
129	3	81	57	bathroom	sun_axldvoqbuvuggfmq.tif	1844114.702130	1844114.960719	1844115.776230	8.257992e-01	47	none	NaN	NaN
129	3	82	32	bathroom	sun_aleqenyvunhactkl.tif	1844116.545619	1844116.804211	1844117.619342	7.423851e-01	22	none	NaN	NaN
129	3	83	55	bathroom	sun_avhrdrntsqrjzccq.tif	1844118.380773	1844118.639355	1844119.454527	7.924336e-01	45	37	1844120.221228	1
129	3	84	22	bathroom	sun_agguqiubmwhqqunb.tif	1844120.991691	1844121.250285	1844122.065484	6.589711e-01	12	none	NaN	NaN
129	3	85	45	bathroom	sun_apkxzenqapsujocq.tif	1844122.835187	1844123.093776	1844123.909118	7.340437e-01	35	none	NaN	NaN
129	3	86	20	bathroom	sun_afcoljnjfoxjtgja.tif	1844124.678684	1844124.937269	1844125.752481	7.840922e-01	10	37	1844126.573011	1
129	3	87	19	bathroom	sun_aclfzgynxzxlbepz.tif	1844127.347987	1844127.606581	1844128.421850	7.590679e-01	9	none	NaN	NaN
129	3	88	31	bathroom	sun_akiytfaagpdsphgz.tif	1844129.191484	1844129.450068	1844130.265293	7.590679e-01	21	none	NaN	NaN
129	3	89	47	bathroom	sun_apynckhmoftszqoq.tif	1844131.034970	1844131.293561	1844132.108906	8.508234e-01	37	none	NaN	NaN
129	3	90	17	bathroom	sun_acegryoqftbzowsg.tif	1844132.878465	1844133.137054	1844133.952272	6.839953e-01	7	none	NaN	NaN
129	3	91	33	bathroom	sun_aljolscmmzydegqp.tif	1844134.721962	1844134.980550	1844135.795773	7.257023e-01	23	none	NaN	NaN
129	3	92	51	bathroom	sun_atstyziqcmkahyxk.tif	1844136.565451	1844136.824038	1844137.639224	6.673125e-01	41	37	1844138.357278	1
129	3	93	54	bathroom	sun_auzqhkafidnkrwmo.tif	1844139.134661	1844139.393249	1844140.208590	8.174578e-01	44	none	NaN	NaN
129	3	94	18	bathroom	sun_acgyywnybuveqsro.tif	1844140.978152	1844141.236745	1844142.051954	7.006781e-01	8	none	NaN	NaN
129	3	95	50	bathroom	sun_aspsyogrekjtfozg.tif	1844142.821650	1844143.080236	1844143.895439	7.090195e-01	40	none	NaN	NaN
129	3	96	53	bathroom	sun_ausgutylgojavyoq.tif	1844144.665141	1844144.923727	1844145.739029	7.757508e-01	43	none	NaN	NaN
129	3	97	56	bathroom	sun_awnqiikzaispgmwo.tif	1844146.508632	1844146.767221	1844147.582466	8.091164e-01	46	37	1844148.317149	1
129	3	98	49	bathroom	sun_asfwthctfqerjvxr.tif	1844149.094527	1844149.353116	1844150.168277	7.590679e-01	39	none	NaN	NaN
129	3	99	44	bathroom	sun_apkruvsevgegsdwp.tif	1844150.938019	1844151.196614	1844152.011772	6.589711e-01	34	none	NaN	NaN
129	3	100	29	bathroom	sun_ahqjwnzgolcaoidx.tif	1844152.781510	1844153.040102	1844153.855339	8.341406e-01	19	none	NaN	NaN
129	4	1	68	kitchen	sun_aaxxjlsuzvqlgylf.tif	1844164.034324	1844164.292910	1844164.991270	7.257023e-01	58	none	NaN	NaN
129	4	2	77	kitchen	sun_acxkpeoqbwcxfvip.tif	1844165.761034	1844166.019620	1844166.718093	7.006781e-01	67	none	NaN	NaN
129	4	3	79	kitchen	sun_admlmbcdswaszruo.tif	1844167.487746	1844167.746334	1844168.444835	8.174578e-01	69	none	NaN	NaN
129	4	4	86	kitchen	sun_aggjlwcdjsjcaemh.tif	1844169.214458	1844169.473044	1844170.171603	7.090195e-01	76	none	NaN	NaN
129	4	5	94	kitchen	sun_ahywdevtimnqcsln.tif	1844170.941163	1844171.199754	1844171.898260	7.006781e-01	84	none	NaN	NaN
129	4	6	95	kitchen	sun_aixorpehvfykdynp.tif	1844172.667878	1844172.926461	1844173.624859	6.756539e-01	85	none	NaN	NaN
129	4	7	75	kitchen	sun_acgtpgfybqjmzeyw.tif	1844174.394587	1844174.653173	1844175.351657	7.507265e-01	65	none	NaN	NaN
129	4	8	88	kitchen	sun_agubuxuukhzyzpdp.tif	1844176.121298	1844176.379888	1844177.078246	6.589711e-01	78	none	NaN	NaN
129	4	9	85	kitchen	sun_afuyedyxivkhecmu.tif	1844177.848005	1844178.106592	1844178.805022	7.840922e-01	75	37	1844179.381207	1
129	4	10	104	kitchen	sun_auticobqsbwgoppi.tif	1844180.158629	1844180.417221	1844181.115598	7.590679e-01	94	39	1844182.117142	1
129	4	11	72	kitchen	sun_abpwyqmlzafvklqo.tif	1844182.894672	1844183.153263	1844183.851670	7.924336e-01	62	none	NaN	NaN
129	4	12	66	kitchen	sun_aapllqyqlykszopd.tif	1844184.621380	1844184.879970	1844185.578431	7.257023e-01	56	none	NaN	NaN
129	4	13	69	kitchen	sun_abdenxonkemggwsq.tif	1844186.348088	1844186.606679	1844187.305131	8.091164e-01	59	39	1844188.389354	1
129	4	14	108	kitchen	sun_aymvwlarqodbwuoc.tif	1844189.167550	1844189.426141	1844190.124672	6.756539e-01	98	none	NaN	NaN
129	4	15	105	kitchen	sun_avszsnwsbuqfgzbn.tif	1844190.894258	1844191.152849	1844191.851387	7.507265e-01	95	none	NaN	NaN
129	4	16	78	kitchen	sun_adgqasybjyktddhj.tif	1844192.620968	1844192.879557	1844193.577915	8.007750e-01	68	none	NaN	NaN
129	4	17	101	kitchen	sun_aqeaevwwwjoqhzvl.tif	1844194.347681	1844194.606271	1844195.304628	8.508234e-01	91	39	1844195.997174	1
129	4	18	99	kitchen	sun_akcjzhbbjlbogpdi.tif	1844196.775086	1844197.033676	1844197.732024	6.839953e-01	89	none	NaN	NaN
129	4	19	90	kitchen	sun_ahdycvpopffkzzsu.tif	1844198.501797	1844198.760385	1844199.458913	7.423851e-01	80	none	NaN	NaN
129	4	20	70	kitchen	sun_abdxkyyxwfskuaqb.tif	1844200.228508	1844200.487059	1844201.185566	8.341406e-01	60	none	NaN	NaN
129	4	21	81	kitchen	sun_aehawpgmrlhlvcow.tif	1844201.955209	1844202.213803	1844202.912189	8.007750e-01	71	37	1844204.157312	0
129	4	22	106	kitchen	sun_awcpdzzznmweyyhv.tif	1844204.933163	1844205.191755	1844205.890285	8.091164e-01	96	none	NaN	NaN
129	4	23	93	kitchen	sun_ahspylgoovwmwvgk.tif	1844206.659873	1844206.918467	1844207.616863	6.506297e-01	83	none	NaN	NaN
129	4	24	97	kitchen	sun_ajkqhtgcbgpcwrwn.tif	1844208.386588	1844208.645173	1844209.343551	7.173609e-01	87	none	NaN	NaN
129	4	25	91	kitchen	sun_ahljzhgcdpomplvg.tif	1844210.113300	1844210.371885	1844211.070402	7.257023e-01	81	none	NaN	NaN
129	4	26	96	kitchen	sun_ajcbwwvdlsvjyzje.tif	1844211.840011	1844212.098598	1844212.797138	8.091164e-01	86	none	NaN	NaN
129	4	27	62	kitchen	labelme_kxvouciolcpqplr.tif	1844213.566718	1844213.825301	1844214.523818	7.757508e-01	52	none	NaN	NaN
129	4	28	109	kitchen	sun_aypmqwcualkenuoe.tif	1844215.293426	1844215.552016	1844216.250518	7.757508e-01	99	37	1844217.213191	1
129	4	29	76	kitchen	sun_acwjdupvyjsugpay.tif	1844217.987761	1844218.246349	1844218.944816	8.091164e-01	66	none	NaN	NaN
129	4	30	87	kitchen	sun_agorklincwxrdtga.tif	1844219.714472	1844219.973062	1844220.671431	8.424820e-01	77	none	NaN	NaN
129	4	31	102	kitchen	sun_auaiucuqpdausiva.tif	1844221.432838	1844221.691431	1844222.389835	8.341406e-01	92	none	NaN	NaN
129	4	32	110	kitchen	sun_azmutvzbxypaceni.tif	1844223.159550	1844223.418145	1844224.116504	7.674094e-01	100	39	1844224.989130	1
129	4	33	98	kitchen	sun_akchetnepxlcxhsu.tif	1844225.762128	1844226.020716	1844226.719099	6.673125e-01	88	none	NaN	NaN
129	4	34	100	kitchen	sun_amjjdeyrggfqgmom.tif	1844227.488839	1844227.747432	1844228.445911	7.340437e-01	90	37	1844229.149259	1
129	4	35	107	kitchen	sun_axyyrmzcupyhlivc.tif	1844229.924586	1844230.183176	1844230.881608	7.674094e-01	97	none	NaN	NaN
129	4	36	65	kitchen	sun_aamedkxepzlwuxes.tif	1844231.651298	1844231.909883	1844232.608429	8.174578e-01	55	none	NaN	NaN
129	4	37	64	kitchen	sun_aadbddgrdsjugojn.tif	1844233.378003	1844233.636606	1844234.335045	7.340437e-01	54	37	1844235.197240	1
129	4	38	89	kitchen	sun_agzzivivdpnawacl.tif	1844235.972240	1844236.230830	1844236.929202	8.424820e-01	79	none	NaN	NaN
129	4	39	103	kitchen	sun_aunzlwrbjumxhwdj.tif	1844237.698951	1844237.957545	1844238.655919	6.839953e-01	93	none	NaN	NaN
129	4	40	71	kitchen	sun_abftihopvusyfakt.tif	1844239.425660	1844239.684251	1844240.382762	7.423851e-01	61	none	NaN	NaN
129	4	41	83	kitchen	sun_aeqdocilnnpuvuhx.tif	1844241.152374	1844241.410956	1844242.109350	6.506297e-01	73	none	NaN	NaN
129	4	42	73	kitchen	sun_abrcnpqqhmjwekyf.tif	1844242.879083	1844243.137675	1844243.836068	6.506297e-01	63	none	NaN	NaN
129	4	43	84	kitchen	sun_aexklacwqwezaorf.tif	1844244.605792	1844244.864385	1844245.562889	7.173609e-01	74	none	NaN	NaN
129	4	44	92	kitchen	sun_ahpczsiumwwocjkv.tif	1844246.332504	1844246.591092	1844247.289547	7.674094e-01	82	none	NaN	NaN
129	4	45	82	kitchen	sun_aenotlpyftoioydp.tif	1844248.059218	1844248.317806	1844249.016358	8.257992e-01	72	39	1844249.909230	1
129	4	46	80	kitchen	sun_aegoxogugdkwpmpj.tif	1844250.686815	1844250.945407	1844251.643908	6.923367e-01	70	none	NaN	NaN
129	4	47	61	kitchen	labelme_brsyyvweiuaazfr.tif	1844252.413526	1844252.672120	1844253.370500	7.090195e-01	51	none	NaN	NaN
129	4	48	63	kitchen	labelme_rykdqxenmhulbdn.tif	1844254.140236	1844254.398828	1844255.097226	8.174578e-01	53	37	1844255.989220	1
129	4	49	67	kitchen	sun_aarfiyshqohlwkmo.tif	1844256.767836	1844257.026426	1844257.724826	7.006781e-01	57	none	NaN	NaN
129	4	50	74	kitchen	sun_acfmftudsenhrfhy.tif	1844258.494553	1844258.753134	1844259.451687	7.423851e-01	64	none	NaN	NaN
129	4	51	91	kitchen	sun_ahljzhgcdpomplvg.tif	1844260.221262	1844260.479853	1844261.178345	7.924336e-01	81	none	NaN	NaN
129	4	52	85	kitchen	sun_afuyedyxivkhecmu.tif	1844261.947968	1844262.206557	1844262.904990	8.257992e-01	75	none	NaN	NaN
129	4	53	78	kitchen	sun_adgqasybjyktddhj.tif	1844263.674679	1844263.933269	1844264.631786	6.756539e-01	68	none	NaN	NaN
129	4	54	92	kitchen	sun_ahpczsiumwwocjkv.tif	1844265.401387	1844265.659976	1844266.358355	6.589711e-01	82	none	NaN	NaN
129	4	55	87	kitchen	sun_agorklincwxrdtga.tif	1844267.128101	1844267.386686	1844268.085221	8.257992e-01	77	none	NaN	NaN
129	4	56	102	kitchen	sun_auaiucuqpdausiva.tif	1844268.854811	1844269.113399	1844269.811854	7.257023e-01	92	none	NaN	NaN
129	4	57	66	kitchen	sun_aapllqyqlykszopd.tif	1844270.581517	1844270.840102	1844271.538491	8.007750e-01	56	39	1844272.493184	1
129	4	58	106	kitchen	sun_awcpdzzznmweyyhv.tif	1844273.267511	1844273.526106	1844274.224522	7.090195e-01	96	none	NaN	NaN
129	4	59	64	kitchen	sun_aadbddgrdsjugojn.tif	1844274.994226	1844275.252809	1844275.951235	7.090195e-01	54	none	NaN	NaN
129	4	60	80	kitchen	sun_aegoxogugdkwpmpj.tif	1844276.720936	1844276.979522	1844277.678022	6.673125e-01	70	none	NaN	NaN
129	4	61	73	kitchen	sun_abrcnpqqhmjwekyf.tif	1844278.447645	1844278.706240	1844279.404670	7.674094e-01	63	none	NaN	NaN
129	4	62	105	kitchen	sun_avszsnwsbuqfgzbn.tif	1844280.174356	1844280.432947	1844281.131432	7.423851e-01	95	none	NaN	NaN
129	4	63	62	kitchen	labelme_kxvouciolcpqplr.tif	1844281.901067	1844282.159653	1844282.858081	7.173609e-01	52	none	NaN	NaN
129	4	64	89	kitchen	sun_agzzivivdpnawacl.tif	1844283.627773	1844283.886366	1844284.584869	6.673125e-01	79	none	NaN	NaN
129	4	65	103	kitchen	sun_aunzlwrbjumxhwdj.tif	1844285.354485	1844285.613076	1844286.311495	8.257992e-01	93	37	1844287.013311	1
129	4	66	108	kitchen	sun_aymvwlarqodbwuoc.tif	1844287.790230	1844288.048827	1844288.747173	8.424820e-01	98	none	NaN	NaN
129	4	67	72	kitchen	sun_abpwyqmlzafvklqo.tif	1844289.516943	1844289.775536	1844290.474053	7.590679e-01	62	none	NaN	NaN
129	4	68	70	kitchen	sun_abdxkyyxwfskuaqb.tif	1844291.243657	1844291.502247	1844292.200642	6.923367e-01	60	none	NaN	NaN
129	4	69	68	kitchen	sun_aaxxjlsuzvqlgylf.tif	1844292.970359	1844293.228954	1844293.927422	6.756539e-01	58	37	1844294.669408	1
129	4	70	110	kitchen	sun_azmutvzbxypaceni.tif	1844295.447813	1844295.706407	1844296.404894	7.507265e-01	100	none	NaN	NaN
129	4	71	107	kitchen	sun_axyyrmzcupyhlivc.tif	1844297.174527	1844297.433113	1844298.131620	6.923367e-01	97	none	NaN	NaN
129	4	72	97	kitchen	sun_ajkqhtgcbgpcwrwn.tif	1844298.901235	1844299.159828	1844299.858228	7.340437e-01	87	none	NaN	NaN
129	4	73	65	kitchen	sun_aamedkxepzlwuxes.tif	1844300.627951	1844300.886531	1844301.585058	7.590679e-01	55	39	1844302.357192	1
129	4	74	99	kitchen	sun_akcjzhbbjlbogpdi.tif	1844303.130427	1844303.389018	1844304.087474	6.839953e-01	89	none	NaN	NaN
129	4	75	94	kitchen	sun_ahywdevtimnqcsln.tif	1844304.857138	1844305.115725	1844305.814090	7.840922e-01	84	none	NaN	NaN
129	4	76	83	kitchen	sun_aeqdocilnnpuvuhx.tif	1844306.583846	1844306.842436	1844307.540995	8.341406e-01	73	none	NaN	NaN
129	4	77	86	kitchen	sun_aggjlwcdjsjcaemh.tif	1844308.310553	1844308.569144	1844309.267634	6.673125e-01	76	none	NaN	NaN
129	4	78	95	kitchen	sun_aixorpehvfykdynp.tif	1844310.037266	1844310.295860	1844310.994242	7.590679e-01	85	none	NaN	NaN
129	4	79	74	kitchen	sun_acfmftudsenhrfhy.tif	1844311.763979	1844312.022568	1844312.720958	7.590679e-01	64	none	NaN	NaN
129	4	80	77	kitchen	sun_acxkpeoqbwcxfvip.tif	1844313.490689	1844313.749276	1844314.447844	7.757508e-01	67	none	NaN	NaN
129	4	81	79	kitchen	sun_admlmbcdswaszruo.tif	1844315.217397	1844315.475986	1844316.174546	7.924336e-01	69	none	NaN	NaN
129	4	82	84	kitchen	sun_aexklacwqwezaorf.tif	1844316.944107	1844317.202693	1844317.901119	8.508234e-01	74	none	NaN	NaN
129	4	83	88	kitchen	sun_agubuxuukhzyzpdp.tif	1844318.670818	1844318.929407	1844319.627868	7.924336e-01	78	none	NaN	NaN
129	4	84	109	kitchen	sun_aypmqwcualkenuoe.tif	1844320.397524	1844320.656121	1844321.354565	8.424820e-01	99	none	NaN	NaN
129	4	85	63	kitchen	labelme_rykdqxenmhulbdn.tif	1844322.124240	1844322.382833	1844323.081266	6.589711e-01	53	none	NaN	NaN
129	4	86	101	kitchen	sun_aqeaevwwwjoqhzvl.tif	1844323.850949	1844324.109542	1844324.808032	8.341406e-01	91	none	NaN	NaN
129	4	87	93	kitchen	sun_ahspylgoovwmwvgk.tif	1844325.577657	1844325.836248	1844326.534623	7.840922e-01	83	none	NaN	NaN
129	4	88	81	kitchen	sun_aehawpgmrlhlvcow.tif	1844327.304371	1844327.562959	1844328.261488	7.340437e-01	71	none	NaN	NaN
129	4	89	90	kitchen	sun_ahdycvpopffkzzsu.tif	1844329.031076	1844329.289666	1844329.988067	8.257992e-01	80	none	NaN	NaN
129	4	90	98	kitchen	sun_akchetnepxlcxhsu.tif	1844330.757790	1844331.016378	1844331.714746	7.757508e-01	88	none	NaN	NaN
129	4	91	69	kitchen	sun_abdenxonkemggwsq.tif	1844332.484500	1844332.743094	1844333.441633	6.923367e-01	59	none	NaN	NaN
129	4	92	96	kitchen	sun_ajcbwwvdlsvjyzje.tif	1844334.211206	1844334.469800	1844335.168254	6.839953e-01	86	none	NaN	NaN
129	4	93	75	kitchen	sun_acgtpgfybqjmzeyw.tif	1844335.937919	1844336.196509	1844336.894857	8.174578e-01	65	none	NaN	NaN
129	4	94	76	kitchen	sun_acwjdupvyjsugpay.tif	1844337.656292	1844337.914877	1844338.613258	7.173609e-01	66	none	NaN	NaN
129	4	95	104	kitchen	sun_auticobqsbwgoppi.tif	1844339.382996	1844339.641589	1844340.340121	8.007750e-01	94	none	NaN	NaN
129	4	96	82	kitchen	sun_aenotlpyftoioydp.tif	1844341.109710	1844341.368299	1844342.066680	7.840922e-01	72	none	NaN	NaN
129	4	97	61	kitchen	labelme_brsyyvweiuaazfr.tif	1844342.836421	1844343.095010	1844343.793489	7.006781e-01	51	none	NaN	NaN
129	4	98	71	kitchen	sun_abftihopvusyfakt.tif	1844344.563131	1844344.821714	1844345.520277	6.589711e-01	61	none	NaN	NaN
129	4	99	67	kitchen	sun_aarfiyshqohlwkmo.tif	1844346.289841	1844346.548430	1844347.246991	6.923367e-01	57	none	NaN	NaN
129	4	100	100	kitchen	sun_amjjdeyrggfqgmom.tif	1844348.016551	1844348.275141	1844348.973635	7.507265e-01	90	none	NaN	NaN
129	5	1	47	bathroom	sun_apynckhmoftszqoq.tif	1844362.806201	1844363.064789	1844363.771601	7.590679e-01	37	none	NaN	NaN
129	5	2	55	bathroom	sun_avhrdrntsqrjzccq.tif	1844364.541249	1844364.799861	1844365.506644	6.506297e-01	45	39	1844366.293251	1
129	5	3	45	bathroom	sun_apkxzenqapsujocq.tif	1844367.068755	1844367.327341	1844368.034200	7.423851e-01	35	none	NaN	NaN
129	5	4	41	bathroom	sun_aoybiabnpadelefl.tif	1844368.803806	1844369.062394	1844369.769259	7.090195e-01	31	none	NaN	NaN
129	5	5	21	bathroom	sun_aggnnqpdorgxpvce.tif	1844370.538859	1844370.797447	1844371.504182	7.173609e-01	11	none	NaN	NaN
129	5	6	36	bathroom	sun_ambriybtogmepttm.tif	1844372.273907	1844372.532498	1844373.239264	8.508234e-01	26	none	NaN	NaN
129	5	7	24	bathroom	sun_agrwbmhcpmfuwmsg.tif	1844374.008962	1844374.267548	1844374.974449	6.756539e-01	14	none	NaN	NaN
129	5	8	37	bathroom	sun_amzlamotzwfkwjco.tif	1844375.744014	1844376.002606	1844376.709436	7.006781e-01	27	none	NaN	NaN
129	5	9	20	bathroom	sun_afcoljnjfoxjtgja.tif	1844377.479065	1844377.737656	1844378.444415	7.257023e-01	10	none	NaN	NaN
129	5	10	40	bathroom	sun_aofnryafpsjimzsb.tif	1844379.214120	1844379.472706	1844380.179441	7.507265e-01	30	none	NaN	NaN
129	5	11	42	bathroom	sun_apeeialkgkuxddgh.tif	1844380.949168	1844381.207762	1844381.914523	8.091164e-01	32	none	NaN	NaN
129	5	12	13	bathroom	sun_aavhrsfjbserjtht.tif	1844382.684221	1844382.942771	1844383.649512	8.174578e-01	3	none	NaN	NaN
129	5	13	11	bathroom	labelme_sfxiulhjbhlyiyt.tif	1844384.419275	1844384.677863	1844385.384715	7.257023e-01	1	none	NaN	NaN
129	5	14	34	bathroom	sun_alkosphxlxwjwgjd.tif	1844386.154327	1844386.412912	1844387.119681	6.589711e-01	24	37	1844388.181348	1
129	5	15	51	bathroom	sun_atstyziqcmkahyxk.tif	1844388.957098	1844389.215689	1844389.922551	7.257023e-01	41	39	1844390.805128	1
129	5	16	32	bathroom	sun_aleqenyvunhactkl.tif	1844391.576357	1844391.834942	1844392.541725	7.840922e-01	22	none	NaN	NaN
129	5	17	26	bathroom	sun_ahaulkltgpkeeemi.tif	1844393.311414	1844393.570001	1844394.276706	7.924336e-01	16	none	NaN	NaN
129	5	18	33	bathroom	sun_aljolscmmzydegqp.tif	1844395.046465	1844395.305054	1844396.011916	7.006781e-01	23	37	1844397.517079	1
129	5	19	28	bathroom	sun_ahijqszoswveeyji.tif	1844398.291347	1844398.549938	1844399.256688	7.006781e-01	18	none	NaN	NaN
129	5	20	19	bathroom	sun_aclfzgynxzxlbepz.tif	1844400.026399	1844400.284986	1844400.991755	7.590679e-01	9	none	NaN	NaN
129	5	21	35	bathroom	sun_alotolagknyrgtsk.tif	1844401.761445	1844402.020041	1844402.726897	7.173609e-01	25	none	NaN	NaN
129	5	22	58	bathroom	sun_axxbkopsgyouuebh.tif	1844403.496503	1844403.755091	1844404.461962	8.508234e-01	48	none	NaN	NaN
129	5	23	27	bathroom	sun_ahcvzmoyaycdoftf.tif	1844405.231551	1844405.490142	1844406.196919	7.173609e-01	17	none	NaN	NaN
129	5	24	23	bathroom	sun_aghyqhbptboemmoq.tif	1844406.966609	1844407.225195	1844407.931927	8.091164e-01	13	none	NaN	NaN
129	5	25	56	bathroom	sun_awnqiikzaispgmwo.tif	1844408.701657	1844408.960244	1844409.667043	8.174578e-01	46	none	NaN	NaN
129	5	26	15	bathroom	sun_abjtwfukuwddzted.tif	1844410.436708	1844410.695299	1844411.401996	7.423851e-01	5	none	NaN	NaN
129	5	27	48	bathroom	sun_aqrpegblszgcoujh.tif	1844412.163417	1844412.421999	1844413.128904	8.424820e-01	38	none	NaN	NaN
129	5	28	18	bathroom	sun_acgyywnybuveqsro.tif	1844413.898469	1844414.157058	1844414.863764	8.174578e-01	8	none	NaN	NaN
129	5	29	60	bathroom	sun_azqyogdvyhahyram.tif	1844415.633523	1844415.892115	1844416.598898	8.007750e-01	50	none	NaN	NaN
129	5	30	46	bathroom	sun_apmqjbnwghzuhhzh.tif	1844417.368577	1844417.627164	1844418.333921	6.756539e-01	36	none	NaN	NaN
129	5	31	30	bathroom	sun_ajlawzvmubibwbpy.tif	1844419.103624	1844419.362217	1844420.068928	6.589711e-01	20	none	NaN	NaN
129	5	32	31	bathroom	sun_akiytfaagpdsphgz.tif	1844420.838677	1844421.097270	1844421.803962	8.424820e-01	21	none	NaN	NaN
129	5	33	16	bathroom	sun_acduarbnmmoglmiv.tif	1844422.573729	1844422.832320	1844423.539198	6.673125e-01	6	none	NaN	NaN
129	5	34	29	bathroom	sun_ahqjwnzgolcaoidx.tif	1844424.308778	1844424.567372	1844425.274159	7.090195e-01	19	39	1844426.429330	1
129	5	35	49	bathroom	sun_asfwthctfqerjvxr.tif	1844427.203323	1844427.461906	1844428.168819	7.674094e-01	39	none	NaN	NaN
129	5	36	43	bathroom	sun_apjevzvycyhuqghb.tif	1844428.938370	1844429.196959	1844429.903841	8.007750e-01	33	none	NaN	NaN
129	5	37	22	bathroom	sun_agguqiubmwhqqunb.tif	1844430.673419	1844430.932008	1844431.638910	7.006781e-01	12	none	NaN	NaN
129	5	38	17	bathroom	sun_acegryoqftbzowsg.tif	1844432.408468	1844432.667064	1844433.373836	6.673125e-01	7	none	NaN	NaN
129	5	39	44	bathroom	sun_apkruvsevgegsdwp.tif	1844434.143520	1844434.402109	1844435.108944	7.757508e-01	34	39	1844435.948952	1
129	5	40	52	bathroom	sun_aunuadmjocsddsrl.tif	1844436.721073	1844436.979662	1844437.686421	8.007750e-01	42	none	NaN	NaN
129	5	41	59	bathroom	sun_axyrejkiiaqiurjk.tif	1844438.456127	1844438.714718	1844439.421506	8.007750e-01	49	none	NaN	NaN
129	5	42	53	bathroom	sun_ausgutylgojavyoq.tif	1844440.191173	1844440.449768	1844441.156463	7.090195e-01	43	none	NaN	NaN
129	5	43	12	bathroom	sun_aapitsgbtktqubfy.tif	1844441.926231	1844442.184820	1844442.891556	6.589711e-01	2	none	NaN	NaN
129	5	44	25	bathroom	sun_agyqfjcfkdcydepw.tif	1844443.661278	1844443.919871	1844444.626709	7.674094e-01	15	none	NaN	NaN
129	5	45	14	bathroom	sun_abapwbhyhkfixyex.tif	1844445.396333	1844445.654922	1844446.361770	7.590679e-01	4	none	NaN	NaN
129	5	46	54	bathroom	sun_auzqhkafidnkrwmo.tif	1844447.131381	1844447.389969	1844448.096760	8.091164e-01	44	none	NaN	NaN
129	5	47	39	bathroom	sun_anryaplzeujmzfkd.tif	1844448.866433	1844449.125026	1844449.831809	7.840922e-01	29	none	NaN	NaN
129	5	48	38	bathroom	sun_anhioqovhscjqqwb.tif	1844450.601490	1844450.860077	1844451.566784	6.756539e-01	28	none	NaN	NaN
129	5	49	57	bathroom	sun_axldvoqbuvuggfmq.tif	1844452.336539	1844452.595132	1844453.301891	7.757508e-01	47	none	NaN	NaN
129	5	50	50	bathroom	sun_aspsyogrekjtfozg.tif	1844454.071597	1844454.330181	1844455.036896	8.091164e-01	40	none	NaN	NaN
129	5	51	50	bathroom	sun_aspsyogrekjtfozg.tif	1844455.798303	1844456.056893	1844456.763754	7.674094e-01	40	none	NaN	NaN
129	5	52	58	bathroom	sun_axxbkopsgyouuebh.tif	1844457.533350	1844457.791941	1844458.498654	8.257992e-01	48	none	NaN	NaN
129	5	53	13	bathroom	sun_aavhrsfjbserjtht.tif	1844459.268410	1844459.526997	1844460.233770	8.257992e-01	3	none	NaN	NaN
129	5	54	28	bathroom	sun_ahijqszoswveeyji.tif	1844460.995117	1844461.253703	1844461.960447	7.423851e-01	18	none	NaN	NaN
129	5	55	31	bathroom	sun_akiytfaagpdsphgz.tif	1844462.730169	1844462.988758	1844463.695467	7.590679e-01	21	none	NaN	NaN
129	5	56	14	bathroom	sun_abapwbhyhkfixyex.tif	1844464.465218	1844464.723807	1844465.430565	8.341406e-01	4	none	NaN	NaN
129	5	57	26	bathroom	sun_ahaulkltgpkeeemi.tif	1844466.200276	1844466.458858	1844467.165555	7.340437e-01	16	none	NaN	NaN
129	5	58	45	bathroom	sun_apkxzenqapsujocq.tif	1844467.926986	1844468.185577	1844468.892347	8.257992e-01	35	none	NaN	NaN
129	5	59	52	bathroom	sun_aunuadmjocsddsrl.tif	1844469.662030	1844469.920624	1844470.627407	7.840922e-01	42	none	NaN	NaN
129	5	60	15	bathroom	sun_abjtwfukuwddzted.tif	1844471.397088	1844471.655673	1844472.362512	8.424820e-01	5	none	NaN	NaN
129	5	61	42	bathroom	sun_apeeialkgkuxddgh.tif	1844473.132142	1844473.390732	1844474.097618	8.341406e-01	32	none	NaN	NaN
129	5	62	32	bathroom	sun_aleqenyvunhactkl.tif	1844474.867187	1844475.125775	1844475.832611	8.341406e-01	22	none	NaN	NaN
129	5	63	34	bathroom	sun_alkosphxlxwjwgjd.tif	1844476.602239	1844476.860831	1844477.567677	7.757508e-01	24	none	NaN	NaN
129	5	64	16	bathroom	sun_acduarbnmmoglmiv.tif	1844478.337298	1844478.595883	1844479.302702	8.257992e-01	6	none	NaN	NaN
129	5	65	44	bathroom	sun_apkruvsevgegsdwp.tif	1844480.072346	1844480.330936	1844481.037672	7.590679e-01	34	none	NaN	NaN
129	5	66	36	bathroom	sun_ambriybtogmepttm.tif	1844481.807397	1844482.065989	1844482.772692	7.507265e-01	26	none	NaN	NaN
129	5	67	27	bathroom	sun_ahcvzmoyaycdoftf.tif	1844483.542449	1844483.801040	1844484.507782	6.839953e-01	17	none	NaN	NaN
129	5	68	33	bathroom	sun_aljolscmmzydegqp.tif	1844485.277503	1844485.536087	1844486.242867	8.174578e-01	23	37	1844488.117147	0
129	5	69	49	bathroom	sun_asfwthctfqerjvxr.tif	1844488.889410	1844489.148001	1844489.854831	6.923367e-01	39	none	NaN	NaN
129	5	70	46	bathroom	sun_apmqjbnwghzuhhzh.tif	1844490.624463	1844490.883058	1844491.589842	6.589711e-01	36	39	1844492.277265	1
129	5	71	60	bathroom	sun_azqyogdvyhahyram.tif	1844493.051868	1844493.310457	1844494.017196	6.923367e-01	50	37	1844494.957264	1
129	5	72	56	bathroom	sun_awnqiikzaispgmwo.tif	1844495.729525	1844495.988109	1844496.695008	8.341406e-01	46	none	NaN	NaN
129	5	73	53	bathroom	sun_ausgutylgojavyoq.tif	1844497.464569	1844497.723161	1844498.429938	7.924336e-01	43	none	NaN	NaN
129	5	74	12	bathroom	sun_aapitsgbtktqubfy.tif	1844499.199627	1844499.458213	1844500.165087	7.924336e-01	2	none	NaN	NaN
129	5	75	38	bathroom	sun_anhioqovhscjqqwb.tif	1844500.934678	1844501.193270	1844501.899985	6.923367e-01	28	none	NaN	NaN
129	5	76	47	bathroom	sun_apynckhmoftszqoq.tif	1844502.669731	1844502.928312	1844503.635088	6.923367e-01	37	none	NaN	NaN
129	5	77	55	bathroom	sun_avhrdrntsqrjzccq.tif	1844504.404775	1844504.663373	1844505.370152	6.839953e-01	45	none	NaN	NaN
129	5	78	29	bathroom	sun_ahqjwnzgolcaoidx.tif	1844506.139833	1844506.398424	1844507.105294	8.424820e-01	19	none	NaN	NaN
129	5	79	20	bathroom	sun_afcoljnjfoxjtgja.tif	1844507.874884	1844508.133470	1844508.840182	7.840922e-01	10	39	1844509.989231	0
129	5	80	59	bathroom	sun_axyrejkiiaqiurjk.tif	1844510.761074	1844511.019666	1844511.726418	6.506297e-01	49	none	NaN	NaN
129	5	81	39	bathroom	sun_anryaplzeujmzfkd.tif	1844512.496122	1844512.754715	1844513.461519	7.257023e-01	29	none	NaN	NaN
129	5	82	18	bathroom	sun_acgyywnybuveqsro.tif	1844514.231179	1844514.489768	1844515.196660	7.340437e-01	8	none	NaN	NaN
129	5	83	21	bathroom	sun_aggnnqpdorgxpvce.tif	1844515.966231	1844516.224821	1844516.931692	7.090195e-01	11	none	NaN	NaN
129	5	84	37	bathroom	sun_amzlamotzwfkwjco.tif	1844517.701286	1844517.959871	1844518.666573	7.173609e-01	27	39	1844519.629260	1
129	5	85	11	bathroom	labelme_sfxiulhjbhlyiyt.tif	1844520.403956	1844520.662546	1844521.369292	7.340437e-01	1	37	1844522.309162	1
129	5	86	35	bathroom	sun_alotolagknyrgtsk.tif	1844523.081614	1844523.340200	1844524.046942	7.507265e-01	25	37	1844524.853204	1
129	5	87	30	bathroom	sun_ajlawzvmubibwbpy.tif	1844525.625798	1844525.884386	1844526.591213	7.674094e-01	20	none	NaN	NaN
129	5	88	57	bathroom	sun_axldvoqbuvuggfmq.tif	1844527.360847	1844527.619437	1844528.326279	6.839953e-01	47	none	NaN	NaN
129	5	89	22	bathroom	sun_agguqiubmwhqqunb.tif	1844529.095905	1844529.354496	1844530.061237	6.756539e-01	12	none	NaN	NaN
129	5	90	19	bathroom	sun_aclfzgynxzxlbepz.tif	1844530.830955	1844531.089544	1844531.796345	7.340437e-01	9	none	NaN	NaN
129	5	91	25	bathroom	sun_agyqfjcfkdcydepw.tif	1844532.566010	1844532.824598	1844533.531384	6.673125e-01	15	37	1844534.533089	1
129	5	92	43	bathroom	sun_apjevzvycyhuqghb.tif	1844535.310388	1844535.568984	1844536.275829	6.673125e-01	33	none	NaN	NaN
129	5	93	54	bathroom	sun_auzqhkafidnkrwmo.tif	1844537.045444	1844537.304032	1844538.010777	7.757508e-01	44	none	NaN	NaN
129	5	94	51	bathroom	sun_atstyziqcmkahyxk.tif	1844538.780497	1844539.039086	1844539.745835	7.423851e-01	41	none	NaN	NaN
129	5	95	24	bathroom	sun_agrwbmhcpmfuwmsg.tif	1844540.507205	1844540.765795	1844541.472568	6.839953e-01	14	none	NaN	NaN
129	5	96	23	bathroom	sun_aghyqhbptboemmoq.tif	1844542.242258	1844542.500847	1844543.207573	6.923367e-01	13	39	1844544.453329	1
129	5	97	40	bathroom	sun_aofnryafpsjimzsb.tif	1844545.228545	1844545.487135	1844546.194813	6.506297e-01	30	none	NaN	NaN
129	5	98	41	bathroom	sun_aoybiabnpadelefl.tif	1844546.963600	1844547.222189	1844547.928901	7.507265e-01	31	none	NaN	NaN
129	5	99	48	bathroom	sun_aqrpegblszgcoujh.tif	1844548.698653	1844548.957242	1844549.663987	7.924336e-01	38	none	NaN	NaN
129	5	100	17	bathroom	sun_acegryoqftbzowsg.tif	1844550.433707	1844550.692292	1844551.399193	8.257992e-01	7	none	NaN	NaN
129	6	1	64	kitchen	sun_aadbddgrdsjugojn.tif	1844571.638038	1844571.896628	1844572.636759	8.424820e-01	54	none	NaN	NaN
129	6	2	81	kitchen	sun_aehawpgmrlhlvcow.tif	1844573.406459	1844573.665051	1844574.405182	7.090195e-01	71	none	NaN	NaN
129	6	3	108	kitchen	sun_aymvwlarqodbwuoc.tif	1844575.174872	1844575.433467	1844576.173557	6.839953e-01	98	none	NaN	NaN
129	6	4	65	kitchen	sun_aamedkxepzlwuxes.tif	1844576.943297	1844577.201885	1844577.942017	8.257992e-01	55	none	NaN	NaN
129	6	5	87	kitchen	sun_agorklincwxrdtga.tif	1844578.711709	1844578.970304	1844579.710530	8.174578e-01	77	none	NaN	NaN
129	6	6	90	kitchen	sun_ahdycvpopffkzzsu.tif	1844580.480129	1844580.738722	1844581.478938	7.507265e-01	80	none	NaN	NaN
129	6	7	99	kitchen	sun_akcjzhbbjlbogpdi.tif	1844582.248546	1844582.507141	1844583.247194	7.674094e-01	89	39	1844583.996950	1
129	6	8	93	kitchen	sun_ahspylgoovwmwvgk.tif	1844584.767710	1844585.026300	1844585.766532	7.006781e-01	83	none	NaN	NaN
129	6	9	62	kitchen	labelme_kxvouciolcpqplr.tif	1844586.536129	1844586.794717	1844587.534789	6.673125e-01	52	none	NaN	NaN
129	6	10	69	kitchen	sun_abdenxonkemggwsq.tif	1844588.304549	1844588.563136	1844589.303332	6.839953e-01	59	none	NaN	NaN
129	6	11	98	kitchen	sun_akchetnepxlcxhsu.tif	1844590.072962	1844590.331551	1844591.071804	7.840922e-01	88	none	NaN	NaN
129	6	12	106	kitchen	sun_awcpdzzznmweyyhv.tif	1844591.841382	1844592.099969	1844592.840149	7.924336e-01	96	none	NaN	NaN
129	6	13	109	kitchen	sun_aypmqwcualkenuoe.tif	1844593.609803	1844593.868391	1844594.608517	6.923367e-01	99	none	NaN	NaN
129	6	14	100	kitchen	sun_amjjdeyrggfqgmom.tif	1844595.378219	1844595.636806	1844596.376979	7.173609e-01	90	none	NaN	NaN
129	6	15	89	kitchen	sun_agzzivivdpnawacl.tif	1844597.146635	1844597.405230	1844598.145455	8.257992e-01	79	none	NaN	NaN
129	6	16	103	kitchen	sun_aunzlwrbjumxhwdj.tif	1844598.915056	1844599.173642	1844599.913874	6.923367e-01	93	none	NaN	NaN
129	6	17	78	kitchen	sun_adgqasybjyktddhj.tif	1844600.683474	1844600.942064	1844601.682297	8.341406e-01	68	none	NaN	NaN
129	6	18	68	kitchen	sun_aaxxjlsuzvqlgylf.tif	1844602.451892	1844602.710485	1844603.450572	8.257992e-01	58	none	NaN	NaN
129	6	19	71	kitchen	sun_abftihopvusyfakt.tif	1844604.220312	1844604.478900	1844605.219134	7.090195e-01	61	none	NaN	NaN
129	6	20	105	kitchen	sun_avszsnwsbuqfgzbn.tif	1844605.988724	1844606.247317	1844606.987412	6.506297e-01	95	37	1844607.660932	0
129	6	21	73	kitchen	sun_abrcnpqqhmjwekyf.tif	1844608.432815	1844608.691403	1844609.431660	7.590679e-01	63	none	NaN	NaN
129	6	22	67	kitchen	sun_aarfiyshqohlwkmo.tif	1844610.201234	1844610.459825	1844611.200086	7.757508e-01	57	none	NaN	NaN
129	6	23	86	kitchen	sun_aggjlwcdjsjcaemh.tif	1844611.969649	1844612.228241	1844612.968361	8.007750e-01	76	none	NaN	NaN
129	6	24	74	kitchen	sun_acfmftudsenhrfhy.tif	1844613.738073	1844613.996657	1844614.736890	6.589711e-01	64	none	NaN	NaN
129	6	25	66	kitchen	sun_aapllqyqlykszopd.tif	1844615.506492	1844615.765081	1844616.505214	7.173609e-01	56	none	NaN	NaN
129	6	26	95	kitchen	sun_aixorpehvfykdynp.tif	1844617.274909	1844617.533493	1844618.273555	7.590679e-01	85	none	NaN	NaN
129	6	27	70	kitchen	sun_abdxkyyxwfskuaqb.tif	1844619.043324	1844619.301917	1844620.042116	8.341406e-01	60	39	1844621.765322	1
129	6	28	75	kitchen	sun_acgtpgfybqjmzeyw.tif	1844622.538455	1844622.797044	1844623.537249	8.424820e-01	65	none	NaN	NaN
129	6	29	94	kitchen	sun_ahywdevtimnqcsln.tif	1844624.306873	1844624.565461	1844625.305614	7.423851e-01	84	none	NaN	NaN
129	6	30	85	kitchen	sun_afuyedyxivkhecmu.tif	1844626.075287	1844626.333884	1844627.073965	7.840922e-01	75	none	NaN	NaN
129	6	31	107	kitchen	sun_axyyrmzcupyhlivc.tif	1844627.843713	1844628.102302	1844628.842549	8.174578e-01	97	none	NaN	NaN
129	6	32	91	kitchen	sun_ahljzhgcdpomplvg.tif	1844629.612123	1844629.870714	1844630.610847	7.257023e-01	81	none	NaN	NaN
129	6	33	96	kitchen	sun_ajcbwwvdlsvjyzje.tif	1844631.380545	1844631.639135	1844632.379366	7.757508e-01	86	39	1844633.309197	1
129	6	34	82	kitchen	sun_aenotlpyftoioydp.tif	1844634.083224	1844634.341808	1844635.082076	7.590679e-01	72	37	1844635.781131	1
129	6	35	102	kitchen	sun_auaiucuqpdausiva.tif	1844636.552335	1844636.810923	1844637.551178	8.007750e-01	92	37	1844638.349140	1
129	6	36	72	kitchen	sun_abpwyqmlzafvklqo.tif	1844639.121548	1844639.380132	1844640.120363	7.257023e-01	62	none	NaN	NaN
129	6	37	84	kitchen	sun_aexklacwqwezaorf.tif	1844640.889963	1844641.148557	1844641.888811	7.674094e-01	74	39	1844642.613287	1
129	6	38	101	kitchen	sun_aqeaevwwwjoqhzvl.tif	1844643.384095	1844643.642691	1844644.382834	7.674094e-01	91	none	NaN	NaN
129	6	39	110	kitchen	sun_azmutvzbxypaceni.tif	1844645.152521	1844645.411112	1844646.151291	6.589711e-01	100	none	NaN	NaN
129	6	40	83	kitchen	sun_aeqdocilnnpuvuhx.tif	1844646.920934	1844647.179527	1844647.919684	8.007750e-01	73	none	NaN	NaN
129	6	41	77	kitchen	sun_acxkpeoqbwcxfvip.tif	1844648.689355	1844648.947946	1844649.688197	8.257992e-01	67	none	NaN	NaN
129	6	42	63	kitchen	labelme_rykdqxenmhulbdn.tif	1844650.457772	1844650.716359	1844651.456425	6.506297e-01	53	none	NaN	NaN
129	6	43	80	kitchen	sun_aegoxogugdkwpmpj.tif	1844652.226186	1844652.484785	1844653.224950	7.090195e-01	70	none	NaN	NaN
129	6	44	79	kitchen	sun_admlmbcdswaszruo.tif	1844653.994608	1844654.253202	1844654.993288	7.924336e-01	69	37	1844656.124929	1
129	6	45	61	kitchen	labelme_brsyyvweiuaazfr.tif	1844656.897483	1844657.156078	1844657.896330	7.006781e-01	51	none	NaN	NaN
129	6	46	97	kitchen	sun_ajkqhtgcbgpcwrwn.tif	1844658.665904	1844658.924492	1844659.664702	7.090195e-01	87	none	NaN	NaN
129	6	47	88	kitchen	sun_agubuxuukhzyzpdp.tif	1844660.434321	1844660.692910	1844661.433048	7.340437e-01	78	none	NaN	NaN
129	6	48	104	kitchen	sun_auticobqsbwgoppi.tif	1844662.202734	1844662.461327	1844663.201517	7.757508e-01	94	none	NaN	NaN
129	6	49	76	kitchen	sun_acwjdupvyjsugpay.tif	1844663.971153	1844664.229740	1844664.969880	7.590679e-01	66	none	NaN	NaN
129	6	50	92	kitchen	sun_ahpczsiumwwocjkv.tif	1844665.739573	1844665.998163	1844666.738385	7.173609e-01	82	none	NaN	NaN
129	6	51	105	kitchen	sun_avszsnwsbuqfgzbn.tif	1844667.507992	1844667.766584	1844668.506676	8.257992e-01	95	none	NaN	NaN
129	6	52	92	kitchen	sun_ahpczsiumwwocjkv.tif	1844669.276411	1844669.535003	1844670.275240	8.341406e-01	82	none	NaN	NaN
129	6	53	83	kitchen	sun_aeqdocilnnpuvuhx.tif	1844671.044826	1844671.303420	1844672.043494	7.340437e-01	73	none	NaN	NaN
129	6	54	94	kitchen	sun_ahywdevtimnqcsln.tif	1844672.804905	1844673.063494	1844673.803683	8.091164e-01	84	none	NaN	NaN
129	6	55	101	kitchen	sun_aqeaevwwwjoqhzvl.tif	1844674.573328	1844674.831913	1844675.572045	7.006781e-01	91	none	NaN	NaN
129	6	56	81	kitchen	sun_aehawpgmrlhlvcow.tif	1844676.341747	1844676.600330	1844677.340440	6.839953e-01	71	none	NaN	NaN
129	6	57	87	kitchen	sun_agorklincwxrdtga.tif	1844678.110161	1844678.368745	1844679.108984	8.091164e-01	77	none	NaN	NaN
129	6	58	89	kitchen	sun_agzzivivdpnawacl.tif	1844679.878577	1844680.137168	1844680.877430	7.257023e-01	79	none	NaN	NaN
129	6	59	74	kitchen	sun_acfmftudsenhrfhy.tif	1844681.646999	1844681.905585	1844682.645682	8.007750e-01	64	none	NaN	NaN
129	6	60	67	kitchen	sun_aarfiyshqohlwkmo.tif	1844683.415414	1844683.674010	1844684.414137	6.923367e-01	57	none	NaN	NaN
129	6	61	63	kitchen	labelme_rykdqxenmhulbdn.tif	1844685.183833	1844685.442424	1844686.182650	6.673125e-01	53	none	NaN	NaN
129	6	62	84	kitchen	sun_aexklacwqwezaorf.tif	1844686.952251	1844687.210842	1844687.950906	6.589711e-01	74	none	NaN	NaN
129	6	63	103	kitchen	sun_aunzlwrbjumxhwdj.tif	1844688.712331	1844688.970918	1844689.711094	6.923367e-01	93	37	1844690.525168	1
129	6	64	91	kitchen	sun_ahljzhgcdpomplvg.tif	1844691.298224	1844691.556809	1844692.297060	6.923367e-01	81	none	NaN	NaN
129	6	65	62	kitchen	labelme_kxvouciolcpqplr.tif	1844693.066639	1844693.325228	1844694.065440	7.423851e-01	52	37	1844694.981302	0
129	6	66	106	kitchen	sun_awcpdzzznmweyyhv.tif	1844695.752638	1844696.011222	1844696.751320	6.673125e-01	96	none	NaN	NaN
129	6	67	68	kitchen	sun_aaxxjlsuzvqlgylf.tif	1844697.521058	1844697.779643	1844698.519831	7.507265e-01	58	none	NaN	NaN
129	6	68	65	kitchen	sun_aamedkxepzlwuxes.tif	1844699.289468	1844699.548064	1844700.288245	7.340437e-01	55	none	NaN	NaN
129	6	69	96	kitchen	sun_ajcbwwvdlsvjyzje.tif	1844701.057889	1844701.316483	1844702.056725	7.006781e-01	86	none	NaN	NaN
129	6	70	110	kitchen	sun_azmutvzbxypaceni.tif	1844702.826302	1844703.084898	1844703.825087	8.424820e-01	100	none	NaN	NaN
129	6	71	77	kitchen	sun_acxkpeoqbwcxfvip.tif	1844704.594729	1844704.853318	1844705.593482	8.508234e-01	67	39	1844706.373308	1
129	6	72	86	kitchen	sun_aggjlwcdjsjcaemh.tif	1844707.147253	1844707.405846	1844708.145939	7.924336e-01	76	none	NaN	NaN
129	6	73	64	kitchen	sun_aadbddgrdsjugojn.tif	1844708.907323	1844709.165918	1844709.905992	6.756539e-01	54	none	NaN	NaN
129	6	74	76	kitchen	sun_acwjdupvyjsugpay.tif	1844710.675753	1844710.934340	1844711.674582	8.174578e-01	66	none	NaN	NaN
129	6	75	104	kitchen	sun_auticobqsbwgoppi.tif	1844712.444168	1844712.702757	1844713.442821	8.508234e-01	94	none	NaN	NaN
129	6	76	95	kitchen	sun_aixorpehvfykdynp.tif	1844714.212582	1844714.471174	1844715.211327	7.507265e-01	85	none	NaN	NaN
129	6	77	109	kitchen	sun_aypmqwcualkenuoe.tif	1844715.981001	1844716.239591	1844716.979850	8.341406e-01	99	none	NaN	NaN
129	6	78	108	kitchen	sun_aymvwlarqodbwuoc.tif	1844717.749421	1844718.008015	1844718.748158	6.756539e-01	98	37	1844721.157180	1
129	6	79	100	kitchen	sun_amjjdeyrggfqgmom.tif	1844721.928559	1844722.187149	1844722.927222	7.590679e-01	90	none	NaN	NaN
129	6	80	99	kitchen	sun_akcjzhbbjlbogpdi.tif	1844723.696981	1844723.955569	1844724.695844	6.589711e-01	89	none	NaN	NaN
129	6	81	70	kitchen	sun_abdxkyyxwfskuaqb.tif	1844725.465399	1844725.723992	1844726.464235	7.173609e-01	60	none	NaN	NaN
129	6	82	75	kitchen	sun_acgtpgfybqjmzeyw.tif	1844727.233815	1844727.492411	1844728.232572	6.673125e-01	65	37	1844729.149341	1
129	6	83	90	kitchen	sun_ahdycvpopffkzzsu.tif	1844729.919812	1844730.178399	1844730.918457	6.756539e-01	80	none	NaN	NaN
129	6	84	97	kitchen	sun_ajkqhtgcbgpcwrwn.tif	1844731.688227	1844731.946822	1844732.687013	6.839953e-01	87	none	NaN	NaN
129	6	85	88	kitchen	sun_agubuxuukhzyzpdp.tif	1844733.456648	1844733.715237	1844734.455450	6.506297e-01	78	none	NaN	NaN
129	6	86	80	kitchen	sun_aegoxogugdkwpmpj.tif	1844735.225063	1844735.483654	1844736.223727	8.091164e-01	70	none	NaN	NaN
129	6	87	82	kitchen	sun_aenotlpyftoioydp.tif	1844736.993482	1844737.252091	1844737.992274	7.257023e-01	72	none	NaN	NaN
129	6	88	102	kitchen	sun_auaiucuqpdausiva.tif	1844738.761902	1844739.020490	1844739.760563	7.924336e-01	92	39	1844740.541080	1
129	6	89	66	kitchen	sun_aapllqyqlykszopd.tif	1844741.314433	1844741.573017	1844742.313283	7.840922e-01	56	none	NaN	NaN
129	6	90	78	kitchen	sun_adgqasybjyktddhj.tif	1844743.082846	1844743.341445	1844744.081552	8.091164e-01	68	none	NaN	NaN
129	6	91	61	kitchen	labelme_brsyyvweiuaazfr.tif	1844744.851270	1844745.109849	1844745.850080	8.174578e-01	51	none	NaN	NaN
129	6	92	79	kitchen	sun_admlmbcdswaszruo.tif	1844746.619682	1844746.878273	1844747.618492	8.424820e-01	69	37	1844748.637134	1
129	6	93	73	kitchen	sun_abrcnpqqhmjwekyf.tif	1844749.414119	1844749.672705	1844750.412855	7.674094e-01	63	none	NaN	NaN
129	6	94	69	kitchen	sun_abdenxonkemggwsq.tif	1844751.182533	1844751.441120	1844752.181365	6.756539e-01	59	none	NaN	NaN
129	6	95	98	kitchen	sun_akchetnepxlcxhsu.tif	1844752.950953	1844753.209540	1844753.949638	7.757508e-01	88	none	NaN	NaN
129	6	96	107	kitchen	sun_axyyrmzcupyhlivc.tif	1844754.719372	1844754.977959	1844755.718114	7.840922e-01	97	none	NaN	NaN
129	6	97	71	kitchen	sun_abftihopvusyfakt.tif	1844756.487792	1844756.746382	1844757.486607	7.507265e-01	61	none	NaN	NaN
129	6	98	85	kitchen	sun_afuyedyxivkhecmu.tif	1844758.256207	1844758.514803	1844759.254938	7.340437e-01	75	none	NaN	NaN
129	6	99	93	kitchen	sun_ahspylgoovwmwvgk.tif	1844760.024633	1844760.283218	1844761.023338	7.423851e-01	83	none	NaN	NaN
129	6	100	72	kitchen	sun_abpwyqmlzafvklqo.tif	1844761.793044	1844762.051635	1844762.791759	7.423851e-01	62	none	NaN	NaN
129	7	1	30	bathroom	sun_ajlawzvmubibwbpy.tif	1844789.687342	1844789.945930	1844790.635998	6.673125e-01	20	37	1844791.341367	1
129	7	2	24	bathroom	sun_agrwbmhcpmfuwmsg.tif	1844792.114747	1844792.373335	1844793.063346	7.423851e-01	14	none	NaN	NaN
129	7	3	18	bathroom	sun_acgyywnybuveqsro.tif	1844793.833114	1844794.091700	1844794.781760	7.674094e-01	8	none	NaN	NaN
129	7	4	11	bathroom	labelme_sfxiulhjbhlyiyt.tif	1844795.551479	1844795.810068	1844796.500203	7.507265e-01	1	none	NaN	NaN
129	7	5	36	bathroom	sun_ambriybtogmepttm.tif	1844797.269850	1844797.528441	1844798.218599	7.840922e-01	26	none	NaN	NaN
129	7	6	59	bathroom	sun_axyrejkiiaqiurjk.tif	1844798.988214	1844799.246802	1844799.936813	8.007750e-01	49	39	1844800.773261	1
129	7	7	41	bathroom	sun_aoybiabnpadelefl.tif	1844801.549090	1844801.807681	1844802.497837	7.006781e-01	31	none	NaN	NaN
129	7	8	27	bathroom	sun_ahcvzmoyaycdoftf.tif	1844803.267458	1844803.526045	1844804.216244	7.340437e-01	17	none	NaN	NaN
129	7	9	33	bathroom	sun_aljolscmmzydegqp.tif	1844804.985818	1844805.244416	1844805.934559	7.423851e-01	23	none	NaN	NaN
129	7	10	19	bathroom	sun_aclfzgynxzxlbepz.tif	1844806.704197	1844806.962787	1844807.652949	6.756539e-01	9	none	NaN	NaN
129	7	11	50	bathroom	sun_aspsyogrekjtfozg.tif	1844808.422566	1844808.681158	1844809.371184	7.507265e-01	40	none	NaN	NaN
129	7	12	25	bathroom	sun_agyqfjcfkdcydepw.tif	1844810.140934	1844810.399524	1844811.089639	6.506297e-01	15	37	1844811.853268	1
129	7	13	48	bathroom	sun_aqrpegblszgcoujh.tif	1844812.626732	1844812.885319	1844813.575431	8.007750e-01	38	none	NaN	NaN
129	7	14	52	bathroom	sun_aunuadmjocsddsrl.tif	1844814.345095	1844814.603683	1844815.293702	8.341406e-01	42	none	NaN	NaN
129	7	15	45	bathroom	sun_apkxzenqapsujocq.tif	1844816.063464	1844816.322051	1844817.012261	7.924336e-01	35	none	NaN	NaN
129	7	16	54	bathroom	sun_auzqhkafidnkrwmo.tif	1844817.781838	1844818.040424	1844818.730529	6.839953e-01	44	none	NaN	NaN
129	7	17	43	bathroom	sun_apjevzvycyhuqghb.tif	1844819.500200	1844819.758791	1844820.448863	6.923367e-01	33	37	1844821.261150	1
129	7	18	23	bathroom	sun_aghyqhbptboemmoq.tif	1844822.036047	1844822.294635	1844822.984816	7.590679e-01	13	none	NaN	NaN
129	7	19	57	bathroom	sun_axldvoqbuvuggfmq.tif	1844823.754414	1844824.013004	1844824.703224	7.507265e-01	47	none	NaN	NaN
129	7	20	13	bathroom	sun_aavhrsfjbserjtht.tif	1844825.472783	1844825.731377	1844826.421388	8.174578e-01	3	none	NaN	NaN
129	7	21	28	bathroom	sun_ahijqszoswveeyji.tif	1844827.191151	1844827.449731	1844828.139806	7.340437e-01	18	39	1844829.004910	1
129	7	22	51	bathroom	sun_atstyziqcmkahyxk.tif	1844829.777052	1844830.035635	1844830.725739	7.257023e-01	41	none	NaN	NaN
129	7	23	55	bathroom	sun_avhrdrntsqrjzccq.tif	1844831.495417	1844831.754010	1844832.444041	7.090195e-01	45	none	NaN	NaN
129	7	24	40	bathroom	sun_aofnryafpsjimzsb.tif	1844833.213787	1844833.472376	1844834.162512	6.923367e-01	30	none	NaN	NaN
129	7	25	44	bathroom	sun_apkruvsevgegsdwp.tif	1844834.932154	1844835.190745	1844835.880852	8.091164e-01	34	none	NaN	NaN
129	7	26	42	bathroom	sun_apeeialkgkuxddgh.tif	1844836.650525	1844836.909116	1844837.599251	8.174578e-01	32	none	NaN	NaN
129	7	27	20	bathroom	sun_afcoljnjfoxjtgja.tif	1844838.368887	1844838.627477	1844839.317639	7.173609e-01	10	none	NaN	NaN
129	7	28	17	bathroom	sun_acegryoqftbzowsg.tif	1844840.087257	1844840.345853	1844841.036009	8.257992e-01	7	none	NaN	NaN
129	7	29	37	bathroom	sun_amzlamotzwfkwjco.tif	1844841.805625	1844842.064218	1844842.754300	6.923367e-01	27	none	NaN	NaN
129	7	30	16	bathroom	sun_acduarbnmmoglmiv.tif	1844843.523996	1844843.782586	1844844.472812	6.839953e-01	6	none	NaN	NaN
129	7	31	34	bathroom	sun_alkosphxlxwjwgjd.tif	1844845.242370	1844845.500956	1844846.191142	8.341406e-01	24	none	NaN	NaN
129	7	32	49	bathroom	sun_asfwthctfqerjvxr.tif	1844846.960730	1844847.219327	1844847.909496	7.674094e-01	39	none	NaN	NaN
129	7	33	31	bathroom	sun_akiytfaagpdsphgz.tif	1844848.679107	1844848.937690	1844849.627761	7.924336e-01	21	none	NaN	NaN
129	7	34	53	bathroom	sun_ausgutylgojavyoq.tif	1844850.397472	1844850.656060	1844851.346245	7.090195e-01	43	39	1844852.109099	1
129	7	35	39	bathroom	sun_anryaplzeujmzfkd.tif	1844852.883262	1844853.141861	1844853.831943	8.424820e-01	29	none	NaN	NaN
129	7	36	21	bathroom	sun_aggnnqpdorgxpvce.tif	1844854.601632	1844854.860223	1844855.550261	7.924336e-01	11	39	1844856.677131	1
129	7	37	56	bathroom	sun_awnqiikzaispgmwo.tif	1844857.454461	1844857.713052	1844858.403064	7.340437e-01	46	none	NaN	NaN
129	7	38	14	bathroom	sun_abapwbhyhkfixyex.tif	1844859.172828	1844859.431422	1844860.121490	8.174578e-01	4	none	NaN	NaN
129	7	39	60	bathroom	sun_azqyogdvyhahyram.tif	1844860.891199	1844861.149787	1844861.839813	7.590679e-01	50	none	NaN	NaN
129	7	40	38	bathroom	sun_anhioqovhscjqqwb.tif	1844862.609567	1844862.868158	1844863.558270	8.257992e-01	28	none	NaN	NaN
129	7	41	47	bathroom	sun_apynckhmoftszqoq.tif	1844864.327939	1844864.586528	1844865.276674	6.506297e-01	37	none	NaN	NaN
129	7	42	12	bathroom	sun_aapitsgbtktqubfy.tif	1844866.046301	1844866.304892	1844866.996492	8.007750e-01	2	none	NaN	NaN
129	7	43	22	bathroom	sun_agguqiubmwhqqunb.tif	1844867.764671	1844868.023266	1844868.713320	7.423851e-01	12	37	1844869.613271	1
129	7	44	46	bathroom	sun_apmqjbnwghzuhhzh.tif	1844870.383933	1844870.642518	1844871.332708	8.341406e-01	36	none	NaN	NaN
129	7	45	58	bathroom	sun_axxbkopsgyouuebh.tif	1844872.102304	1844872.360894	1844873.051028	8.257992e-01	48	none	NaN	NaN
129	7	46	35	bathroom	sun_alotolagknyrgtsk.tif	1844873.820668	1844874.079262	1844874.769311	8.424820e-01	25	none	NaN	NaN
129	7	47	26	bathroom	sun_ahaulkltgpkeeemi.tif	1844875.539040	1844875.797633	1844876.487701	8.091164e-01	16	none	NaN	NaN
129	7	48	29	bathroom	sun_ahqjwnzgolcaoidx.tif	1844877.257409	1844877.516001	1844878.206105	6.673125e-01	19	none	NaN	NaN
129	7	49	32	bathroom	sun_aleqenyvunhactkl.tif	1844878.975775	1844879.234372	1844879.924553	7.590679e-01	22	none	NaN	NaN
129	7	50	15	bathroom	sun_abjtwfukuwddzted.tif	1844880.694144	1844880.952737	1844881.642876	6.589711e-01	5	none	NaN	NaN
129	7	51	16	bathroom	sun_acduarbnmmoglmiv.tif	1844882.412514	1844882.671106	1844883.361294	7.173609e-01	6	none	NaN	NaN
129	7	52	53	bathroom	sun_ausgutylgojavyoq.tif	1844884.130882	1844884.389476	1844885.079623	8.341406e-01	43	none	NaN	NaN
129	7	53	23	bathroom	sun_aghyqhbptboemmoq.tif	1844885.849252	1844886.107840	1844886.797892	7.757508e-01	13	none	NaN	NaN
129	7	54	17	bathroom	sun_acegryoqftbzowsg.tif	1844887.567616	1844887.826209	1844888.516311	6.673125e-01	7	none	NaN	NaN
129	7	55	32	bathroom	sun_aleqenyvunhactkl.tif	1844889.285986	1844889.544579	1844890.234591	8.424820e-01	22	37	1844891.085209	1
129	7	56	37	bathroom	sun_amzlamotzwfkwjco.tif	1844891.855202	1844892.113791	1844892.803952	8.091164e-01	27	none	NaN	NaN
129	7	57	59	bathroom	sun_axyrejkiiaqiurjk.tif	1844893.573574	1844893.832160	1844894.522256	7.507265e-01	49	39	1844895.325251	1
129	7	58	41	bathroom	sun_aoybiabnpadelefl.tif	1844896.101073	1844896.359664	1844897.049854	7.006781e-01	31	none	NaN	NaN
129	7	59	26	bathroom	sun_ahaulkltgpkeeemi.tif	1844897.819444	1844898.078027	1844898.768147	8.091164e-01	16	none	NaN	NaN
129	7	60	55	bathroom	sun_avhrdrntsqrjzccq.tif	1844899.537811	1844899.796404	1844900.486578	6.756539e-01	45	none	NaN	NaN
129	7	61	40	bathroom	sun_aofnryafpsjimzsb.tif	1844901.256177	1844901.514765	1844902.204837	7.340437e-01	30	none	NaN	NaN
129	7	62	33	bathroom	sun_aljolscmmzydegqp.tif	1844902.974549	1844903.233141	1844903.923341	6.923367e-01	23	none	NaN	NaN
129	7	63	24	bathroom	sun_agrwbmhcpmfuwmsg.tif	1844904.692918	1844904.951509	1844905.641606	7.590679e-01	14	none	NaN	NaN
129	7	64	39	bathroom	sun_anryaplzeujmzfkd.tif	1844906.411287	1844906.669876	1844907.360004	8.508234e-01	29	none	NaN	NaN
129	7	65	38	bathroom	sun_anhioqovhscjqqwb.tif	1844908.129658	1844908.388238	1844909.078344	6.589711e-01	28	none	NaN	NaN
129	7	66	15	bathroom	sun_abjtwfukuwddzted.tif	1844909.848023	1844910.106610	1844910.796625	6.756539e-01	5	none	NaN	NaN
129	7	67	42	bathroom	sun_apeeialkgkuxddgh.tif	1844911.566387	1844911.824979	1844912.515115	7.840922e-01	32	none	NaN	NaN
129	7	68	11	bathroom	labelme_sfxiulhjbhlyiyt.tif	1844913.284759	1844913.543349	1844914.233456	8.508234e-01	1	none	NaN	NaN
129	7	69	12	bathroom	sun_aapitsgbtktqubfy.tif	1844915.003129	1844915.261717	1844915.951847	6.839953e-01	2	none	NaN	NaN
129	7	70	43	bathroom	sun_apjevzvycyhuqghb.tif	1844916.721498	1844916.980089	1844917.670097	7.257023e-01	33	none	NaN	NaN
129	7	71	47	bathroom	sun_apynckhmoftszqoq.tif	1844918.439864	1844918.698457	1844919.389232	8.007750e-01	37	37	1844920.116911	1
129	7	72	34	bathroom	sun_alkosphxlxwjwgjd.tif	1844920.892298	1844921.150884	1844921.840910	7.590679e-01	24	none	NaN	NaN
129	7	73	30	bathroom	sun_ajlawzvmubibwbpy.tif	1844922.610665	1844922.869253	1844923.559346	7.173609e-01	20	none	NaN	NaN
129	7	74	56	bathroom	sun_awnqiikzaispgmwo.tif	1844924.329031	1844924.587621	1844925.277669	6.589711e-01	46	none	NaN	NaN
129	7	75	36	bathroom	sun_ambriybtogmepttm.tif	1844926.047403	1844926.305992	1844926.996097	8.174578e-01	26	none	NaN	NaN
129	7	76	46	bathroom	sun_apmqjbnwghzuhhzh.tif	1844927.765770	1844928.024363	1844928.714453	6.673125e-01	36	none	NaN	NaN
129	7	77	14	bathroom	sun_abapwbhyhkfixyex.tif	1844929.484175	1844929.742726	1844930.432986	7.757508e-01	4	none	NaN	NaN
129	7	78	19	bathroom	sun_aclfzgynxzxlbepz.tif	1844931.202507	1844931.461092	1844932.151104	6.923367e-01	9	none	NaN	NaN
129	7	79	25	bathroom	sun_agyqfjcfkdcydepw.tif	1844932.920872	1844933.179467	1844933.869536	7.006781e-01	15	none	NaN	NaN
129	7	80	13	bathroom	sun_aavhrsfjbserjtht.tif	1844934.639243	1844934.897838	1844935.588038	7.257023e-01	3	none	NaN	NaN
129	7	81	60	bathroom	sun_azqyogdvyhahyram.tif	1844936.357616	1844936.616200	1844937.306263	7.423851e-01	50	none	NaN	NaN
129	7	82	50	bathroom	sun_aspsyogrekjtfozg.tif	1844938.075981	1844938.334567	1844939.024682	6.506297e-01	40	39	1844940.101271	1
129	7	83	22	bathroom	sun_agguqiubmwhqqunb.tif	1844940.878755	1844941.137348	1844941.827497	6.589711e-01	12	none	NaN	NaN
129	7	84	20	bathroom	sun_afcoljnjfoxjtgja.tif	1844942.597125	1844942.855718	1844943.545858	8.257992e-01	10	none	NaN	NaN
129	7	85	18	bathroom	sun_acgyywnybuveqsro.tif	1844944.315494	1844944.574080	1844945.264279	6.756539e-01	8	none	NaN	NaN
129	7	86	58	bathroom	sun_axxbkopsgyouuebh.tif	1844946.033864	1844946.292452	1844946.982466	7.757508e-01	48	none	NaN	NaN
129	7	87	35	bathroom	sun_alotolagknyrgtsk.tif	1844947.752232	1844948.010822	1844948.701018	7.257023e-01	25	none	NaN	NaN
129	7	88	44	bathroom	sun_apkruvsevgegsdwp.tif	1844949.470603	1844949.729192	1844950.419372	7.006781e-01	34	none	NaN	NaN
129	7	89	48	bathroom	sun_aqrpegblszgcoujh.tif	1844951.188967	1844951.447559	1844952.137610	7.840922e-01	38	none	NaN	NaN
129	7	90	45	bathroom	sun_apkxzenqapsujocq.tif	1844952.907338	1844953.165920	1844953.856001	7.840922e-01	35	none	NaN	NaN
129	7	91	57	bathroom	sun_axldvoqbuvuggfmq.tif	1844954.625707	1844954.884298	1844955.574407	7.090195e-01	47	39	1844956.405206	1
129	7	92	51	bathroom	sun_atstyziqcmkahyxk.tif	1844957.178234	1844957.436824	1844958.126831	7.173609e-01	41	none	NaN	NaN
129	7	93	31	bathroom	sun_akiytfaagpdsphgz.tif	1844958.896607	1844959.155189	1844959.845245	7.924336e-01	21	none	NaN	NaN
129	7	94	29	bathroom	sun_ahqjwnzgolcaoidx.tif	1844960.614973	1844960.873561	1844961.563728	8.257992e-01	19	none	NaN	NaN
129	7	95	54	bathroom	sun_auzqhkafidnkrwmo.tif	1844962.333340	1844962.591931	1844963.281952	8.424820e-01	44	37	1844965.757141	1
129	7	96	49	bathroom	sun_asfwthctfqerjvxr.tif	1844966.529162	1844966.787756	1844967.477797	7.757508e-01	39	none	NaN	NaN
129	7	97	52	bathroom	sun_aunuadmjocsddsrl.tif	1844968.247525	1844968.506120	1844969.196198	7.674094e-01	42	none	NaN	NaN
129	7	98	28	bathroom	sun_ahijqszoswveeyji.tif	1844969.965899	1844970.224489	1844970.914619	6.839953e-01	18	none	NaN	NaN
129	7	99	21	bathroom	sun_aggnnqpdorgxpvce.tif	1844971.684269	1844971.942866	1844972.632903	7.090195e-01	11	37	1844973.373115	1
129	7	100	27	bathroom	sun_ahcvzmoyaycdoftf.tif	1844974.145041	1844974.403631	1844975.093761	7.674094e-01	17	none	NaN	NaN
129	8	1	66	kitchen	sun_aapllqyqlykszopd.tif	1844995.574599	1844995.833186	1844996.515046	6.756539e-01	56	none	NaN	NaN
129	8	2	91	kitchen	sun_ahljzhgcdpomplvg.tif	1844997.284626	1844997.543213	1844998.224951	7.590679e-01	81	37	1844999.309146	1
129	8	3	104	kitchen	sun_auticobqsbwgoppi.tif	1845000.087401	1845000.345986	1845001.027706	8.508234e-01	94	none	NaN	NaN
129	8	4	109	kitchen	sun_aypmqwcualkenuoe.tif	1845001.797431	1845002.056016	1845002.737751	7.757508e-01	99	none	NaN	NaN
129	8	5	81	kitchen	sun_aehawpgmrlhlvcow.tif	1845003.507455	1845003.766043	1845004.447904	7.090195e-01	71	37	1845005.037210	1
129	8	6	101	kitchen	sun_aqeaevwwwjoqhzvl.tif	1845005.809737	1845006.068324	1845006.750176	7.257023e-01	91	none	NaN	NaN
129	8	7	85	kitchen	sun_afuyedyxivkhecmu.tif	1845007.519762	1845007.778351	1845008.460123	8.257992e-01	75	none	NaN	NaN
129	8	8	83	kitchen	sun_aeqdocilnnpuvuhx.tif	1845009.229789	1845009.488377	1845010.170160	6.923367e-01	73	none	NaN	NaN
129	8	9	80	kitchen	sun_aegoxogugdkwpmpj.tif	1845010.939818	1845011.198404	1845011.880077	8.091164e-01	70	none	NaN	NaN
129	8	10	86	kitchen	sun_aggjlwcdjsjcaemh.tif	1845012.649845	1845012.908433	1845013.590287	6.673125e-01	76	39	1845014.389194	1
129	8	11	65	kitchen	sun_aamedkxepzlwuxes.tif	1845015.160671	1845015.419256	1845016.101026	7.006781e-01	55	none	NaN	NaN
129	8	12	98	kitchen	sun_akchetnepxlcxhsu.tif	1845016.870690	1845017.129279	1845017.811024	7.006781e-01	88	none	NaN	NaN
129	8	13	77	kitchen	sun_acxkpeoqbwcxfvip.tif	1845018.580719	1845018.839306	1845019.521001	8.007750e-01	67	none	NaN	NaN
129	8	14	96	kitchen	sun_ajcbwwvdlsvjyzje.tif	1845020.290743	1845020.549333	1845021.231144	8.257992e-01	86	none	NaN	NaN
129	8	15	84	kitchen	sun_aexklacwqwezaorf.tif	1845022.000775	1845022.259360	1845022.941211	7.257023e-01	74	39	1845024.572931	1
129	8	16	79	kitchen	sun_admlmbcdswaszruo.tif	1845025.345747	1845025.604341	1845026.286016	7.507265e-01	69	none	NaN	NaN
129	8	17	89	kitchen	sun_agzzivivdpnawacl.tif	1845027.055777	1845027.314371	1845027.996167	8.424820e-01	79	37	1845028.645196	1
129	8	18	92	kitchen	sun_ahpczsiumwwocjkv.tif	1845029.416451	1845029.675038	1845030.356900	8.424820e-01	82	none	NaN	NaN
129	8	19	93	kitchen	sun_ahspylgoovwmwvgk.tif	1845031.126477	1845031.385063	1845032.066832	7.757508e-01	83	39	1845032.877228	1
129	8	20	87	kitchen	sun_agorklincwxrdtga.tif	1845033.653980	1845033.912571	1845034.594285	7.840922e-01	77	37	1845037.733109	1
129	8	21	68	kitchen	sun_aaxxjlsuzvqlgylf.tif	1845038.508788	1845038.767377	1845039.449101	6.839953e-01	58	none	NaN	NaN
129	8	22	76	kitchen	sun_acwjdupvyjsugpay.tif	1845040.218815	1845040.477409	1845041.159133	6.589711e-01	66	none	NaN	NaN
129	8	23	67	kitchen	sun_aarfiyshqohlwkmo.tif	1845041.928837	1845042.187429	1845042.869256	6.589711e-01	57	none	NaN	NaN
129	8	24	97	kitchen	sun_ajkqhtgcbgpcwrwn.tif	1845043.638867	1845043.897457	1845044.579189	7.507265e-01	87	none	NaN	NaN
129	8	25	110	kitchen	sun_azmutvzbxypaceni.tif	1845045.348897	1845045.607507	1845046.289173	7.173609e-01	100	none	NaN	NaN
129	8	26	105	kitchen	sun_avszsnwsbuqfgzbn.tif	1845047.058924	1845047.317513	1845047.999245	7.840922e-01	95	none	NaN	NaN
129	8	27	70	kitchen	sun_abdxkyyxwfskuaqb.tif	1845048.768951	1845049.027544	1845049.709417	8.508234e-01	60	none	NaN	NaN
129	8	28	69	kitchen	sun_abdenxonkemggwsq.tif	1845050.478976	1845050.737568	1845051.419286	7.507265e-01	59	none	NaN	NaN
129	8	29	64	kitchen	sun_aadbddgrdsjugojn.tif	1845052.189007	1845052.447595	1845053.129287	8.424820e-01	54	none	NaN	NaN
129	8	30	72	kitchen	sun_abpwyqmlzafvklqo.tif	1845053.899034	1845054.157619	1845054.839314	7.674094e-01	62	none	NaN	NaN
129	8	31	71	kitchen	sun_abftihopvusyfakt.tif	1845055.609061	1845055.867649	1845056.549421	7.590679e-01	61	none	NaN	NaN
129	8	32	108	kitchen	sun_aymvwlarqodbwuoc.tif	1845057.319087	1845057.577677	1845058.259443	8.341406e-01	98	none	NaN	NaN
129	8	33	102	kitchen	sun_auaiucuqpdausiva.tif	1845059.029114	1845059.287708	1845059.969721	7.340437e-01	92	none	NaN	NaN
129	8	34	75	kitchen	sun_acgtpgfybqjmzeyw.tif	1845060.739139	1845060.997726	1845061.679490	7.924336e-01	65	none	NaN	NaN
129	8	35	100	kitchen	sun_amjjdeyrggfqgmom.tif	1845062.449166	1845062.707757	1845063.389511	8.257992e-01	90	none	NaN	NaN
129	8	36	74	kitchen	sun_acfmftudsenhrfhy.tif	1845064.159194	1845064.417785	1845065.099524	7.674094e-01	64	none	NaN	NaN
129	8	37	73	kitchen	sun_abrcnpqqhmjwekyf.tif	1845065.869223	1845066.127811	1845066.809652	8.007750e-01	63	none	NaN	NaN
129	8	38	94	kitchen	sun_ahywdevtimnqcsln.tif	1845067.579247	1845067.837832	1845068.519541	8.174578e-01	84	none	NaN	NaN
129	8	39	106	kitchen	sun_awcpdzzznmweyyhv.tif	1845069.289278	1845069.547869	1845070.229695	6.923367e-01	96	none	NaN	NaN
129	8	40	103	kitchen	sun_aunzlwrbjumxhwdj.tif	1845070.999302	1845071.257893	1845071.939604	7.173609e-01	93	none	NaN	NaN
129	8	41	99	kitchen	sun_akcjzhbbjlbogpdi.tif	1845072.709329	1845072.967920	1845073.649751	7.423851e-01	89	none	NaN	NaN
129	8	42	63	kitchen	labelme_rykdqxenmhulbdn.tif	1845074.419356	1845074.677943	1845075.359688	8.257992e-01	53	none	NaN	NaN
129	8	43	61	kitchen	labelme_brsyyvweiuaazfr.tif	1845076.129386	1845076.387972	1845077.069814	7.507265e-01	51	none	NaN	NaN
129	8	44	88	kitchen	sun_agubuxuukhzyzpdp.tif	1845077.839407	1845078.098001	1845078.779769	7.590679e-01	78	none	NaN	NaN
129	8	45	95	kitchen	sun_aixorpehvfykdynp.tif	1845079.549439	1845079.808031	1845080.489892	7.090195e-01	85	none	NaN	NaN
129	8	46	62	kitchen	labelme_kxvouciolcpqplr.tif	1845081.259464	1845081.518055	1845082.199778	7.840922e-01	52	none	NaN	NaN
129	8	47	78	kitchen	sun_adgqasybjyktddhj.tif	1845082.969492	1845083.228086	1845083.909791	8.424820e-01	68	none	NaN	NaN
129	8	48	82	kitchen	sun_aenotlpyftoioydp.tif	1845084.679522	1845084.938109	1845085.619980	6.756539e-01	72	37	1845086.773241	1
129	8	49	90	kitchen	sun_ahdycvpopffkzzsu.tif	1845087.549026	1845087.807618	1845088.489503	7.423851e-01	80	none	NaN	NaN
129	8	50	107	kitchen	sun_axyyrmzcupyhlivc.tif	1845089.259056	1845089.517646	1845090.199370	6.839953e-01	97	none	NaN	NaN
129	8	51	109	kitchen	sun_aypmqwcualkenuoe.tif	1845090.969081	1845091.227675	1845091.909343	7.757508e-01	99	none	NaN	NaN
129	8	52	75	kitchen	sun_acgtpgfybqjmzeyw.tif	1845092.679109	1845092.937702	1845093.619536	7.173609e-01	65	none	NaN	NaN
129	8	53	76	kitchen	sun_acwjdupvyjsugpay.tif	1845094.389138	1845094.647730	1845095.329683	6.756539e-01	66	none	NaN	NaN
129	8	54	66	kitchen	sun_aapllqyqlykszopd.tif	1845096.099164	1845096.357755	1845097.039450	6.506297e-01	56	none	NaN	NaN
129	8	55	107	kitchen	sun_axyyrmzcupyhlivc.tif	1845097.809188	1845098.067783	1845098.749642	7.006781e-01	97	37	1845099.764909	1
129	8	56	64	kitchen	sun_aadbddgrdsjugojn.tif	1845100.536891	1845100.795481	1845101.477223	8.257992e-01	54	37	1845102.405111	1
129	8	57	101	kitchen	sun_aqeaevwwwjoqhzvl.tif	1845103.181178	1845103.439766	1845104.121569	6.923367e-01	91	none	NaN	NaN
129	8	58	79	kitchen	sun_admlmbcdswaszruo.tif	1845104.891204	1845105.149793	1845105.831630	7.257023e-01	69	none	NaN	NaN
129	8	59	61	kitchen	labelme_brsyyvweiuaazfr.tif	1845106.601233	1845106.859821	1845107.541662	7.590679e-01	51	none	NaN	NaN
129	8	60	92	kitchen	sun_ahpczsiumwwocjkv.tif	1845108.311259	1845108.569849	1845109.251706	7.590679e-01	82	none	NaN	NaN
129	8	61	63	kitchen	labelme_rykdqxenmhulbdn.tif	1845110.021285	1845110.279876	1845110.961591	7.340437e-01	53	none	NaN	NaN
129	8	62	93	kitchen	sun_ahspylgoovwmwvgk.tif	1845111.731316	1845111.989903	1845112.671776	7.257023e-01	83	none	NaN	NaN
129	8	63	106	kitchen	sun_awcpdzzznmweyyhv.tif	1845113.441340	1845113.699929	1845114.381778	6.923367e-01	96	none	NaN	NaN
129	8	64	83	kitchen	sun_aeqdocilnnpuvuhx.tif	1845115.151365	1845115.409961	1845116.092383	6.839953e-01	73	none	NaN	NaN
129	8	65	70	kitchen	sun_abdxkyyxwfskuaqb.tif	1845116.861394	1845117.119983	1845117.801740	7.006781e-01	60	none	NaN	NaN
129	8	66	84	kitchen	sun_aexklacwqwezaorf.tif	1845118.563078	1845118.821669	1845119.503530	7.757508e-01	74	none	NaN	NaN
129	8	67	78	kitchen	sun_adgqasybjyktddhj.tif	1845120.273111	1845120.531697	1845121.213512	7.924336e-01	68	none	NaN	NaN
129	8	68	77	kitchen	sun_acxkpeoqbwcxfvip.tif	1845121.983131	1845122.241720	1845122.923416	7.840922e-01	67	none	NaN	NaN
129	8	69	74	kitchen	sun_acfmftudsenhrfhy.tif	1845123.693161	1845123.951751	1845124.633447	8.091164e-01	64	none	NaN	NaN
129	8	70	94	kitchen	sun_ahywdevtimnqcsln.tif	1845125.403188	1845125.661779	1845126.343531	7.090195e-01	84	39	1845127.204896	1
129	8	71	95	kitchen	sun_aixorpehvfykdynp.tif	1845127.980743	1845128.239326	1845128.921189	6.673125e-01	85	39	1845129.741125	1
129	8	72	73	kitchen	sun_abrcnpqqhmjwekyf.tif	1845130.516582	1845130.775175	1845131.457034	8.007750e-01	63	37	1845132.453066	1
129	8	73	88	kitchen	sun_agubuxuukhzyzpdp.tif	1845133.227605	1845133.486196	1845134.168056	8.174578e-01	78	none	NaN	NaN
129	8	74	98	kitchen	sun_akchetnepxlcxhsu.tif	1845134.937632	1845135.196221	1845135.877992	8.007750e-01	88	none	NaN	NaN
129	8	75	80	kitchen	sun_aegoxogugdkwpmpj.tif	1845136.647660	1845136.906249	1845137.588099	6.673125e-01	70	39	1845141.437251	1
129	8	76	65	kitchen	sun_aamedkxepzlwuxes.tif	1845142.211503	1845142.470094	1845143.151877	7.674094e-01	55	none	NaN	NaN
129	8	77	103	kitchen	sun_aunzlwrbjumxhwdj.tif	1845143.913186	1845144.171778	1845144.853497	7.423851e-01	93	none	NaN	NaN
129	8	78	86	kitchen	sun_aggjlwcdjsjcaemh.tif	1845145.623211	1845145.881806	1845146.563643	8.091164e-01	76	none	NaN	NaN
129	8	79	71	kitchen	sun_abftihopvusyfakt.tif	1845147.333240	1845147.591833	1845148.273553	7.423851e-01	61	none	NaN	NaN
129	8	80	81	kitchen	sun_aehawpgmrlhlvcow.tif	1845149.043266	1845149.301862	1845149.983706	8.341406e-01	71	none	NaN	NaN
129	8	81	96	kitchen	sun_ajcbwwvdlsvjyzje.tif	1845150.753297	1845151.011888	1845151.693747	6.589711e-01	86	none	NaN	NaN
129	8	82	102	kitchen	sun_auaiucuqpdausiva.tif	1845152.463321	1845152.721913	1845153.403784	6.923367e-01	92	none	NaN	NaN
129	8	83	62	kitchen	labelme_kxvouciolcpqplr.tif	1845154.173350	1845154.431937	1845155.113655	7.340437e-01	52	none	NaN	NaN
129	8	84	108	kitchen	sun_aymvwlarqodbwuoc.tif	1845155.883373	1845156.141976	1845156.823843	6.589711e-01	98	none	NaN	NaN
129	8	85	72	kitchen	sun_abpwyqmlzafvklqo.tif	1845157.593402	1845157.851995	1845158.533857	8.174578e-01	62	none	NaN	NaN
129	8	86	87	kitchen	sun_agorklincwxrdtga.tif	1845159.303431	1845159.562023	1845160.243782	7.340437e-01	77	none	NaN	NaN
129	8	87	90	kitchen	sun_ahdycvpopffkzzsu.tif	1845161.013458	1845161.272052	1845161.953795	7.924336e-01	80	none	NaN	NaN
129	8	88	82	kitchen	sun_aenotlpyftoioydp.tif	1845162.723485	1845162.982078	1845163.663930	6.839953e-01	72	none	NaN	NaN
129	8	89	100	kitchen	sun_amjjdeyrggfqgmom.tif	1845164.433517	1845164.692103	1845165.373887	7.173609e-01	90	39	1845166.372887	1
129	8	90	67	kitchen	sun_aarfiyshqohlwkmo.tif	1845167.144530	1845167.403117	1845168.084927	7.090195e-01	57	none	NaN	NaN
129	8	91	104	kitchen	sun_auticobqsbwgoppi.tif	1845168.854558	1845169.113144	1845169.794858	8.091164e-01	94	none	NaN	NaN
129	8	92	110	kitchen	sun_azmutvzbxypaceni.tif	1845170.564588	1845170.823177	1845171.504883	7.674094e-01	100	none	NaN	NaN
129	8	93	105	kitchen	sun_avszsnwsbuqfgzbn.tif	1845172.274612	1845172.533201	1845173.215027	8.174578e-01	95	none	NaN	NaN
129	8	94	97	kitchen	sun_ajkqhtgcbgpcwrwn.tif	1845173.984640	1845174.243227	1845174.925032	8.341406e-01	87	none	NaN	NaN
129	8	95	85	kitchen	sun_afuyedyxivkhecmu.tif	1845175.694666	1845175.953256	1845176.635085	8.341406e-01	75	none	NaN	NaN
129	8	96	89	kitchen	sun_agzzivivdpnawacl.tif	1845177.404692	1845177.663284	1845178.345116	7.924336e-01	79	none	NaN	NaN
129	8	97	91	kitchen	sun_ahljzhgcdpomplvg.tif	1845179.114720	1845179.373310	1845180.055076	6.673125e-01	81	none	NaN	NaN
129	8	98	99	kitchen	sun_akcjzhbbjlbogpdi.tif	1845180.824751	1845181.083337	1845181.765194	6.506297e-01	89	none	NaN	NaN
129	8	99	68	kitchen	sun_aaxxjlsuzvqlgylf.tif	1845182.534774	1845182.793366	1845183.475132	6.756539e-01	58	none	NaN	NaN
129	8	100	69	kitchen	sun_abdenxonkemggwsq.tif	1845184.244798	1845184.503393	1845185.185096	6.506297e-01	59	none	NaN	NaN
129	9	1	11	bathroom	labelme_sfxiulhjbhlyiyt.tif	1845213.482090	1845213.740681	1845214.389119	7.757508e-01	1	none	NaN	NaN
129	9	2	24	bathroom	sun_agrwbmhcpmfuwmsg.tif	1845215.158752	1845215.417342	1845216.065808	8.508234e-01	14	none	NaN	NaN
129	9	3	60	bathroom	sun_azqyogdvyhahyram.tif	1845216.835416	1845217.094003	1845217.742413	7.006781e-01	50	none	NaN	NaN
129	9	4	19	bathroom	sun_aclfzgynxzxlbepz.tif	1845218.512074	1845218.770662	1845219.419165	7.924336e-01	9	none	NaN	NaN
129	9	5	14	bathroom	sun_abapwbhyhkfixyex.tif	1845220.188735	1845220.447328	1845221.095747	8.174578e-01	4	none	NaN	NaN
129	9	6	15	bathroom	sun_abjtwfukuwddzted.tif	1845221.865393	1845222.123984	1845222.772371	6.923367e-01	5	39	1845223.437036	1
129	9	7	21	bathroom	sun_aggnnqpdorgxpvce.tif	1845224.209382	1845224.467976	1845225.116469	7.507265e-01	11	none	NaN	NaN
129	9	8	38	bathroom	sun_anhioqovhscjqqwb.tif	1845225.886045	1845226.144631	1845226.793005	6.506297e-01	28	none	NaN	NaN
129	9	9	44	bathroom	sun_apkruvsevgegsdwp.tif	1845227.562708	1845227.821297	1845228.469710	6.589711e-01	34	none	NaN	NaN
129	9	10	56	bathroom	sun_awnqiikzaispgmwo.tif	1845229.239365	1845229.497960	1845230.146330	6.589711e-01	46	none	NaN	NaN
129	9	11	16	bathroom	sun_acduarbnmmoglmiv.tif	1845230.916026	1845231.174615	1845231.823120	8.257992e-01	6	none	NaN	NaN
129	9	12	45	bathroom	sun_apkxzenqapsujocq.tif	1845232.592686	1845232.851280	1845233.499653	8.007750e-01	35	none	NaN	NaN
129	9	13	18	bathroom	sun_acgyywnybuveqsro.tif	1845234.269345	1845234.527935	1845235.176328	8.424820e-01	8	none	NaN	NaN
129	9	14	20	bathroom	sun_afcoljnjfoxjtgja.tif	1845235.946009	1845236.204600	1845236.853045	7.757508e-01	10	37	1845237.589080	1
129	9	15	49	bathroom	sun_asfwthctfqerjvxr.tif	1845238.365069	1845238.623666	1845239.272124	8.091164e-01	39	none	NaN	NaN
129	9	16	31	bathroom	sun_akiytfaagpdsphgz.tif	1845240.041733	1845240.300322	1845240.948753	7.590679e-01	21	none	NaN	NaN
129	9	17	17	bathroom	sun_acegryoqftbzowsg.tif	1845241.718389	1845241.976981	1845242.625337	7.423851e-01	7	none	NaN	NaN
129	9	18	54	bathroom	sun_auzqhkafidnkrwmo.tif	1845243.395057	1845243.653639	1845244.302002	8.508234e-01	44	none	NaN	NaN
129	9	19	50	bathroom	sun_aspsyogrekjtfozg.tif	1845245.071716	1845245.330300	1845245.978628	8.174578e-01	40	none	NaN	NaN
129	9	20	34	bathroom	sun_alkosphxlxwjwgjd.tif	1845246.748369	1845247.006966	1845247.655330	7.340437e-01	24	37	1845248.469143	1
129	9	21	53	bathroom	sun_ausgutylgojavyoq.tif	1845249.242515	1845249.501104	1845250.149497	6.839953e-01	43	none	NaN	NaN
129	9	22	13	bathroom	sun_aavhrsfjbserjtht.tif	1845250.919170	1845251.177764	1845251.826149	6.673125e-01	3	none	NaN	NaN
129	9	23	52	bathroom	sun_aunuadmjocsddsrl.tif	1845252.595836	1845252.854417	1845253.502834	6.506297e-01	42	none	NaN	NaN
129	9	24	12	bathroom	sun_aapitsgbtktqubfy.tif	1845254.272497	1845254.531086	1845255.179467	7.590679e-01	2	none	NaN	NaN
129	9	25	39	bathroom	sun_anryaplzeujmzfkd.tif	1845255.949158	1845256.207745	1845256.856074	7.340437e-01	29	none	NaN	NaN
129	9	26	29	bathroom	sun_ahqjwnzgolcaoidx.tif	1845257.625817	1845257.884407	1845258.532853	7.090195e-01	19	none	NaN	NaN
129	9	27	26	bathroom	sun_ahaulkltgpkeeemi.tif	1845259.302474	1845259.561066	1845260.209563	6.673125e-01	16	37	1845260.949056	1
129	9	28	51	bathroom	sun_atstyziqcmkahyxk.tif	1845261.721538	1845261.980127	1845262.628582	7.090195e-01	41	none	NaN	NaN
129	9	29	41	bathroom	sun_aoybiabnpadelefl.tif	1845263.398197	1845263.656787	1845264.305269	7.840922e-01	31	none	NaN	NaN
129	9	30	28	bathroom	sun_ahijqszoswveeyji.tif	1845265.074861	1845265.333452	1845265.981756	7.423851e-01	18	none	NaN	NaN
129	9	31	57	bathroom	sun_axldvoqbuvuggfmq.tif	1845266.751524	1845267.010108	1845267.658563	7.924336e-01	47	none	NaN	NaN
129	9	32	32	bathroom	sun_aleqenyvunhactkl.tif	1845268.428179	1845268.686769	1845269.335191	6.923367e-01	22	39	1845269.973090	1
129	9	33	25	bathroom	sun_agyqfjcfkdcydepw.tif	1845270.747148	1845271.005730	1845271.654249	8.007750e-01	15	none	NaN	NaN
129	9	34	30	bathroom	sun_ajlawzvmubibwbpy.tif	1845272.423804	1845272.682398	1845273.330741	8.257992e-01	20	none	NaN	NaN
129	9	35	58	bathroom	sun_axxbkopsgyouuebh.tif	1845274.100465	1845274.359059	1845275.007501	7.507265e-01	48	none	NaN	NaN
129	9	36	48	bathroom	sun_aqrpegblszgcoujh.tif	1845275.777128	1845276.035715	1845276.684147	7.674094e-01	38	none	NaN	NaN
129	9	37	36	bathroom	sun_ambriybtogmepttm.tif	1845277.453786	1845277.712381	1845278.360761	8.257992e-01	26	none	NaN	NaN
129	9	38	33	bathroom	sun_aljolscmmzydegqp.tif	1845279.130449	1845279.389040	1845280.037398	7.674094e-01	23	none	NaN	NaN
129	9	39	42	bathroom	sun_apeeialkgkuxddgh.tif	1845280.807111	1845281.065701	1845281.714215	7.840922e-01	32	none	NaN	NaN
129	9	40	55	bathroom	sun_avhrdrntsqrjzccq.tif	1845282.483769	1845282.742364	1845283.390762	6.756539e-01	45	37	1845284.061228	1
129	9	41	46	bathroom	sun_apmqjbnwghzuhhzh.tif	1845284.836100	1845285.094692	1845285.743211	6.839953e-01	36	none	NaN	NaN
129	9	42	22	bathroom	sun_agguqiubmwhqqunb.tif	1845286.512765	1845286.771355	1845287.419817	6.589711e-01	12	none	NaN	NaN
129	9	43	27	bathroom	sun_ahcvzmoyaycdoftf.tif	1845288.189424	1845288.448015	1845289.096519	6.756539e-01	17	none	NaN	NaN
129	9	44	47	bathroom	sun_apynckhmoftszqoq.tif	1845289.866078	1845290.124672	1845290.773158	6.839953e-01	37	none	NaN	NaN
129	9	45	59	bathroom	sun_axyrejkiiaqiurjk.tif	1845291.542744	1845291.801332	1845292.449760	7.423851e-01	49	none	NaN	NaN
129	9	46	35	bathroom	sun_alotolagknyrgtsk.tif	1845293.219404	1845293.477996	1845294.126357	6.673125e-01	25	37	1845296.413163	1
129	9	47	40	bathroom	sun_aofnryafpsjimzsb.tif	1845297.190004	1845297.448595	1845298.097109	7.090195e-01	30	37	1845299.860895	0
129	9	48	23	bathroom	sun_aghyqhbptboemmoq.tif	1845300.635080	1845300.893668	1845301.542117	7.840922e-01	13	none	NaN	NaN
129	9	49	43	bathroom	sun_apjevzvycyhuqghb.tif	1845302.311740	1845302.570334	1845303.218723	6.673125e-01	33	none	NaN	NaN
129	9	50	37	bathroom	sun_amzlamotzwfkwjco.tif	1845303.988401	1845304.246996	1845304.895361	8.091164e-01	27	none	NaN	NaN
129	9	51	26	bathroom	sun_ahaulkltgpkeeemi.tif	1845305.665059	1845305.923653	1845306.571995	7.590679e-01	16	none	NaN	NaN
129	9	52	56	bathroom	sun_awnqiikzaispgmwo.tif	1845307.341724	1845307.600318	1845308.248666	8.007750e-01	46	none	NaN	NaN
129	9	53	15	bathroom	sun_abjtwfukuwddzted.tif	1845309.018386	1845309.276976	1845309.925283	8.091164e-01	5	39	1845310.988890	1
129	9	54	14	bathroom	sun_abapwbhyhkfixyex.tif	1845311.762770	1845312.021361	1845312.670292	7.924336e-01	4	none	NaN	NaN
129	9	55	58	bathroom	sun_axxbkopsgyouuebh.tif	1845313.439431	1845313.698020	1845314.346445	7.257023e-01	48	none	NaN	NaN
129	9	56	53	bathroom	sun_ausgutylgojavyoq.tif	1845315.116091	1845315.374679	1845316.022994	7.590679e-01	43	none	NaN	NaN
129	9	57	50	bathroom	sun_aspsyogrekjtfozg.tif	1845316.792753	1845317.051342	1845317.699689	8.424820e-01	40	none	NaN	NaN
129	9	58	19	bathroom	sun_aclfzgynxzxlbepz.tif	1845318.469411	1845318.728004	1845319.376352	8.341406e-01	9	none	NaN	NaN
129	9	59	46	bathroom	sun_apmqjbnwghzuhhzh.tif	1845320.146072	1845320.404661	1845321.053151	7.674094e-01	36	none	NaN	NaN
129	9	60	18	bathroom	sun_acgyywnybuveqsro.tif	1845321.822732	1845322.081319	1845322.729698	7.006781e-01	8	none	NaN	NaN
129	9	61	16	bathroom	sun_acduarbnmmoglmiv.tif	1845323.499400	1845323.757984	1845324.406454	7.924336e-01	6	none	NaN	NaN
129	9	62	49	bathroom	sun_asfwthctfqerjvxr.tif	1845325.176053	1845325.434650	1845326.082957	7.257023e-01	39	none	NaN	NaN
129	9	63	28	bathroom	sun_ahijqszoswveeyji.tif	1845326.852717	1845327.111305	1845327.759765	7.507265e-01	18	none	NaN	NaN
129	9	64	33	bathroom	sun_aljolscmmzydegqp.tif	1845328.529380	1845328.787967	1845329.436412	8.341406e-01	23	none	NaN	NaN
129	9	65	34	bathroom	sun_alkosphxlxwjwgjd.tif	1845330.206034	1845330.464626	1845331.113049	7.173609e-01	24	none	NaN	NaN
129	9	66	45	bathroom	sun_apkxzenqapsujocq.tif	1845331.882700	1845332.141286	1845332.789666	7.340437e-01	35	none	NaN	NaN
129	9	67	35	bathroom	sun_alotolagknyrgtsk.tif	1845333.559356	1845333.817948	1845334.466268	8.341406e-01	25	none	NaN	NaN
129	9	68	24	bathroom	sun_agrwbmhcpmfuwmsg.tif	1845335.236022	1845335.494608	1845336.143096	8.424820e-01	14	none	NaN	NaN
129	9	69	52	bathroom	sun_aunuadmjocsddsrl.tif	1845336.912678	1845337.171270	1845337.819734	7.257023e-01	42	none	NaN	NaN
129	9	70	43	bathroom	sun_apjevzvycyhuqghb.tif	1845338.589343	1845338.847930	1845339.496382	7.173609e-01	33	none	NaN	NaN
129	9	71	29	bathroom	sun_ahqjwnzgolcaoidx.tif	1845340.265999	1845340.524592	1845341.173040	7.173609e-01	19	none	NaN	NaN
129	9	72	20	bathroom	sun_afcoljnjfoxjtgja.tif	1845341.942664	1845342.201250	1845342.849731	7.840922e-01	10	39	1845344.028877	1
129	9	73	27	bathroom	sun_ahcvzmoyaycdoftf.tif	1845344.803828	1845345.062416	1845345.710746	8.007750e-01	17	none	NaN	NaN
129	9	74	32	bathroom	sun_aleqenyvunhactkl.tif	1845346.480490	1845346.739079	1845347.387434	8.174578e-01	22	none	NaN	NaN
129	9	75	37	bathroom	sun_amzlamotzwfkwjco.tif	1845348.157153	1845348.415744	1845349.064066	8.341406e-01	27	none	NaN	NaN
129	9	76	40	bathroom	sun_aofnryafpsjimzsb.tif	1845349.833810	1845350.092405	1845350.740878	7.006781e-01	30	none	NaN	NaN
129	9	77	30	bathroom	sun_ajlawzvmubibwbpy.tif	1845351.510470	1845351.769061	1845352.417398	6.756539e-01	20	none	NaN	NaN
129	9	78	13	bathroom	sun_aavhrsfjbserjtht.tif	1845353.187137	1845353.445724	1845354.094085	7.507265e-01	3	none	NaN	NaN
129	9	79	21	bathroom	sun_aggnnqpdorgxpvce.tif	1845354.863791	1845355.122386	1845355.770785	6.923367e-01	11	none	NaN	NaN
129	9	80	54	bathroom	sun_auzqhkafidnkrwmo.tif	1845356.540456	1845356.799046	1845357.447400	8.257992e-01	44	37	1845359.740875	1
129	9	81	48	bathroom	sun_aqrpegblszgcoujh.tif	1845360.519341	1845360.777983	1845361.426335	6.923367e-01	38	none	NaN	NaN
129	9	82	39	bathroom	sun_anryaplzeujmzfkd.tif	1845362.196052	1845362.454647	1845363.103047	7.340437e-01	29	none	NaN	NaN
129	9	83	31	bathroom	sun_akiytfaagpdsphgz.tif	1845363.872717	1845364.131301	1845364.779742	6.923367e-01	21	none	NaN	NaN
129	9	84	57	bathroom	sun_axldvoqbuvuggfmq.tif	1845365.549377	1845365.807970	1845366.456347	6.589711e-01	47	none	NaN	NaN
129	9	85	51	bathroom	sun_atstyziqcmkahyxk.tif	1845367.226040	1845367.484630	1845368.133048	7.257023e-01	41	none	NaN	NaN
129	9	86	42	bathroom	sun_apeeialkgkuxddgh.tif	1845368.902694	1845369.161293	1845369.809786	7.757508e-01	32	37	1845370.517039	0
129	9	87	38	bathroom	sun_anhioqovhscjqqwb.tif	1845371.288392	1845371.546983	1845372.195485	7.590679e-01	28	none	NaN	NaN
129	9	88	47	bathroom	sun_apynckhmoftszqoq.tif	1845372.965054	1845373.223647	1845373.872119	8.091164e-01	37	37	1845374.540881	1
129	9	89	55	bathroom	sun_avhrdrntsqrjzccq.tif	1845375.317384	1845375.575974	1845376.224423	7.423851e-01	45	none	NaN	NaN
129	9	90	12	bathroom	sun_aapitsgbtktqubfy.tif	1845376.994041	1845377.252631	1845377.901081	7.173609e-01	2	none	NaN	NaN
129	9	91	11	bathroom	labelme_sfxiulhjbhlyiyt.tif	1845378.670707	1845378.929297	1845379.577638	7.757508e-01	1	none	NaN	NaN
129	9	92	22	bathroom	sun_agguqiubmwhqqunb.tif	1845380.347371	1845380.605955	1845381.254413	6.839953e-01	12	none	NaN	NaN
129	9	93	36	bathroom	sun_ambriybtogmepttm.tif	1845382.024029	1845382.282614	1845382.931119	8.174578e-01	26	none	NaN	NaN
129	9	94	41	bathroom	sun_aoybiabnpadelefl.tif	1845383.700689	1845383.959274	1845384.607794	8.424820e-01	31	none	NaN	NaN
129	9	95	60	bathroom	sun_azqyogdvyhahyram.tif	1845385.377349	1845385.635941	1845386.284298	8.257992e-01	50	none	NaN	NaN
129	9	96	59	bathroom	sun_axyrejkiiaqiurjk.tif	1845387.054007	1845387.312596	1845387.960913	6.506297e-01	49	39	1845388.693284	1
129	9	97	17	bathroom	sun_acegryoqftbzowsg.tif	1845389.464736	1845389.723321	1845390.371800	7.006781e-01	7	none	NaN	NaN
129	9	98	23	bathroom	sun_aghyqhbptboemmoq.tif	1845391.141394	1845391.399985	1845392.048334	7.674094e-01	13	none	NaN	NaN
129	9	99	25	bathroom	sun_agyqfjcfkdcydepw.tif	1845392.818049	1845393.076646	1845393.725144	6.756539e-01	15	none	NaN	NaN
129	9	100	44	bathroom	sun_apkruvsevgegsdwp.tif	1845394.494713	1845394.753303	1845395.401661	7.090195e-01	34	39	1845396.469260	1
129	10	1	73	kitchen	sun_abrcnpqqhmjwekyf.tif	1845428.895451	1845429.154046	1845429.977624	8.174578e-01	63	none	NaN	NaN
129	10	2	62	kitchen	labelme_kxvouciolcpqplr.tif	1845430.747291	1845431.005880	1845431.829555	7.257023e-01	52	none	NaN	NaN
129	10	3	99	kitchen	sun_akcjzhbbjlbogpdi.tif	1845432.599118	1845432.857708	1845433.681294	8.007750e-01	89	none	NaN	NaN
129	10	4	70	kitchen	sun_abdxkyyxwfskuaqb.tif	1845434.450957	1845434.709546	1845435.533102	7.757508e-01	60	37	1845436.269156	1
129	10	5	95	kitchen	sun_aixorpehvfykdynp.tif	1845437.045193	1845437.303780	1845438.127325	6.673125e-01	85	39	1845439.261017	1
129	10	6	97	kitchen	sun_ajkqhtgcbgpcwrwn.tif	1845440.031485	1845440.290031	1845441.113669	7.757508e-01	87	none	NaN	NaN
129	10	7	82	kitchen	sun_aenotlpyftoioydp.tif	1845441.883321	1845442.141907	1845442.965562	7.090195e-01	72	none	NaN	NaN
129	10	8	110	kitchen	sun_azmutvzbxypaceni.tif	1845443.735153	1845443.993738	1845444.817246	6.756539e-01	100	none	NaN	NaN
129	10	9	69	kitchen	sun_abdenxonkemggwsq.tif	1845445.586987	1845445.845577	1845446.669063	6.506297e-01	59	none	NaN	NaN
129	10	10	67	kitchen	sun_aarfiyshqohlwkmo.tif	1845447.438821	1845447.697410	1845448.520989	8.341406e-01	57	none	NaN	NaN
129	10	11	103	kitchen	sun_aunzlwrbjumxhwdj.tif	1845449.290653	1845449.549242	1845450.372757	7.590679e-01	93	none	NaN	NaN
129	10	12	66	kitchen	sun_aapllqyqlykszopd.tif	1845451.142489	1845451.401078	1845452.224700	8.508234e-01	56	none	NaN	NaN
129	10	13	78	kitchen	sun_adgqasybjyktddhj.tif	1845452.994323	1845453.252912	1845454.076424	8.341406e-01	68	none	NaN	NaN
129	10	14	107	kitchen	sun_axyyrmzcupyhlivc.tif	1845454.846155	1845455.104744	1845455.928322	7.507265e-01	97	39	1845456.653080	1
129	10	15	96	kitchen	sun_ajcbwwvdlsvjyzje.tif	1845457.423710	1845457.682300	1845458.505923	6.923367e-01	86	none	NaN	NaN
129	10	16	94	kitchen	sun_ahywdevtimnqcsln.tif	1845459.275545	1845459.534139	1845460.358022	6.839953e-01	84	none	NaN	NaN
129	10	17	109	kitchen	sun_aypmqwcualkenuoe.tif	1845461.127371	1845461.385971	1845462.209459	8.257992e-01	99	none	NaN	NaN
129	10	18	105	kitchen	sun_avszsnwsbuqfgzbn.tif	1845462.979211	1845463.237805	1845464.061451	7.006781e-01	95	none	NaN	NaN
129	10	19	83	kitchen	sun_aeqdocilnnpuvuhx.tif	1845464.831045	1845465.089631	1845465.913218	7.423851e-01	73	none	NaN	NaN
129	10	20	86	kitchen	sun_aggjlwcdjsjcaemh.tif	1845466.682882	1845466.941464	1845467.765041	6.756539e-01	76	none	NaN	NaN
129	10	21	85	kitchen	sun_afuyedyxivkhecmu.tif	1845468.534713	1845468.793309	1845469.616934	7.507265e-01	75	39	1845470.613183	1
129	10	22	65	kitchen	sun_aamedkxepzlwuxes.tif	1845471.387542	1845471.646128	1845472.469666	7.840922e-01	55	none	NaN	NaN
129	10	23	74	kitchen	sun_acfmftudsenhrfhy.tif	1845473.239374	1845473.497967	1845474.321523	8.174578e-01	64	39	1845476.933050	1
129	10	24	88	kitchen	sun_agubuxuukhzyzpdp.tif	1845477.710472	1845477.969059	1845478.792586	8.091164e-01	78	none	NaN	NaN
129	10	25	92	kitchen	sun_ahpczsiumwwocjkv.tif	1845479.562303	1845479.820894	1845480.644540	6.839953e-01	82	none	NaN	NaN
129	10	26	81	kitchen	sun_aehawpgmrlhlvcow.tif	1845481.414141	1845481.672724	1845482.496375	7.006781e-01	71	none	NaN	NaN
129	10	27	101	kitchen	sun_aqeaevwwwjoqhzvl.tif	1845483.265975	1845483.524564	1845484.348225	7.674094e-01	91	none	NaN	NaN
129	10	28	90	kitchen	sun_ahdycvpopffkzzsu.tif	1845485.117805	1845485.376395	1845486.199904	8.341406e-01	80	none	NaN	NaN
129	10	29	76	kitchen	sun_acwjdupvyjsugpay.tif	1845486.969636	1845487.228229	1845488.051729	6.923367e-01	66	none	NaN	NaN
129	10	30	87	kitchen	sun_agorklincwxrdtga.tif	1845488.821478	1845489.080063	1845489.903753	7.173609e-01	77	none	NaN	NaN
129	10	31	100	kitchen	sun_amjjdeyrggfqgmom.tif	1845490.673304	1845490.931896	1845491.755366	7.090195e-01	90	39	1845492.549056	1
129	10	32	63	kitchen	labelme_rykdqxenmhulbdn.tif	1845493.325937	1845493.584527	1845494.408090	8.424820e-01	53	37	1845495.132867	1
129	10	33	89	kitchen	sun_agzzivivdpnawacl.tif	1845495.903487	1845496.162079	1845496.985752	7.674094e-01	79	none	NaN	NaN
129	10	34	84	kitchen	sun_aexklacwqwezaorf.tif	1845497.755325	1845498.013913	1845498.837568	6.673125e-01	74	none	NaN	NaN
129	10	35	71	kitchen	sun_abftihopvusyfakt.tif	1845499.607159	1845499.865749	1845500.689307	6.839953e-01	61	37	1845501.469049	1
129	10	36	80	kitchen	sun_aegoxogugdkwpmpj.tif	1845502.243103	1845502.501693	1845503.325237	8.257992e-01	70	none	NaN	NaN
129	10	37	77	kitchen	sun_acxkpeoqbwcxfvip.tif	1845504.094934	1845504.353525	1845505.177001	6.673125e-01	67	none	NaN	NaN
129	10	38	64	kitchen	sun_aadbddgrdsjugojn.tif	1845505.946769	1845506.205362	1845507.028852	8.508234e-01	54	none	NaN	NaN
129	10	39	106	kitchen	sun_awcpdzzznmweyyhv.tif	1845507.798606	1845508.057193	1845508.880782	6.923367e-01	96	none	NaN	NaN
129	10	40	68	kitchen	sun_aaxxjlsuzvqlgylf.tif	1845509.650438	1845509.909033	1845510.732521	7.173609e-01	58	none	NaN	NaN
129	10	41	61	kitchen	labelme_brsyyvweiuaazfr.tif	1845511.493934	1845511.752526	1845512.576152	7.840922e-01	51	none	NaN	NaN
129	10	42	91	kitchen	sun_ahljzhgcdpomplvg.tif	1845513.345768	1845513.604358	1845514.427893	8.257992e-01	81	none	NaN	NaN
129	10	43	75	kitchen	sun_acgtpgfybqjmzeyw.tif	1845515.197602	1845515.456189	1845516.279797	7.423851e-01	65	37	1845516.949224	1
129	10	44	102	kitchen	sun_auaiucuqpdausiva.tif	1845517.725104	1845517.983694	1845518.807325	7.674094e-01	92	none	NaN	NaN
129	10	45	98	kitchen	sun_akchetnepxlcxhsu.tif	1845519.576939	1845519.835530	1845520.659145	7.507265e-01	88	none	NaN	NaN
129	10	46	104	kitchen	sun_auticobqsbwgoppi.tif	1845521.428773	1845521.687361	1845522.510871	7.757508e-01	94	none	NaN	NaN
129	10	47	108	kitchen	sun_aymvwlarqodbwuoc.tif	1845523.280610	1845523.539195	1845524.362763	8.257992e-01	98	none	NaN	NaN
129	10	48	93	kitchen	sun_ahspylgoovwmwvgk.tif	1845525.132438	1845525.391028	1845526.214552	8.091164e-01	83	none	NaN	NaN
129	10	49	79	kitchen	sun_admlmbcdswaszruo.tif	1845526.984271	1845527.242866	1845528.066403	6.589711e-01	69	37	1845528.813252	1
129	10	50	72	kitchen	sun_abpwyqmlzafvklqo.tif	1845529.586849	1845529.845443	1845530.668961	7.006781e-01	62	none	NaN	NaN
129	10	51	96	kitchen	sun_ajcbwwvdlsvjyzje.tif	1845531.438689	1845531.697274	1845532.520934	8.091164e-01	86	none	NaN	NaN
129	10	52	75	kitchen	sun_acgtpgfybqjmzeyw.tif	1845533.290520	1845533.549110	1845534.372714	7.590679e-01	65	none	NaN	NaN
129	10	53	81	kitchen	sun_aehawpgmrlhlvcow.tif	1845535.142353	1845535.400946	1845536.224558	6.756539e-01	71	37	1845538.853042	1
129	10	54	86	kitchen	sun_aggjlwcdjsjcaemh.tif	1845539.630137	1845539.888722	1845540.712259	8.091164e-01	76	none	NaN	NaN
129	10	55	103	kitchen	sun_aunzlwrbjumxhwdj.tif	1845541.481969	1845541.740563	1845542.564028	7.257023e-01	93	none	NaN	NaN
129	10	56	77	kitchen	sun_acxkpeoqbwcxfvip.tif	1845543.325467	1845543.584052	1845544.407720	7.090195e-01	67	none	NaN	NaN
129	10	57	62	kitchen	labelme_kxvouciolcpqplr.tif	1845545.177291	1845545.435882	1845546.259430	7.840922e-01	52	none	NaN	NaN
129	10	58	64	kitchen	sun_aadbddgrdsjugojn.tif	1845547.029126	1845547.287722	1845548.111373	7.340437e-01	54	none	NaN	NaN
129	10	59	98	kitchen	sun_akchetnepxlcxhsu.tif	1845548.880961	1845549.139553	1845549.963102	6.673125e-01	88	none	NaN	NaN
129	10	60	70	kitchen	sun_abdxkyyxwfskuaqb.tif	1845550.732800	1845550.991384	1845551.814956	7.590679e-01	60	none	NaN	NaN
129	10	61	94	kitchen	sun_ahywdevtimnqcsln.tif	1845552.584637	1845552.843222	1845553.666777	7.257023e-01	84	37	1845554.940850	1
129	10	62	102	kitchen	sun_auaiucuqpdausiva.tif	1845555.712726	1845555.971322	1845556.794797	7.340437e-01	92	none	NaN	NaN
129	10	63	95	kitchen	sun_aixorpehvfykdynp.tif	1845557.564562	1845557.823172	1845558.646705	8.424820e-01	85	none	NaN	NaN
129	10	64	97	kitchen	sun_ajkqhtgcbgpcwrwn.tif	1845559.416399	1845559.674986	1845560.498637	6.506297e-01	87	none	NaN	NaN
129	10	65	78	kitchen	sun_adgqasybjyktddhj.tif	1845561.268229	1845561.526826	1845562.350498	7.423851e-01	68	none	NaN	NaN
129	10	66	83	kitchen	sun_aeqdocilnnpuvuhx.tif	1845563.120062	1845563.378653	1845564.202177	6.589711e-01	73	none	NaN	NaN
129	10	67	109	kitchen	sun_aypmqwcualkenuoe.tif	1845564.971903	1845565.230489	1845566.054143	7.674094e-01	99	none	NaN	NaN
129	10	68	79	kitchen	sun_admlmbcdswaszruo.tif	1845566.823736	1845567.082320	1845567.905887	7.006781e-01	69	none	NaN	NaN
129	10	69	105	kitchen	sun_avszsnwsbuqfgzbn.tif	1845568.675563	1845568.934160	1845569.757841	7.924336e-01	95	none	NaN	NaN
129	10	70	85	kitchen	sun_afuyedyxivkhecmu.tif	1845570.527402	1845570.785992	1845571.609627	7.924336e-01	75	none	NaN	NaN
129	10	71	76	kitchen	sun_acwjdupvyjsugpay.tif	1845572.379239	1845572.637825	1845573.461301	8.007750e-01	66	none	NaN	NaN
129	10	72	65	kitchen	sun_aamedkxepzlwuxes.tif	1845574.222729	1845574.481319	1845575.304884	7.090195e-01	55	none	NaN	NaN
129	10	73	61	kitchen	labelme_brsyyvweiuaazfr.tif	1845576.074563	1845576.333154	1845577.156679	8.424820e-01	51	none	NaN	NaN
129	10	74	90	kitchen	sun_ahdycvpopffkzzsu.tif	1845577.926397	1845578.184989	1845579.008469	6.756539e-01	80	none	NaN	NaN
129	10	75	82	kitchen	sun_aenotlpyftoioydp.tif	1845579.778232	1845580.036820	1845580.860382	7.507265e-01	72	none	NaN	NaN
129	10	76	108	kitchen	sun_aymvwlarqodbwuoc.tif	1845581.630071	1845581.888653	1845582.712137	7.423851e-01	98	none	NaN	NaN
129	10	77	68	kitchen	sun_aaxxjlsuzvqlgylf.tif	1845583.481899	1845583.740492	1845584.564143	8.341406e-01	58	none	NaN	NaN
129	10	78	101	kitchen	sun_aqeaevwwwjoqhzvl.tif	1845585.333735	1845585.592326	1845586.415977	6.589711e-01	91	none	NaN	NaN
129	10	79	106	kitchen	sun_awcpdzzznmweyyhv.tif	1845587.185567	1845587.444162	1845588.267650	8.257992e-01	96	none	NaN	NaN
129	10	80	92	kitchen	sun_ahpczsiumwwocjkv.tif	1845589.037404	1845589.295996	1845590.119479	6.923367e-01	82	none	NaN	NaN
129	10	81	110	kitchen	sun_azmutvzbxypaceni.tif	1845590.889237	1845591.147825	1845591.971468	7.757508e-01	100	none	NaN	NaN
129	10	82	73	kitchen	sun_abrcnpqqhmjwekyf.tif	1845592.741072	1845592.999662	1845593.823176	8.007750e-01	63	none	NaN	NaN
129	10	83	99	kitchen	sun_akcjzhbbjlbogpdi.tif	1845594.592909	1845594.851497	1845595.675111	6.923367e-01	89	none	NaN	NaN
129	10	84	100	kitchen	sun_amjjdeyrggfqgmom.tif	1845596.444740	1845596.703330	1845597.526850	8.007750e-01	90	none	NaN	NaN
129	10	85	74	kitchen	sun_acfmftudsenhrfhy.tif	1845598.296574	1845598.555163	1845599.378767	6.589711e-01	64	none	NaN	NaN
129	10	86	71	kitchen	sun_abftihopvusyfakt.tif	1845600.148411	1845600.407005	1845601.230498	7.924336e-01	61	37	1845602.085234	1
129	10	87	93	kitchen	sun_ahspylgoovwmwvgk.tif	1845602.859432	1845603.118016	1845603.941587	7.340437e-01	83	none	NaN	NaN
129	10	88	91	kitchen	sun_ahljzhgcdpomplvg.tif	1845604.711259	1845604.969853	1845605.793526	7.590679e-01	81	none	NaN	NaN
129	10	89	84	kitchen	sun_aexklacwqwezaorf.tif	1845606.563088	1845606.821684	1845607.645332	8.424820e-01	74	none	NaN	NaN
129	10	90	88	kitchen	sun_agubuxuukhzyzpdp.tif	1845608.414928	1845608.673521	1845609.497142	7.590679e-01	78	39	1845610.741138	1
129	10	91	80	kitchen	sun_aegoxogugdkwpmpj.tif	1845611.518005	1845611.776596	1845612.600193	7.840922e-01	70	none	NaN	NaN
129	10	92	63	kitchen	labelme_rykdqxenmhulbdn.tif	1845613.369834	1845613.628426	1845614.451995	8.174578e-01	53	none	NaN	NaN
129	10	93	69	kitchen	sun_abdenxonkemggwsq.tif	1845615.221675	1845615.480260	1845616.303786	7.924336e-01	59	none	NaN	NaN
129	10	94	89	kitchen	sun_agzzivivdpnawacl.tif	1845617.073504	1845617.332093	1845618.155614	8.174578e-01	79	none	NaN	NaN
129	10	95	87	kitchen	sun_agorklincwxrdtga.tif	1845618.925345	1845619.183928	1845620.007498	6.506297e-01	77	39	1845620.853074	1
129	10	96	72	kitchen	sun_abpwyqmlzafvklqo.tif	1845621.628020	1845621.886609	1845622.710107	7.340437e-01	62	none	NaN	NaN
129	10	97	66	kitchen	sun_aapllqyqlykszopd.tif	1845623.471507	1845623.730098	1845624.553757	6.839953e-01	56	none	NaN	NaN
129	10	98	107	kitchen	sun_axyyrmzcupyhlivc.tif	1845625.323349	1845625.581935	1845626.405660	7.173609e-01	97	none	NaN	NaN
129	10	99	104	kitchen	sun_auticobqsbwgoppi.tif	1845627.175179	1845627.433767	1845628.257255	7.173609e-01	94	none	NaN	NaN
129	10	100	67	kitchen	sun_aarfiyshqohlwkmo.tif	1845629.027013	1845629.285606	1845630.109160	7.257023e-01	57	none	NaN	NaN
129	11	1	17	bathroom	sun_acegryoqftbzowsg.tif	1845721.485263	1845721.743851	1845722.442399	8.508234e-01	7	none	NaN	NaN
129	11	2	12	bathroom	sun_aapitsgbtktqubfy.tif	1845723.211967	1845723.470562	1845724.169041	7.590679e-01	2	none	NaN	NaN
129	11	3	27	bathroom	sun_ahcvzmoyaycdoftf.tif	1845724.938679	1845725.197268	1845725.895792	7.674094e-01	17	none	NaN	NaN
129	11	4	39	bathroom	sun_anryaplzeujmzfkd.tif	1845726.665391	1845726.923926	1845727.622470	8.091164e-01	29	39	1845728.413111	1
129	11	5	51	bathroom	sun_atstyziqcmkahyxk.tif	1845729.184554	1845729.443140	1845730.141624	7.924336e-01	41	none	NaN	NaN
129	11	6	53	bathroom	sun_ausgutylgojavyoq.tif	1845730.911260	1845731.169847	1845731.868240	7.757508e-01	43	none	NaN	NaN
129	11	7	55	bathroom	sun_avhrdrntsqrjzccq.tif	1845732.637974	1845732.896559	1845733.595011	7.674094e-01	45	none	NaN	NaN
129	11	8	36	bathroom	sun_ambriybtogmepttm.tif	1845734.364684	1845734.623271	1845735.321764	8.091164e-01	26	none	NaN	NaN
129	11	9	22	bathroom	sun_agguqiubmwhqqunb.tif	1845736.091385	1845736.349983	1845737.048404	6.673125e-01	12	39	1845738.341220	1
129	11	10	35	bathroom	sun_alotolagknyrgtsk.tif	1845739.119391	1845739.377980	1845740.076472	6.589711e-01	25	none	NaN	NaN
129	11	11	28	bathroom	sun_ahijqszoswveeyji.tif	1845740.846105	1845741.104692	1845741.803186	7.090195e-01	18	none	NaN	NaN
129	11	12	30	bathroom	sun_ajlawzvmubibwbpy.tif	1845742.572815	1845742.831401	1845743.529857	7.423851e-01	20	none	NaN	NaN
129	11	13	25	bathroom	sun_agyqfjcfkdcydepw.tif	1845744.299520	1845744.558112	1845745.256488	7.507265e-01	15	none	NaN	NaN
129	11	14	11	bathroom	labelme_sfxiulhjbhlyiyt.tif	1845746.026231	1845746.284818	1845746.983386	8.341406e-01	1	none	NaN	NaN
129	11	15	49	bathroom	sun_asfwthctfqerjvxr.tif	1845747.752945	1845748.011533	1845748.709939	8.257992e-01	39	none	NaN	NaN
129	11	16	56	bathroom	sun_awnqiikzaispgmwo.tif	1845749.479654	1845749.738255	1845750.436629	8.257992e-01	46	none	NaN	NaN
129	11	17	29	bathroom	sun_ahqjwnzgolcaoidx.tif	1845751.206362	1845751.464953	1845752.163493	6.506297e-01	19	none	NaN	NaN
129	11	18	34	bathroom	sun_alkosphxlxwjwgjd.tif	1845752.933074	1845753.191665	1845753.890223	7.340437e-01	24	none	NaN	NaN
129	11	19	54	bathroom	sun_auzqhkafidnkrwmo.tif	1845754.659783	1845754.918374	1845755.616848	7.674094e-01	44	none	NaN	NaN
129	11	20	48	bathroom	sun_aqrpegblszgcoujh.tif	1845756.386494	1845756.645085	1845757.343565	7.257023e-01	38	none	NaN	NaN
129	11	21	33	bathroom	sun_aljolscmmzydegqp.tif	1845758.113202	1845758.371798	1845759.070270	8.091164e-01	23	none	NaN	NaN
129	11	22	52	bathroom	sun_aunuadmjocsddsrl.tif	1845759.839917	1845760.098504	1845760.796922	7.757508e-01	42	none	NaN	NaN
129	11	23	41	bathroom	sun_aoybiabnpadelefl.tif	1845761.566627	1845761.825214	1845762.523566	8.341406e-01	31	none	NaN	NaN
129	11	24	15	bathroom	sun_abjtwfukuwddzted.tif	1845763.293337	1845763.551927	1845764.250351	6.756539e-01	5	none	NaN	NaN
129	11	25	13	bathroom	sun_aavhrsfjbserjtht.tif	1845765.020045	1845765.278637	1845765.977023	6.923367e-01	3	37	1845766.653078	1
129	11	26	40	bathroom	sun_aofnryafpsjimzsb.tif	1845767.430716	1845767.689353	1845768.387862	8.257992e-01	30	37	1845769.061091	1
129	11	27	16	bathroom	sun_acduarbnmmoglmiv.tif	1845769.833148	1845770.091738	1845770.790085	8.424820e-01	6	none	NaN	NaN
129	11	28	18	bathroom	sun_acgyywnybuveqsro.tif	1845771.559862	1845771.818446	1845772.516825	8.341406e-01	8	none	NaN	NaN
129	11	29	45	bathroom	sun_apkxzenqapsujocq.tif	1845773.286571	1845773.545162	1845774.243645	6.589711e-01	35	37	1845774.797270	1
129	11	30	60	bathroom	sun_azqyogdvyhahyram.tif	1845775.572166	1845775.830756	1845776.529292	6.589711e-01	50	37	1845777.164833	1
129	11	31	38	bathroom	sun_anhioqovhscjqqwb.tif	1845777.941181	1845778.199769	1845778.898348	8.007750e-01	28	none	NaN	NaN
129	11	32	44	bathroom	sun_apkruvsevgegsdwp.tif	1845779.667891	1845779.926480	1845780.624858	7.173609e-01	34	none	NaN	NaN
129	11	33	26	bathroom	sun_ahaulkltgpkeeemi.tif	1845781.394600	1845781.653188	1845782.351655	6.506297e-01	16	none	NaN	NaN
129	11	34	37	bathroom	sun_amzlamotzwfkwjco.tif	1845783.121312	1845783.379904	1845784.078301	8.424820e-01	27	none	NaN	NaN
129	11	35	43	bathroom	sun_apjevzvycyhuqghb.tif	1845784.848020	1845785.106607	1845785.805128	6.673125e-01	33	none	NaN	NaN
129	11	36	14	bathroom	sun_abapwbhyhkfixyex.tif	1845786.574732	1845786.833324	1845787.531799	7.924336e-01	4	37	1845788.165262	1
129	11	37	21	bathroom	sun_aggnnqpdorgxpvce.tif	1845788.943747	1845789.202330	1845789.900841	7.590679e-01	11	none	NaN	NaN
129	11	38	31	bathroom	sun_akiytfaagpdsphgz.tif	1845790.670454	1845790.929054	1845791.627574	8.007750e-01	21	none	NaN	NaN
129	11	39	57	bathroom	sun_axldvoqbuvuggfmq.tif	1845792.397163	1845792.655757	1845793.354297	7.173609e-01	47	none	NaN	NaN
129	11	40	59	bathroom	sun_axyrejkiiaqiurjk.tif	1845794.123875	1845794.382461	1845795.080994	6.839953e-01	49	39	1845796.053064	1
129	11	41	50	bathroom	sun_aspsyogrekjtfozg.tif	1845796.826551	1845797.085136	1845797.783629	7.257023e-01	40	none	NaN	NaN
129	11	42	32	bathroom	sun_aleqenyvunhactkl.tif	1845798.553262	1845798.811857	1845799.510229	8.508234e-01	22	none	NaN	NaN
129	11	43	42	bathroom	sun_apeeialkgkuxddgh.tif	1845800.271625	1845800.530223	1845801.228763	6.589711e-01	32	37	1845801.861003	1
129	11	44	20	bathroom	sun_afcoljnjfoxjtgja.tif	1845802.632306	1845802.890897	1845803.589340	7.006781e-01	10	none	NaN	NaN
129	11	45	24	bathroom	sun_agrwbmhcpmfuwmsg.tif	1845804.359017	1845804.617603	1845805.316058	7.840922e-01	14	37	1845805.804978	1
129	11	46	23	bathroom	sun_aghyqhbptboemmoq.tif	1845806.577879	1845806.836466	1845807.534858	7.840922e-01	13	none	NaN	NaN
129	11	47	58	bathroom	sun_axxbkopsgyouuebh.tif	1845808.304590	1845808.563181	1845809.261571	6.923367e-01	48	none	NaN	NaN
129	11	48	19	bathroom	sun_aclfzgynxzxlbepz.tif	1845810.031301	1845810.289885	1845810.988252	7.006781e-01	9	none	NaN	NaN
129	11	49	46	bathroom	sun_apmqjbnwghzuhhzh.tif	1845811.758011	1845812.016593	1845812.714972	7.423851e-01	36	none	NaN	NaN
129	11	50	47	bathroom	sun_apynckhmoftszqoq.tif	1845813.484717	1845813.743308	1845814.441852	6.923367e-01	37	none	NaN	NaN
129	11	51	39	bathroom	sun_anryaplzeujmzfkd.tif	1845815.211434	1845815.470015	1845816.168501	7.423851e-01	29	none	NaN	NaN
129	11	52	17	bathroom	sun_acegryoqftbzowsg.tif	1845816.938142	1845817.196729	1845817.895079	6.839953e-01	7	37	1845818.589045	1
129	11	53	16	bathroom	sun_acduarbnmmoglmiv.tif	1845819.365544	1845819.624135	1845820.322633	7.340437e-01	6	none	NaN	NaN
129	11	54	38	bathroom	sun_anhioqovhscjqqwb.tif	1845821.092253	1845821.350843	1845822.049192	7.006781e-01	28	none	NaN	NaN
129	11	55	13	bathroom	sun_aavhrsfjbserjtht.tif	1845822.810620	1845823.069212	1845823.767722	7.590679e-01	3	none	NaN	NaN
129	11	56	46	bathroom	sun_apmqjbnwghzuhhzh.tif	1845824.537333	1845824.795922	1845825.494454	7.173609e-01	36	none	NaN	NaN
129	11	57	53	bathroom	sun_ausgutylgojavyoq.tif	1845826.264045	1845826.522631	1845827.221121	7.340437e-01	43	none	NaN	NaN
129	11	58	19	bathroom	sun_aclfzgynxzxlbepz.tif	1845827.990752	1845828.249340	1845828.947793	7.924336e-01	9	none	NaN	NaN
129	11	59	57	bathroom	sun_axldvoqbuvuggfmq.tif	1845829.717463	1845829.976046	1845830.674500	6.756539e-01	47	39	1845831.989136	1
129	11	60	31	bathroom	sun_akiytfaagpdsphgz.tif	1845832.762147	1845833.020734	1845833.719195	6.756539e-01	21	none	NaN	NaN
129	11	61	55	bathroom	sun_avhrdrntsqrjzccq.tif	1845834.488852	1845834.747445	1845835.445842	7.590679e-01	45	none	NaN	NaN
129	11	62	34	bathroom	sun_alkosphxlxwjwgjd.tif	1845836.215566	1845836.474160	1845837.172545	7.006781e-01	24	none	NaN	NaN
129	11	63	24	bathroom	sun_agrwbmhcpmfuwmsg.tif	1845837.942278	1845838.200866	1845838.899375	6.756539e-01	14	none	NaN	NaN
129	11	64	12	bathroom	sun_aapitsgbtktqubfy.tif	1845839.668989	1845839.927578	1845840.626015	8.341406e-01	2	none	NaN	NaN
129	11	65	36	bathroom	sun_ambriybtogmepttm.tif	1845841.395672	1845841.654281	1845842.352764	8.007750e-01	26	none	NaN	NaN
129	11	66	45	bathroom	sun_apkxzenqapsujocq.tif	1845843.122407	1845843.380999	1845844.079454	7.674094e-01	35	none	NaN	NaN
129	11	67	23	bathroom	sun_aghyqhbptboemmoq.tif	1845844.849120	1845845.107705	1845845.806243	8.174578e-01	13	none	NaN	NaN
129	11	68	44	bathroom	sun_apkruvsevgegsdwp.tif	1845846.575830	1845846.834420	1845847.532768	6.673125e-01	34	none	NaN	NaN
129	11	69	14	bathroom	sun_abapwbhyhkfixyex.tif	1845848.302539	1845848.561129	1845849.259638	7.423851e-01	4	none	NaN	NaN
129	11	70	56	bathroom	sun_awnqiikzaispgmwo.tif	1845850.029252	1845850.287842	1845850.986294	6.923367e-01	46	none	NaN	NaN
129	11	71	41	bathroom	sun_aoybiabnpadelefl.tif	1845851.747612	1845852.006209	1845852.704683	7.590679e-01	31	none	NaN	NaN
129	11	72	37	bathroom	sun_amzlamotzwfkwjco.tif	1845853.474331	1845853.732920	1845854.431427	8.424820e-01	27	none	NaN	NaN
129	11	73	58	bathroom	sun_axxbkopsgyouuebh.tif	1845855.201043	1845855.459630	1845856.158003	7.840922e-01	48	none	NaN	NaN
129	11	74	60	bathroom	sun_azqyogdvyhahyram.tif	1845856.927748	1845857.186338	1845857.884701	8.257992e-01	50	none	NaN	NaN
129	11	75	35	bathroom	sun_alotolagknyrgtsk.tif	1845858.654458	1845858.913045	1845859.611553	8.174578e-01	25	none	NaN	NaN
129	11	76	11	bathroom	labelme_sfxiulhjbhlyiyt.tif	1845860.381169	1845860.639757	1845861.338315	6.839953e-01	1	none	NaN	NaN
129	11	77	42	bathroom	sun_apeeialkgkuxddgh.tif	1845862.107878	1845862.366470	1845863.064999	8.091164e-01	32	none	NaN	NaN
129	11	78	29	bathroom	sun_ahqjwnzgolcaoidx.tif	1845863.834591	1845864.093177	1845864.791615	7.090195e-01	19	none	NaN	NaN
129	11	79	51	bathroom	sun_atstyziqcmkahyxk.tif	1845865.561296	1845865.819888	1845866.518272	6.506297e-01	41	none	NaN	NaN
129	11	80	27	bathroom	sun_ahcvzmoyaycdoftf.tif	1845867.279668	1845867.538260	1845868.236799	7.757508e-01	17	none	NaN	NaN
129	11	81	59	bathroom	sun_axyrejkiiaqiurjk.tif	1845869.006383	1845869.264966	1845869.963464	8.424820e-01	49	none	NaN	NaN
129	11	82	52	bathroom	sun_aunuadmjocsddsrl.tif	1845870.733092	1845870.991683	1845871.690203	6.839953e-01	42	none	NaN	NaN
129	11	83	20	bathroom	sun_afcoljnjfoxjtgja.tif	1845872.459802	1845872.718391	1845873.416874	8.174578e-01	10	39	1845874.165205	1
129	11	84	15	bathroom	sun_abjtwfukuwddzted.tif	1845874.937254	1845875.195844	1845875.894279	7.173609e-01	5	none	NaN	NaN
129	11	85	49	bathroom	sun_asfwthctfqerjvxr.tif	1845876.663964	1845876.922555	1845877.620988	7.924336e-01	39	37	1845878.669053	0
129	11	86	21	bathroom	sun_aggnnqpdorgxpvce.tif	1845879.441715	1845879.700303	1845880.398836	6.923367e-01	11	none	NaN	NaN
129	11	87	32	bathroom	sun_aleqenyvunhactkl.tif	1845881.168422	1845881.427014	1845882.125537	7.507265e-01	22	none	NaN	NaN
129	11	88	43	bathroom	sun_apjevzvycyhuqghb.tif	1845882.895136	1845883.153727	1845883.852093	7.257023e-01	33	none	NaN	NaN
129	11	89	40	bathroom	sun_aofnryafpsjimzsb.tif	1845884.621850	1845884.880437	1845885.578845	7.340437e-01	30	none	NaN	NaN
129	11	90	26	bathroom	sun_ahaulkltgpkeeemi.tif	1845886.348557	1845886.607149	1845887.305612	7.090195e-01	16	none	NaN	NaN
129	11	91	54	bathroom	sun_auzqhkafidnkrwmo.tif	1845888.075267	1845888.333861	1845889.032318	8.007750e-01	44	none	NaN	NaN
129	11	92	18	bathroom	sun_acgyywnybuveqsro.tif	1845889.801977	1845890.060568	1845890.759025	8.174578e-01	8	none	NaN	NaN
129	11	93	47	bathroom	sun_apynckhmoftszqoq.tif	1845891.528694	1845891.787276	1845892.485807	7.507265e-01	37	none	NaN	NaN
129	11	94	25	bathroom	sun_agyqfjcfkdcydepw.tif	1845893.255399	1845893.513993	1845894.212492	7.257023e-01	15	none	NaN	NaN
129	11	95	28	bathroom	sun_ahijqszoswveeyji.tif	1845894.982107	1845895.240706	1845895.939134	8.257992e-01	18	none	NaN	NaN
129	11	96	48	bathroom	sun_aqrpegblszgcoujh.tif	1845896.708820	1845896.967411	1845897.665973	7.507265e-01	38	none	NaN	NaN
129	11	97	50	bathroom	sun_aspsyogrekjtfozg.tif	1845898.435529	1845898.694123	1845899.392561	7.090195e-01	40	none	NaN	NaN
129	11	98	22	bathroom	sun_agguqiubmwhqqunb.tif	1845900.162240	1845900.420826	1845901.119327	6.673125e-01	12	none	NaN	NaN
129	11	99	33	bathroom	sun_aljolscmmzydegqp.tif	1845901.888947	1845902.147540	1845902.845964	7.840922e-01	23	37	1845903.724999	0
129	11	100	30	bathroom	sun_ajlawzvmubibwbpy.tif	1845904.499871	1845904.758461	1845905.456873	7.757508e-01	20	none	NaN	NaN
129	12	1	75	kitchen	sun_acgtpgfybqjmzeyw.tif	1845929.683150	1845929.941739	1845930.631919	7.173609e-01	65	none	NaN	NaN
129	12	2	65	kitchen	sun_aamedkxepzlwuxes.tif	1845931.401517	1845931.660105	1845932.350313	7.257023e-01	55	none	NaN	NaN
129	12	3	82	kitchen	sun_aenotlpyftoioydp.tif	1845933.119882	1845933.378474	1845934.068637	7.757508e-01	72	none	NaN	NaN
129	12	4	68	kitchen	sun_aaxxjlsuzvqlgylf.tif	1845934.838252	1845935.096844	1845935.786959	8.174578e-01	58	39	1845936.797074	1
129	12	5	110	kitchen	sun_azmutvzbxypaceni.tif	1845937.574296	1845937.832885	1845938.523103	7.090195e-01	100	37	1845939.141118	0
129	12	6	84	kitchen	sun_aexklacwqwezaorf.tif	1845939.918286	1845940.176877	1845940.866937	6.589711e-01	74	none	NaN	NaN
129	12	7	83	kitchen	sun_aeqdocilnnpuvuhx.tif	1845941.636654	1845941.895244	1845942.585429	7.257023e-01	73	none	NaN	NaN
129	12	8	70	kitchen	sun_abdxkyyxwfskuaqb.tif	1845943.355023	1845943.613612	1845944.303702	7.924336e-01	60	none	NaN	NaN
129	12	9	61	kitchen	labelme_brsyyvweiuaazfr.tif	1845945.073394	1845945.331983	1845946.022207	8.174578e-01	51	none	NaN	NaN
129	12	10	80	kitchen	sun_aegoxogugdkwpmpj.tif	1845946.791758	1845947.050351	1845947.740366	7.006781e-01	70	none	NaN	NaN
129	12	11	103	kitchen	sun_aunzlwrbjumxhwdj.tif	1845948.510129	1845948.768718	1845949.458737	7.840922e-01	93	none	NaN	NaN
129	12	12	63	kitchen	labelme_rykdqxenmhulbdn.tif	1845950.228502	1845950.487092	1845951.177229	7.006781e-01	53	none	NaN	NaN
129	12	13	71	kitchen	sun_abftihopvusyfakt.tif	1845951.946870	1845952.205457	1845952.895579	6.923367e-01	61	none	NaN	NaN
129	12	14	89	kitchen	sun_agzzivivdpnawacl.tif	1845953.665234	1845953.923821	1845954.614000	7.590679e-01	79	37	1845956.173195	1
129	12	15	85	kitchen	sun_afuyedyxivkhecmu.tif	1845956.943486	1845957.202073	1845957.892265	8.091164e-01	75	37	1845958.493006	1
129	12	16	92	kitchen	sun_ahpczsiumwwocjkv.tif	1845959.270789	1845959.529373	1845960.219537	7.340437e-01	82	none	NaN	NaN
129	12	17	93	kitchen	sun_ahspylgoovwmwvgk.tif	1845960.989159	1845961.247749	1845961.937805	7.173609e-01	83	none	NaN	NaN
129	12	18	108	kitchen	sun_aymvwlarqodbwuoc.tif	1845962.707523	1845962.966115	1845963.656243	6.923367e-01	98	none	NaN	NaN
129	12	19	101	kitchen	sun_aqeaevwwwjoqhzvl.tif	1845964.425899	1845964.684480	1845965.374599	6.673125e-01	91	none	NaN	NaN
129	12	20	99	kitchen	sun_akcjzhbbjlbogpdi.tif	1845966.144264	1845966.402848	1845967.092969	6.756539e-01	89	none	NaN	NaN
129	12	21	105	kitchen	sun_avszsnwsbuqfgzbn.tif	1845967.862634	1845968.121222	1845968.811296	6.673125e-01	95	none	NaN	NaN
129	12	22	106	kitchen	sun_awcpdzzznmweyyhv.tif	1845969.581001	1845969.839588	1845970.529611	7.423851e-01	96	none	NaN	NaN
129	12	23	100	kitchen	sun_amjjdeyrggfqgmom.tif	1845971.299372	1845971.557955	1845972.248157	7.840922e-01	90	39	1845973.060955	1
129	12	24	107	kitchen	sun_axyyrmzcupyhlivc.tif	1845973.835215	1845974.093802	1845974.783904	6.923367e-01	97	none	NaN	NaN
129	12	25	109	kitchen	sun_aypmqwcualkenuoe.tif	1845975.553585	1845975.812177	1845976.502373	8.341406e-01	99	none	NaN	NaN
129	12	26	87	kitchen	sun_agorklincwxrdtga.tif	1845977.271955	1845977.530543	1845978.220701	7.090195e-01	77	none	NaN	NaN
129	12	27	78	kitchen	sun_adgqasybjyktddhj.tif	1845978.990318	1845979.248911	1845979.939033	7.590679e-01	68	none	NaN	NaN
129	12	28	76	kitchen	sun_acwjdupvyjsugpay.tif	1845980.708691	1845980.967280	1845981.657422	6.589711e-01	66	none	NaN	NaN
129	12	29	64	kitchen	sun_aadbddgrdsjugojn.tif	1845982.427062	1845982.685646	1845983.375699	7.257023e-01	54	none	NaN	NaN
129	12	30	77	kitchen	sun_acxkpeoqbwcxfvip.tif	1845984.137106	1845984.395675	1845985.085892	7.423851e-01	67	none	NaN	NaN
129	12	31	72	kitchen	sun_abpwyqmlzafvklqo.tif	1845985.855449	1845986.114046	1845986.804163	8.007750e-01	62	none	NaN	NaN
129	12	32	95	kitchen	sun_aixorpehvfykdynp.tif	1845987.573824	1845987.832413	1845988.522563	6.839953e-01	85	none	NaN	NaN
129	12	33	86	kitchen	sun_aggjlwcdjsjcaemh.tif	1845989.292190	1845989.550782	1845990.240863	7.173609e-01	76	none	NaN	NaN
129	12	34	91	kitchen	sun_ahljzhgcdpomplvg.tif	1845991.010558	1845991.269150	1845991.959279	7.674094e-01	81	39	1845994.445247	1
129	12	35	90	kitchen	sun_ahdycvpopffkzzsu.tif	1845995.223065	1845995.481650	1845996.171718	7.674094e-01	80	none	NaN	NaN
129	12	36	62	kitchen	labelme_kxvouciolcpqplr.tif	1845996.941431	1845997.200020	1845997.890057	7.173609e-01	52	none	NaN	NaN
129	12	37	81	kitchen	sun_aehawpgmrlhlvcow.tif	1845998.659796	1845998.918395	1845999.608587	7.590679e-01	71	none	NaN	NaN
129	12	38	97	kitchen	sun_ajkqhtgcbgpcwrwn.tif	1846000.378174	1846000.636761	1846001.326811	6.673125e-01	87	none	NaN	NaN
129	12	39	79	kitchen	sun_admlmbcdswaszruo.tif	1846002.088197	1846002.346791	1846003.036937	6.506297e-01	69	none	NaN	NaN
129	12	40	88	kitchen	sun_agubuxuukhzyzpdp.tif	1846003.806571	1846004.065157	1846004.755184	7.924336e-01	78	none	NaN	NaN
129	12	41	98	kitchen	sun_akchetnepxlcxhsu.tif	1846005.524938	1846005.783529	1846006.473556	6.923367e-01	88	none	NaN	NaN
129	12	42	74	kitchen	sun_acfmftudsenhrfhy.tif	1846007.243305	1846007.501896	1846008.192039	6.756539e-01	64	none	NaN	NaN
129	12	43	67	kitchen	sun_aarfiyshqohlwkmo.tif	1846008.961669	1846009.220258	1846009.910305	7.507265e-01	57	37	1846012.109206	0
129	12	44	66	kitchen	sun_aapllqyqlykszopd.tif	1846012.882224	1846013.140812	1846013.830958	7.924336e-01	56	none	NaN	NaN
129	12	45	73	kitchen	sun_abrcnpqqhmjwekyf.tif	1846014.600590	1846014.859182	1846015.549283	6.756539e-01	63	37	1846016.245158	1
129	12	46	96	kitchen	sun_ajcbwwvdlsvjyzje.tif	1846017.019659	1846017.278246	1846017.968444	8.424820e-01	86	none	NaN	NaN
129	12	47	69	kitchen	sun_abdenxonkemggwsq.tif	1846018.738023	1846018.996613	1846019.686832	8.257992e-01	59	none	NaN	NaN
129	12	48	104	kitchen	sun_auticobqsbwgoppi.tif	1846020.456394	1846020.714985	1846021.405129	7.423851e-01	94	none	NaN	NaN
129	12	49	94	kitchen	sun_ahywdevtimnqcsln.tif	1846022.174764	1846022.433347	1846023.123416	6.839953e-01	84	none	NaN	NaN
129	12	50	102	kitchen	sun_auaiucuqpdausiva.tif	1846023.893129	1846024.151717	1846024.841899	8.091164e-01	92	none	NaN	NaN
129	12	51	106	kitchen	sun_awcpdzzznmweyyhv.tif	1846025.611498	1846025.870092	1846026.560282	8.424820e-01	96	none	NaN	NaN
129	12	52	109	kitchen	sun_aypmqwcualkenuoe.tif	1846027.329866	1846027.588456	1846028.278526	8.424820e-01	99	39	1846030.325105	1
129	12	53	64	kitchen	sun_aadbddgrdsjugojn.tif	1846031.100265	1846031.358862	1846032.048925	7.423851e-01	54	none	NaN	NaN
129	12	54	89	kitchen	sun_agzzivivdpnawacl.tif	1846032.818640	1846033.077222	1846033.767400	7.757508e-01	79	none	NaN	NaN
129	12	55	70	kitchen	sun_abdxkyyxwfskuaqb.tif	1846034.537004	1846034.795597	1846035.485708	8.257992e-01	60	none	NaN	NaN
129	12	56	67	kitchen	sun_aarfiyshqohlwkmo.tif	1846036.255377	1846036.513963	1846037.204086	6.506297e-01	57	37	1846037.981242	1
129	12	57	87	kitchen	sun_agorklincwxrdtga.tif	1846038.757851	1846039.016445	1846039.706607	7.257023e-01	77	none	NaN	NaN
129	12	58	61	kitchen	labelme_brsyyvweiuaazfr.tif	1846040.476222	1846040.734810	1846041.425156	6.589711e-01	51	none	NaN	NaN
129	12	59	73	kitchen	sun_abrcnpqqhmjwekyf.tif	1846042.194591	1846042.453181	1846043.143238	7.006781e-01	63	none	NaN	NaN
129	12	60	85	kitchen	sun_afuyedyxivkhecmu.tif	1846043.912960	1846044.171550	1846044.861623	6.506297e-01	75	none	NaN	NaN
129	12	61	66	kitchen	sun_aapllqyqlykszopd.tif	1846045.631330	1846045.889916	1846046.580105	7.674094e-01	56	none	NaN	NaN
129	12	62	74	kitchen	sun_acfmftudsenhrfhy.tif	1846047.349701	1846047.608289	1846048.298486	7.757508e-01	64	none	NaN	NaN
129	12	63	100	kitchen	sun_amjjdeyrggfqgmom.tif	1846049.068069	1846049.326658	1846050.016820	7.090195e-01	90	none	NaN	NaN
129	12	64	65	kitchen	sun_aamedkxepzlwuxes.tif	1846050.786434	1846051.045021	1846051.735058	8.257992e-01	55	none	NaN	NaN
129	12	65	99	kitchen	sun_akcjzhbbjlbogpdi.tif	1846052.504805	1846052.763391	1846053.453501	7.924336e-01	89	none	NaN	NaN
129	12	66	98	kitchen	sun_akchetnepxlcxhsu.tif	1846054.223174	1846054.481762	1846055.171887	8.341406e-01	88	37	1846056.661099	1
129	12	67	102	kitchen	sun_auaiucuqpdausiva.tif	1846057.434687	1846057.693275	1846058.383284	7.590679e-01	92	none	NaN	NaN
129	12	68	69	kitchen	sun_abdenxonkemggwsq.tif	1846059.153048	1846059.411637	1846060.101787	7.507265e-01	59	none	NaN	NaN
129	12	69	82	kitchen	sun_aenotlpyftoioydp.tif	1846060.871425	1846061.130014	1846061.820049	6.839953e-01	72	39	1846062.949066	0
129	12	70	94	kitchen	sun_ahywdevtimnqcsln.tif	1846063.724249	1846063.982841	1846064.673022	7.507265e-01	84	none	NaN	NaN
129	12	71	78	kitchen	sun_adgqasybjyktddhj.tif	1846065.442619	1846065.701206	1846066.391242	7.090195e-01	68	none	NaN	NaN
129	12	72	83	kitchen	sun_aeqdocilnnpuvuhx.tif	1846067.160990	1846067.419574	1846068.109736	8.508234e-01	73	none	NaN	NaN
129	12	73	76	kitchen	sun_acwjdupvyjsugpay.tif	1846068.879355	1846069.137945	1846069.828055	7.840922e-01	66	none	NaN	NaN
129	12	74	77	kitchen	sun_acxkpeoqbwcxfvip.tif	1846070.589384	1846070.847976	1846071.538028	7.507265e-01	67	none	NaN	NaN
129	12	75	68	kitchen	sun_aaxxjlsuzvqlgylf.tif	1846072.307749	1846072.566341	1846073.256562	8.007750e-01	58	39	1846074.436999	1
129	12	76	71	kitchen	sun_abftihopvusyfakt.tif	1846075.210626	1846075.469219	1846076.159269	7.590679e-01	61	none	NaN	NaN
129	12	77	88	kitchen	sun_agubuxuukhzyzpdp.tif	1846076.928995	1846077.187586	1846077.877765	8.174578e-01	78	37	1846079.093019	1
129	12	78	81	kitchen	sun_aehawpgmrlhlvcow.tif	1846079.865237	1846080.123823	1846080.814013	8.341406e-01	71	none	NaN	NaN
129	12	79	80	kitchen	sun_aegoxogugdkwpmpj.tif	1846081.583602	1846081.842197	1846082.532320	7.757508e-01	70	none	NaN	NaN
129	12	80	97	kitchen	sun_ajkqhtgcbgpcwrwn.tif	1846083.301975	1846083.560563	1846084.250572	6.839953e-01	87	none	NaN	NaN
129	12	81	63	kitchen	labelme_rykdqxenmhulbdn.tif	1846085.020345	1846085.278948	1846085.968976	6.923367e-01	53	none	NaN	NaN
129	12	82	91	kitchen	sun_ahljzhgcdpomplvg.tif	1846086.738712	1846086.997302	1846087.687442	6.589711e-01	81	none	NaN	NaN
129	12	83	75	kitchen	sun_acgtpgfybqjmzeyw.tif	1846088.457080	1846088.715673	1846089.405765	8.341406e-01	65	none	NaN	NaN
129	12	84	110	kitchen	sun_azmutvzbxypaceni.tif	1846090.175449	1846090.434035	1846091.124106	7.340437e-01	100	none	NaN	NaN
129	12	85	90	kitchen	sun_ahdycvpopffkzzsu.tif	1846091.893819	1846092.152408	1846092.842558	8.174578e-01	80	none	NaN	NaN
129	12	86	95	kitchen	sun_aixorpehvfykdynp.tif	1846093.612186	1846093.870779	1846094.560805	6.756539e-01	85	none	NaN	NaN
129	12	87	105	kitchen	sun_avszsnwsbuqfgzbn.tif	1846095.330555	1846095.589147	1846096.279310	8.257992e-01	95	39	1846097.709100	1
129	12	88	62	kitchen	labelme_kxvouciolcpqplr.tif	1846098.483677	1846098.742269	1846099.432354	6.673125e-01	52	none	NaN	NaN
129	12	89	72	kitchen	sun_abpwyqmlzafvklqo.tif	1846100.202045	1846100.460638	1846101.150938	7.340437e-01	62	none	NaN	NaN
129	12	90	104	kitchen	sun_auticobqsbwgoppi.tif	1846101.920420	1846102.179004	1846102.869043	8.091164e-01	94	none	NaN	NaN
129	12	91	92	kitchen	sun_ahpczsiumwwocjkv.tif	1846103.638786	1846103.897375	1846104.587385	7.006781e-01	82	none	NaN	NaN
129	12	92	84	kitchen	sun_aexklacwqwezaorf.tif	1846105.357153	1846105.615748	1846106.305971	8.424820e-01	74	none	NaN	NaN
129	12	93	79	kitchen	sun_admlmbcdswaszruo.tif	1846107.075521	1846107.334111	1846108.024223	8.091164e-01	69	none	NaN	NaN
129	12	94	107	kitchen	sun_axyyrmzcupyhlivc.tif	1846108.793892	1846109.052483	1846109.742572	7.840922e-01	97	none	NaN	NaN
129	12	95	108	kitchen	sun_aymvwlarqodbwuoc.tif	1846110.512263	1846110.770851	1846111.460923	7.340437e-01	98	none	NaN	NaN
129	12	96	96	kitchen	sun_ajcbwwvdlsvjyzje.tif	1846112.230624	1846112.489219	1846113.179425	8.007750e-01	86	none	NaN	NaN
129	12	97	93	kitchen	sun_ahspylgoovwmwvgk.tif	1846113.948997	1846114.207587	1846114.897618	8.007750e-01	83	none	NaN	NaN
129	12	98	86	kitchen	sun_aggjlwcdjsjcaemh.tif	1846115.667367	1846115.925958	1846116.615982	8.257992e-01	76	none	NaN	NaN
129	12	99	103	kitchen	sun_aunzlwrbjumxhwdj.tif	1846117.385736	1846117.644328	1846118.334426	7.674094e-01	93	none	NaN	NaN
129	12	100	101	kitchen	sun_aqeaevwwwjoqhzvl.tif	1846119.104106	1846119.362698	1846120.052818	8.508234e-01	91	none	NaN	NaN
129	13	1	47	bathroom	sun_apynckhmoftszqoq.tif	1846180.940354	1846181.198943	1846181.955814	7.924336e-01	37	37	1846182.637164	1
129	13	2	39	bathroom	sun_anryaplzeujmzfkd.tif	1846183.409468	1846183.668055	1846184.424890	7.006781e-01	29	none	NaN	NaN
129	13	3	29	bathroom	sun_ahqjwnzgolcaoidx.tif	1846185.194570	1846185.453154	1846186.209945	6.839953e-01	19	none	NaN	NaN
129	13	4	35	bathroom	sun_alotolagknyrgtsk.tif	1846186.979668	1846187.238262	1846187.995098	7.340437e-01	25	none	NaN	NaN
129	13	5	21	bathroom	sun_aggnnqpdorgxpvce.tif	1846188.764774	1846189.023363	1846189.780278	7.507265e-01	11	none	NaN	NaN
129	13	6	23	bathroom	sun_aghyqhbptboemmoq.tif	1846190.549875	1846190.808465	1846191.565394	6.673125e-01	13	39	1846192.652944	1
129	13	7	36	bathroom	sun_ambriybtogmepttm.tif	1846193.427725	1846193.686311	1846194.443124	7.340437e-01	26	none	NaN	NaN
129	13	8	60	bathroom	sun_azqyogdvyhahyram.tif	1846195.212821	1846195.471412	1846196.228313	7.006781e-01	50	none	NaN	NaN
129	13	9	42	bathroom	sun_apeeialkgkuxddgh.tif	1846196.997930	1846197.256514	1846198.013454	8.424820e-01	32	none	NaN	NaN
129	13	10	32	bathroom	sun_aleqenyvunhactkl.tif	1846198.783028	1846199.041616	1846199.798490	7.173609e-01	22	none	NaN	NaN
129	13	11	12	bathroom	sun_aapitsgbtktqubfy.tif	1846200.568129	1846200.826718	1846201.583457	7.840922e-01	2	none	NaN	NaN
129	13	12	54	bathroom	sun_auzqhkafidnkrwmo.tif	1846202.353221	1846202.611819	1846203.368646	8.174578e-01	44	none	NaN	NaN
129	13	13	48	bathroom	sun_aqrpegblszgcoujh.tif	1846204.138325	1846204.396920	1846205.153688	7.674094e-01	38	none	NaN	NaN
129	13	14	56	bathroom	sun_awnqiikzaispgmwo.tif	1846205.923434	1846206.182023	1846206.938923	6.756539e-01	46	none	NaN	NaN
129	13	15	27	bathroom	sun_ahcvzmoyaycdoftf.tif	1846207.708534	1846207.967120	1846208.723976	7.674094e-01	17	39	1846210.765136	1
129	13	16	51	bathroom	sun_atstyziqcmkahyxk.tif	1846211.537326	1846211.795915	1846212.552667	8.007750e-01	41	none	NaN	NaN
129	13	17	22	bathroom	sun_agguqiubmwhqqunb.tif	1846213.322429	1846213.581019	1846214.337788	7.507265e-01	12	none	NaN	NaN
129	13	18	33	bathroom	sun_aljolscmmzydegqp.tif	1846215.107532	1846215.366121	1846216.122986	8.091164e-01	23	none	NaN	NaN
129	13	19	50	bathroom	sun_aspsyogrekjtfozg.tif	1846216.892628	1846217.151219	1846217.908043	7.173609e-01	40	none	NaN	NaN
129	13	20	28	bathroom	sun_ahijqszoswveeyji.tif	1846218.677736	1846218.936320	1846219.693154	6.673125e-01	18	none	NaN	NaN
129	13	21	30	bathroom	sun_ajlawzvmubibwbpy.tif	1846220.462830	1846220.721423	1846221.478307	7.423851e-01	20	none	NaN	NaN
129	13	22	25	bathroom	sun_agyqfjcfkdcydepw.tif	1846222.247937	1846222.506519	1846223.263422	8.257992e-01	15	none	NaN	NaN
129	13	23	57	bathroom	sun_axldvoqbuvuggfmq.tif	1846224.033037	1846224.291628	1846225.048434	8.508234e-01	47	none	NaN	NaN
129	13	24	16	bathroom	sun_acduarbnmmoglmiv.tif	1846225.818141	1846226.076729	1846226.833476	7.757508e-01	6	none	NaN	NaN
129	13	25	55	bathroom	sun_avhrdrntsqrjzccq.tif	1846227.594896	1846227.853489	1846228.610429	7.090195e-01	45	39	1846230.109024	1
129	13	26	45	bathroom	sun_apkxzenqapsujocq.tif	1846230.881487	1846231.140077	1846231.896935	7.590679e-01	35	none	NaN	NaN
129	13	27	44	bathroom	sun_apkruvsevgegsdwp.tif	1846232.666590	1846232.925176	1846233.682052	6.756539e-01	34	none	NaN	NaN
129	13	28	58	bathroom	sun_axxbkopsgyouuebh.tif	1846234.451690	1846234.710282	1846235.467171	8.091164e-01	48	none	NaN	NaN
129	13	29	17	bathroom	sun_acegryoqftbzowsg.tif	1846236.236789	1846236.495383	1846237.252246	8.174578e-01	7	none	NaN	NaN
129	13	30	37	bathroom	sun_amzlamotzwfkwjco.tif	1846238.021897	1846238.280483	1846239.037250	6.673125e-01	27	none	NaN	NaN
129	13	31	19	bathroom	sun_aclfzgynxzxlbepz.tif	1846239.806994	1846240.065586	1846240.822335	8.341406e-01	9	none	NaN	NaN
129	13	32	43	bathroom	sun_apjevzvycyhuqghb.tif	1846241.592097	1846241.850687	1846242.607517	6.589711e-01	33	none	NaN	NaN
129	13	33	26	bathroom	sun_ahaulkltgpkeeemi.tif	1846243.377198	1846243.635791	1846244.392731	6.756539e-01	16	37	1846245.141036	1
129	13	34	52	bathroom	sun_aunuadmjocsddsrl.tif	1846245.913066	1846246.171629	1846246.928449	6.923367e-01	42	none	NaN	NaN
129	13	35	49	bathroom	sun_asfwthctfqerjvxr.tif	1846247.698145	1846247.956732	1846248.713703	7.423851e-01	39	none	NaN	NaN
129	13	36	20	bathroom	sun_afcoljnjfoxjtgja.tif	1846249.483253	1846249.741838	1846250.498795	6.589711e-01	10	none	NaN	NaN
129	13	37	40	bathroom	sun_aofnryafpsjimzsb.tif	1846251.268345	1846251.526937	1846252.283762	6.839953e-01	30	none	NaN	NaN
129	13	38	59	bathroom	sun_axyrejkiiaqiurjk.tif	1846253.053448	1846253.312042	1846254.068852	7.423851e-01	49	none	NaN	NaN
129	13	39	18	bathroom	sun_acgyywnybuveqsro.tif	1846254.830209	1846255.088797	1846255.845707	6.506297e-01	8	none	NaN	NaN
129	13	40	11	bathroom	labelme_sfxiulhjbhlyiyt.tif	1846256.615309	1846256.873899	1846257.630732	8.341406e-01	1	none	NaN	NaN
129	13	41	41	bathroom	sun_aoybiabnpadelefl.tif	1846258.400411	1846258.659005	1846259.415924	6.756539e-01	31	37	1846260.061181	1
129	13	42	13	bathroom	sun_aavhrsfjbserjtht.tif	1846260.836155	1846261.094749	1846261.851620	7.590679e-01	3	none	NaN	NaN
129	13	43	24	bathroom	sun_agrwbmhcpmfuwmsg.tif	1846262.621264	1846262.879849	1846263.637220	8.508234e-01	14	none	NaN	NaN
129	13	44	38	bathroom	sun_anhioqovhscjqqwb.tif	1846264.406366	1846264.664948	1846265.421795	8.091164e-01	28	none	NaN	NaN
129	13	45	34	bathroom	sun_alkosphxlxwjwgjd.tif	1846266.191464	1846266.450052	1846267.206950	7.507265e-01	24	none	NaN	NaN
129	13	46	53	bathroom	sun_ausgutylgojavyoq.tif	1846267.976558	1846268.235156	1846268.991925	8.341406e-01	43	none	NaN	NaN
129	13	47	31	bathroom	sun_akiytfaagpdsphgz.tif	1846269.761666	1846270.020256	1846270.777158	8.007750e-01	21	none	NaN	NaN
129	13	48	46	bathroom	sun_apmqjbnwghzuhhzh.tif	1846271.546766	1846271.805358	1846272.562103	7.090195e-01	36	none	NaN	NaN
129	13	49	14	bathroom	sun_abapwbhyhkfixyex.tif	1846273.331862	1846273.590460	1846274.347363	7.590679e-01	4	none	NaN	NaN
129	13	50	15	bathroom	sun_abjtwfukuwddzted.tif	1846275.116970	1846275.375561	1846276.132404	7.257023e-01	5	39	1846277.092981	1
129	13	51	22	bathroom	sun_agguqiubmwhqqunb.tif	1846277.869695	1846278.128287	1846278.885076	6.923367e-01	12	none	NaN	NaN
129	13	52	57	bathroom	sun_axldvoqbuvuggfmq.tif	1846279.654795	1846279.913390	1846280.670196	8.257992e-01	47	none	NaN	NaN
129	13	53	54	bathroom	sun_auzqhkafidnkrwmo.tif	1846281.439902	1846281.698483	1846282.455355	7.757508e-01	44	none	NaN	NaN
129	13	54	14	bathroom	sun_abapwbhyhkfixyex.tif	1846283.225002	1846283.483594	1846284.240523	7.423851e-01	4	none	NaN	NaN
129	13	55	32	bathroom	sun_aleqenyvunhactkl.tif	1846285.010099	1846285.268689	1846286.025531	8.257992e-01	22	none	NaN	NaN
129	13	56	53	bathroom	sun_ausgutylgojavyoq.tif	1846286.795171	1846287.053793	1846287.810655	7.674094e-01	43	37	1846288.453045	1
129	13	57	43	bathroom	sun_apjevzvycyhuqghb.tif	1846289.230948	1846289.489541	1846290.246491	7.590679e-01	33	none	NaN	NaN
129	13	58	37	bathroom	sun_amzlamotzwfkwjco.tif	1846291.016049	1846291.274637	1846292.031528	6.923367e-01	27	none	NaN	NaN
129	13	59	13	bathroom	sun_aavhrsfjbserjtht.tif	1846292.801154	1846293.059742	1846293.816631	7.173609e-01	3	none	NaN	NaN
129	13	60	50	bathroom	sun_aspsyogrekjtfozg.tif	1846294.586257	1846294.844845	1846295.601625	7.924336e-01	40	none	NaN	NaN
129	13	61	25	bathroom	sun_agyqfjcfkdcydepw.tif	1846296.371359	1846296.629952	1846297.386720	7.090195e-01	15	none	NaN	NaN
129	13	62	16	bathroom	sun_acduarbnmmoglmiv.tif	1846298.156461	1846298.415045	1846299.171823	7.924336e-01	6	none	NaN	NaN
129	13	63	46	bathroom	sun_apmqjbnwghzuhhzh.tif	1846299.941562	1846300.200146	1846300.957021	7.590679e-01	36	none	NaN	NaN
129	13	64	26	bathroom	sun_ahaulkltgpkeeemi.tif	1846301.726661	1846301.985255	1846302.742191	6.923367e-01	16	none	NaN	NaN
129	13	65	56	bathroom	sun_awnqiikzaispgmwo.tif	1846303.511760	1846303.770355	1846304.527108	8.174578e-01	46	none	NaN	NaN
129	13	66	45	bathroom	sun_apkxzenqapsujocq.tif	1846305.296867	1846305.555456	1846306.312375	7.340437e-01	35	37	1846306.997143	1
129	13	67	35	bathroom	sun_alotolagknyrgtsk.tif	1846307.774315	1846308.032911	1846308.789857	6.839953e-01	25	39	1846309.557001	1
129	13	68	38	bathroom	sun_anhioqovhscjqqwb.tif	1846310.335184	1846310.593773	1846311.350674	8.091164e-01	28	none	NaN	NaN
129	13	69	19	bathroom	sun_aclfzgynxzxlbepz.tif	1846312.120293	1846312.378875	1846313.135682	8.424820e-01	9	37	1846313.932793	1
129	13	70	15	bathroom	sun_abjtwfukuwddzted.tif	1846314.706181	1846314.964777	1846315.721533	6.589711e-01	5	none	NaN	NaN
129	13	71	58	bathroom	sun_axxbkopsgyouuebh.tif	1846316.491282	1846316.749877	1846317.506789	8.007750e-01	48	none	NaN	NaN
129	13	72	48	bathroom	sun_aqrpegblszgcoujh.tif	1846318.276389	1846318.534978	1846319.291741	7.507265e-01	38	none	NaN	NaN
129	13	73	34	bathroom	sun_alkosphxlxwjwgjd.tif	1846320.061490	1846320.320081	1846321.077010	8.257992e-01	24	none	NaN	NaN
129	13	74	24	bathroom	sun_agrwbmhcpmfuwmsg.tif	1846321.846591	1846322.105177	1846322.862105	6.506297e-01	14	37	1846323.572992	1
129	13	75	47	bathroom	sun_apynckhmoftszqoq.tif	1846324.349066	1846324.607655	1846325.364548	7.173609e-01	37	none	NaN	NaN
129	13	76	42	bathroom	sun_apeeialkgkuxddgh.tif	1846326.134170	1846326.392764	1846327.149655	7.840922e-01	32	none	NaN	NaN
129	13	77	27	bathroom	sun_ahcvzmoyaycdoftf.tif	1846327.919273	1846328.177866	1846328.934682	7.340437e-01	17	none	NaN	NaN
129	13	78	31	bathroom	sun_akiytfaagpdsphgz.tif	1846329.704373	1846329.962966	1846330.719716	7.257023e-01	21	39	1846331.516817	1
129	13	79	60	bathroom	sun_azqyogdvyhahyram.tif	1846332.290269	1846332.548858	1846333.305766	6.673125e-01	50	none	NaN	NaN
129	13	80	12	bathroom	sun_aapitsgbtktqubfy.tif	1846334.075373	1846334.333959	1846335.090861	7.257023e-01	2	none	NaN	NaN
129	13	81	21	bathroom	sun_aggnnqpdorgxpvce.tif	1846335.860469	1846336.119062	1846336.875966	6.839953e-01	11	none	NaN	NaN
129	13	82	40	bathroom	sun_aofnryafpsjimzsb.tif	1846337.645576	1846337.904168	1846338.660959	8.341406e-01	30	none	NaN	NaN
129	13	83	20	bathroom	sun_afcoljnjfoxjtgja.tif	1846339.430670	1846339.689261	1846340.446000	7.757508e-01	10	none	NaN	NaN
129	13	84	39	bathroom	sun_anryaplzeujmzfkd.tif	1846341.215776	1846341.474367	1846342.231118	7.006781e-01	29	none	NaN	NaN
129	13	85	59	bathroom	sun_axyrejkiiaqiurjk.tif	1846343.000881	1846343.259471	1846344.016309	7.006781e-01	49	none	NaN	NaN
129	13	86	52	bathroom	sun_aunuadmjocsddsrl.tif	1846344.785975	1846345.044569	1846345.801408	7.840922e-01	42	none	NaN	NaN
129	13	87	18	bathroom	sun_acgyywnybuveqsro.tif	1846346.571086	1846346.829672	1846347.586491	8.424820e-01	8	none	NaN	NaN
129	13	88	11	bathroom	labelme_sfxiulhjbhlyiyt.tif	1846348.356178	1846348.614774	1846349.371540	7.090195e-01	1	none	NaN	NaN
129	13	89	28	bathroom	sun_ahijqszoswveeyji.tif	1846350.141284	1846350.399873	1846351.156783	7.674094e-01	18	none	NaN	NaN
129	13	90	44	bathroom	sun_apkruvsevgegsdwp.tif	1846351.926388	1846352.184975	1846352.941819	6.589711e-01	34	none	NaN	NaN
129	13	91	23	bathroom	sun_aghyqhbptboemmoq.tif	1846353.711485	1846353.970079	1846354.727014	8.424820e-01	13	39	1846356.093328	1
129	13	92	51	bathroom	sun_atstyziqcmkahyxk.tif	1846356.864605	1846357.123202	1846357.880111	7.924336e-01	41	none	NaN	NaN
129	13	93	36	bathroom	sun_ambriybtogmepttm.tif	1846358.649710	1846358.908301	1846359.665082	7.757508e-01	26	none	NaN	NaN
129	13	94	30	bathroom	sun_ajlawzvmubibwbpy.tif	1846360.434810	1846360.693402	1846361.450312	6.923367e-01	20	39	1846362.356953	1
129	13	95	33	bathroom	sun_aljolscmmzydegqp.tif	1846363.129149	1846363.387735	1846364.144694	7.840922e-01	23	none	NaN	NaN
129	13	96	17	bathroom	sun_acegryoqftbzowsg.tif	1846364.914248	1846365.172839	1846365.929677	8.174578e-01	7	none	NaN	NaN
129	13	97	41	bathroom	sun_aoybiabnpadelefl.tif	1846366.699351	1846366.957941	1846367.714691	8.257992e-01	31	none	NaN	NaN
129	13	98	55	bathroom	sun_avhrdrntsqrjzccq.tif	1846368.484454	1846368.743042	1846369.499994	7.257023e-01	45	none	NaN	NaN
129	13	99	49	bathroom	sun_asfwthctfqerjvxr.tif	1846370.269559	1846370.528147	1846371.284954	6.506297e-01	39	none	NaN	NaN
129	13	100	29	bathroom	sun_ahqjwnzgolcaoidx.tif	1846372.054656	1846372.313247	1846373.070055	8.007750e-01	19	none	NaN	NaN
129	14	1	74	kitchen	sun_acfmftudsenhrfhy.tif	1846391.807556	1846392.066144	1846392.714509	6.673125e-01	64	none	NaN	NaN
129	14	2	64	kitchen	sun_aadbddgrdsjugojn.tif	1846393.484215	1846393.742807	1846394.391229	7.840922e-01	54	none	NaN	NaN
129	14	3	104	kitchen	sun_auticobqsbwgoppi.tif	1846395.152534	1846395.411125	1846396.059542	8.424820e-01	94	none	NaN	NaN
129	14	4	94	kitchen	sun_ahywdevtimnqcsln.tif	1846396.829190	1846397.087787	1846397.736252	8.508234e-01	84	none	NaN	NaN
129	14	5	92	kitchen	sun_ahpczsiumwwocjkv.tif	1846398.505852	1846398.764442	1846399.412986	6.923367e-01	82	none	NaN	NaN
129	14	6	82	kitchen	sun_aenotlpyftoioydp.tif	1846400.182510	1846400.441102	1846401.089533	7.423851e-01	72	none	NaN	NaN
129	14	7	89	kitchen	sun_agzzivivdpnawacl.tif	1846401.859174	1846402.117768	1846402.766223	6.506297e-01	79	none	NaN	NaN
129	14	8	100	kitchen	sun_amjjdeyrggfqgmom.tif	1846403.535841	1846403.794420	1846404.442893	7.924336e-01	90	none	NaN	NaN
129	14	9	76	kitchen	sun_acwjdupvyjsugpay.tif	1846405.212500	1846405.471092	1846406.119422	7.173609e-01	66	39	1846406.964920	1
129	14	10	70	kitchen	sun_abdxkyyxwfskuaqb.tif	1846407.740005	1846407.998592	1846408.646961	7.090195e-01	60	none	NaN	NaN
129	14	11	86	kitchen	sun_aggjlwcdjsjcaemh.tif	1846409.416660	1846409.675244	1846410.323585	8.424820e-01	76	none	NaN	NaN
129	14	12	107	kitchen	sun_axyyrmzcupyhlivc.tif	1846411.093326	1846411.351915	1846412.000413	7.257023e-01	97	none	NaN	NaN
129	14	13	83	kitchen	sun_aeqdocilnnpuvuhx.tif	1846412.769985	1846413.028571	1846413.677085	6.589711e-01	73	none	NaN	NaN
129	14	14	65	kitchen	sun_aamedkxepzlwuxes.tif	1846414.446639	1846414.705236	1846415.353670	6.589711e-01	55	none	NaN	NaN
129	14	15	105	kitchen	sun_avszsnwsbuqfgzbn.tif	1846416.123302	1846416.381896	1846417.030239	7.340437e-01	95	none	NaN	NaN
129	14	16	68	kitchen	sun_aaxxjlsuzvqlgylf.tif	1846417.799967	1846418.058559	1846418.707036	7.006781e-01	58	37	1846419.477116	1
129	14	17	90	kitchen	sun_ahdycvpopffkzzsu.tif	1846420.252394	1846420.511002	1846421.159297	7.590679e-01	80	none	NaN	NaN
129	14	18	72	kitchen	sun_abpwyqmlzafvklqo.tif	1846421.920711	1846422.179300	1846422.827745	6.923367e-01	62	none	NaN	NaN
129	14	19	101	kitchen	sun_aqeaevwwwjoqhzvl.tif	1846423.597372	1846423.855968	1846424.504281	7.590679e-01	91	none	NaN	NaN
129	14	20	103	kitchen	sun_aunzlwrbjumxhwdj.tif	1846425.274034	1846425.532628	1846426.181039	8.341406e-01	93	none	NaN	NaN
129	14	21	78	kitchen	sun_adgqasybjyktddhj.tif	1846426.950701	1846427.209289	1846427.857657	8.257992e-01	68	none	NaN	NaN
129	14	22	97	kitchen	sun_ajkqhtgcbgpcwrwn.tif	1846428.627363	1846428.885944	1846429.534327	6.506297e-01	87	none	NaN	NaN
129	14	23	99	kitchen	sun_akcjzhbbjlbogpdi.tif	1846430.304017	1846430.562604	1846431.211088	8.424820e-01	89	none	NaN	NaN
129	14	24	108	kitchen	sun_aymvwlarqodbwuoc.tif	1846431.980677	1846432.239271	1846432.887784	7.840922e-01	98	none	NaN	NaN
129	14	25	84	kitchen	sun_aexklacwqwezaorf.tif	1846433.657342	1846433.915930	1846434.564361	8.007750e-01	74	none	NaN	NaN
129	14	26	67	kitchen	sun_aarfiyshqohlwkmo.tif	1846435.334001	1846435.592593	1846436.240980	6.839953e-01	57	37	1846437.093041	1
129	14	27	61	kitchen	labelme_brsyyvweiuaazfr.tif	1846437.869844	1846438.128438	1846438.776885	7.173609e-01	51	none	NaN	NaN
129	14	28	73	kitchen	sun_abrcnpqqhmjwekyf.tif	1846439.546508	1846439.805097	1846440.453502	6.673125e-01	63	none	NaN	NaN
129	14	29	69	kitchen	sun_abdenxonkemggwsq.tif	1846441.223166	1846441.481759	1846442.130104	7.423851e-01	59	none	NaN	NaN
129	14	30	88	kitchen	sun_agubuxuukhzyzpdp.tif	1846442.899829	1846443.158419	1846443.806797	6.589711e-01	78	none	NaN	NaN
129	14	31	85	kitchen	sun_afuyedyxivkhecmu.tif	1846444.576488	1846444.835078	1846445.483480	7.507265e-01	75	none	NaN	NaN
129	14	32	75	kitchen	sun_acgtpgfybqjmzeyw.tif	1846446.253150	1846446.511740	1846447.160060	6.756539e-01	65	none	NaN	NaN
129	14	33	87	kitchen	sun_agorklincwxrdtga.tif	1846447.921475	1846448.180061	1846448.828442	8.091164e-01	77	none	NaN	NaN
129	14	34	102	kitchen	sun_auaiucuqpdausiva.tif	1846449.598124	1846449.856714	1846450.505122	7.006781e-01	92	none	NaN	NaN
129	14	35	95	kitchen	sun_aixorpehvfykdynp.tif	1846451.274792	1846451.533379	1846452.181746	8.091164e-01	85	none	NaN	NaN
129	14	36	109	kitchen	sun_aypmqwcualkenuoe.tif	1846452.951447	1846453.210041	1846453.858373	7.090195e-01	99	none	NaN	NaN
129	14	37	96	kitchen	sun_ajcbwwvdlsvjyzje.tif	1846454.628110	1846454.886703	1846455.535158	6.839953e-01	86	none	NaN	NaN
129	14	38	93	kitchen	sun_ahspylgoovwmwvgk.tif	1846456.304773	1846456.563365	1846457.211819	6.506297e-01	83	none	NaN	NaN
129	14	39	79	kitchen	sun_admlmbcdswaszruo.tif	1846457.981433	1846458.240023	1846458.888423	8.424820e-01	69	39	1846461.860770	1
129	14	40	80	kitchen	sun_aegoxogugdkwpmpj.tif	1846462.636043	1846462.894631	1846463.542966	7.423851e-01	70	none	NaN	NaN
129	14	41	62	kitchen	labelme_kxvouciolcpqplr.tif	1846464.312702	1846464.571291	1846465.219612	7.674094e-01	52	39	1846466.220995	1
129	14	42	71	kitchen	sun_abftihopvusyfakt.tif	1846466.998703	1846467.257287	1846467.905781	8.341406e-01	61	none	NaN	NaN
129	14	43	63	kitchen	labelme_rykdqxenmhulbdn.tif	1846468.675359	1846468.933947	1846469.582459	7.006781e-01	53	37	1846470.413068	1
129	14	44	81	kitchen	sun_aehawpgmrlhlvcow.tif	1846471.186177	1846471.444768	1846472.093278	6.923367e-01	71	none	NaN	NaN
129	14	45	91	kitchen	sun_ahljzhgcdpomplvg.tif	1846472.862841	1846473.121426	1846473.769915	8.174578e-01	81	none	NaN	NaN
129	14	46	77	kitchen	sun_acxkpeoqbwcxfvip.tif	1846474.539503	1846474.798088	1846475.446556	7.340437e-01	67	none	NaN	NaN
129	14	47	110	kitchen	sun_azmutvzbxypaceni.tif	1846476.216159	1846476.474755	1846477.123169	8.257992e-01	100	37	1846480.421072	1
129	14	48	66	kitchen	sun_aapllqyqlykszopd.tif	1846481.196091	1846481.454687	1846482.103049	7.674094e-01	56	none	NaN	NaN
129	14	49	98	kitchen	sun_akchetnepxlcxhsu.tif	1846482.872752	1846483.131345	1846483.779688	8.091164e-01	88	none	NaN	NaN
129	14	50	106	kitchen	sun_awcpdzzznmweyyhv.tif	1846484.549417	1846484.808005	1846485.456382	7.590679e-01	96	none	NaN	NaN
129	14	51	92	kitchen	sun_ahpczsiumwwocjkv.tif	1846486.226074	1846486.484665	1846487.133102	8.257992e-01	82	none	NaN	NaN
129	14	52	80	kitchen	sun_aegoxogugdkwpmpj.tif	1846487.902737	1846488.161326	1846488.809656	7.507265e-01	70	none	NaN	NaN
129	14	53	94	kitchen	sun_ahywdevtimnqcsln.tif	1846489.579406	1846489.837988	1846490.486359	8.174578e-01	84	none	NaN	NaN
129	14	54	89	kitchen	sun_agzzivivdpnawacl.tif	1846491.256059	1846491.514650	1846492.163091	6.756539e-01	79	none	NaN	NaN
129	14	55	97	kitchen	sun_ajkqhtgcbgpcwrwn.tif	1846492.932718	1846493.191305	1846493.839799	7.173609e-01	87	none	NaN	NaN
129	14	56	108	kitchen	sun_aymvwlarqodbwuoc.tif	1846494.609378	1846494.867969	1846495.516287	7.757508e-01	98	37	1846496.197101	1
129	14	57	67	kitchen	sun_aarfiyshqohlwkmo.tif	1846496.970054	1846497.228642	1846497.876967	7.090195e-01	57	none	NaN	NaN
129	14	58	75	kitchen	sun_acgtpgfybqjmzeyw.tif	1846498.638370	1846498.896961	1846499.545382	7.757508e-01	65	none	NaN	NaN
129	14	59	63	kitchen	labelme_rykdqxenmhulbdn.tif	1846500.315026	1846500.573622	1846501.222016	7.507265e-01	53	none	NaN	NaN
129	14	60	73	kitchen	sun_abrcnpqqhmjwekyf.tif	1846501.991692	1846502.250280	1846502.899045	7.340437e-01	63	none	NaN	NaN
129	14	61	76	kitchen	sun_acwjdupvyjsugpay.tif	1846503.668352	1846503.926941	1846504.575307	7.924336e-01	66	none	NaN	NaN
129	14	62	82	kitchen	sun_aenotlpyftoioydp.tif	1846505.345011	1846505.603596	1846506.252100	8.007750e-01	72	none	NaN	NaN
129	14	63	61	kitchen	labelme_brsyyvweiuaazfr.tif	1846507.021673	1846507.280263	1846507.928619	8.007750e-01	51	none	NaN	NaN
129	14	64	64	kitchen	sun_aadbddgrdsjugojn.tif	1846508.698330	1846508.956926	1846509.605333	7.257023e-01	54	none	NaN	NaN
129	14	65	62	kitchen	labelme_kxvouciolcpqplr.tif	1846510.375000	1846510.633585	1846511.282009	8.091164e-01	52	39	1846513.357070	1
129	14	66	86	kitchen	sun_aggjlwcdjsjcaemh.tif	1846514.128717	1846514.387301	1846515.035656	7.840922e-01	76	none	NaN	NaN
129	14	67	91	kitchen	sun_ahljzhgcdpomplvg.tif	1846515.805373	1846516.063960	1846516.712366	8.341406e-01	81	none	NaN	NaN
129	14	68	66	kitchen	sun_aapllqyqlykszopd.tif	1846517.482039	1846517.740625	1846518.389134	8.174578e-01	56	none	NaN	NaN
129	14	69	81	kitchen	sun_aehawpgmrlhlvcow.tif	1846519.158693	1846519.417292	1846520.065695	7.924336e-01	71	none	NaN	NaN
129	14	70	104	kitchen	sun_auticobqsbwgoppi.tif	1846520.835358	1846521.093943	1846521.742421	7.423851e-01	94	none	NaN	NaN
129	14	71	87	kitchen	sun_agorklincwxrdtga.tif	1846522.512016	1846522.770603	1846523.419022	7.840922e-01	77	none	NaN	NaN
129	14	72	78	kitchen	sun_adgqasybjyktddhj.tif	1846524.188680	1846524.447267	1846525.095751	7.257023e-01	68	none	NaN	NaN
129	14	73	99	kitchen	sun_akcjzhbbjlbogpdi.tif	1846525.865338	1846526.123932	1846526.772255	8.007750e-01	89	none	NaN	NaN
129	14	74	105	kitchen	sun_avszsnwsbuqfgzbn.tif	1846527.542004	1846527.800588	1846528.449094	6.839953e-01	95	none	NaN	NaN
129	14	75	77	kitchen	sun_acxkpeoqbwcxfvip.tif	1846529.218663	1846529.477254	1846530.125685	7.674094e-01	67	none	NaN	NaN
129	14	76	69	kitchen	sun_abdenxonkemggwsq.tif	1846530.895320	1846531.153909	1846531.802402	8.341406e-01	59	none	NaN	NaN
129	14	77	88	kitchen	sun_agubuxuukhzyzpdp.tif	1846532.571981	1846532.830577	1846533.479065	6.923367e-01	78	none	NaN	NaN
129	14	78	68	kitchen	sun_aaxxjlsuzvqlgylf.tif	1846534.248642	1846534.507232	1846535.155719	7.507265e-01	58	none	NaN	NaN
129	14	79	96	kitchen	sun_ajcbwwvdlsvjyzje.tif	1846535.925306	1846536.183890	1846536.832303	6.756539e-01	86	none	NaN	NaN
129	14	80	83	kitchen	sun_aeqdocilnnpuvuhx.tif	1846537.601962	1846537.860552	1846538.508924	6.673125e-01	73	39	1846539.789047	1
129	14	81	98	kitchen	sun_akchetnepxlcxhsu.tif	1846540.563233	1846540.821823	1846541.470160	7.006781e-01	88	none	NaN	NaN
129	14	82	74	kitchen	sun_acfmftudsenhrfhy.tif	1846542.239892	1846542.498481	1846543.146972	8.257992e-01	64	none	NaN	NaN
129	14	83	100	kitchen	sun_amjjdeyrggfqgmom.tif	1846543.916549	1846544.175144	1846544.823491	7.924336e-01	90	none	NaN	NaN
129	14	84	90	kitchen	sun_ahdycvpopffkzzsu.tif	1846545.593214	1846545.851808	1846546.500135	8.508234e-01	80	none	NaN	NaN
129	14	85	84	kitchen	sun_aexklacwqwezaorf.tif	1846547.269898	1846547.528463	1846548.176957	7.757508e-01	74	37	1846549.549102	1
129	14	86	71	kitchen	sun_abftihopvusyfakt.tif	1846550.322898	1846550.581486	1846551.229940	6.589711e-01	61	37	1846552.020915	1
129	14	87	72	kitchen	sun_abpwyqmlzafvklqo.tif	1846552.792011	1846553.050605	1846553.698957	7.257023e-01	62	none	NaN	NaN
129	14	88	107	kitchen	sun_axyyrmzcupyhlivc.tif	1846554.468673	1846554.727263	1846555.375699	6.673125e-01	97	37	1846556.188925	1
129	14	89	85	kitchen	sun_afuyedyxivkhecmu.tif	1846556.962806	1846557.221399	1846557.869832	7.090195e-01	75	none	NaN	NaN
129	14	90	109	kitchen	sun_aypmqwcualkenuoe.tif	1846558.639465	1846558.898059	1846559.546552	6.923367e-01	99	none	NaN	NaN
129	14	91	103	kitchen	sun_aunzlwrbjumxhwdj.tif	1846560.316126	1846560.574718	1846561.223200	7.674094e-01	93	none	NaN	NaN
129	14	92	95	kitchen	sun_aixorpehvfykdynp.tif	1846561.992792	1846562.251380	1846562.899756	6.839953e-01	85	none	NaN	NaN
129	14	93	79	kitchen	sun_admlmbcdswaszruo.tif	1846563.669450	1846563.928040	1846564.576470	6.756539e-01	69	39	1846565.412976	1
129	14	94	70	kitchen	sun_abdxkyyxwfskuaqb.tif	1846566.188612	1846566.447205	1846567.095557	7.757508e-01	60	none	NaN	NaN
129	14	95	106	kitchen	sun_awcpdzzznmweyyhv.tif	1846567.865272	1846568.123861	1846568.772311	7.173609e-01	96	39	1846569.717126	1
129	14	96	101	kitchen	sun_aqeaevwwwjoqhzvl.tif	1846570.492881	1846570.751469	1846571.399833	8.174578e-01	91	none	NaN	NaN
129	14	97	93	kitchen	sun_ahspylgoovwmwvgk.tif	1846572.169537	1846572.428125	1846573.076561	7.340437e-01	83	none	NaN	NaN
129	14	98	110	kitchen	sun_azmutvzbxypaceni.tif	1846573.846194	1846574.104789	1846574.753292	7.590679e-01	100	none	NaN	NaN
129	14	99	102	kitchen	sun_auaiucuqpdausiva.tif	1846575.522863	1846575.781451	1846576.429810	7.590679e-01	92	none	NaN	NaN
129	14	100	65	kitchen	sun_aamedkxepzlwuxes.tif	1846577.199518	1846577.458110	1846578.106626	8.257992e-01	55	none	NaN	NaN
129	15	1	55	bathroom	sun_avhrdrntsqrjzccq.tif	1846613.627269	1846613.885859	1846614.575918	6.673125e-01	45	none	NaN	NaN
129	15	2	58	bathroom	sun_axxbkopsgyouuebh.tif	1846615.345636	1846615.604229	1846616.294257	6.506297e-01	48	none	NaN	NaN
129	15	3	29	bathroom	sun_ahqjwnzgolcaoidx.tif	1846617.064004	1846617.322599	1846618.012771	8.091164e-01	19	none	NaN	NaN
129	15	4	28	bathroom	sun_ahijqszoswveeyji.tif	1846618.782373	1846619.040963	1846619.731117	7.674094e-01	18	none	NaN	NaN
129	15	5	13	bathroom	sun_aavhrsfjbserjtht.tif	1846620.492401	1846620.750989	1846621.441123	8.091164e-01	3	none	NaN	NaN
129	15	6	52	bathroom	sun_aunuadmjocsddsrl.tif	1846622.210770	1846622.469362	1846623.159388	7.423851e-01	42	none	NaN	NaN
129	15	7	53	bathroom	sun_ausgutylgojavyoq.tif	1846623.929139	1846624.187727	1846624.877752	7.757508e-01	43	none	NaN	NaN
129	15	8	51	bathroom	sun_atstyziqcmkahyxk.tif	1846625.647503	1846625.906100	1846626.596229	7.006781e-01	41	none	NaN	NaN
129	15	9	37	bathroom	sun_amzlamotzwfkwjco.tif	1846627.365880	1846627.624469	1846628.314676	7.590679e-01	27	none	NaN	NaN
129	15	10	19	bathroom	sun_aclfzgynxzxlbepz.tif	1846629.084243	1846629.342835	1846630.032871	7.924336e-01	9	none	NaN	NaN
129	15	11	57	bathroom	sun_axldvoqbuvuggfmq.tif	1846630.802611	1846631.061210	1846631.751244	7.340437e-01	47	none	NaN	NaN
129	15	12	39	bathroom	sun_anryaplzeujmzfkd.tif	1846632.520981	1846632.779572	1846633.469623	6.756539e-01	29	none	NaN	NaN
129	15	13	27	bathroom	sun_ahcvzmoyaycdoftf.tif	1846634.239354	1846634.497942	1846635.188042	7.590679e-01	17	none	NaN	NaN
129	15	14	12	bathroom	sun_aapitsgbtktqubfy.tif	1846635.957721	1846636.216312	1846636.906349	6.839953e-01	2	none	NaN	NaN
129	15	15	30	bathroom	sun_ajlawzvmubibwbpy.tif	1846637.676091	1846637.934679	1846638.624733	7.006781e-01	20	none	NaN	NaN
129	15	16	26	bathroom	sun_ahaulkltgpkeeemi.tif	1846639.394458	1846639.653049	1846640.343267	8.257992e-01	16	none	NaN	NaN
129	15	17	20	bathroom	sun_afcoljnjfoxjtgja.tif	1846641.112828	1846641.371417	1846642.061583	6.673125e-01	10	37	1846643.996946	1
129	15	18	22	bathroom	sun_agguqiubmwhqqunb.tif	1846644.774787	1846645.033375	1846645.723504	8.341406e-01	12	none	NaN	NaN
129	15	19	15	bathroom	sun_abjtwfukuwddzted.tif	1846646.493156	1846646.751741	1846647.441754	8.424820e-01	5	none	NaN	NaN
129	15	20	41	bathroom	sun_aoybiabnpadelefl.tif	1846648.203178	1846648.461765	1846649.151795	7.340437e-01	31	none	NaN	NaN
129	15	21	18	bathroom	sun_acgyywnybuveqsro.tif	1846649.921550	1846650.180138	1846650.870351	7.840922e-01	8	none	NaN	NaN
129	15	22	17	bathroom	sun_acegryoqftbzowsg.tif	1846651.639917	1846651.898509	1846652.588661	8.341406e-01	7	none	NaN	NaN
129	15	23	14	bathroom	sun_abapwbhyhkfixyex.tif	1846653.358290	1846653.616879	1846654.307022	7.757508e-01	4	37	1846655.101078	0
129	15	24	44	bathroom	sun_apkruvsevgegsdwp.tif	1846655.877452	1846656.136040	1846656.826101	8.174578e-01	34	none	NaN	NaN
129	15	25	32	bathroom	sun_aleqenyvunhactkl.tif	1846657.595821	1846657.854414	1846658.544569	6.839953e-01	22	39	1846659.437014	1
129	15	26	49	bathroom	sun_asfwthctfqerjvxr.tif	1846660.215077	1846660.473668	1846661.163775	7.090195e-01	39	none	NaN	NaN
129	15	27	48	bathroom	sun_aqrpegblszgcoujh.tif	1846661.933447	1846662.192034	1846662.882109	7.924336e-01	38	none	NaN	NaN
129	15	28	50	bathroom	sun_aspsyogrekjtfozg.tif	1846663.651819	1846663.910414	1846664.600495	7.090195e-01	40	none	NaN	NaN
129	15	29	47	bathroom	sun_apynckhmoftszqoq.tif	1846665.370188	1846665.628779	1846666.318809	7.924336e-01	37	none	NaN	NaN
129	15	30	60	bathroom	sun_azqyogdvyhahyram.tif	1846667.088558	1846667.347145	1846668.037265	8.257992e-01	50	none	NaN	NaN
129	15	31	38	bathroom	sun_anhioqovhscjqqwb.tif	1846668.806927	1846669.065516	1846669.755564	8.257992e-01	28	none	NaN	NaN
129	15	32	34	bathroom	sun_alkosphxlxwjwgjd.tif	1846670.525292	1846670.783882	1846671.474041	7.423851e-01	24	none	NaN	NaN
129	15	33	56	bathroom	sun_awnqiikzaispgmwo.tif	1846672.243661	1846672.502251	1846673.192368	8.508234e-01	46	none	NaN	NaN
129	15	34	35	bathroom	sun_alotolagknyrgtsk.tif	1846673.962030	1846674.220621	1846674.910672	7.674094e-01	25	none	NaN	NaN
129	15	35	16	bathroom	sun_acduarbnmmoglmiv.tif	1846675.680398	1846675.938988	1846676.629051	7.257023e-01	6	none	NaN	NaN
129	15	36	42	bathroom	sun_apeeialkgkuxddgh.tif	1846677.398768	1846677.657359	1846678.347432	6.923367e-01	32	none	NaN	NaN
129	15	37	40	bathroom	sun_aofnryafpsjimzsb.tif	1846679.117135	1846679.375724	1846680.065939	8.424820e-01	30	none	NaN	NaN
129	15	38	45	bathroom	sun_apkxzenqapsujocq.tif	1846680.835506	1846681.094097	1846681.784320	7.090195e-01	35	37	1846682.533099	1
129	15	39	59	bathroom	sun_axyrejkiiaqiurjk.tif	1846683.304620	1846683.563206	1846684.253368	7.173609e-01	49	none	NaN	NaN
129	15	40	46	bathroom	sun_apmqjbnwghzuhhzh.tif	1846685.022985	1846685.281574	1846685.971648	6.923367e-01	36	39	1846687.156713	1
129	15	41	43	bathroom	sun_apjevzvycyhuqghb.tif	1846687.934204	1846688.192797	1846688.882887	8.341406e-01	33	none	NaN	NaN
129	15	42	54	bathroom	sun_auzqhkafidnkrwmo.tif	1846689.652566	1846689.911166	1846690.601259	7.006781e-01	44	39	1846692.076866	0
129	15	43	23	bathroom	sun_aghyqhbptboemmoq.tif	1846692.847402	1846693.105996	1846693.796053	8.007750e-01	13	none	NaN	NaN
129	15	44	33	bathroom	sun_aljolscmmzydegqp.tif	1846694.565770	1846694.824357	1846695.514389	7.840922e-01	23	none	NaN	NaN
129	15	45	25	bathroom	sun_agyqfjcfkdcydepw.tif	1846696.284139	1846696.542730	1846697.232880	8.174578e-01	15	none	NaN	NaN
129	15	46	11	bathroom	labelme_sfxiulhjbhlyiyt.tif	1846698.002512	1846698.261102	1846698.951130	7.173609e-01	1	none	NaN	NaN
129	15	47	24	bathroom	sun_agrwbmhcpmfuwmsg.tif	1846699.720879	1846699.979465	1846700.669575	7.340437e-01	14	none	NaN	NaN
129	15	48	21	bathroom	sun_aggnnqpdorgxpvce.tif	1846701.439249	1846701.697837	1846702.387943	8.341406e-01	11	none	NaN	NaN
129	15	49	36	bathroom	sun_ambriybtogmepttm.tif	1846703.157619	1846703.416209	1846704.106401	7.507265e-01	26	39	1846707.917107	1
129	15	50	31	bathroom	sun_akiytfaagpdsphgz.tif	1846708.688097	1846708.946684	1846709.636696	7.924336e-01	21	none	NaN	NaN
129	15	51	51	bathroom	sun_atstyziqcmkahyxk.tif	1846710.406460	1846710.665053	1846711.355074	6.756539e-01	41	none	NaN	NaN
129	15	52	34	bathroom	sun_alkosphxlxwjwgjd.tif	1846712.124830	1846712.383424	1846713.073532	6.673125e-01	24	37	1846713.572955	1
129	15	53	20	bathroom	sun_afcoljnjfoxjtgja.tif	1846714.343695	1846714.602281	1846715.292445	7.257023e-01	10	39	1846716.301107	1
129	15	54	52	bathroom	sun_aunuadmjocsddsrl.tif	1846717.071396	1846717.329988	1846718.020042	7.257023e-01	42	39	1846718.980875	1
129	15	55	22	bathroom	sun_agguqiubmwhqqunb.tif	1846719.757392	1846720.015979	1846720.706054	7.674094e-01	12	none	NaN	NaN
129	15	56	33	bathroom	sun_aljolscmmzydegqp.tif	1846721.475757	1846721.734350	1846722.424433	6.923367e-01	23	none	NaN	NaN
129	15	57	41	bathroom	sun_aoybiabnpadelefl.tif	1846723.194129	1846723.452720	1846724.142752	8.174578e-01	31	none	NaN	NaN
129	15	58	13	bathroom	sun_aavhrsfjbserjtht.tif	1846724.912494	1846725.171088	1846725.861130	6.589711e-01	3	none	NaN	NaN
129	15	59	57	bathroom	sun_axldvoqbuvuggfmq.tif	1846726.630869	1846726.889457	1846727.579653	8.424820e-01	47	none	NaN	NaN
129	15	60	50	bathroom	sun_aspsyogrekjtfozg.tif	1846728.349232	1846728.607825	1846729.298003	6.923367e-01	40	none	NaN	NaN
129	15	61	37	bathroom	sun_amzlamotzwfkwjco.tif	1846730.067602	1846730.326189	1846731.016199	6.506297e-01	27	none	NaN	NaN
129	15	62	32	bathroom	sun_aleqenyvunhactkl.tif	1846731.785975	1846732.044564	1846732.734594	6.589711e-01	22	none	NaN	NaN
129	15	63	19	bathroom	sun_aclfzgynxzxlbepz.tif	1846733.504344	1846733.762931	1846734.453084	7.507265e-01	9	none	NaN	NaN
129	15	64	43	bathroom	sun_apjevzvycyhuqghb.tif	1846735.222712	1846735.481304	1846736.171430	7.423851e-01	33	none	NaN	NaN
129	15	65	42	bathroom	sun_apeeialkgkuxddgh.tif	1846736.941077	1846737.199668	1846737.889715	6.756539e-01	32	none	NaN	NaN
129	15	66	12	bathroom	sun_aapitsgbtktqubfy.tif	1846738.659446	1846738.918038	1846739.608057	7.173609e-01	2	none	NaN	NaN
129	15	67	46	bathroom	sun_apmqjbnwghzuhhzh.tif	1846740.369475	1846740.628066	1846741.318255	6.673125e-01	36	none	NaN	NaN
129	15	68	15	bathroom	sun_abjtwfukuwddzted.tif	1846742.087844	1846742.346432	1846743.036848	7.006781e-01	5	none	NaN	NaN
129	15	69	60	bathroom	sun_azqyogdvyhahyram.tif	1846743.806213	1846744.064803	1846744.754910	7.257023e-01	50	none	NaN	NaN
129	15	70	21	bathroom	sun_aggnnqpdorgxpvce.tif	1846745.524577	1846745.783167	1846746.473211	8.424820e-01	11	none	NaN	NaN
129	15	71	53	bathroom	sun_ausgutylgojavyoq.tif	1846747.242950	1846747.501537	1846748.191610	7.840922e-01	43	37	1846748.924885	1
129	15	72	58	bathroom	sun_axxbkopsgyouuebh.tif	1846749.695381	1846749.953970	1846750.644168	7.340437e-01	48	none	NaN	NaN
129	15	73	27	bathroom	sun_ahcvzmoyaycdoftf.tif	1846751.413747	1846751.672334	1846752.362404	8.174578e-01	17	none	NaN	NaN
129	15	74	18	bathroom	sun_acgyywnybuveqsro.tif	1846753.132118	1846753.390709	1846754.080776	7.590679e-01	8	none	NaN	NaN
129	15	75	30	bathroom	sun_ajlawzvmubibwbpy.tif	1846754.850476	1846755.109076	1846755.799129	6.839953e-01	20	none	NaN	NaN
129	15	76	24	bathroom	sun_agrwbmhcpmfuwmsg.tif	1846756.568851	1846756.827443	1846757.517489	8.091164e-01	14	none	NaN	NaN
129	15	77	54	bathroom	sun_auzqhkafidnkrwmo.tif	1846758.287217	1846758.545808	1846759.235882	6.756539e-01	44	none	NaN	NaN
129	15	78	48	bathroom	sun_aqrpegblszgcoujh.tif	1846760.005590	1846760.264175	1846760.954357	7.507265e-01	38	none	NaN	NaN
129	15	79	25	bathroom	sun_agyqfjcfkdcydepw.tif	1846761.723956	1846761.982547	1846762.672769	7.674094e-01	15	none	NaN	NaN
129	15	80	38	bathroom	sun_anhioqovhscjqqwb.tif	1846763.442327	1846763.700919	1846764.391026	7.423851e-01	28	none	NaN	NaN
129	15	81	44	bathroom	sun_apkruvsevgegsdwp.tif	1846765.160695	1846765.419292	1846766.109370	8.257992e-01	34	none	NaN	NaN
129	15	82	55	bathroom	sun_avhrdrntsqrjzccq.tif	1846766.879063	1846767.137656	1846767.827874	8.007750e-01	45	none	NaN	NaN
129	15	83	28	bathroom	sun_ahijqszoswveeyji.tif	1846768.597435	1846768.856024	1846769.546202	8.007750e-01	18	none	NaN	NaN
129	15	84	47	bathroom	sun_apynckhmoftszqoq.tif	1846770.315802	1846770.574394	1846771.264543	7.507265e-01	37	none	NaN	NaN
129	15	85	36	bathroom	sun_ambriybtogmepttm.tif	1846772.034166	1846772.292763	1846772.982820	7.090195e-01	26	none	NaN	NaN
129	15	86	14	bathroom	sun_abapwbhyhkfixyex.tif	1846773.752542	1846774.011127	1846774.701268	7.173609e-01	4	37	1846775.477185	1
129	15	87	26	bathroom	sun_ahaulkltgpkeeemi.tif	1846776.255022	1846776.513610	1846777.203740	7.590679e-01	16	39	1846777.892973	1
129	15	88	23	bathroom	sun_aghyqhbptboemmoq.tif	1846778.665740	1846778.924330	1846779.614388	7.840922e-01	13	none	NaN	NaN
129	15	89	45	bathroom	sun_apkxzenqapsujocq.tif	1846780.384104	1846780.642693	1846781.332914	6.506297e-01	35	none	NaN	NaN
129	15	90	16	bathroom	sun_acduarbnmmoglmiv.tif	1846782.102480	1846782.361067	1846783.051251	8.508234e-01	6	39	1846783.797017	1
129	15	91	17	bathroom	sun_acegryoqftbzowsg.tif	1846784.571589	1846784.830174	1846785.520392	6.589711e-01	7	none	NaN	NaN
129	15	92	29	bathroom	sun_ahqjwnzgolcaoidx.tif	1846786.289959	1846786.548550	1846787.238560	6.839953e-01	19	none	NaN	NaN
129	15	93	40	bathroom	sun_aofnryafpsjimzsb.tif	1846788.008327	1846788.266909	1846788.957039	8.257992e-01	30	none	NaN	NaN
129	15	94	56	bathroom	sun_awnqiikzaispgmwo.tif	1846789.726698	1846789.985286	1846790.675321	8.091164e-01	46	none	NaN	NaN
129	15	95	31	bathroom	sun_akiytfaagpdsphgz.tif	1846791.445065	1846791.703653	1846792.393665	8.007750e-01	21	none	NaN	NaN
129	15	96	35	bathroom	sun_alotolagknyrgtsk.tif	1846793.163432	1846793.422023	1846794.112106	7.757508e-01	25	37	1846795.140971	1
129	15	97	49	bathroom	sun_asfwthctfqerjvxr.tif	1846795.916163	1846796.174750	1846796.864818	7.757508e-01	39	none	NaN	NaN
129	15	98	39	bathroom	sun_anryaplzeujmzfkd.tif	1846797.634532	1846797.893119	1846798.583337	7.590679e-01	29	none	NaN	NaN
129	15	99	59	bathroom	sun_axyrejkiiaqiurjk.tif	1846799.352894	1846799.611488	1846800.301543	6.589711e-01	49	none	NaN	NaN
129	15	100	11	bathroom	labelme_sfxiulhjbhlyiyt.tif	1846801.071263	1846801.329854	1846802.019907	6.923367e-01	1	none	NaN	NaN
129	16	1	100	kitchen	sun_amjjdeyrggfqgmom.tif	1846819.789809	1846820.048396	1846820.771851	6.756539e-01	90	39	1846821.700872	1
129	16	2	86	kitchen	sun_aggjlwcdjsjcaemh.tif	1846822.475801	1846822.734389	1846823.457927	8.341406e-01	76	none	NaN	NaN
129	16	3	64	kitchen	sun_aadbddgrdsjugojn.tif	1846824.227535	1846824.486127	1846825.209502	8.091164e-01	54	none	NaN	NaN
129	16	4	93	kitchen	sun_ahspylgoovwmwvgk.tif	1846825.970929	1846826.229521	1846826.952962	8.341406e-01	83	none	NaN	NaN
129	16	5	69	kitchen	sun_abdenxonkemggwsq.tif	1846827.722664	1846827.981253	1846828.704744	7.006781e-01	59	none	NaN	NaN
129	16	6	91	kitchen	sun_ahljzhgcdpomplvg.tif	1846829.474397	1846829.732986	1846830.456502	8.174578e-01	81	none	NaN	NaN
129	16	7	72	kitchen	sun_abpwyqmlzafvklqo.tif	1846831.226136	1846831.484726	1846832.208262	7.507265e-01	62	none	NaN	NaN
129	16	8	81	kitchen	sun_aehawpgmrlhlvcow.tif	1846832.977872	1846833.236458	1846833.959836	8.257992e-01	71	none	NaN	NaN
129	16	9	103	kitchen	sun_aunzlwrbjumxhwdj.tif	1846834.721265	1846834.979850	1846835.703348	7.590679e-01	93	none	NaN	NaN
129	16	10	74	kitchen	sun_acfmftudsenhrfhy.tif	1846836.473000	1846836.731587	1846837.454989	7.006781e-01	64	none	NaN	NaN
129	16	11	68	kitchen	sun_aaxxjlsuzvqlgylf.tif	1846838.224734	1846838.483322	1846839.206871	7.423851e-01	58	none	NaN	NaN
129	16	12	107	kitchen	sun_axyyrmzcupyhlivc.tif	1846839.976466	1846840.235057	1846840.958602	7.006781e-01	97	none	NaN	NaN
129	16	13	79	kitchen	sun_admlmbcdswaszruo.tif	1846841.728212	1846841.986797	1846842.710352	6.756539e-01	69	none	NaN	NaN
129	16	14	110	kitchen	sun_azmutvzbxypaceni.tif	1846843.479941	1846843.738556	1846844.462118	7.590679e-01	100	none	NaN	NaN
129	16	15	66	kitchen	sun_aapllqyqlykszopd.tif	1846845.231673	1846845.490266	1846846.213751	7.757508e-01	56	none	NaN	NaN
129	16	16	61	kitchen	labelme_brsyyvweiuaazfr.tif	1846846.983406	1846847.241996	1846847.965511	7.340437e-01	51	none	NaN	NaN
129	16	17	106	kitchen	sun_awcpdzzznmweyyhv.tif	1846848.735144	1846848.993734	1846849.717173	7.507265e-01	96	none	NaN	NaN
129	16	18	75	kitchen	sun_acgtpgfybqjmzeyw.tif	1846850.486881	1846850.745466	1846851.468964	7.340437e-01	65	none	NaN	NaN
129	16	19	99	kitchen	sun_akcjzhbbjlbogpdi.tif	1846852.238612	1846852.497203	1846853.220594	6.673125e-01	89	none	NaN	NaN
129	16	20	108	kitchen	sun_aymvwlarqodbwuoc.tif	1846853.990352	1846854.248942	1846854.972524	6.589711e-01	98	none	NaN	NaN
129	16	21	76	kitchen	sun_acwjdupvyjsugpay.tif	1846855.742084	1846856.000674	1846856.724163	7.924336e-01	66	none	NaN	NaN
129	16	22	85	kitchen	sun_afuyedyxivkhecmu.tif	1846857.493819	1846857.752407	1846858.475917	8.257992e-01	75	none	NaN	NaN
129	16	23	105	kitchen	sun_avszsnwsbuqfgzbn.tif	1846859.245557	1846859.504143	1846860.227703	8.007750e-01	95	none	NaN	NaN
129	16	24	65	kitchen	sun_aamedkxepzlwuxes.tif	1846860.997290	1846861.255881	1846861.979354	7.173609e-01	55	none	NaN	NaN
129	16	25	95	kitchen	sun_aixorpehvfykdynp.tif	1846862.749025	1846863.007614	1846863.731013	8.424820e-01	85	none	NaN	NaN
129	16	26	80	kitchen	sun_aegoxogugdkwpmpj.tif	1846864.500760	1846864.759348	1846865.482835	8.174578e-01	70	none	NaN	NaN
129	16	27	78	kitchen	sun_adgqasybjyktddhj.tif	1846866.252500	1846866.511088	1846867.234635	8.341406e-01	68	37	1846868.141037	1
129	16	28	96	kitchen	sun_ajcbwwvdlsvjyzje.tif	1846868.913456	1846869.172054	1846869.895579	7.340437e-01	86	none	NaN	NaN
129	16	29	84	kitchen	sun_aexklacwqwezaorf.tif	1846870.665198	1846870.923790	1846871.647323	7.674094e-01	74	none	NaN	NaN
129	16	30	62	kitchen	labelme_kxvouciolcpqplr.tif	1846872.416933	1846872.675521	1846873.398983	6.589711e-01	52	none	NaN	NaN
129	16	31	88	kitchen	sun_agubuxuukhzyzpdp.tif	1846874.168671	1846874.427261	1846875.150711	6.756539e-01	78	none	NaN	NaN
129	16	32	63	kitchen	labelme_rykdqxenmhulbdn.tif	1846875.920406	1846876.178995	1846876.902553	6.673125e-01	53	none	NaN	NaN
129	16	33	71	kitchen	sun_abftihopvusyfakt.tif	1846877.672137	1846877.930727	1846878.654276	8.257992e-01	61	none	NaN	NaN
129	16	34	83	kitchen	sun_aeqdocilnnpuvuhx.tif	1846879.423870	1846879.682467	1846880.405873	6.839953e-01	73	none	NaN	NaN
129	16	35	104	kitchen	sun_auticobqsbwgoppi.tif	1846881.167268	1846881.425857	1846882.149428	7.257023e-01	94	none	NaN	NaN
129	16	36	92	kitchen	sun_ahpczsiumwwocjkv.tif	1846882.919000	1846883.177594	1846883.901012	7.757508e-01	82	none	NaN	NaN
129	16	37	97	kitchen	sun_ajkqhtgcbgpcwrwn.tif	1846884.670738	1846884.929324	1846885.652708	7.257023e-01	87	37	1846886.684919	1
129	16	38	94	kitchen	sun_ahywdevtimnqcsln.tif	1846887.456830	1846887.715423	1846888.438805	8.174578e-01	84	none	NaN	NaN
129	16	39	67	kitchen	sun_aarfiyshqohlwkmo.tif	1846889.208566	1846889.467157	1846890.190543	7.924336e-01	57	37	1846890.940960	1
129	16	40	98	kitchen	sun_akchetnepxlcxhsu.tif	1846891.719387	1846891.977975	1846892.701423	7.507265e-01	88	none	NaN	NaN
129	16	41	77	kitchen	sun_acxkpeoqbwcxfvip.tif	1846893.471120	1846893.729711	1846894.453085	8.007750e-01	67	none	NaN	NaN
129	16	42	73	kitchen	sun_abrcnpqqhmjwekyf.tif	1846895.222855	1846895.481448	1846896.204855	6.839953e-01	63	37	1846897.212920	1
129	16	43	87	kitchen	sun_agorklincwxrdtga.tif	1846897.983921	1846898.242515	1846898.965911	6.506297e-01	77	none	NaN	NaN
129	16	44	89	kitchen	sun_agzzivivdpnawacl.tif	1846899.735658	1846899.994249	1846900.717709	8.508234e-01	79	none	NaN	NaN
129	16	45	101	kitchen	sun_aqeaevwwwjoqhzvl.tif	1846901.487393	1846901.745985	1846902.469355	7.840922e-01	91	none	NaN	NaN
129	16	46	90	kitchen	sun_ahdycvpopffkzzsu.tif	1846903.239131	1846903.497723	1846904.221186	6.923367e-01	80	none	NaN	NaN
129	16	47	102	kitchen	sun_auaiucuqpdausiva.tif	1846904.990866	1846905.249454	1846905.972843	7.507265e-01	92	none	NaN	NaN
129	16	48	82	kitchen	sun_aenotlpyftoioydp.tif	1846906.734262	1846906.992848	1846907.716283	7.674094e-01	72	none	NaN	NaN
129	16	49	70	kitchen	sun_abdxkyyxwfskuaqb.tif	1846908.485993	1846908.744578	1846909.468176	7.757508e-01	60	none	NaN	NaN
129	16	50	109	kitchen	sun_aypmqwcualkenuoe.tif	1846910.237729	1846910.496318	1846911.219737	7.090195e-01	99	none	NaN	NaN
129	16	51	62	kitchen	labelme_kxvouciolcpqplr.tif	1846911.989466	1846912.248053	1846912.971565	7.840922e-01	52	none	NaN	NaN
129	16	52	73	kitchen	sun_abrcnpqqhmjwekyf.tif	1846913.741198	1846913.999781	1846914.723329	7.757508e-01	63	39	1846915.732950	1
129	16	53	99	kitchen	sun_akcjzhbbjlbogpdi.tif	1846916.510608	1846916.769196	1846917.492783	7.924336e-01	89	none	NaN	NaN
129	16	54	87	kitchen	sun_agorklincwxrdtga.tif	1846918.262348	1846918.520934	1846919.244464	7.674094e-01	77	none	NaN	NaN
129	16	55	102	kitchen	sun_auaiucuqpdausiva.tif	1846920.014080	1846920.272667	1846920.996244	7.423851e-01	92	none	NaN	NaN
129	16	56	81	kitchen	sun_aehawpgmrlhlvcow.tif	1846921.765817	1846922.024405	1846922.747957	6.756539e-01	71	37	1846923.669014	1
129	16	57	106	kitchen	sun_awcpdzzznmweyyhv.tif	1846924.443468	1846924.702058	1846925.425621	6.923367e-01	96	39	1846926.108930	1
129	16	58	86	kitchen	sun_aggjlwcdjsjcaemh.tif	1846926.879215	1846927.137793	1846927.861357	7.090195e-01	76	none	NaN	NaN
129	16	59	82	kitchen	sun_aenotlpyftoioydp.tif	1846928.630944	1846928.889534	1846929.613038	6.673125e-01	72	none	NaN	NaN
129	16	60	64	kitchen	sun_aadbddgrdsjugojn.tif	1846930.382683	1846930.641274	1846931.364746	7.840922e-01	54	39	1846934.581032	0
129	16	61	95	kitchen	sun_aixorpehvfykdynp.tif	1846935.354269	1846935.612866	1846936.336446	6.923367e-01	85	none	NaN	NaN
129	16	62	85	kitchen	sun_afuyedyxivkhecmu.tif	1846937.106007	1846937.364599	1846938.087991	8.091164e-01	75	none	NaN	NaN
129	16	63	61	kitchen	labelme_brsyyvweiuaazfr.tif	1846938.857744	1846939.116328	1846939.839792	7.340437e-01	51	none	NaN	NaN
129	16	64	104	kitchen	sun_auticobqsbwgoppi.tif	1846940.609478	1846940.868067	1846941.591485	7.173609e-01	94	none	NaN	NaN
129	16	65	84	kitchen	sun_aexklacwqwezaorf.tif	1846942.361215	1846942.619803	1846943.343233	8.174578e-01	74	none	NaN	NaN
129	16	66	94	kitchen	sun_ahywdevtimnqcsln.tif	1846944.112950	1846944.371538	1846945.095127	7.423851e-01	84	none	NaN	NaN
129	16	67	88	kitchen	sun_agubuxuukhzyzpdp.tif	1846945.864686	1846946.123271	1846946.846835	6.589711e-01	78	none	NaN	NaN
129	16	68	67	kitchen	sun_aarfiyshqohlwkmo.tif	1846947.616423	1846947.875008	1846948.598478	8.257992e-01	57	none	NaN	NaN
129	16	69	71	kitchen	sun_abftihopvusyfakt.tif	1846949.368156	1846949.626741	1846950.350265	6.923367e-01	61	none	NaN	NaN
129	16	70	93	kitchen	sun_ahspylgoovwmwvgk.tif	1846951.119887	1846951.378481	1846952.101867	6.923367e-01	83	none	NaN	NaN
129	16	71	76	kitchen	sun_acwjdupvyjsugpay.tif	1846952.871623	1846953.130213	1846953.853684	8.007750e-01	66	39	1846955.069039	1
129	16	72	77	kitchen	sun_acxkpeoqbwcxfvip.tif	1846955.841231	1846956.099822	1846956.823238	8.424820e-01	67	none	NaN	NaN
129	16	73	89	kitchen	sun_agzzivivdpnawacl.tif	1846957.592964	1846957.851559	1846958.575013	7.090195e-01	79	39	1846962.332856	1
129	16	74	66	kitchen	sun_aapllqyqlykszopd.tif	1846963.106765	1846963.365357	1846964.088798	6.506297e-01	56	none	NaN	NaN
129	16	75	100	kitchen	sun_amjjdeyrggfqgmom.tif	1846964.858497	1846965.117087	1846965.840474	7.423851e-01	90	39	1846966.444965	1
129	16	76	63	kitchen	labelme_rykdqxenmhulbdn.tif	1846967.219167	1846967.477755	1846968.201315	7.924336e-01	53	none	NaN	NaN
129	16	77	108	kitchen	sun_aymvwlarqodbwuoc.tif	1846968.970905	1846969.229488	1846969.952889	8.091164e-01	98	none	NaN	NaN
129	16	78	105	kitchen	sun_avszsnwsbuqfgzbn.tif	1846970.722636	1846970.981228	1846971.704601	7.590679e-01	95	39	1846972.413043	1
129	16	79	75	kitchen	sun_acgtpgfybqjmzeyw.tif	1846973.183401	1846973.442006	1846974.165501	7.173609e-01	65	37	1846975.021085	1
129	16	80	79	kitchen	sun_admlmbcdswaszruo.tif	1846975.794332	1846976.052919	1846976.776445	8.341406e-01	69	none	NaN	NaN
129	16	81	68	kitchen	sun_aaxxjlsuzvqlgylf.tif	1846977.546063	1846977.804651	1846978.528194	8.424820e-01	58	none	NaN	NaN
129	16	82	83	kitchen	sun_aeqdocilnnpuvuhx.tif	1846979.297797	1846979.556385	1846980.279923	7.173609e-01	73	none	NaN	NaN
129	16	83	78	kitchen	sun_adgqasybjyktddhj.tif	1846981.049533	1846981.308127	1846982.031706	6.589711e-01	68	none	NaN	NaN
129	16	84	74	kitchen	sun_acfmftudsenhrfhy.tif	1846982.801269	1846983.059858	1846983.783270	8.091164e-01	64	39	1846986.157153	1
129	16	85	90	kitchen	sun_ahdycvpopffkzzsu.tif	1846986.930361	1846987.188952	1846987.912518	8.424820e-01	80	none	NaN	NaN
129	16	86	65	kitchen	sun_aamedkxepzlwuxes.tif	1846988.682093	1846988.940688	1846989.664206	8.257992e-01	55	none	NaN	NaN
129	16	87	98	kitchen	sun_akchetnepxlcxhsu.tif	1846990.433829	1846990.692421	1846991.415898	7.090195e-01	88	none	NaN	NaN
129	16	88	80	kitchen	sun_aegoxogugdkwpmpj.tif	1846992.185565	1846992.444150	1846993.167681	7.257023e-01	70	none	NaN	NaN
129	16	89	70	kitchen	sun_abdxkyyxwfskuaqb.tif	1846993.937297	1846994.195887	1846994.919457	7.590679e-01	60	none	NaN	NaN
129	16	90	96	kitchen	sun_ajcbwwvdlsvjyzje.tif	1846995.689030	1846995.947624	1846996.671051	6.839953e-01	86	none	NaN	NaN
129	16	91	91	kitchen	sun_ahljzhgcdpomplvg.tif	1846997.440775	1846997.699359	1846998.422860	7.590679e-01	81	none	NaN	NaN
129	16	92	110	kitchen	sun_azmutvzbxypaceni.tif	1846999.192507	1846999.451098	1847000.174640	6.673125e-01	100	none	NaN	NaN
129	16	93	97	kitchen	sun_ajkqhtgcbgpcwrwn.tif	1847000.944239	1847001.202832	1847001.926401	7.840922e-01	87	none	NaN	NaN
129	16	94	109	kitchen	sun_aypmqwcualkenuoe.tif	1847002.695975	1847002.954564	1847003.678120	6.839953e-01	99	none	NaN	NaN
129	16	95	101	kitchen	sun_aqeaevwwwjoqhzvl.tif	1847004.447706	1847004.706304	1847005.429760	6.506297e-01	91	none	NaN	NaN
129	16	96	72	kitchen	sun_abpwyqmlzafvklqo.tif	1847006.199445	1847006.458036	1847007.181439	8.508234e-01	62	none	NaN	NaN
129	16	97	107	kitchen	sun_axyyrmzcupyhlivc.tif	1847007.951181	1847008.209767	1847008.933329	7.006781e-01	97	none	NaN	NaN
129	16	98	92	kitchen	sun_ahpczsiumwwocjkv.tif	1847009.702915	1847009.961505	1847010.684896	7.674094e-01	82	none	NaN	NaN
129	16	99	69	kitchen	sun_abdenxonkemggwsq.tif	1847011.454650	1847011.713242	1847012.436785	7.257023e-01	59	none	NaN	NaN
129	16	100	103	kitchen	sun_aunzlwrbjumxhwdj.tif	1847013.206387	1847013.464979	1847014.188422	8.007750e-01	93	none	NaN	NaN
129	17	1	19	bathroom	sun_aclfzgynxzxlbepz.tif	1847050.593423	1847050.852007	1847051.667206	8.174578e-01	9	none	NaN	NaN
129	17	2	25	bathroom	sun_agyqfjcfkdcydepw.tif	1847052.436910	1847052.695503	1847053.510654	8.257992e-01	15	none	NaN	NaN
129	17	3	38	bathroom	sun_anhioqovhscjqqwb.tif	1847054.280402	1847054.538988	1847055.354315	7.006781e-01	28	none	NaN	NaN
129	17	4	22	bathroom	sun_agguqiubmwhqqunb.tif	1847056.123890	1847056.382487	1847057.197862	7.507265e-01	12	none	NaN	NaN
129	17	5	14	bathroom	sun_abapwbhyhkfixyex.tif	1847057.967387	1847058.225976	1847059.041120	7.924336e-01	4	none	NaN	NaN
129	17	6	52	bathroom	sun_aunuadmjocsddsrl.tif	1847059.810879	1847060.069472	1847060.884642	7.924336e-01	42	none	NaN	NaN
129	17	7	44	bathroom	sun_apkruvsevgegsdwp.tif	1847061.654373	1847061.912967	1847062.728118	6.589711e-01	34	none	NaN	NaN
129	17	8	48	bathroom	sun_aqrpegblszgcoujh.tif	1847063.497864	1847063.756458	1847064.571723	6.839953e-01	38	none	NaN	NaN
129	17	9	58	bathroom	sun_axxbkopsgyouuebh.tif	1847065.341352	1847065.599952	1847066.415277	8.091164e-01	48	none	NaN	NaN
129	17	10	36	bathroom	sun_ambriybtogmepttm.tif	1847067.184851	1847067.443439	1847068.258717	7.257023e-01	26	none	NaN	NaN
129	17	11	37	bathroom	sun_amzlamotzwfkwjco.tif	1847069.028342	1847069.286937	1847070.102164	6.839953e-01	27	37	1847070.892913	1
129	17	12	46	bathroom	sun_apmqjbnwghzuhhzh.tif	1847071.664283	1847071.922875	1847072.738121	7.507265e-01	36	39	1847073.476730	1
129	17	13	13	bathroom	sun_aavhrsfjbserjtht.tif	1847074.250179	1847074.508776	1847075.324038	7.340437e-01	3	none	NaN	NaN
129	17	14	41	bathroom	sun_aoybiabnpadelefl.tif	1847076.093675	1847076.352267	1847077.167498	8.341406e-01	31	none	NaN	NaN
129	17	15	30	bathroom	sun_ajlawzvmubibwbpy.tif	1847077.937166	1847078.195756	1847079.011082	8.174578e-01	20	none	NaN	NaN
129	17	16	40	bathroom	sun_aofnryafpsjimzsb.tif	1847079.780661	1847080.039253	1847080.854444	7.006781e-01	30	none	NaN	NaN
129	17	17	11	bathroom	labelme_sfxiulhjbhlyiyt.tif	1847081.624149	1847081.882746	1847082.697869	8.257992e-01	1	none	NaN	NaN
129	17	18	31	bathroom	sun_akiytfaagpdsphgz.tif	1847083.467647	1847083.726238	1847084.541490	7.924336e-01	21	none	NaN	NaN
129	17	19	20	bathroom	sun_afcoljnjfoxjtgja.tif	1847085.311138	1847085.569725	1847086.385057	7.757508e-01	10	none	NaN	NaN
129	17	20	33	bathroom	sun_aljolscmmzydegqp.tif	1847087.154631	1847087.413225	1847088.228380	7.423851e-01	23	none	NaN	NaN
129	17	21	35	bathroom	sun_alotolagknyrgtsk.tif	1847088.998122	1847089.256710	1847090.071998	8.257992e-01	25	none	NaN	NaN
129	17	22	49	bathroom	sun_asfwthctfqerjvxr.tif	1847090.841618	1847091.100205	1847091.915442	7.507265e-01	39	37	1847092.869020	1
129	17	23	29	bathroom	sun_ahqjwnzgolcaoidx.tif	1847093.644395	1847093.902980	1847094.718218	7.340437e-01	19	none	NaN	NaN
129	17	24	12	bathroom	sun_aapitsgbtktqubfy.tif	1847095.487885	1847095.746472	1847096.561852	7.173609e-01	2	none	NaN	NaN
129	17	25	45	bathroom	sun_apkxzenqapsujocq.tif	1847097.331377	1847097.589966	1847098.405098	8.424820e-01	35	none	NaN	NaN
129	17	26	27	bathroom	sun_ahcvzmoyaycdoftf.tif	1847099.166526	1847099.425115	1847100.240281	8.007750e-01	17	none	NaN	NaN
129	17	27	32	bathroom	sun_aleqenyvunhactkl.tif	1847101.010019	1847101.268613	1847102.083850	7.090195e-01	22	none	NaN	NaN
129	17	28	43	bathroom	sun_apjevzvycyhuqghb.tif	1847102.853516	1847103.112096	1847103.927344	6.839953e-01	33	39	1847104.844712	1
129	17	29	18	bathroom	sun_acgyywnybuveqsro.tif	1847105.622924	1847105.881509	1847106.696788	6.589711e-01	8	none	NaN	NaN
129	17	30	28	bathroom	sun_ahijqszoswveeyji.tif	1847107.466416	1847107.725003	1847108.540161	7.924336e-01	18	none	NaN	NaN
129	17	31	17	bathroom	sun_acegryoqftbzowsg.tif	1847109.309909	1847109.568498	1847110.383727	8.007750e-01	7	none	NaN	NaN
129	17	32	26	bathroom	sun_ahaulkltgpkeeemi.tif	1847111.153403	1847111.411994	1847112.227299	7.590679e-01	16	none	NaN	NaN
129	17	33	16	bathroom	sun_acduarbnmmoglmiv.tif	1847112.996895	1847113.255486	1847114.070633	7.423851e-01	6	none	NaN	NaN
129	17	34	54	bathroom	sun_auzqhkafidnkrwmo.tif	1847114.840382	1847115.098973	1847115.914233	7.340437e-01	44	none	NaN	NaN
129	17	35	47	bathroom	sun_apynckhmoftszqoq.tif	1847116.683881	1847116.942470	1847117.757780	6.756539e-01	37	none	NaN	NaN
129	17	36	39	bathroom	sun_anryaplzeujmzfkd.tif	1847118.527369	1847118.785964	1847119.601258	7.590679e-01	29	none	NaN	NaN
129	17	37	55	bathroom	sun_avhrdrntsqrjzccq.tif	1847120.370866	1847120.629458	1847121.444690	8.091164e-01	45	39	1847122.636871	1
129	17	38	56	bathroom	sun_awnqiikzaispgmwo.tif	1847123.407210	1847123.665793	1847124.481132	8.257992e-01	46	none	NaN	NaN
129	17	39	59	bathroom	sun_axyrejkiiaqiurjk.tif	1847125.250698	1847125.509290	1847126.324481	6.506297e-01	49	none	NaN	NaN
129	17	40	15	bathroom	sun_abjtwfukuwddzted.tif	1847127.094191	1847127.352782	1847128.167961	7.257023e-01	5	none	NaN	NaN
129	17	41	34	bathroom	sun_alkosphxlxwjwgjd.tif	1847128.937681	1847129.196273	1847130.011565	6.673125e-01	24	none	NaN	NaN
129	17	42	51	bathroom	sun_atstyziqcmkahyxk.tif	1847130.781177	1847131.039768	1847131.854938	7.590679e-01	41	none	NaN	NaN
129	17	43	42	bathroom	sun_apeeialkgkuxddgh.tif	1847132.624664	1847132.883259	1847133.698402	6.923367e-01	32	37	1847134.612972	1
129	17	44	60	bathroom	sun_azqyogdvyhahyram.tif	1847135.385733	1847135.644327	1847136.459471	7.090195e-01	50	none	NaN	NaN
129	17	45	23	bathroom	sun_aghyqhbptboemmoq.tif	1847137.229230	1847137.487821	1847138.303113	7.757508e-01	13	none	NaN	NaN
129	17	46	24	bathroom	sun_agrwbmhcpmfuwmsg.tif	1847139.072719	1847139.331313	1847140.146506	6.673125e-01	14	none	NaN	NaN
129	17	47	57	bathroom	sun_axldvoqbuvuggfmq.tif	1847140.916217	1847141.174808	1847141.989936	8.007750e-01	47	none	NaN	NaN
129	17	48	50	bathroom	sun_aspsyogrekjtfozg.tif	1847142.759707	1847143.018299	1847143.833619	6.756539e-01	40	none	NaN	NaN
129	17	49	21	bathroom	sun_aggnnqpdorgxpvce.tif	1847144.603197	1847144.861790	1847145.677130	7.674094e-01	11	none	NaN	NaN
129	17	50	53	bathroom	sun_ausgutylgojavyoq.tif	1847146.446697	1847146.705284	1847147.520624	6.506297e-01	43	none	NaN	NaN
129	17	51	26	bathroom	sun_ahaulkltgpkeeemi.tif	1847148.290185	1847148.548774	1847149.363945	6.673125e-01	16	none	NaN	NaN
129	17	52	12	bathroom	sun_aapitsgbtktqubfy.tif	1847150.133671	1847150.392271	1847151.207606	8.091164e-01	2	none	NaN	NaN
129	17	53	44	bathroom	sun_apkruvsevgegsdwp.tif	1847151.977170	1847152.235757	1847153.050922	7.840922e-01	34	none	NaN	NaN
129	17	54	19	bathroom	sun_aclfzgynxzxlbepz.tif	1847153.820659	1847154.079257	1847154.894437	8.508234e-01	9	none	NaN	NaN
129	17	55	56	bathroom	sun_awnqiikzaispgmwo.tif	1847155.664158	1847155.922742	1847156.737932	6.923367e-01	46	none	NaN	NaN
129	17	56	35	bathroom	sun_alotolagknyrgtsk.tif	1847157.507646	1847157.766238	1847158.581539	8.174578e-01	25	none	NaN	NaN
129	17	57	24	bathroom	sun_agrwbmhcpmfuwmsg.tif	1847159.351140	1847159.609731	1847160.424937	7.257023e-01	14	39	1847162.804988	0
129	17	58	48	bathroom	sun_aqrpegblszgcoujh.tif	1847163.580327	1847163.838922	1847164.654229	7.257023e-01	38	none	NaN	NaN
129	17	59	17	bathroom	sun_acegryoqftbzowsg.tif	1847165.423826	1847165.682410	1847166.497615	8.257992e-01	7	none	NaN	NaN
129	17	60	23	bathroom	sun_aghyqhbptboemmoq.tif	1847167.267318	1847167.525906	1847168.341210	8.341406e-01	13	none	NaN	NaN
129	17	61	41	bathroom	sun_aoybiabnpadelefl.tif	1847169.110811	1847169.369394	1847170.184746	8.174578e-01	31	39	1847171.180953	1
129	17	62	32	bathroom	sun_aleqenyvunhactkl.tif	1847171.955318	1847172.213884	1847173.029210	7.340437e-01	22	none	NaN	NaN
129	17	63	42	bathroom	sun_apeeialkgkuxddgh.tif	1847173.798789	1847174.057375	1847174.872703	7.757508e-01	32	none	NaN	NaN
129	17	64	31	bathroom	sun_akiytfaagpdsphgz.tif	1847175.642272	1847175.900867	1847176.716012	7.090195e-01	21	none	NaN	NaN
129	17	65	33	bathroom	sun_aljolscmmzydegqp.tif	1847177.485774	1847177.744360	1847178.559595	7.590679e-01	23	none	NaN	NaN
129	17	66	40	bathroom	sun_aofnryafpsjimzsb.tif	1847179.329264	1847179.587855	1847180.403089	6.839953e-01	30	39	1847181.948715	1
129	17	67	13	bathroom	sun_aavhrsfjbserjtht.tif	1847182.724287	1847182.982883	1847183.798041	8.424820e-01	3	none	NaN	NaN
129	17	68	14	bathroom	sun_abapwbhyhkfixyex.tif	1847184.567787	1847184.826370	1847185.641617	6.923367e-01	4	none	NaN	NaN
129	17	69	45	bathroom	sun_apkxzenqapsujocq.tif	1847186.411275	1847186.669866	1847187.485008	7.173609e-01	35	none	NaN	NaN
129	17	70	46	bathroom	sun_apmqjbnwghzuhhzh.tif	1847188.254772	1847188.513385	1847189.328692	6.923367e-01	36	none	NaN	NaN
129	17	71	16	bathroom	sun_acduarbnmmoglmiv.tif	1847190.098262	1847190.356853	1847191.172036	8.341406e-01	6	none	NaN	NaN
129	17	72	55	bathroom	sun_avhrdrntsqrjzccq.tif	1847191.941756	1847192.200348	1847193.015552	7.590679e-01	45	none	NaN	NaN
129	17	73	51	bathroom	sun_atstyziqcmkahyxk.tif	1847193.785251	1847194.043836	1847194.859081	8.424820e-01	41	none	NaN	NaN
129	17	74	15	bathroom	sun_abjtwfukuwddzted.tif	1847195.628740	1847195.887330	1847196.702581	6.506297e-01	5	none	NaN	NaN
129	17	75	52	bathroom	sun_aunuadmjocsddsrl.tif	1847197.472235	1847197.730824	1847198.546033	7.507265e-01	42	none	NaN	NaN
129	17	76	49	bathroom	sun_asfwthctfqerjvxr.tif	1847199.315726	1847199.574318	1847200.389493	7.006781e-01	39	none	NaN	NaN
129	17	77	20	bathroom	sun_afcoljnjfoxjtgja.tif	1847201.159221	1847201.417807	1847202.233140	6.756539e-01	10	none	NaN	NaN
129	17	78	21	bathroom	sun_aggnnqpdorgxpvce.tif	1847203.002714	1847203.261304	1847204.076530	7.423851e-01	11	none	NaN	NaN
129	17	79	47	bathroom	sun_apynckhmoftszqoq.tif	1847204.846200	1847205.104792	1847205.920076	7.423851e-01	37	none	NaN	NaN
129	17	80	36	bathroom	sun_ambriybtogmepttm.tif	1847206.689700	1847206.948291	1847207.763463	7.173609e-01	26	39	1847209.756925	0
129	17	81	38	bathroom	sun_anhioqovhscjqqwb.tif	1847210.535170	1847210.793760	1847211.609006	7.840922e-01	28	none	NaN	NaN
129	17	82	58	bathroom	sun_axxbkopsgyouuebh.tif	1847212.378666	1847212.637256	1847213.452470	8.091164e-01	48	37	1847214.108711	1
129	17	83	34	bathroom	sun_alkosphxlxwjwgjd.tif	1847214.881140	1847215.139736	1847215.955056	6.589711e-01	24	none	NaN	NaN
129	17	84	43	bathroom	sun_apjevzvycyhuqghb.tif	1847216.724639	1847216.983226	1847217.798443	7.674094e-01	33	none	NaN	NaN
129	17	85	59	bathroom	sun_axyrejkiiaqiurjk.tif	1847218.568131	1847218.826717	1847219.642053	6.589711e-01	49	39	1847220.853113	1
129	17	86	28	bathroom	sun_ahijqszoswveeyji.tif	1847221.629495	1847221.888087	1847222.703360	7.674094e-01	18	none	NaN	NaN
129	17	87	39	bathroom	sun_anryaplzeujmzfkd.tif	1847223.472988	1847223.731577	1847224.546993	8.007750e-01	29	37	1847226.340928	1
129	17	88	27	bathroom	sun_ahcvzmoyaycdoftf.tif	1847227.118264	1847227.376843	1847228.192013	7.006781e-01	17	none	NaN	NaN
129	17	89	60	bathroom	sun_azqyogdvyhahyram.tif	1847228.961760	1847229.220348	1847230.035631	6.673125e-01	50	none	NaN	NaN
129	17	90	11	bathroom	labelme_sfxiulhjbhlyiyt.tif	1847230.805243	1847231.063839	1847231.879050	8.341406e-01	1	none	NaN	NaN
129	17	91	54	bathroom	sun_auzqhkafidnkrwmo.tif	1847232.648741	1847232.907337	1847233.722472	8.424820e-01	44	none	NaN	NaN
129	17	92	37	bathroom	sun_amzlamotzwfkwjco.tif	1847234.492232	1847234.750824	1847235.565967	7.090195e-01	27	none	NaN	NaN
129	17	93	57	bathroom	sun_axldvoqbuvuggfmq.tif	1847236.335726	1847236.594314	1847237.409614	7.757508e-01	47	none	NaN	NaN
129	17	94	29	bathroom	sun_ahqjwnzgolcaoidx.tif	1847238.179219	1847238.437809	1847239.253154	7.674094e-01	19	none	NaN	NaN
129	17	95	25	bathroom	sun_agyqfjcfkdcydepw.tif	1847240.022711	1847240.281301	1847241.096589	6.756539e-01	15	39	1847241.957003	1
129	17	96	30	bathroom	sun_ajlawzvmubibwbpy.tif	1847242.733730	1847242.992318	1847243.807620	7.173609e-01	20	none	NaN	NaN
129	17	97	22	bathroom	sun_agguqiubmwhqqunb.tif	1847244.577227	1847244.835811	1847245.651038	7.840922e-01	12	39	1847246.644910	0
129	17	98	50	bathroom	sun_aspsyogrekjtfozg.tif	1847247.421705	1847247.680291	1847248.495457	6.923367e-01	40	none	NaN	NaN
129	17	99	18	bathroom	sun_acgyywnybuveqsro.tif	1847249.265198	1847249.523790	1847250.339057	7.840922e-01	8	none	NaN	NaN
129	17	100	53	bathroom	sun_ausgutylgojavyoq.tif	1847251.108696	1847251.367277	1847252.182506	8.508234e-01	43	none	NaN	NaN
129	18	1	101	kitchen	sun_aqeaevwwwjoqhzvl.tif	1847274.456820	1847274.715413	1847275.388770	7.674094e-01	91	none	NaN	NaN
129	18	2	105	kitchen	sun_avszsnwsbuqfgzbn.tif	1847276.158506	1847276.417093	1847277.090540	6.839953e-01	95	none	NaN	NaN
129	18	3	110	kitchen	sun_azmutvzbxypaceni.tif	1847277.860188	1847278.118780	1847278.792279	6.923367e-01	100	none	NaN	NaN
129	18	4	74	kitchen	sun_acfmftudsenhrfhy.tif	1847279.561870	1847279.820461	1847280.493795	7.173609e-01	64	39	1847281.868944	1
129	18	5	70	kitchen	sun_abdxkyyxwfskuaqb.tif	1847282.639924	1847282.898518	1847283.571969	8.174578e-01	60	none	NaN	NaN
129	18	6	104	kitchen	sun_auticobqsbwgoppi.tif	1847284.341608	1847284.600202	1847285.273628	7.674094e-01	94	39	1847286.036988	1
129	18	7	109	kitchen	sun_aypmqwcualkenuoe.tif	1847286.810724	1847287.069312	1847287.742828	6.923367e-01	99	none	NaN	NaN
129	18	8	75	kitchen	sun_acgtpgfybqjmzeyw.tif	1847288.512411	1847288.771001	1847289.444430	8.341406e-01	65	none	NaN	NaN
129	18	9	64	kitchen	sun_aadbddgrdsjugojn.tif	1847290.214093	1847290.472682	1847291.146148	7.340437e-01	54	none	NaN	NaN
129	18	10	96	kitchen	sun_ajcbwwvdlsvjyzje.tif	1847291.915776	1847292.174364	1847292.847694	7.006781e-01	86	39	1847294.621065	1
129	18	11	85	kitchen	sun_afuyedyxivkhecmu.tif	1847295.394225	1847295.652814	1847296.326250	8.424820e-01	75	none	NaN	NaN
129	18	12	79	kitchen	sun_admlmbcdswaszruo.tif	1847297.095912	1847297.354494	1847298.027901	7.257023e-01	69	none	NaN	NaN
129	18	13	89	kitchen	sun_agzzivivdpnawacl.tif	1847298.797592	1847299.056185	1847299.729642	6.673125e-01	79	none	NaN	NaN
129	18	14	108	kitchen	sun_aymvwlarqodbwuoc.tif	1847300.499278	1847300.757870	1847301.431267	7.173609e-01	98	none	NaN	NaN
129	18	15	69	kitchen	sun_abdenxonkemggwsq.tif	1847302.200964	1847302.459559	1847303.132991	8.007750e-01	59	none	NaN	NaN
129	18	16	106	kitchen	sun_awcpdzzznmweyyhv.tif	1847303.902652	1847304.161241	1847304.834663	8.424820e-01	96	none	NaN	NaN
129	18	17	92	kitchen	sun_ahpczsiumwwocjkv.tif	1847305.604337	1847305.862923	1847306.536283	6.756539e-01	82	none	NaN	NaN
129	18	18	76	kitchen	sun_acwjdupvyjsugpay.tif	1847307.306021	1847307.564612	1847308.237955	6.839953e-01	66	none	NaN	NaN
129	18	19	93	kitchen	sun_ahspylgoovwmwvgk.tif	1847309.007705	1847309.266303	1847309.939802	7.757508e-01	83	37	1847310.636983	1
129	18	20	91	kitchen	sun_ahljzhgcdpomplvg.tif	1847311.410087	1847311.668677	1847312.342171	8.257992e-01	81	none	NaN	NaN
129	18	21	82	kitchen	sun_aenotlpyftoioydp.tif	1847313.111775	1847313.370362	1847314.043827	8.424820e-01	72	none	NaN	NaN
129	18	22	87	kitchen	sun_agorklincwxrdtga.tif	1847314.813455	1847315.072043	1847315.745526	7.340437e-01	77	none	NaN	NaN
129	18	23	62	kitchen	labelme_kxvouciolcpqplr.tif	1847316.515146	1847316.773734	1847317.447095	7.507265e-01	52	none	NaN	NaN
129	18	24	99	kitchen	sun_akcjzhbbjlbogpdi.tif	1847318.216828	1847318.475411	1847319.148780	7.924336e-01	89	none	NaN	NaN
129	18	25	103	kitchen	sun_aunzlwrbjumxhwdj.tif	1847319.918515	1847320.177108	1847320.850572	7.590679e-01	93	none	NaN	NaN
129	18	26	95	kitchen	sun_aixorpehvfykdynp.tif	1847321.620201	1847321.878785	1847322.552302	7.590679e-01	85	37	1847323.117039	1
129	18	27	100	kitchen	sun_amjjdeyrggfqgmom.tif	1847323.889111	1847324.147707	1847324.821202	8.007750e-01	90	none	NaN	NaN
129	18	28	71	kitchen	sun_abftihopvusyfakt.tif	1847325.590799	1847325.849388	1847326.522790	8.341406e-01	61	none	NaN	NaN
129	18	29	98	kitchen	sun_akchetnepxlcxhsu.tif	1847327.292486	1847327.551077	1847328.224531	8.257992e-01	88	39	1847329.316848	1
129	18	30	61	kitchen	labelme_brsyyvweiuaazfr.tif	1847330.095258	1847330.353851	1847331.027303	7.757508e-01	51	none	NaN	NaN
129	18	31	80	kitchen	sun_aegoxogugdkwpmpj.tif	1847331.796944	1847332.055539	1847332.728911	7.006781e-01	70	39	1847333.692919	1
129	18	32	67	kitchen	sun_aarfiyshqohlwkmo.tif	1847334.466259	1847334.724846	1847335.398321	7.173609e-01	57	39	1847336.468826	1
129	18	33	88	kitchen	sun_agubuxuukhzyzpdp.tif	1847337.244008	1847337.502597	1847338.176130	7.507265e-01	78	none	NaN	NaN
129	18	34	77	kitchen	sun_acxkpeoqbwcxfvip.tif	1847338.945689	1847339.204287	1847339.877670	8.508234e-01	67	none	NaN	NaN
129	18	35	102	kitchen	sun_auaiucuqpdausiva.tif	1847340.647379	1847340.905970	1847341.579524	8.341406e-01	92	none	NaN	NaN
129	18	36	81	kitchen	sun_aehawpgmrlhlvcow.tif	1847342.349066	1847342.607656	1847343.281131	6.673125e-01	71	none	NaN	NaN
129	18	37	97	kitchen	sun_ajkqhtgcbgpcwrwn.tif	1847344.050750	1847344.309339	1847344.982738	7.090195e-01	87	none	NaN	NaN
129	18	38	73	kitchen	sun_abrcnpqqhmjwekyf.tif	1847345.752437	1847346.011026	1847346.684450	6.506297e-01	63	none	NaN	NaN
129	18	39	66	kitchen	sun_aapllqyqlykszopd.tif	1847347.454117	1847347.712711	1847348.386126	6.839953e-01	56	none	NaN	NaN
129	18	40	83	kitchen	sun_aeqdocilnnpuvuhx.tif	1847349.155804	1847349.414398	1847350.087748	8.424820e-01	73	37	1847350.877013	1
129	18	41	90	kitchen	sun_ahdycvpopffkzzsu.tif	1847351.649942	1847351.908534	1847352.581922	6.589711e-01	80	none	NaN	NaN
129	18	42	84	kitchen	sun_aexklacwqwezaorf.tif	1847353.351629	1847353.610222	1847354.283658	7.423851e-01	74	none	NaN	NaN
129	18	43	94	kitchen	sun_ahywdevtimnqcsln.tif	1847355.053314	1847355.311906	1847355.985374	8.007750e-01	84	none	NaN	NaN
129	18	44	72	kitchen	sun_abpwyqmlzafvklqo.tif	1847356.755002	1847357.013590	1847357.687000	7.340437e-01	62	none	NaN	NaN
129	18	45	65	kitchen	sun_aamedkxepzlwuxes.tif	1847358.456690	1847358.715273	1847359.388744	7.507265e-01	55	none	NaN	NaN
129	18	46	78	kitchen	sun_adgqasybjyktddhj.tif	1847360.158370	1847360.416965	1847361.090433	6.506297e-01	68	none	NaN	NaN
129	18	47	63	kitchen	labelme_rykdqxenmhulbdn.tif	1847361.860060	1847362.118642	1847362.792001	8.257992e-01	53	none	NaN	NaN
129	18	48	86	kitchen	sun_aggjlwcdjsjcaemh.tif	1847363.561739	1847363.820333	1847364.493688	7.090195e-01	76	none	NaN	NaN
129	18	49	68	kitchen	sun_aaxxjlsuzvqlgylf.tif	1847365.263430	1847365.522015	1847366.195456	6.589711e-01	58	none	NaN	NaN
129	18	50	107	kitchen	sun_axyyrmzcupyhlivc.tif	1847366.965119	1847367.223703	1847367.897203	6.756539e-01	97	none	NaN	NaN
129	18	51	66	kitchen	sun_aapllqyqlykszopd.tif	1847368.666800	1847368.925395	1847369.598927	7.006781e-01	56	none	NaN	NaN
129	18	52	82	kitchen	sun_aenotlpyftoioydp.tif	1847370.368484	1847370.627075	1847371.300480	8.174578e-01	72	none	NaN	NaN
129	18	53	103	kitchen	sun_aunzlwrbjumxhwdj.tif	1847372.070170	1847372.328758	1847373.002212	7.090195e-01	93	none	NaN	NaN
129	18	54	95	kitchen	sun_aixorpehvfykdynp.tif	1847373.771855	1847374.030448	1847374.703923	6.923367e-01	85	37	1847376.036933	1
129	18	55	99	kitchen	sun_akcjzhbbjlbogpdi.tif	1847376.808194	1847377.066787	1847377.740294	6.673125e-01	89	none	NaN	NaN
129	18	56	86	kitchen	sun_aggjlwcdjsjcaemh.tif	1847378.509882	1847378.768475	1847379.441860	8.257992e-01	76	none	NaN	NaN
129	18	57	89	kitchen	sun_agzzivivdpnawacl.tif	1847380.211570	1847380.470161	1847381.144774	8.174578e-01	79	none	NaN	NaN
129	18	58	100	kitchen	sun_amjjdeyrggfqgmom.tif	1847381.913259	1847382.171848	1847382.845278	6.923367e-01	90	none	NaN	NaN
129	18	59	110	kitchen	sun_azmutvzbxypaceni.tif	1847383.614931	1847383.873529	1847384.546930	6.673125e-01	100	37	1847385.188834	1
129	18	60	105	kitchen	sun_avszsnwsbuqfgzbn.tif	1847385.967267	1847386.225858	1847386.899310	7.757508e-01	95	none	NaN	NaN
129	18	61	63	kitchen	labelme_rykdqxenmhulbdn.tif	1847387.668956	1847387.927546	1847388.601052	6.589711e-01	53	37	1847389.508861	1
129	18	62	104	kitchen	sun_auticobqsbwgoppi.tif	1847390.279876	1847390.538464	1847391.211901	6.506297e-01	94	none	NaN	NaN
129	18	63	78	kitchen	sun_adgqasybjyktddhj.tif	1847391.981562	1847392.240144	1847392.913536	7.257023e-01	68	none	NaN	NaN
129	18	64	70	kitchen	sun_abdxkyyxwfskuaqb.tif	1847393.683248	1847393.941838	1847394.615166	7.257023e-01	60	none	NaN	NaN
129	18	65	88	kitchen	sun_agubuxuukhzyzpdp.tif	1847395.384930	1847395.643521	1847396.316877	8.091164e-01	78	none	NaN	NaN
129	18	66	61	kitchen	labelme_brsyyvweiuaazfr.tif	1847397.086619	1847397.345205	1847398.018661	7.674094e-01	51	none	NaN	NaN
129	18	67	102	kitchen	sun_auaiucuqpdausiva.tif	1847398.788296	1847399.046890	1847399.720215	8.091164e-01	92	none	NaN	NaN
129	18	68	87	kitchen	sun_agorklincwxrdtga.tif	1847400.489983	1847400.748581	1847401.421900	7.924336e-01	77	none	NaN	NaN
129	18	69	101	kitchen	sun_aqeaevwwwjoqhzvl.tif	1847402.191668	1847402.450259	1847403.123786	7.674094e-01	91	none	NaN	NaN
129	18	70	97	kitchen	sun_ajkqhtgcbgpcwrwn.tif	1847403.893357	1847404.151970	1847404.825305	7.090195e-01	87	none	NaN	NaN
129	18	71	106	kitchen	sun_awcpdzzznmweyyhv.tif	1847405.595041	1847405.853630	1847406.527016	6.756539e-01	96	none	NaN	NaN
129	18	72	84	kitchen	sun_aexklacwqwezaorf.tif	1847407.296727	1847407.555323	1847408.228732	7.840922e-01	74	none	NaN	NaN
129	18	73	77	kitchen	sun_acxkpeoqbwcxfvip.tif	1847408.998415	1847409.257006	1847409.930332	7.257023e-01	67	none	NaN	NaN
129	18	74	98	kitchen	sun_akchetnepxlcxhsu.tif	1847410.700099	1847410.958692	1847411.632227	7.423851e-01	88	none	NaN	NaN
129	18	75	73	kitchen	sun_abrcnpqqhmjwekyf.tif	1847412.401785	1847412.660373	1847413.333822	8.174578e-01	63	none	NaN	NaN
129	18	76	85	kitchen	sun_afuyedyxivkhecmu.tif	1847414.103475	1847414.362064	1847415.035578	7.590679e-01	75	none	NaN	NaN
129	18	77	75	kitchen	sun_acgtpgfybqjmzeyw.tif	1847415.805156	1847416.063748	1847416.737201	7.173609e-01	65	none	NaN	NaN
129	18	78	69	kitchen	sun_abdenxonkemggwsq.tif	1847417.506841	1847417.765433	1847418.438892	7.423851e-01	59	none	NaN	NaN
129	18	79	91	kitchen	sun_ahljzhgcdpomplvg.tif	1847419.208528	1847419.467119	1847420.140598	7.340437e-01	81	37	1847421.101100	0
129	18	80	94	kitchen	sun_ahywdevtimnqcsln.tif	1847421.877837	1847422.136428	1847422.809849	7.924336e-01	84	none	NaN	NaN
129	18	81	81	kitchen	sun_aehawpgmrlhlvcow.tif	1847423.579525	1847423.838112	1847424.511624	6.756539e-01	71	none	NaN	NaN
129	18	82	71	kitchen	sun_abftihopvusyfakt.tif	1847425.281209	1847425.539800	1847426.213291	8.007750e-01	61	none	NaN	NaN
129	18	83	76	kitchen	sun_acwjdupvyjsugpay.tif	1847426.982899	1847427.241485	1847427.914935	7.590679e-01	66	none	NaN	NaN
129	18	84	68	kitchen	sun_aaxxjlsuzvqlgylf.tif	1847428.684575	1847428.943172	1847429.616683	7.840922e-01	58	none	NaN	NaN
129	18	85	80	kitchen	sun_aegoxogugdkwpmpj.tif	1847430.386263	1847430.644856	1847431.318225	7.423851e-01	70	none	NaN	NaN
129	18	86	108	kitchen	sun_aymvwlarqodbwuoc.tif	1847432.087953	1847432.346544	1847433.019923	7.006781e-01	98	none	NaN	NaN
129	18	87	72	kitchen	sun_abpwyqmlzafvklqo.tif	1847433.789639	1847434.048223	1847434.721755	6.923367e-01	62	37	1847435.917261	1
129	18	88	67	kitchen	sun_aarfiyshqohlwkmo.tif	1847436.692516	1847436.951105	1847437.624493	7.757508e-01	57	none	NaN	NaN
129	18	89	96	kitchen	sun_ajcbwwvdlsvjyzje.tif	1847438.394197	1847438.652792	1847439.326308	8.341406e-01	86	none	NaN	NaN
129	18	90	93	kitchen	sun_ahspylgoovwmwvgk.tif	1847440.095883	1847440.354472	1847441.027827	6.589711e-01	83	none	NaN	NaN
129	18	91	90	kitchen	sun_ahdycvpopffkzzsu.tif	1847441.797570	1847442.056161	1847442.729623	7.590679e-01	80	none	NaN	NaN
129	18	92	109	kitchen	sun_aypmqwcualkenuoe.tif	1847443.499257	1847443.757852	1847444.431181	8.091164e-01	99	none	NaN	NaN
129	18	93	62	kitchen	labelme_kxvouciolcpqplr.tif	1847445.192604	1847445.451187	1847446.124702	7.924336e-01	52	none	NaN	NaN
129	18	94	107	kitchen	sun_axyyrmzcupyhlivc.tif	1847446.894286	1847447.152879	1847447.826256	8.508234e-01	97	none	NaN	NaN
129	18	95	92	kitchen	sun_ahpczsiumwwocjkv.tif	1847448.595968	1847448.854557	1847449.527885	7.507265e-01	82	none	NaN	NaN
129	18	96	83	kitchen	sun_aeqdocilnnpuvuhx.tif	1847450.297658	1847450.556244	1847451.229599	7.840922e-01	73	none	NaN	NaN
129	18	97	64	kitchen	sun_aadbddgrdsjugojn.tif	1847451.990999	1847452.249588	1847452.922931	6.839953e-01	54	none	NaN	NaN
129	18	98	79	kitchen	sun_admlmbcdswaszruo.tif	1847453.692686	1847453.951275	1847454.624708	7.840922e-01	69	none	NaN	NaN
129	18	99	74	kitchen	sun_acfmftudsenhrfhy.tif	1847455.394369	1847455.652959	1847456.326450	8.257992e-01	64	37	1847457.036880	1
129	18	100	65	kitchen	sun_aamedkxepzlwuxes.tif	1847457.813435	1847458.072029	1847458.745546	8.091164e-01	55	none	NaN	NaN
129	19	1	53	bathroom	sun_ausgutylgojavyoq.tif	1847482.854905	1847483.113491	1847483.928730	6.839953e-01	43	39	1847484.956705	1
129	19	2	51	bathroom	sun_atstyziqcmkahyxk.tif	1847485.732753	1847485.991346	1847486.806578	8.341406e-01	41	none	NaN	NaN
129	19	3	48	bathroom	sun_aqrpegblszgcoujh.tif	1847487.576240	1847487.834834	1847488.650146	8.341406e-01	38	none	NaN	NaN
129	19	4	41	bathroom	sun_aoybiabnpadelefl.tif	1847489.419739	1847489.678330	1847490.493511	7.173609e-01	31	none	NaN	NaN
129	19	5	52	bathroom	sun_aunuadmjocsddsrl.tif	1847491.263231	1847491.521825	1847492.336973	7.674094e-01	42	none	NaN	NaN
129	19	6	16	bathroom	sun_acduarbnmmoglmiv.tif	1847493.106729	1847493.365316	1847494.180605	8.007750e-01	6	none	NaN	NaN
129	19	7	11	bathroom	labelme_sfxiulhjbhlyiyt.tif	1847494.950217	1847495.208807	1847496.023946	7.090195e-01	1	none	NaN	NaN
129	19	8	25	bathroom	sun_agyqfjcfkdcydepw.tif	1847496.793707	1847497.052298	1847497.867469	7.173609e-01	15	none	NaN	NaN
129	19	9	14	bathroom	sun_abapwbhyhkfixyex.tif	1847498.637199	1847498.895790	1847499.711134	7.674094e-01	4	none	NaN	NaN
129	19	10	27	bathroom	sun_ahcvzmoyaycdoftf.tif	1847500.480696	1847500.739284	1847501.554419	7.757508e-01	17	none	NaN	NaN
129	19	11	46	bathroom	sun_apmqjbnwghzuhhzh.tif	1847502.324183	1847502.582777	1847503.398086	7.340437e-01	36	none	NaN	NaN
129	19	12	56	bathroom	sun_awnqiikzaispgmwo.tif	1847504.167678	1847504.426268	1847505.241443	7.507265e-01	46	none	NaN	NaN
129	19	13	21	bathroom	sun_aggnnqpdorgxpvce.tif	1847506.011171	1847506.269764	1847507.085033	8.091164e-01	11	none	NaN	NaN
129	19	14	24	bathroom	sun_agrwbmhcpmfuwmsg.tif	1847507.854664	1847508.113255	1847508.928394	8.424820e-01	14	none	NaN	NaN
129	19	15	13	bathroom	sun_aavhrsfjbserjtht.tif	1847509.698156	1847509.956752	1847510.771990	6.923367e-01	3	none	NaN	NaN
129	19	16	37	bathroom	sun_amzlamotzwfkwjco.tif	1847511.541654	1847511.800244	1847512.615467	8.257992e-01	27	none	NaN	NaN
129	19	17	39	bathroom	sun_anryaplzeujmzfkd.tif	1847513.385146	1847513.643735	1847514.459050	7.173609e-01	29	none	NaN	NaN
129	19	18	15	bathroom	sun_abjtwfukuwddzted.tif	1847515.228631	1847515.487229	1847516.302400	8.174578e-01	5	none	NaN	NaN
129	19	19	45	bathroom	sun_apkxzenqapsujocq.tif	1847517.072127	1847517.330720	1847518.145859	8.257992e-01	35	37	1847520.372832	1
129	19	20	57	bathroom	sun_axldvoqbuvuggfmq.tif	1847521.151171	1847521.409757	1847522.224980	8.257992e-01	47	none	NaN	NaN
129	19	21	31	bathroom	sun_akiytfaagpdsphgz.tif	1847522.994660	1847523.253242	1847524.068559	8.341406e-01	21	none	NaN	NaN
129	19	22	29	bathroom	sun_ahqjwnzgolcaoidx.tif	1847524.838156	1847525.096748	1847525.911884	7.840922e-01	19	none	NaN	NaN
129	19	23	59	bathroom	sun_axyrejkiiaqiurjk.tif	1847526.681644	1847526.940231	1847527.755556	7.173609e-01	49	none	NaN	NaN
129	19	24	26	bathroom	sun_ahaulkltgpkeeemi.tif	1847528.525138	1847528.783733	1847529.599033	6.839953e-01	16	none	NaN	NaN
129	19	25	28	bathroom	sun_ahijqszoswveeyji.tif	1847530.368628	1847530.627221	1847531.442513	7.257023e-01	18	37	1847536.020932	1
129	19	26	47	bathroom	sun_apynckhmoftszqoq.tif	1847536.791661	1847537.050255	1847537.865490	7.257023e-01	37	none	NaN	NaN
129	19	27	23	bathroom	sun_aghyqhbptboemmoq.tif	1847538.635154	1847538.893744	1847539.708968	7.590679e-01	13	none	NaN	NaN
129	19	28	22	bathroom	sun_agguqiubmwhqqunb.tif	1847540.478646	1847540.737237	1847541.552558	6.673125e-01	12	none	NaN	NaN
129	19	29	43	bathroom	sun_apjevzvycyhuqghb.tif	1847542.322138	1847542.580730	1847543.395967	8.508234e-01	33	none	NaN	NaN
129	19	30	44	bathroom	sun_apkruvsevgegsdwp.tif	1847544.165634	1847544.424224	1847545.239421	7.590679e-01	34	none	NaN	NaN
129	19	31	55	bathroom	sun_avhrdrntsqrjzccq.tif	1847546.000784	1847546.259373	1847547.074617	8.424820e-01	45	none	NaN	NaN
129	19	32	34	bathroom	sun_alkosphxlxwjwgjd.tif	1847547.844278	1847548.102863	1847548.917995	7.840922e-01	24	37	1847549.588862	1
129	19	33	35	bathroom	sun_alotolagknyrgtsk.tif	1847550.363439	1847550.622026	1847551.437296	8.007750e-01	25	none	NaN	NaN
129	19	34	20	bathroom	sun_afcoljnjfoxjtgja.tif	1847552.198593	1847552.457174	1847553.272523	7.423851e-01	10	none	NaN	NaN
129	19	35	36	bathroom	sun_ambriybtogmepttm.tif	1847554.042080	1847554.300669	1847555.115845	7.924336e-01	26	none	NaN	NaN
129	19	36	17	bathroom	sun_acegryoqftbzowsg.tif	1847555.885572	1847556.144163	1847556.959421	7.006781e-01	7	none	NaN	NaN
129	19	37	30	bathroom	sun_ajlawzvmubibwbpy.tif	1847557.729069	1847557.987658	1847558.802812	7.840922e-01	20	none	NaN	NaN
129	19	38	42	bathroom	sun_apeeialkgkuxddgh.tif	1847559.572557	1847559.831148	1847560.646388	7.090195e-01	32	none	NaN	NaN
129	19	39	40	bathroom	sun_aofnryafpsjimzsb.tif	1847561.416051	1847561.674644	1847562.489884	7.423851e-01	30	none	NaN	NaN
129	19	40	50	bathroom	sun_aspsyogrekjtfozg.tif	1847563.259548	1847563.518137	1847564.333445	7.257023e-01	40	none	NaN	NaN
129	19	41	38	bathroom	sun_anhioqovhscjqqwb.tif	1847565.103036	1847565.361624	1847566.176898	7.006781e-01	28	none	NaN	NaN
129	19	42	12	bathroom	sun_aapitsgbtktqubfy.tif	1847566.946528	1847567.205119	1847568.020307	7.090195e-01	2	none	NaN	NaN
129	19	43	33	bathroom	sun_aljolscmmzydegqp.tif	1847568.790023	1847569.048612	1847569.863915	6.506297e-01	23	none	NaN	NaN
129	19	44	18	bathroom	sun_acgyywnybuveqsro.tif	1847570.633512	1847570.892103	1847571.707386	8.091164e-01	8	none	NaN	NaN
129	19	45	49	bathroom	sun_asfwthctfqerjvxr.tif	1847572.477006	1847572.735598	1847573.550938	6.673125e-01	39	none	NaN	NaN
129	19	46	58	bathroom	sun_axxbkopsgyouuebh.tif	1847574.320502	1847574.579092	1847575.394383	7.340437e-01	48	none	NaN	NaN
129	19	47	32	bathroom	sun_aleqenyvunhactkl.tif	1847576.163993	1847576.422583	1847577.237859	6.756539e-01	22	none	NaN	NaN
129	19	48	60	bathroom	sun_azqyogdvyhahyram.tif	1847578.007486	1847578.266073	1847579.081399	7.340437e-01	50	none	NaN	NaN
129	19	49	19	bathroom	sun_aclfzgynxzxlbepz.tif	1847579.850981	1847580.109568	1847580.924889	8.174578e-01	9	none	NaN	NaN
129	19	50	54	bathroom	sun_auzqhkafidnkrwmo.tif	1847581.694473	1847581.953062	1847582.768353	7.590679e-01	44	37	1847584.036959	1
129	19	51	20	bathroom	sun_afcoljnjfoxjtgja.tif	1847584.814225	1847585.072815	1847585.888163	7.590679e-01	10	none	NaN	NaN
129	19	52	45	bathroom	sun_apkxzenqapsujocq.tif	1847586.657724	1847586.916309	1847587.731555	8.341406e-01	35	39	1847588.461981	1
129	19	53	54	bathroom	sun_auzqhkafidnkrwmo.tif	1847589.235276	1847589.493868	1847590.309000	8.257992e-01	44	none	NaN	NaN
129	19	54	55	bathroom	sun_avhrdrntsqrjzccq.tif	1847591.078771	1847591.337359	1847592.152536	8.508234e-01	45	none	NaN	NaN
129	19	55	60	bathroom	sun_azqyogdvyhahyram.tif	1847592.922257	1847593.180846	1847593.996058	8.424820e-01	50	none	NaN	NaN
129	19	56	33	bathroom	sun_aljolscmmzydegqp.tif	1847594.765754	1847595.024343	1847595.839472	6.923367e-01	23	none	NaN	NaN
129	19	57	11	bathroom	labelme_sfxiulhjbhlyiyt.tif	1847596.609243	1847596.867833	1847597.683121	8.007750e-01	1	none	NaN	NaN
129	19	58	38	bathroom	sun_anhioqovhscjqqwb.tif	1847598.452736	1847598.711326	1847599.526570	7.674094e-01	28	none	NaN	NaN
129	19	59	29	bathroom	sun_ahqjwnzgolcaoidx.tif	1847600.296233	1847600.554819	1847601.370008	7.840922e-01	19	none	NaN	NaN
129	19	60	34	bathroom	sun_alkosphxlxwjwgjd.tif	1847602.139725	1847602.398314	1847603.213577	8.007750e-01	24	none	NaN	NaN
129	19	61	22	bathroom	sun_agguqiubmwhqqunb.tif	1847603.983215	1847604.241804	1847605.057015	7.423851e-01	12	none	NaN	NaN
129	19	62	56	bathroom	sun_awnqiikzaispgmwo.tif	1847605.826710	1847606.085298	1847606.900522	7.507265e-01	46	none	NaN	NaN
129	19	63	47	bathroom	sun_apynckhmoftszqoq.tif	1847607.670192	1847607.928788	1847608.744049	7.590679e-01	37	none	NaN	NaN
129	19	64	36	bathroom	sun_ambriybtogmepttm.tif	1847609.513693	1847609.772279	1847610.587616	7.257023e-01	26	39	1847611.564700	1
129	19	65	57	bathroom	sun_axldvoqbuvuggfmq.tif	1847612.341493	1847612.600080	1847613.415384	7.006781e-01	47	none	NaN	NaN
129	19	66	48	bathroom	sun_aqrpegblszgcoujh.tif	1847614.184986	1847614.443577	1847615.258833	7.757508e-01	38	none	NaN	NaN
129	19	67	50	bathroom	sun_aspsyogrekjtfozg.tif	1847616.028477	1847616.287067	1847617.102307	7.507265e-01	40	none	NaN	NaN
129	19	68	28	bathroom	sun_ahijqszoswveeyji.tif	1847617.871971	1847618.130561	1847618.945875	7.423851e-01	18	none	NaN	NaN
129	19	69	58	bathroom	sun_axxbkopsgyouuebh.tif	1847619.715463	1847619.974046	1847620.789289	7.507265e-01	48	none	NaN	NaN
129	19	70	40	bathroom	sun_aofnryafpsjimzsb.tif	1847621.558954	1847621.817546	1847622.632692	7.340437e-01	30	none	NaN	NaN
129	19	71	43	bathroom	sun_apjevzvycyhuqghb.tif	1847623.402452	1847623.661037	1847624.476261	6.673125e-01	33	none	NaN	NaN
129	19	72	53	bathroom	sun_ausgutylgojavyoq.tif	1847625.245939	1847625.504532	1847626.319830	7.006781e-01	43	none	NaN	NaN
129	19	73	30	bathroom	sun_ajlawzvmubibwbpy.tif	1847627.089432	1847627.348022	1847628.163167	7.674094e-01	20	none	NaN	NaN
129	19	74	32	bathroom	sun_aleqenyvunhactkl.tif	1847628.932923	1847629.191515	1847630.006856	6.589711e-01	22	39	1847630.780959	1
129	19	75	19	bathroom	sun_aclfzgynxzxlbepz.tif	1847631.552189	1847631.810779	1847632.626012	6.589711e-01	9	none	NaN	NaN
129	19	76	46	bathroom	sun_apmqjbnwghzuhhzh.tif	1847633.395679	1847633.654272	1847634.469595	6.839953e-01	36	none	NaN	NaN
129	19	77	18	bathroom	sun_acgyywnybuveqsro.tif	1847635.239172	1847635.497762	1847636.313047	7.757508e-01	8	none	NaN	NaN
129	19	78	27	bathroom	sun_ahcvzmoyaycdoftf.tif	1847637.082665	1847637.341251	1847638.156458	6.756539e-01	17	none	NaN	NaN
129	19	79	51	bathroom	sun_atstyziqcmkahyxk.tif	1847638.926156	1847639.184765	1847639.999941	8.424820e-01	41	none	NaN	NaN
129	19	80	41	bathroom	sun_aoybiabnpadelefl.tif	1847640.769652	1847641.028240	1847641.843403	7.924336e-01	31	none	NaN	NaN
129	19	81	16	bathroom	sun_acduarbnmmoglmiv.tif	1847642.613144	1847642.871737	1847643.686994	8.174578e-01	6	39	1847644.653009	1
129	19	82	42	bathroom	sun_apeeialkgkuxddgh.tif	1847645.424259	1847645.682854	1847646.498031	6.923367e-01	32	none	NaN	NaN
129	19	83	12	bathroom	sun_aapitsgbtktqubfy.tif	1847647.267752	1847647.526345	1847648.341656	6.506297e-01	2	none	NaN	NaN
129	19	84	23	bathroom	sun_aghyqhbptboemmoq.tif	1847649.111248	1847649.369839	1847650.185106	6.506297e-01	13	39	1847651.093021	1
129	19	85	49	bathroom	sun_asfwthctfqerjvxr.tif	1847651.863975	1847652.122561	1847652.937839	6.756539e-01	39	none	NaN	NaN
129	19	86	31	bathroom	sun_akiytfaagpdsphgz.tif	1847653.707468	1847653.966055	1847654.781284	7.924336e-01	21	none	NaN	NaN
129	19	87	26	bathroom	sun_ahaulkltgpkeeemi.tif	1847655.550961	1847655.809545	1847656.624692	7.757508e-01	16	none	NaN	NaN
129	19	88	59	bathroom	sun_axyrejkiiaqiurjk.tif	1847657.394452	1847657.653042	1847658.468297	8.091164e-01	49	none	NaN	NaN
129	19	89	21	bathroom	sun_aggnnqpdorgxpvce.tif	1847659.237944	1847659.496537	1847660.311756	6.923367e-01	11	37	1847661.525015	1
129	19	90	37	bathroom	sun_amzlamotzwfkwjco.tif	1847662.299308	1847662.557899	1847663.373037	6.839953e-01	27	37	1847664.124930	1
129	19	91	25	bathroom	sun_agyqfjcfkdcydepw.tif	1847664.901886	1847665.160477	1847665.975616	8.257992e-01	15	none	NaN	NaN
129	19	92	44	bathroom	sun_apkruvsevgegsdwp.tif	1847666.745379	1847667.003971	1847667.819278	6.923367e-01	34	39	1847668.397103	0
129	19	93	13	bathroom	sun_aavhrsfjbserjtht.tif	1847669.172783	1847669.431374	1847670.246642	8.174578e-01	3	none	NaN	NaN
129	19	94	14	bathroom	sun_abapwbhyhkfixyex.tif	1847671.016282	1847671.274867	1847672.090073	7.924336e-01	4	none	NaN	NaN
129	19	95	15	bathroom	sun_abjtwfukuwddzted.tif	1847672.859772	1847673.118356	1847673.933598	6.673125e-01	5	none	NaN	NaN
129	19	96	17	bathroom	sun_acegryoqftbzowsg.tif	1847674.703259	1847674.961849	1847675.777022	8.091164e-01	7	none	NaN	NaN
129	19	97	39	bathroom	sun_anryaplzeujmzfkd.tif	1847676.546751	1847676.805346	1847677.620491	7.090195e-01	29	39	1847678.564897	1
129	19	98	24	bathroom	sun_agrwbmhcpmfuwmsg.tif	1847679.341190	1847679.599775	1847680.414950	6.589711e-01	14	none	NaN	NaN
129	19	99	52	bathroom	sun_aunuadmjocsddsrl.tif	1847681.184677	1847681.443275	1847682.258415	6.589711e-01	42	39	1847683.572670	1
129	19	100	35	bathroom	sun_alotolagknyrgtsk.tif	1847684.346145	1847684.604737	1847685.419953	6.756539e-01	25	none	NaN	NaN
129	20	1	65	kitchen	sun_aamedkxepzlwuxes.tif	1847699.294289	1847699.552873	1847700.359713	7.257023e-01	55	none	NaN	NaN
129	20	2	76	kitchen	sun_acwjdupvyjsugpay.tif	1847701.129436	1847701.388032	1847702.194824	6.923367e-01	66	none	NaN	NaN
129	20	3	94	kitchen	sun_ahywdevtimnqcsln.tif	1847702.964586	1847703.223178	1847704.030033	8.424820e-01	84	none	NaN	NaN
129	20	4	77	kitchen	sun_acxkpeoqbwcxfvip.tif	1847704.799740	1847705.058332	1847705.865171	7.340437e-01	67	none	NaN	NaN
129	20	5	110	kitchen	sun_azmutvzbxypaceni.tif	1847706.634890	1847706.893480	1847707.700289	6.839953e-01	100	none	NaN	NaN
129	20	6	107	kitchen	sun_axyyrmzcupyhlivc.tif	1847708.470043	1847708.728633	1847709.535582	7.423851e-01	97	none	NaN	NaN
129	20	7	84	kitchen	sun_aexklacwqwezaorf.tif	1847710.305193	1847710.563787	1847711.370657	7.674094e-01	74	37	1847712.084790	1
129	20	8	70	kitchen	sun_abdxkyyxwfskuaqb.tif	1847712.857723	1847713.116309	1847713.923216	6.839953e-01	60	none	NaN	NaN
129	20	9	79	kitchen	sun_admlmbcdswaszruo.tif	1847714.692871	1847714.951459	1847715.758449	8.257992e-01	69	none	NaN	NaN
129	20	10	80	kitchen	sun_aegoxogugdkwpmpj.tif	1847716.528021	1847716.786614	1847717.593403	6.756539e-01	70	none	NaN	NaN
129	20	11	105	kitchen	sun_avszsnwsbuqfgzbn.tif	1847718.363175	1847718.621769	1847719.428793	8.174578e-01	95	none	NaN	NaN
129	20	12	99	kitchen	sun_akcjzhbbjlbogpdi.tif	1847720.198325	1847720.456916	1847721.263733	7.423851e-01	89	none	NaN	NaN
129	20	13	93	kitchen	sun_ahspylgoovwmwvgk.tif	1847722.033473	1847722.292064	1847723.098913	6.923367e-01	83	none	NaN	NaN
129	20	14	71	kitchen	sun_abftihopvusyfakt.tif	1847723.868628	1847724.127217	1847724.934166	6.756539e-01	61	39	1847725.932888	1
129	20	15	100	kitchen	sun_amjjdeyrggfqgmom.tif	1847726.704771	1847726.963355	1847727.770279	7.757508e-01	90	none	NaN	NaN
129	20	16	103	kitchen	sun_aunzlwrbjumxhwdj.tif	1847728.539923	1847728.798513	1847729.605422	7.257023e-01	93	37	1847730.644792	1
129	20	17	97	kitchen	sun_ajkqhtgcbgpcwrwn.tif	1847731.417772	1847731.676359	1847732.483216	7.924336e-01	87	none	NaN	NaN
129	20	18	67	kitchen	sun_aarfiyshqohlwkmo.tif	1847733.252922	1847733.511515	1847734.318370	7.507265e-01	57	37	1847735.252791	1
129	20	19	104	kitchen	sun_auticobqsbwgoppi.tif	1847736.030672	1847736.289266	1847737.096191	7.924336e-01	94	none	NaN	NaN
129	20	20	89	kitchen	sun_agzzivivdpnawacl.tif	1847737.865823	1847738.124416	1847738.931381	8.174578e-01	79	none	NaN	NaN
129	20	21	96	kitchen	sun_ajcbwwvdlsvjyzje.tif	1847739.700976	1847739.959569	1847740.766548	6.506297e-01	86	none	NaN	NaN
129	20	22	86	kitchen	sun_aggjlwcdjsjcaemh.tif	1847741.536127	1847741.794717	1847742.601583	6.839953e-01	76	none	NaN	NaN
129	20	23	90	kitchen	sun_ahdycvpopffkzzsu.tif	1847743.371281	1847743.629872	1847744.436798	6.673125e-01	80	37	1847745.244666	1
129	20	24	98	kitchen	sun_akchetnepxlcxhsu.tif	1847746.015565	1847746.274158	1847747.080969	6.589711e-01	88	none	NaN	NaN
129	20	25	68	kitchen	sun_aaxxjlsuzvqlgylf.tif	1847747.850716	1847748.109307	1847748.916129	7.590679e-01	58	none	NaN	NaN
129	20	26	102	kitchen	sun_auaiucuqpdausiva.tif	1847749.685862	1847749.944461	1847750.751450	7.173609e-01	92	none	NaN	NaN
129	20	27	83	kitchen	sun_aeqdocilnnpuvuhx.tif	1847751.521016	1847751.779608	1847752.586480	6.506297e-01	73	none	NaN	NaN
129	20	28	106	kitchen	sun_awcpdzzznmweyyhv.tif	1847753.356171	1847753.614757	1847754.421661	8.341406e-01	96	none	NaN	NaN
129	20	29	61	kitchen	labelme_brsyyvweiuaazfr.tif	1847755.182978	1847755.441570	1847756.248468	6.589711e-01	51	39	1847757.140809	1
129	20	30	108	kitchen	sun_aymvwlarqodbwuoc.tif	1847757.919021	1847758.177611	1847758.984483	7.674094e-01	98	none	NaN	NaN
129	20	31	101	kitchen	sun_aqeaevwwwjoqhzvl.tif	1847759.754175	1847760.012764	1847760.819627	6.673125e-01	91	none	NaN	NaN
129	20	32	87	kitchen	sun_agorklincwxrdtga.tif	1847761.589323	1847761.847915	1847762.654855	8.007750e-01	77	37	1847763.500815	1
129	20	33	92	kitchen	sun_ahpczsiumwwocjkv.tif	1847764.275317	1847764.533907	1847765.340889	6.673125e-01	82	none	NaN	NaN
129	20	34	69	kitchen	sun_abdenxonkemggwsq.tif	1847766.110466	1847766.369056	1847767.175888	6.589711e-01	59	none	NaN	NaN
129	20	35	91	kitchen	sun_ahljzhgcdpomplvg.tif	1847767.945621	1847768.204211	1847769.011151	7.090195e-01	81	none	NaN	NaN
129	20	36	66	kitchen	sun_aapllqyqlykszopd.tif	1847769.780769	1847770.039361	1847770.846288	8.091164e-01	56	none	NaN	NaN
129	20	37	72	kitchen	sun_abpwyqmlzafvklqo.tif	1847771.615920	1847771.874513	1847772.681431	7.090195e-01	62	none	NaN	NaN
129	20	38	78	kitchen	sun_adgqasybjyktddhj.tif	1847773.451069	1847773.709663	1847774.516647	6.923367e-01	68	none	NaN	NaN
129	20	39	85	kitchen	sun_afuyedyxivkhecmu.tif	1847775.286226	1847775.544812	1847776.351744	8.174578e-01	75	none	NaN	NaN
129	20	40	95	kitchen	sun_aixorpehvfykdynp.tif	1847777.121377	1847777.379966	1847778.186874	7.507265e-01	85	none	NaN	NaN
129	20	41	75	kitchen	sun_acgtpgfybqjmzeyw.tif	1847778.956527	1847779.215112	1847780.022062	7.507265e-01	65	none	NaN	NaN
129	20	42	73	kitchen	sun_abrcnpqqhmjwekyf.tif	1847780.791676	1847781.050269	1847781.857110	7.674094e-01	63	none	NaN	NaN
129	20	43	64	kitchen	sun_aadbddgrdsjugojn.tif	1847782.626829	1847782.885413	1847783.692382	7.674094e-01	54	none	NaN	NaN
129	20	44	109	kitchen	sun_aypmqwcualkenuoe.tif	1847784.461982	1847784.720568	1847785.527465	8.007750e-01	99	none	NaN	NaN
129	20	45	88	kitchen	sun_agubuxuukhzyzpdp.tif	1847786.297125	1847786.555717	1847787.362532	8.091164e-01	78	none	NaN	NaN
129	20	46	74	kitchen	sun_acfmftudsenhrfhy.tif	1847788.132274	1847788.390871	1847789.197696	8.424820e-01	64	none	NaN	NaN
129	20	47	81	kitchen	sun_aehawpgmrlhlvcow.tif	1847789.967432	1847790.226021	1847791.032986	7.840922e-01	71	none	NaN	NaN
129	20	48	63	kitchen	labelme_rykdqxenmhulbdn.tif	1847791.802586	1847792.061174	1847792.867998	7.006781e-01	53	none	NaN	NaN
129	20	49	62	kitchen	labelme_kxvouciolcpqplr.tif	1847793.637734	1847793.896324	1847794.703294	7.757508e-01	52	none	NaN	NaN
129	20	50	82	kitchen	sun_aenotlpyftoioydp.tif	1847795.472885	1847795.731474	1847796.538457	8.508234e-01	72	none	NaN	NaN
129	20	51	103	kitchen	sun_aunzlwrbjumxhwdj.tif	1847797.308032	1847797.566621	1847798.373604	7.257023e-01	93	none	NaN	NaN
129	20	52	72	kitchen	sun_abpwyqmlzafvklqo.tif	1847799.143202	1847799.401779	1847800.208600	8.007750e-01	62	none	NaN	NaN
129	20	53	91	kitchen	sun_ahljzhgcdpomplvg.tif	1847800.970000	1847801.228582	1847802.035539	7.840922e-01	81	none	NaN	NaN
129	20	54	80	kitchen	sun_aegoxogugdkwpmpj.tif	1847802.805146	1847803.063734	1847803.870602	8.257992e-01	70	none	NaN	NaN
129	20	55	99	kitchen	sun_akcjzhbbjlbogpdi.tif	1847804.640299	1847804.898893	1847805.705791	6.673125e-01	89	39	1847809.413029	1
129	20	56	100	kitchen	sun_amjjdeyrggfqgmom.tif	1847810.187457	1847810.446050	1847811.253043	7.757508e-01	90	none	NaN	NaN
129	20	57	104	kitchen	sun_auticobqsbwgoppi.tif	1847812.022610	1847812.281200	1847813.088092	7.590679e-01	94	none	NaN	NaN
129	20	58	96	kitchen	sun_ajcbwwvdlsvjyzje.tif	1847813.849421	1847814.108007	1847814.914898	7.590679e-01	86	none	NaN	NaN
129	20	59	94	kitchen	sun_ahywdevtimnqcsln.tif	1847815.684571	1847815.943161	1847816.750158	8.007750e-01	84	39	1847818.020666	1
129	20	60	89	kitchen	sun_agzzivivdpnawacl.tif	1847818.795986	1847819.054581	1847819.861400	7.090195e-01	79	37	1847820.444653	1
129	20	61	98	kitchen	sun_akchetnepxlcxhsu.tif	1847821.215047	1847821.473637	1847822.280423	8.257992e-01	88	none	NaN	NaN
129	20	62	78	kitchen	sun_adgqasybjyktddhj.tif	1847823.050196	1847823.308787	1847824.115689	6.756539e-01	68	none	NaN	NaN
129	20	63	93	kitchen	sun_ahspylgoovwmwvgk.tif	1847824.885353	1847825.143941	1847825.950761	7.090195e-01	83	none	NaN	NaN
129	20	64	95	kitchen	sun_aixorpehvfykdynp.tif	1847826.720505	1847826.979092	1847827.785945	8.257992e-01	85	none	NaN	NaN
129	20	65	85	kitchen	sun_afuyedyxivkhecmu.tif	1847828.555653	1847828.814245	1847829.621239	6.923367e-01	75	none	NaN	NaN
129	20	66	77	kitchen	sun_acxkpeoqbwcxfvip.tif	1847830.390803	1847830.649392	1847831.456353	7.173609e-01	67	none	NaN	NaN
129	20	67	62	kitchen	labelme_kxvouciolcpqplr.tif	1847832.225957	1847832.484544	1847833.291379	8.257992e-01	52	39	1847834.084786	1
129	20	68	110	kitchen	sun_azmutvzbxypaceni.tif	1847834.861902	1847835.120490	1847835.927389	7.590679e-01	100	none	NaN	NaN
129	20	69	69	kitchen	sun_abdenxonkemggwsq.tif	1847836.697049	1847836.955644	1847837.762456	7.340437e-01	59	none	NaN	NaN
129	20	70	76	kitchen	sun_acwjdupvyjsugpay.tif	1847838.532204	1847838.790789	1847839.597715	7.423851e-01	66	none	NaN	NaN
129	20	71	71	kitchen	sun_abftihopvusyfakt.tif	1847840.367350	1847840.625939	1847841.432932	7.507265e-01	61	none	NaN	NaN
129	20	72	70	kitchen	sun_abdxkyyxwfskuaqb.tif	1847842.202504	1847842.461097	1847843.267922	7.006781e-01	60	37	1847843.884964	1
129	20	73	106	kitchen	sun_awcpdzzznmweyyhv.tif	1847844.663275	1847844.921861	1847845.728793	8.091164e-01	96	none	NaN	NaN
129	20	74	87	kitchen	sun_agorklincwxrdtga.tif	1847846.498424	1847846.757013	1847847.563900	7.924336e-01	77	none	NaN	NaN
129	20	75	79	kitchen	sun_admlmbcdswaszruo.tif	1847848.333578	1847848.592169	1847849.399012	7.340437e-01	69	none	NaN	NaN
129	20	76	108	kitchen	sun_aymvwlarqodbwuoc.tif	1847850.168729	1847850.427321	1847851.234305	8.341406e-01	98	none	NaN	NaN
129	20	77	66	kitchen	sun_aapllqyqlykszopd.tif	1847852.003880	1847852.262463	1847853.069327	7.173609e-01	56	none	NaN	NaN
129	20	78	90	kitchen	sun_ahdycvpopffkzzsu.tif	1847853.839026	1847854.097621	1847854.904561	8.424820e-01	80	none	NaN	NaN
129	20	79	74	kitchen	sun_acfmftudsenhrfhy.tif	1847855.674179	1847855.932771	1847856.739732	6.839953e-01	64	none	NaN	NaN
129	20	80	81	kitchen	sun_aehawpgmrlhlvcow.tif	1847857.509332	1847857.767926	1847858.574718	6.506297e-01	71	none	NaN	NaN
129	20	81	68	kitchen	sun_aaxxjlsuzvqlgylf.tif	1847859.344483	1847859.603071	1847860.410004	8.424820e-01	58	none	NaN	NaN
129	20	82	88	kitchen	sun_agubuxuukhzyzpdp.tif	1847861.179639	1847861.438226	1847862.245035	6.589711e-01	78	none	NaN	NaN
129	20	83	67	kitchen	sun_aarfiyshqohlwkmo.tif	1847863.014787	1847863.273372	1847864.080286	7.257023e-01	57	none	NaN	NaN
129	20	84	92	kitchen	sun_ahpczsiumwwocjkv.tif	1847864.849938	1847865.108475	1847865.915459	7.840922e-01	82	none	NaN	NaN
129	20	85	86	kitchen	sun_aggjlwcdjsjcaemh.tif	1847866.685091	1847866.943673	1847867.750609	7.423851e-01	76	none	NaN	NaN
129	20	86	73	kitchen	sun_abrcnpqqhmjwekyf.tif	1847868.520240	1847868.778827	1847869.585632	7.757508e-01	63	37	1847870.524842	0
129	20	87	61	kitchen	labelme_brsyyvweiuaazfr.tif	1847871.297989	1847871.556578	1847872.363448	8.341406e-01	51	none	NaN	NaN
129	20	88	101	kitchen	sun_aqeaevwwwjoqhzvl.tif	1847873.133136	1847873.391731	1847874.198699	7.006781e-01	91	none	NaN	NaN
129	20	89	109	kitchen	sun_aypmqwcualkenuoe.tif	1847874.968290	1847875.226885	1847876.033866	8.341406e-01	99	none	NaN	NaN
129	20	90	75	kitchen	sun_acgtpgfybqjmzeyw.tif	1847876.803442	1847877.062036	1847877.868870	7.173609e-01	65	39	1847878.700927	1
129	20	91	63	kitchen	labelme_rykdqxenmhulbdn.tif	1847879.472756	1847879.731342	1847880.538266	8.091164e-01	53	none	NaN	NaN
129	20	92	65	kitchen	sun_aamedkxepzlwuxes.tif	1847881.307905	1847881.566497	1847882.373464	7.924336e-01	55	none	NaN	NaN
129	20	93	64	kitchen	sun_aadbddgrdsjugojn.tif	1847883.143053	1847883.401647	1847884.208576	7.840922e-01	54	none	NaN	NaN
129	20	94	102	kitchen	sun_auaiucuqpdausiva.tif	1847884.978206	1847885.236800	1847886.043596	6.756539e-01	92	none	NaN	NaN
129	20	95	84	kitchen	sun_aexklacwqwezaorf.tif	1847886.813358	1847887.071947	1847887.878938	7.590679e-01	74	none	NaN	NaN
129	20	96	105	kitchen	sun_avszsnwsbuqfgzbn.tif	1847888.648508	1847888.907099	1847889.714047	8.508234e-01	95	none	NaN	NaN
129	20	97	83	kitchen	sun_aeqdocilnnpuvuhx.tif	1847890.483656	1847890.742248	1847891.549214	7.006781e-01	73	none	NaN	NaN
129	20	98	97	kitchen	sun_ajkqhtgcbgpcwrwn.tif	1847892.318808	1847892.577402	1847893.384334	8.174578e-01	87	none	NaN	NaN
129	20	99	107	kitchen	sun_axyyrmzcupyhlivc.tif	1847894.153961	1847894.412550	1847895.219545	7.340437e-01	97	none	NaN	NaN
129	20	100	82	kitchen	sun_aenotlpyftoioydp.tif	1847895.989110	1847896.247698	1847897.054509	6.923367e-01	72	39	1847898.756924	0
