subject	block	trial	texture	category	image	trialOnset	itiOnset	trialEnd	iti	EEGtrigger	responseKey	responseTime	accuracy
133	1	1	13	bathroom	sun_aavhrsfjbserjtht.tif	490912.383030	490912.641621	490913.381967	7.508191e-01	3	none	NaN	NaN
133	1	2	49	bathroom	sun_asfwthctfqerjvxr.tif	490914.151449	490914.410040	490915.150317	8.425858e-01	39	none	NaN	NaN
133	1	3	25	bathroom	sun_agyqfjcfkdcydepw.tif	490915.919868	490916.178460	490916.918827	6.590523e-01	15	39	490918.005402	1
133	1	4	38	bathroom	sun_anhioqovhscjqqwb.tif	490918.781036	490919.039628	490919.779863	7.841888e-01	28	none	NaN	NaN
133	1	5	37	bathroom	sun_amzlamotzwfkwjco.tif	490920.549456	490920.808049	490921.548267	7.174493e-01	27	none	NaN	NaN
133	1	6	16	bathroom	sun_acduarbnmmoglmiv.tif	490922.317882	490922.576473	490923.316807	6.924220e-01	6	none	NaN	NaN
133	1	7	41	bathroom	sun_aoybiabnpadelefl.tif	490924.086300	490924.344892	490925.085190	6.924220e-01	31	39	490925.965426	1
133	1	8	55	bathroom	sun_avhrdrntsqrjzccq.tif	490926.738937	490926.997522	490927.737699	6.924220e-01	45	none	NaN	NaN
133	1	9	60	bathroom	sun_azqyogdvyhahyram.tif	490928.507354	490928.765946	490929.506171	7.424766e-01	50	37	490930.405451	1
133	1	10	29	bathroom	sun_ahqjwnzgolcaoidx.tif	490931.176669	490931.435256	490932.175504	7.341342e-01	19	none	NaN	NaN
133	1	11	15	bathroom	sun_abjtwfukuwddzted.tif	490932.945084	490933.203678	490933.943930	8.342434e-01	5	37	490934.693236	1
133	1	12	39	bathroom	sun_anryaplzeujmzfkd.tif	490935.464255	490935.722842	490936.463233	6.757372e-01	29	none	NaN	NaN
133	1	13	17	bathroom	sun_acegryoqftbzowsg.tif	490937.232675	490937.491265	490938.231639	8.092161e-01	7	none	NaN	NaN
133	1	14	30	bathroom	sun_ajlawzvmubibwbpy.tif	490939.001094	490939.259682	490939.999941	8.175585e-01	20	none	NaN	NaN
133	1	15	23	bathroom	sun_aghyqhbptboemmoq.tif	490940.769513	490941.028105	490941.768334	7.841888e-01	13	none	NaN	NaN
133	1	16	53	bathroom	sun_ausgutylgojavyoq.tif	490942.537933	490942.796527	490943.536742	7.508191e-01	43	none	NaN	NaN
133	1	17	59	bathroom	sun_axyrejkiiaqiurjk.tif	490944.306357	490944.564946	490945.305212	7.424766e-01	49	none	NaN	NaN
133	1	18	58	bathroom	sun_axxbkopsgyouuebh.tif	490946.074774	490946.333366	490947.073741	7.341342e-01	48	none	NaN	NaN
133	1	19	14	bathroom	sun_abapwbhyhkfixyex.tif	490947.843198	490948.101785	490948.841986	7.091069e-01	4	none	NaN	NaN
133	1	20	33	bathroom	sun_aljolscmmzydegqp.tif	490949.611618	490949.870212	490950.610581	6.924220e-01	23	none	NaN	NaN
133	1	21	46	bathroom	sun_apmqjbnwghzuhhzh.tif	490951.380034	490951.638625	490952.378946	7.341342e-01	36	39	490953.349258	1
133	1	22	18	bathroom	sun_acgyywnybuveqsro.tif	490954.124422	490954.383011	490955.123234	6.757372e-01	8	none	NaN	NaN
133	1	23	19	bathroom	sun_aclfzgynxzxlbepz.tif	490955.892845	490956.151432	490956.891707	7.758464e-01	9	none	NaN	NaN
133	1	24	11	bathroom	labelme_sfxiulhjbhlyiyt.tif	490957.661264	490957.919856	490958.660043	6.673947e-01	1	39	490959.517733	1
133	1	25	27	bathroom	sun_ahcvzmoyaycdoftf.tif	490960.288874	490960.547461	490961.287698	8.259010e-01	17	none	NaN	NaN
133	1	26	21	bathroom	sun_aggnnqpdorgxpvce.tif	490962.057291	490962.315881	490963.056260	7.591615e-01	11	none	NaN	NaN
133	1	27	42	bathroom	sun_apeeialkgkuxddgh.tif	490963.825711	490964.084302	490964.824453	7.591615e-01	32	none	NaN	NaN
133	1	28	56	bathroom	sun_awnqiikzaispgmwo.tif	490965.594134	490965.852720	490966.593012	8.175585e-01	46	none	NaN	NaN
133	1	29	44	bathroom	sun_apkruvsevgegsdwp.tif	490967.362553	490967.621143	490968.361427	7.424766e-01	34	none	NaN	NaN
133	1	30	20	bathroom	sun_afcoljnjfoxjtgja.tif	490969.130973	490969.389554	490970.129867	7.174493e-01	10	none	NaN	NaN
133	1	31	28	bathroom	sun_ahijqszoswveeyji.tif	490970.899396	490971.157980	490971.898302	8.425858e-01	18	none	NaN	NaN
133	1	32	26	bathroom	sun_ahaulkltgpkeeemi.tif	490972.667811	490972.926402	490973.666575	7.675039e-01	16	none	NaN	NaN
133	1	33	22	bathroom	sun_agguqiubmwhqqunb.tif	490974.436236	490974.694823	490975.435005	6.924220e-01	12	none	NaN	NaN
133	1	34	47	bathroom	sun_apynckhmoftszqoq.tif	490976.204656	490976.463251	490977.203416	7.591615e-01	37	none	NaN	NaN
133	1	35	45	bathroom	sun_apkxzenqapsujocq.tif	490977.973077	490978.231663	490978.971840	8.175585e-01	35	none	NaN	NaN
133	1	36	34	bathroom	sun_alkosphxlxwjwgjd.tif	490979.741498	490980.000083	490980.740427	8.342434e-01	24	none	NaN	NaN
133	1	37	12	bathroom	sun_aapitsgbtktqubfy.tif	490981.509918	490981.768505	490982.508892	8.092161e-01	2	none	NaN	NaN
133	1	38	52	bathroom	sun_aunuadmjocsddsrl.tif	490983.278279	490983.536925	490984.277176	7.091069e-01	42	none	NaN	NaN
133	1	39	50	bathroom	sun_aspsyogrekjtfozg.tif	490985.046757	490985.305343	490986.045719	7.925312e-01	40	none	NaN	NaN
133	1	40	54	bathroom	sun_auzqhkafidnkrwmo.tif	490986.815179	490987.073769	490987.814026	6.507099e-01	44	none	NaN	NaN
133	1	41	31	bathroom	sun_akiytfaagpdsphgz.tif	490988.583601	490988.842191	490989.582497	6.590523e-01	21	39	490990.485663	1
133	1	42	48	bathroom	sun_aqrpegblszgcoujh.tif	490991.261251	490991.519837	490992.260034	8.092161e-01	38	none	NaN	NaN
133	1	43	35	bathroom	sun_alotolagknyrgtsk.tif	490993.029672	490993.288265	490994.028446	8.008737e-01	25	none	NaN	NaN
133	1	44	24	bathroom	sun_agrwbmhcpmfuwmsg.tif	490994.798093	490995.056682	490995.796972	7.257918e-01	14	none	NaN	NaN
133	1	45	40	bathroom	sun_aofnryafpsjimzsb.tif	490996.566533	490996.825105	490997.565424	7.841888e-01	30	none	NaN	NaN
133	1	46	36	bathroom	sun_ambriybtogmepttm.tif	490998.334934	490998.593525	490999.333883	7.758464e-01	26	none	NaN	NaN
133	1	47	57	bathroom	sun_axldvoqbuvuggfmq.tif	491000.103352	491000.361944	491001.102276	8.259010e-01	47	none	NaN	NaN
133	1	48	43	bathroom	sun_apjevzvycyhuqghb.tif	491001.871773	491002.130367	491002.870544	6.507099e-01	33	none	NaN	NaN
133	1	49	32	bathroom	sun_aleqenyvunhactkl.tif	491003.640194	491003.898787	491004.639164	7.007645e-01	22	none	NaN	NaN
133	1	50	51	bathroom	sun_atstyziqcmkahyxk.tif	491005.408617	491005.667207	491006.407529	8.008737e-01	41	none	NaN	NaN
133	1	51	59	bathroom	sun_axyrejkiiaqiurjk.tif	491007.177035	491007.435624	491008.175957	7.007645e-01	49	none	NaN	NaN
133	1	52	11	bathroom	labelme_sfxiulhjbhlyiyt.tif	491008.945455	491009.204049	491009.944425	7.341342e-01	1	none	NaN	NaN
133	1	53	25	bathroom	sun_agyqfjcfkdcydepw.tif	491010.713877	491010.972464	491011.712694	7.508191e-01	15	none	NaN	NaN
133	1	54	16	bathroom	sun_acduarbnmmoglmiv.tif	491012.482297	491012.740883	491013.481224	7.174493e-01	6	none	NaN	NaN
133	1	55	21	bathroom	sun_aggnnqpdorgxpvce.tif	491014.250716	491014.509309	491015.249693	7.591615e-01	11	none	NaN	NaN
133	1	56	51	bathroom	sun_atstyziqcmkahyxk.tif	491016.019137	491016.277727	491017.018164	7.925312e-01	41	none	NaN	NaN
133	1	57	32	bathroom	sun_aleqenyvunhactkl.tif	491017.787557	491018.046150	491018.786390	7.925312e-01	22	none	NaN	NaN
133	1	58	33	bathroom	sun_aljolscmmzydegqp.tif	491019.555979	491019.814567	491020.554730	7.675039e-01	23	none	NaN	NaN
133	1	59	18	bathroom	sun_acgyywnybuveqsro.tif	491021.324397	491021.582987	491022.323332	7.091069e-01	8	none	NaN	NaN
133	1	60	36	bathroom	sun_ambriybtogmepttm.tif	491023.092821	491023.351412	491024.091591	7.841888e-01	26	none	NaN	NaN
133	1	61	13	bathroom	sun_aavhrsfjbserjtht.tif	491024.861240	491025.119835	491025.860219	8.509283e-01	3	none	NaN	NaN
133	1	62	56	bathroom	sun_awnqiikzaispgmwo.tif	491026.629662	491026.888250	491027.628511	7.758464e-01	46	39	491029.037762	1
133	1	63	14	bathroom	sun_abapwbhyhkfixyex.tif	491029.816150	491030.074746	491030.814910	6.590523e-01	4	none	NaN	NaN
133	1	64	45	bathroom	sun_apkxzenqapsujocq.tif	491031.584573	491031.843160	491032.583399	8.092161e-01	35	none	NaN	NaN
133	1	65	38	bathroom	sun_anhioqovhscjqqwb.tif	491033.352996	491033.611579	491034.351828	8.259010e-01	28	37	491035.101707	1
133	1	66	44	bathroom	sun_apkruvsevgegsdwp.tif	491035.872159	491036.130748	491036.871049	8.008737e-01	34	37	491037.621434	1
133	1	67	35	bathroom	sun_alotolagknyrgtsk.tif	491038.399661	491038.658255	491039.398602	6.673947e-01	25	none	NaN	NaN
133	1	68	55	bathroom	sun_avhrdrntsqrjzccq.tif	491040.168084	491040.426678	491041.166902	6.757372e-01	45	39	491043.709697	1
133	1	69	22	bathroom	sun_agguqiubmwhqqunb.tif	491044.480692	491044.739285	491045.479499	6.840796e-01	12	none	NaN	NaN
133	1	70	24	bathroom	sun_agrwbmhcpmfuwmsg.tif	491046.249115	491046.507703	491047.248015	7.424766e-01	14	none	NaN	NaN
133	1	71	47	bathroom	sun_apynckhmoftszqoq.tif	491048.017538	491048.276125	491049.016513	8.342434e-01	37	none	NaN	NaN
133	1	72	53	bathroom	sun_ausgutylgojavyoq.tif	491049.785959	491050.044547	491050.784829	7.591615e-01	43	none	NaN	NaN
133	1	73	15	bathroom	sun_abjtwfukuwddzted.tif	491051.554376	491051.812965	491052.553169	8.008737e-01	5	none	NaN	NaN
133	1	74	28	bathroom	sun_ahijqszoswveeyji.tif	491053.322793	491053.581388	491054.321628	7.257918e-01	18	none	NaN	NaN
133	1	75	26	bathroom	sun_ahaulkltgpkeeemi.tif	491055.091216	491055.349809	491056.090132	8.175585e-01	16	37	491056.821510	1
133	1	76	58	bathroom	sun_axxbkopsgyouuebh.tif	491057.593697	491057.852294	491058.592449	6.840796e-01	48	none	NaN	NaN
133	1	77	17	bathroom	sun_acegryoqftbzowsg.tif	491059.362119	491059.620733	491060.361046	6.840796e-01	7	37	491060.997582	1
133	1	78	54	bathroom	sun_auzqhkafidnkrwmo.tif	491061.772798	491062.031428	491062.771636	8.342434e-01	44	none	NaN	NaN
133	1	79	30	bathroom	sun_ajlawzvmubibwbpy.tif	491063.541261	491063.799856	491064.540223	7.174493e-01	20	none	NaN	NaN
133	1	80	19	bathroom	sun_aclfzgynxzxlbepz.tif	491065.309683	491065.568276	491066.308568	8.175585e-01	9	none	NaN	NaN
133	1	81	60	bathroom	sun_azqyogdvyhahyram.tif	491067.078101	491067.336689	491068.076929	7.257918e-01	50	none	NaN	NaN
133	1	82	50	bathroom	sun_aspsyogrekjtfozg.tif	491068.846525	491069.105112	491069.845313	7.758464e-01	40	none	NaN	NaN
133	1	83	42	bathroom	sun_apeeialkgkuxddgh.tif	491070.614946	491070.873534	491071.613899	7.007645e-01	32	none	NaN	NaN
133	1	84	49	bathroom	sun_asfwthctfqerjvxr.tif	491072.383366	491072.641953	491073.382253	7.675039e-01	39	none	NaN	NaN
133	1	85	27	bathroom	sun_ahcvzmoyaycdoftf.tif	491074.151782	491074.410376	491075.150724	7.007645e-01	17	none	NaN	NaN
133	1	86	12	bathroom	sun_aapitsgbtktqubfy.tif	491075.920202	491076.178792	491076.919062	7.257918e-01	2	none	NaN	NaN
133	1	87	23	bathroom	sun_aghyqhbptboemmoq.tif	491077.688626	491077.947210	491078.687387	6.507099e-01	13	39	491079.733576	1
133	1	88	20	bathroom	sun_afcoljnjfoxjtgja.tif	491080.508085	491080.766677	491081.507015	8.425858e-01	10	none	NaN	NaN
133	1	89	40	bathroom	sun_aofnryafpsjimzsb.tif	491082.276508	491082.535094	491083.275320	6.590523e-01	30	none	NaN	NaN
133	1	90	39	bathroom	sun_anryaplzeujmzfkd.tif	491084.044928	491084.303514	491085.043828	6.840796e-01	29	none	NaN	NaN
133	1	91	43	bathroom	sun_apjevzvycyhuqghb.tif	491085.813349	491086.071936	491086.812190	8.259010e-01	33	none	NaN	NaN
133	1	92	34	bathroom	sun_alkosphxlxwjwgjd.tif	491087.581768	491087.840358	491088.580574	6.673947e-01	24	none	NaN	NaN
133	1	93	41	bathroom	sun_aoybiabnpadelefl.tif	491089.350188	491089.608776	491090.349123	8.425858e-01	31	none	NaN	NaN
133	1	94	46	bathroom	sun_apmqjbnwghzuhhzh.tif	491091.118606	491091.377196	491092.117513	6.757372e-01	36	none	NaN	NaN
133	1	95	57	bathroom	sun_axldvoqbuvuggfmq.tif	491092.887029	491093.145620	491093.885901	8.509283e-01	47	none	NaN	NaN
133	1	96	31	bathroom	sun_akiytfaagpdsphgz.tif	491094.655448	491094.914040	491095.654427	7.508191e-01	21	37	491096.357584	1
133	1	97	37	bathroom	sun_amzlamotzwfkwjco.tif	491097.132901	491097.391492	491098.131859	7.091069e-01	27	none	NaN	NaN
133	1	98	29	bathroom	sun_ahqjwnzgolcaoidx.tif	491098.901326	491099.159917	491099.900231	7.675039e-01	19	none	NaN	NaN
133	1	99	52	bathroom	sun_aunuadmjocsddsrl.tif	491100.669745	491100.928335	491101.668510	7.925312e-01	42	none	NaN	NaN
133	1	100	48	bathroom	sun_aqrpegblszgcoujh.tif	491102.438165	491102.696757	491103.437001	6.673947e-01	38	none	NaN	NaN
133	2	1	62	kitchen	labelme_kxvouciolcpqplr.tif	491111.188509	491111.447096	491112.137410	8.259010e-01	52	none	NaN	NaN
133	2	2	82	kitchen	sun_aenotlpyftoioydp.tif	491112.906883	491113.165467	491113.855687	7.007645e-01	72	none	NaN	NaN
133	2	3	80	kitchen	sun_aegoxogugdkwpmpj.tif	491114.625252	491114.883838	491115.574032	8.259010e-01	70	none	NaN	NaN
133	2	4	84	kitchen	sun_aexklacwqwezaorf.tif	491116.343619	491116.602209	491117.292426	7.508191e-01	74	none	NaN	NaN
133	2	5	88	kitchen	sun_agubuxuukhzyzpdp.tif	491118.061989	491118.320579	491119.010906	7.424766e-01	78	none	NaN	NaN
133	2	6	85	kitchen	sun_afuyedyxivkhecmu.tif	491119.780363	491120.038956	491120.729212	7.925312e-01	75	39	491124.717826	0
133	2	7	73	kitchen	sun_abrcnpqqhmjwekyf.tif	491125.494361	491125.752950	491126.443216	7.591615e-01	63	none	NaN	NaN
133	2	8	99	kitchen	sun_akcjzhbbjlbogpdi.tif	491127.212734	491127.471320	491128.161638	7.257918e-01	89	none	NaN	NaN
133	2	9	75	kitchen	sun_acgtpgfybqjmzeyw.tif	491128.931100	491129.189693	491129.879982	7.591615e-01	65	none	NaN	NaN
133	2	10	92	kitchen	sun_ahpczsiumwwocjkv.tif	491130.649475	491130.908064	491131.598333	7.591615e-01	82	none	NaN	NaN
133	2	11	67	kitchen	sun_aarfiyshqohlwkmo.tif	491132.367845	491132.626433	491133.316580	7.508191e-01	57	37	491134.085842	1
133	2	12	89	kitchen	sun_agzzivivdpnawacl.tif	491134.861980	491135.120573	491135.810703	7.091069e-01	79	none	NaN	NaN
133	2	13	87	kitchen	sun_agorklincwxrdtga.tif	491136.580357	491136.838941	491137.529320	8.342434e-01	77	none	NaN	NaN
133	2	14	70	kitchen	sun_abdxkyyxwfskuaqb.tif	491138.298727	491138.557311	491139.247611	7.007645e-01	60	none	NaN	NaN
133	2	15	69	kitchen	sun_abdenxonkemggwsq.tif	491140.017099	491140.275686	491140.965921	6.507099e-01	59	none	NaN	NaN
133	2	16	66	kitchen	sun_aapllqyqlykszopd.tif	491141.735466	491141.994057	491142.684214	7.341342e-01	56	39	491143.685629	1
133	2	17	104	kitchen	sun_auticobqsbwgoppi.tif	491144.463165	491144.721759	491145.411926	8.008737e-01	94	none	NaN	NaN
133	2	18	90	kitchen	sun_ahdycvpopffkzzsu.tif	491146.181540	491146.440132	491147.130336	6.840796e-01	80	none	NaN	NaN
133	2	19	96	kitchen	sun_ajcbwwvdlsvjyzje.tif	491147.899910	491148.158499	491148.848738	6.924220e-01	86	none	NaN	NaN
133	2	20	65	kitchen	sun_aamedkxepzlwuxes.tif	491149.618284	491149.876872	491150.567121	7.091069e-01	55	none	NaN	NaN
133	2	21	106	kitchen	sun_awcpdzzznmweyyhv.tif	491151.336651	491151.595240	491152.285495	7.675039e-01	96	none	NaN	NaN
133	2	22	83	kitchen	sun_aeqdocilnnpuvuhx.tif	491153.055025	491153.313610	491154.003843	8.425858e-01	73	none	NaN	NaN
133	2	23	64	kitchen	sun_aadbddgrdsjugojn.tif	491154.773395	491155.031981	491155.722300	7.841888e-01	54	none	NaN	NaN
133	2	24	61	kitchen	labelme_brsyyvweiuaazfr.tif	491156.491765	491156.750355	491157.440504	7.174493e-01	51	none	NaN	NaN
133	2	25	107	kitchen	sun_axyyrmzcupyhlivc.tif	491158.210134	491158.468726	491159.158982	7.341342e-01	97	none	NaN	NaN
133	2	26	91	kitchen	sun_ahljzhgcdpomplvg.tif	491159.928507	491160.187120	491160.877275	6.590523e-01	81	none	NaN	NaN
133	2	27	94	kitchen	sun_ahywdevtimnqcsln.tif	491161.646878	491161.905463	491162.595681	7.508191e-01	84	none	NaN	NaN
133	2	28	78	kitchen	sun_adgqasybjyktddhj.tif	491163.365249	491163.623838	491164.314089	7.257918e-01	68	none	NaN	NaN
133	2	29	102	kitchen	sun_auaiucuqpdausiva.tif	491165.083616	491165.342209	491166.032362	6.924220e-01	92	none	NaN	NaN
133	2	30	95	kitchen	sun_aixorpehvfykdynp.tif	491166.801985	491167.060576	491167.750903	6.673947e-01	85	none	NaN	NaN
133	2	31	81	kitchen	sun_aehawpgmrlhlvcow.tif	491168.520356	491168.778950	491169.469123	7.007645e-01	71	39	491170.341764	1
133	2	32	74	kitchen	sun_acfmftudsenhrfhy.tif	491171.114601	491171.373185	491172.063371	8.342434e-01	64	39	491173.253759	0
133	2	33	72	kitchen	sun_abpwyqmlzafvklqo.tif	491174.025816	491174.284407	491174.974505	7.091069e-01	62	none	NaN	NaN
133	2	34	109	kitchen	sun_aypmqwcualkenuoe.tif	491175.744187	491176.002777	491176.692871	7.174493e-01	99	37	491177.485667	1
133	2	35	63	kitchen	labelme_rykdqxenmhulbdn.tif	491178.263352	491178.521944	491179.212141	7.758464e-01	53	none	NaN	NaN
133	2	36	105	kitchen	sun_avszsnwsbuqfgzbn.tif	491179.981725	491180.240307	491180.930596	7.091069e-01	95	none	NaN	NaN
133	2	37	98	kitchen	sun_akchetnepxlcxhsu.tif	491181.700098	491181.958685	491182.648848	8.092161e-01	88	none	NaN	NaN
133	2	38	86	kitchen	sun_aggjlwcdjsjcaemh.tif	491183.418465	491183.677055	491184.367260	6.673947e-01	76	none	NaN	NaN
133	2	39	68	kitchen	sun_aaxxjlsuzvqlgylf.tif	491185.136836	491185.395423	491186.085746	7.591615e-01	58	none	NaN	NaN
133	2	40	71	kitchen	sun_abftihopvusyfakt.tif	491186.855206	491187.113798	491187.804066	8.425858e-01	61	none	NaN	NaN
133	2	41	93	kitchen	sun_ahspylgoovwmwvgk.tif	491188.573577	491188.832165	491189.522493	7.675039e-01	83	39	491190.493459	1
133	2	42	100	kitchen	sun_amjjdeyrggfqgmom.tif	491191.267915	491191.526506	491192.216664	8.175585e-01	90	none	NaN	NaN
133	2	43	108	kitchen	sun_aymvwlarqodbwuoc.tif	491192.986286	491193.244874	491193.934968	6.757372e-01	98	none	NaN	NaN
133	2	44	76	kitchen	sun_acwjdupvyjsugpay.tif	491194.704655	491194.963243	491195.653563	7.841888e-01	66	none	NaN	NaN
133	2	45	97	kitchen	sun_ajkqhtgcbgpcwrwn.tif	491196.423025	491196.681614	491197.371925	7.758464e-01	87	none	NaN	NaN
133	2	46	79	kitchen	sun_admlmbcdswaszruo.tif	491198.141395	491198.399985	491199.090149	8.259010e-01	69	none	NaN	NaN
133	2	47	77	kitchen	sun_acxkpeoqbwcxfvip.tif	491199.859768	491200.118349	491200.808489	7.925312e-01	67	none	NaN	NaN
133	2	48	103	kitchen	sun_aunzlwrbjumxhwdj.tif	491201.578140	491201.836730	491202.526920	7.841888e-01	93	none	NaN	NaN
133	2	49	110	kitchen	sun_azmutvzbxypaceni.tif	491203.296508	491203.555100	491204.245410	8.008737e-01	100	none	NaN	NaN
133	2	50	101	kitchen	sun_aqeaevwwwjoqhzvl.tif	491205.014880	491205.273467	491205.963571	7.174493e-01	91	none	NaN	NaN
133	2	51	88	kitchen	sun_agubuxuukhzyzpdp.tif	491206.733252	491206.991837	491207.682038	8.175585e-01	78	none	NaN	NaN
133	2	52	92	kitchen	sun_ahpczsiumwwocjkv.tif	491208.451621	491208.710210	491209.400353	6.924220e-01	82	39	491210.365724	1
133	2	53	66	kitchen	sun_aapllqyqlykszopd.tif	491211.137618	491211.396202	491212.086511	8.092161e-01	56	none	NaN	NaN
133	2	54	102	kitchen	sun_auaiucuqpdausiva.tif	491212.855990	491213.114576	491213.804694	7.925312e-01	92	37	491214.773818	1
133	2	55	78	kitchen	sun_adgqasybjyktddhj.tif	491215.550324	491215.808913	491216.499045	7.925312e-01	68	none	NaN	NaN
133	2	56	68	kitchen	sun_aaxxjlsuzvqlgylf.tif	491217.268695	491217.527284	491218.217401	6.757372e-01	58	none	NaN	NaN
133	2	57	62	kitchen	labelme_kxvouciolcpqplr.tif	491218.987067	491219.245658	491219.935829	6.590523e-01	52	none	NaN	NaN
133	2	58	100	kitchen	sun_amjjdeyrggfqgmom.tif	491220.705438	491220.964025	491221.654358	6.924220e-01	90	none	NaN	NaN
133	2	59	74	kitchen	sun_acfmftudsenhrfhy.tif	491222.423808	491222.682397	491223.372631	7.174493e-01	64	none	NaN	NaN
133	2	60	109	kitchen	sun_aypmqwcualkenuoe.tif	491224.142173	491224.400768	491225.090911	8.425858e-01	99	none	NaN	NaN
133	2	61	105	kitchen	sun_avszsnwsbuqfgzbn.tif	491225.860547	491226.119137	491226.809418	7.591615e-01	95	none	NaN	NaN
133	2	62	67	kitchen	sun_aarfiyshqohlwkmo.tif	491227.578918	491227.837506	491228.527842	6.840796e-01	57	none	NaN	NaN
133	2	63	83	kitchen	sun_aeqdocilnnpuvuhx.tif	491229.297287	491229.555880	491230.246015	6.673947e-01	73	none	NaN	NaN
133	2	64	90	kitchen	sun_ahdycvpopffkzzsu.tif	491231.015657	491231.274241	491231.964373	6.757372e-01	80	none	NaN	NaN
133	2	65	75	kitchen	sun_acgtpgfybqjmzeyw.tif	491232.734030	491232.992631	491233.682920	7.758464e-01	65	none	NaN	NaN
133	2	66	101	kitchen	sun_aqeaevwwwjoqhzvl.tif	491234.452400	491234.710994	491235.401319	7.758464e-01	91	none	NaN	NaN
133	2	67	82	kitchen	sun_aenotlpyftoioydp.tif	491236.170771	491236.429360	491237.119677	6.840796e-01	72	39	491238.141535	1
133	2	68	97	kitchen	sun_ajkqhtgcbgpcwrwn.tif	491238.915154	491239.173745	491239.864050	7.007645e-01	87	none	NaN	NaN
133	2	69	77	kitchen	sun_acxkpeoqbwcxfvip.tif	491240.633528	491240.892117	491241.582364	7.341342e-01	67	none	NaN	NaN
133	2	70	63	kitchen	labelme_rykdqxenmhulbdn.tif	491242.351897	491242.610487	491243.300674	7.424766e-01	53	none	NaN	NaN
133	2	71	87	kitchen	sun_agorklincwxrdtga.tif	491244.070269	491244.328861	491245.019071	8.342434e-01	77	none	NaN	NaN
133	2	72	84	kitchen	sun_aexklacwqwezaorf.tif	491245.788637	491246.047230	491246.737419	7.675039e-01	74	none	NaN	NaN
133	2	73	94	kitchen	sun_ahywdevtimnqcsln.tif	491247.507011	491247.765598	491248.455919	6.924220e-01	84	37	491249.093935	1
133	2	74	65	kitchen	sun_aamedkxepzlwuxes.tif	491249.867688	491250.126272	491250.816387	8.509283e-01	55	none	NaN	NaN
133	2	75	96	kitchen	sun_ajcbwwvdlsvjyzje.tif	491251.586054	491251.844643	491252.534803	7.508191e-01	86	39	491253.349921	1
133	2	76	106	kitchen	sun_awcpdzzznmweyyhv.tif	491254.121901	491254.380494	491255.070782	8.008737e-01	96	none	NaN	NaN
133	2	77	80	kitchen	sun_aegoxogugdkwpmpj.tif	491255.840275	491256.098862	491256.789131	8.259010e-01	70	37	491257.509884	1
133	2	78	95	kitchen	sun_aixorpehvfykdynp.tif	491258.284359	491258.542953	491259.233214	7.424766e-01	85	none	NaN	NaN
133	2	79	81	kitchen	sun_aehawpgmrlhlvcow.tif	491260.002729	491260.261324	491260.951612	8.175585e-01	71	none	NaN	NaN
133	2	80	76	kitchen	sun_acwjdupvyjsugpay.tif	491261.721100	491261.979696	491262.669845	6.590523e-01	66	39	491263.405804	1
133	2	81	61	kitchen	labelme_brsyyvweiuaazfr.tif	491264.181873	491264.440462	491265.130597	8.092161e-01	51	none	NaN	NaN
133	2	82	98	kitchen	sun_akchetnepxlcxhsu.tif	491265.900250	491266.158835	491266.849042	8.008737e-01	88	none	NaN	NaN
133	2	83	91	kitchen	sun_ahljzhgcdpomplvg.tif	491267.618614	491267.877205	491268.567313	6.507099e-01	81	none	NaN	NaN
133	2	84	72	kitchen	sun_abpwyqmlzafvklqo.tif	491269.336987	491269.595583	491270.285709	6.590523e-01	62	none	NaN	NaN
133	2	85	107	kitchen	sun_axyyrmzcupyhlivc.tif	491271.055361	491271.313947	491272.004262	7.424766e-01	97	39	491272.805547	1
133	2	86	104	kitchen	sun_auticobqsbwgoppi.tif	491273.582862	491273.841453	491274.531623	6.840796e-01	94	none	NaN	NaN
133	2	87	108	kitchen	sun_aymvwlarqodbwuoc.tif	491275.301232	491275.559822	491276.249988	7.257918e-01	98	none	NaN	NaN
133	2	88	93	kitchen	sun_ahspylgoovwmwvgk.tif	491277.019608	491277.278193	491277.968464	8.175585e-01	83	none	NaN	NaN
133	2	89	86	kitchen	sun_aggjlwcdjsjcaemh.tif	491278.737973	491278.996565	491279.686667	8.175585e-01	76	none	NaN	NaN
133	2	90	103	kitchen	sun_aunzlwrbjumxhwdj.tif	491280.456347	491280.714938	491281.405311	6.507099e-01	93	none	NaN	NaN
133	2	91	73	kitchen	sun_abrcnpqqhmjwekyf.tif	491282.174717	491282.433308	491283.123409	7.341342e-01	63	none	NaN	NaN
133	2	92	89	kitchen	sun_agzzivivdpnawacl.tif	491283.893085	491284.151678	491284.841944	7.675039e-01	79	none	NaN	NaN
133	2	93	71	kitchen	sun_abftihopvusyfakt.tif	491285.611458	491285.870047	491286.560360	6.757372e-01	61	none	NaN	NaN
133	2	94	85	kitchen	sun_afuyedyxivkhecmu.tif	491287.329827	491287.588416	491288.278701	8.509283e-01	75	none	NaN	NaN
133	2	95	64	kitchen	sun_aadbddgrdsjugojn.tif	491289.048197	491289.306786	491289.996882	6.673947e-01	54	none	NaN	NaN
133	2	96	110	kitchen	sun_azmutvzbxypaceni.tif	491290.766567	491291.025162	491291.715296	8.425858e-01	100	none	NaN	NaN
133	2	97	70	kitchen	sun_abdxkyyxwfskuaqb.tif	491292.484938	491292.743528	491293.433828	8.342434e-01	60	none	NaN	NaN
133	2	98	99	kitchen	sun_akcjzhbbjlbogpdi.tif	491294.203309	491294.461900	491295.152022	7.841888e-01	89	none	NaN	NaN
133	2	99	79	kitchen	sun_admlmbcdswaszruo.tif	491295.921615	491296.180267	491296.870410	8.092161e-01	69	none	NaN	NaN
133	2	100	69	kitchen	sun_abdenxonkemggwsq.tif	491297.640049	491297.898638	491298.588925	7.257918e-01	59	none	NaN	NaN
133	3	1	27	bathroom	sun_ahcvzmoyaycdoftf.tif	491304.963983	491305.222568	491306.037973	8.259010e-01	17	none	NaN	NaN
133	3	2	21	bathroom	sun_aggnnqpdorgxpvce.tif	491306.807474	491307.066064	491307.881501	6.924220e-01	11	39	491309.421844	1
133	3	3	19	bathroom	sun_aclfzgynxzxlbepz.tif	491310.194169	491310.452752	491311.268157	8.259010e-01	9	none	NaN	NaN
133	3	4	46	bathroom	sun_apmqjbnwghzuhhzh.tif	491312.037664	491312.296249	491313.111712	7.091069e-01	36	none	NaN	NaN
133	3	5	17	bathroom	sun_acegryoqftbzowsg.tif	491313.881153	491314.139744	491314.954994	8.425858e-01	7	none	NaN	NaN
133	3	6	34	bathroom	sun_alkosphxlxwjwgjd.tif	491315.724649	491315.983239	491316.798703	7.257918e-01	24	none	NaN	NaN
133	3	7	18	bathroom	sun_acgyywnybuveqsro.tif	491317.568146	491317.826734	491318.641980	7.091069e-01	8	none	NaN	NaN
133	3	8	38	bathroom	sun_anhioqovhscjqqwb.tif	491319.411642	491319.670230	491320.485566	6.757372e-01	28	none	NaN	NaN
133	3	9	50	bathroom	sun_aspsyogrekjtfozg.tif	491321.255135	491321.513723	491322.328958	8.425858e-01	40	none	NaN	NaN
133	3	10	29	bathroom	sun_ahqjwnzgolcaoidx.tif	491323.098626	491323.357218	491324.172653	7.091069e-01	19	37	491325.077853	1
133	3	11	53	bathroom	sun_ausgutylgojavyoq.tif	491325.851351	491326.109945	491326.925255	6.590523e-01	43	none	NaN	NaN
133	3	12	59	bathroom	sun_axyrejkiiaqiurjk.tif	491327.694846	491327.953439	491328.768780	7.841888e-01	49	none	NaN	NaN
133	3	13	24	bathroom	sun_agrwbmhcpmfuwmsg.tif	491329.538347	491329.796935	491330.612206	8.008737e-01	14	none	NaN	NaN
133	3	14	58	bathroom	sun_axxbkopsgyouuebh.tif	491331.381842	491331.640432	491332.455665	7.508191e-01	48	none	NaN	NaN
133	3	15	31	bathroom	sun_akiytfaagpdsphgz.tif	491333.225333	491333.483922	491334.299202	6.840796e-01	21	none	NaN	NaN
133	3	16	13	bathroom	sun_aavhrsfjbserjtht.tif	491335.068830	491335.327418	491336.142774	7.591615e-01	3	none	NaN	NaN
133	3	17	54	bathroom	sun_auzqhkafidnkrwmo.tif	491336.912325	491337.170910	491337.986348	8.342434e-01	44	37	491338.773841	1
133	3	18	37	bathroom	sun_amzlamotzwfkwjco.tif	491339.548263	491339.806862	491340.622269	7.341342e-01	27	none	NaN	NaN
133	3	19	49	bathroom	sun_asfwthctfqerjvxr.tif	491341.391764	491341.650353	491342.465653	7.174493e-01	39	none	NaN	NaN
133	3	20	45	bathroom	sun_apkxzenqapsujocq.tif	491343.235258	491343.493853	491344.309119	6.757372e-01	35	none	NaN	NaN
133	3	21	39	bathroom	sun_anryaplzeujmzfkd.tif	491345.078755	491345.337342	491346.152729	6.507099e-01	29	none	NaN	NaN
133	3	22	51	bathroom	sun_atstyziqcmkahyxk.tif	491346.922247	491347.180837	491347.996293	7.675039e-01	41	none	NaN	NaN
133	3	23	30	bathroom	sun_ajlawzvmubibwbpy.tif	491348.765744	491349.024329	491349.839684	6.924220e-01	20	none	NaN	NaN
133	3	24	33	bathroom	sun_aljolscmmzydegqp.tif	491350.609237	491350.867826	491351.683076	7.841888e-01	23	none	NaN	NaN
133	3	25	20	bathroom	sun_afcoljnjfoxjtgja.tif	491352.452734	491352.711323	491353.526670	6.757372e-01	10	none	NaN	NaN
133	3	26	60	bathroom	sun_azqyogdvyhahyram.tif	491354.296229	491354.554819	491355.370191	8.092161e-01	50	none	NaN	NaN
133	3	27	22	bathroom	sun_agguqiubmwhqqunb.tif	491356.139722	491356.398309	491357.213584	7.675039e-01	12	39	491359.501842	1
133	3	28	55	bathroom	sun_avhrdrntsqrjzccq.tif	491360.277159	491360.535751	491361.351124	7.174493e-01	45	none	NaN	NaN
133	3	29	52	bathroom	sun_aunuadmjocsddsrl.tif	491362.120667	491362.379245	491363.194656	7.007645e-01	42	none	NaN	NaN
133	3	30	14	bathroom	sun_abapwbhyhkfixyex.tif	491363.964149	491364.222736	491365.037999	7.925312e-01	4	none	NaN	NaN
133	3	31	35	bathroom	sun_alotolagknyrgtsk.tif	491365.807643	491366.066234	491366.881690	7.758464e-01	25	39	491367.925850	1
133	3	32	11	bathroom	labelme_sfxiulhjbhlyiyt.tif	491368.702176	491368.960765	491369.776081	7.341342e-01	1	none	NaN	NaN
133	3	33	48	bathroom	sun_aqrpegblszgcoujh.tif	491370.545670	491370.804259	491371.619617	8.259010e-01	38	none	NaN	NaN
133	3	34	28	bathroom	sun_ahijqszoswveeyji.tif	491372.389169	491372.647761	491373.462999	7.508191e-01	18	39	491374.510011	1
133	3	35	57	bathroom	sun_axldvoqbuvuggfmq.tif	491375.283699	491375.542294	491376.357565	7.925312e-01	47	none	NaN	NaN
133	3	36	26	bathroom	sun_ahaulkltgpkeeemi.tif	491377.127199	491377.385782	491378.201027	7.257918e-01	16	none	NaN	NaN
133	3	37	23	bathroom	sun_aghyqhbptboemmoq.tif	491378.970693	491379.229284	491380.044664	8.175585e-01	13	none	NaN	NaN
133	3	38	47	bathroom	sun_apynckhmoftszqoq.tif	491380.814187	491381.072777	491381.888196	7.424766e-01	37	none	NaN	NaN
133	3	39	42	bathroom	sun_apeeialkgkuxddgh.tif	491382.657684	491382.916274	491383.731567	7.675039e-01	32	39	491384.501801	1
133	3	40	25	bathroom	sun_agyqfjcfkdcydepw.tif	491385.276947	491385.535536	491386.351004	6.840796e-01	15	none	NaN	NaN
133	3	41	32	bathroom	sun_aleqenyvunhactkl.tif	491387.120439	491387.379029	491388.194345	7.508191e-01	22	39	491389.070080	1
133	3	42	12	bathroom	sun_aapitsgbtktqubfy.tif	491389.848142	491390.106737	491390.922168	8.008737e-01	2	none	NaN	NaN
133	3	43	36	bathroom	sun_ambriybtogmepttm.tif	491391.691640	491391.950227	491392.765591	7.007645e-01	26	none	NaN	NaN
133	3	44	44	bathroom	sun_apkruvsevgegsdwp.tif	491393.535133	491393.793723	491394.609094	8.509283e-01	34	none	NaN	NaN
133	3	45	56	bathroom	sun_awnqiikzaispgmwo.tif	491395.378630	491395.637218	491396.452529	6.757372e-01	46	none	NaN	NaN
133	3	46	15	bathroom	sun_abjtwfukuwddzted.tif	491397.222124	491397.480716	491398.296154	8.425858e-01	5	none	NaN	NaN
133	3	47	16	bathroom	sun_acduarbnmmoglmiv.tif	491399.065620	491399.324207	491400.139515	6.924220e-01	6	none	NaN	NaN
133	3	48	43	bathroom	sun_apjevzvycyhuqghb.tif	491400.909113	491401.167701	491401.982953	7.758464e-01	33	none	NaN	NaN
133	3	49	40	bathroom	sun_aofnryafpsjimzsb.tif	491402.752602	491403.011195	491403.826431	6.673947e-01	30	none	NaN	NaN
133	3	50	41	bathroom	sun_aoybiabnpadelefl.tif	491404.596100	491404.854694	491405.670092	6.673947e-01	31	none	NaN	NaN
133	3	51	27	bathroom	sun_ahcvzmoyaycdoftf.tif	491406.439599	491406.698189	491407.513659	8.342434e-01	17	37	491408.198267	1
133	3	52	36	bathroom	sun_ambriybtogmepttm.tif	491408.975442	491409.234029	491410.049417	8.342434e-01	26	none	NaN	NaN
133	3	53	37	bathroom	sun_amzlamotzwfkwjco.tif	491410.818938	491411.077528	491411.892977	8.092161e-01	27	none	NaN	NaN
133	3	54	14	bathroom	sun_abapwbhyhkfixyex.tif	491412.662430	491412.921021	491413.736351	8.008737e-01	4	none	NaN	NaN
133	3	55	40	bathroom	sun_aofnryafpsjimzsb.tif	491414.505924	491414.764515	491415.579745	7.174493e-01	30	none	NaN	NaN
133	3	56	41	bathroom	sun_aoybiabnpadelefl.tif	491416.341075	491416.599671	491417.415094	6.590523e-01	31	none	NaN	NaN
133	3	57	39	bathroom	sun_anryaplzeujmzfkd.tif	491418.184575	491418.443164	491419.258479	6.840796e-01	29	none	NaN	NaN
133	3	58	43	bathroom	sun_apjevzvycyhuqghb.tif	491420.028067	491420.286663	491421.102101	6.924220e-01	33	none	NaN	NaN
133	3	59	60	bathroom	sun_azqyogdvyhahyram.tif	491421.871567	491422.130156	491422.945492	7.007645e-01	50	39	491423.909687	1
133	3	60	38	bathroom	sun_anhioqovhscjqqwb.tif	491424.682686	491424.941278	491425.756714	7.257918e-01	28	none	NaN	NaN
133	3	61	12	bathroom	sun_aapitsgbtktqubfy.tif	491426.526181	491426.784769	491427.600113	7.424766e-01	2	none	NaN	NaN
133	3	62	11	bathroom	labelme_sfxiulhjbhlyiyt.tif	491428.369674	491428.628261	491429.443711	7.758464e-01	1	none	NaN	NaN
133	3	63	30	bathroom	sun_ajlawzvmubibwbpy.tif	491430.213168	491430.471758	491431.287004	8.175585e-01	20	none	NaN	NaN
133	3	64	28	bathroom	sun_ahijqszoswveeyji.tif	491432.056661	491432.315256	491433.130541	6.507099e-01	18	none	NaN	NaN
133	3	65	48	bathroom	sun_aqrpegblszgcoujh.tif	491433.900157	491434.158747	491434.974141	7.508191e-01	38	none	NaN	NaN
133	3	66	25	bathroom	sun_agyqfjcfkdcydepw.tif	491435.743650	491436.002241	491436.817569	7.424766e-01	15	none	NaN	NaN
133	3	67	23	bathroom	sun_aghyqhbptboemmoq.tif	491437.587150	491437.845733	491438.661190	6.924220e-01	13	none	NaN	NaN
133	3	68	16	bathroom	sun_acduarbnmmoglmiv.tif	491439.430641	491439.689179	491440.504470	7.341342e-01	6	none	NaN	NaN
133	3	69	58	bathroom	sun_axxbkopsgyouuebh.tif	491441.274139	491441.532724	491442.347963	8.259010e-01	48	none	NaN	NaN
133	3	70	21	bathroom	sun_aggnnqpdorgxpvce.tif	491443.117627	491443.376219	491444.191593	8.175585e-01	11	none	NaN	NaN
133	3	71	26	bathroom	sun_ahaulkltgpkeeemi.tif	491444.961122	491445.219714	491446.034983	8.092161e-01	16	none	NaN	NaN
133	3	72	34	bathroom	sun_alkosphxlxwjwgjd.tif	491446.804622	491447.063208	491447.878507	6.507099e-01	24	none	NaN	NaN
133	3	73	52	bathroom	sun_aunuadmjocsddsrl.tif	491448.648112	491448.906707	491449.722131	6.673947e-01	42	none	NaN	NaN
133	3	74	15	bathroom	sun_abjtwfukuwddzted.tif	491450.491607	491450.750198	491451.565478	7.591615e-01	5	none	NaN	NaN
133	3	75	13	bathroom	sun_aavhrsfjbserjtht.tif	491452.335101	491452.593692	491453.409004	7.675039e-01	3	none	NaN	NaN
133	3	76	46	bathroom	sun_apmqjbnwghzuhhzh.tif	491454.178596	491454.437191	491455.252551	8.425858e-01	36	none	NaN	NaN
133	3	77	59	bathroom	sun_axyrejkiiaqiurjk.tif	491456.022090	491456.280681	491457.096147	7.925312e-01	49	none	NaN	NaN
133	3	78	42	bathroom	sun_apeeialkgkuxddgh.tif	491457.865591	491458.124174	491458.939471	7.841888e-01	32	none	NaN	NaN
133	3	79	24	bathroom	sun_agrwbmhcpmfuwmsg.tif	491459.709085	491459.967669	491460.783133	8.008737e-01	14	none	NaN	NaN
133	3	80	35	bathroom	sun_alotolagknyrgtsk.tif	491461.552575	491461.811165	491462.626435	7.174493e-01	25	37	491463.413722	1
133	3	81	57	bathroom	sun_axldvoqbuvuggfmq.tif	491464.188525	491464.447111	491465.262544	8.175585e-01	47	none	NaN	NaN
133	3	82	32	bathroom	sun_aleqenyvunhactkl.tif	491466.032021	491466.290606	491467.106052	7.424766e-01	22	none	NaN	NaN
133	3	83	55	bathroom	sun_avhrdrntsqrjzccq.tif	491467.875510	491468.134105	491468.949530	7.925312e-01	45	37	491469.837963	1
133	3	84	22	bathroom	sun_agguqiubmwhqqunb.tif	491470.611558	491470.870149	491471.685602	6.590523e-01	12	none	NaN	NaN
133	3	85	45	bathroom	sun_apkxzenqapsujocq.tif	491472.455053	491472.713643	491473.529040	7.341342e-01	35	none	NaN	NaN
133	3	86	20	bathroom	sun_afcoljnjfoxjtgja.tif	491474.298548	491474.557139	491475.372566	7.841888e-01	10	37	491476.110130	1
133	3	87	19	bathroom	sun_aclfzgynxzxlbepz.tif	491476.884442	491477.143034	491477.958303	7.591615e-01	9	none	NaN	NaN
133	3	88	31	bathroom	sun_akiytfaagpdsphgz.tif	491478.727942	491478.986532	491479.801959	7.591615e-01	21	none	NaN	NaN
133	3	89	47	bathroom	sun_apynckhmoftszqoq.tif	491480.571438	491480.830024	491481.645467	8.509283e-01	37	none	NaN	NaN
133	3	90	17	bathroom	sun_acegryoqftbzowsg.tif	491482.414925	491482.673517	491483.488916	6.840796e-01	7	none	NaN	NaN
133	3	91	33	bathroom	sun_aljolscmmzydegqp.tif	491484.258425	491484.517012	491485.332482	7.257918e-01	23	none	NaN	NaN
133	3	92	51	bathroom	sun_atstyziqcmkahyxk.tif	491486.101919	491486.360520	491487.175885	6.673947e-01	41	37	491487.846125	1
133	3	93	54	bathroom	sun_auzqhkafidnkrwmo.tif	491488.621079	491488.879674	491489.694956	8.175585e-01	44	none	NaN	NaN
133	3	94	18	bathroom	sun_acgyywnybuveqsro.tif	491490.464580	491490.723169	491491.538524	7.007645e-01	8	none	NaN	NaN
133	3	95	50	bathroom	sun_aspsyogrekjtfozg.tif	491492.308073	491492.566656	491493.382114	7.091069e-01	40	none	NaN	NaN
133	3	96	53	bathroom	sun_ausgutylgojavyoq.tif	491494.151564	491494.410153	491495.225495	7.758464e-01	43	none	NaN	NaN
133	3	97	56	bathroom	sun_awnqiikzaispgmwo.tif	491495.995060	491496.253650	491497.068968	8.092161e-01	46	37	491497.710152	1
133	3	98	49	bathroom	sun_asfwthctfqerjvxr.tif	491498.480858	491498.739446	491499.554761	7.591615e-01	39	none	NaN	NaN
133	3	99	44	bathroom	sun_apkruvsevgegsdwp.tif	491500.324350	491500.582941	491501.398351	6.590523e-01	34	none	NaN	NaN
133	3	100	29	bathroom	sun_ahqjwnzgolcaoidx.tif	491502.167847	491502.426436	491503.241746	8.342434e-01	19	none	NaN	NaN
133	4	1	68	kitchen	sun_aaxxjlsuzvqlgylf.tif	491510.659601	491510.918190	491511.616663	7.257918e-01	58	none	NaN	NaN
133	4	2	77	kitchen	sun_acxkpeoqbwcxfvip.tif	491512.386313	491512.644901	491513.343579	7.007645e-01	67	none	NaN	NaN
133	4	3	79	kitchen	sun_admlmbcdswaszruo.tif	491514.113024	491514.371619	491515.070154	8.175585e-01	69	none	NaN	NaN
133	4	4	86	kitchen	sun_aggjlwcdjsjcaemh.tif	491515.839737	491516.098326	491516.796885	7.091069e-01	76	none	NaN	NaN
133	4	5	94	kitchen	sun_ahywdevtimnqcsln.tif	491517.566447	491517.825036	491518.523528	7.007645e-01	84	none	NaN	NaN
133	4	6	95	kitchen	sun_aixorpehvfykdynp.tif	491519.293158	491519.551751	491520.250195	6.757372e-01	85	none	NaN	NaN
133	4	7	75	kitchen	sun_acgtpgfybqjmzeyw.tif	491521.019896	491521.278468	491521.977131	7.508191e-01	65	none	NaN	NaN
133	4	8	88	kitchen	sun_agubuxuukhzyzpdp.tif	491522.746588	491523.005173	491523.703849	6.590523e-01	78	none	NaN	NaN
133	4	9	85	kitchen	sun_afuyedyxivkhecmu.tif	491524.473300	491524.731889	491525.430456	7.841888e-01	75	37	491526.118176	1
133	4	10	104	kitchen	sun_auticobqsbwgoppi.tif	491526.892361	491527.150953	491527.849592	7.591615e-01	94	39	491528.934336	1
133	4	11	72	kitchen	sun_abpwyqmlzafvklqo.tif	491529.711756	491529.970414	491530.668899	7.925312e-01	62	none	NaN	NaN
133	4	12	66	kitchen	sun_aapllqyqlykszopd.tif	491531.438541	491531.697128	491532.395752	7.257918e-01	56	none	NaN	NaN
133	4	13	69	kitchen	sun_abdenxonkemggwsq.tif	491533.165246	491533.423836	491534.122316	8.092161e-01	59	39	491535.054101	1
133	4	14	108	kitchen	sun_aymvwlarqodbwuoc.tif	491535.826224	491536.084814	491536.783486	6.757372e-01	98	none	NaN	NaN
133	4	15	105	kitchen	sun_avszsnwsbuqfgzbn.tif	491537.552933	491537.811522	491538.510133	7.508191e-01	95	none	NaN	NaN
133	4	16	78	kitchen	sun_adgqasybjyktddhj.tif	491539.279649	491539.538235	491540.236775	8.008737e-01	68	none	NaN	NaN
133	4	17	101	kitchen	sun_aqeaevwwwjoqhzvl.tif	491541.006357	491541.264946	491541.963383	8.509283e-01	91	39	491542.910121	1
133	4	18	99	kitchen	sun_akcjzhbbjlbogpdi.tif	491543.684012	491543.942603	491544.641177	6.840796e-01	89	none	NaN	NaN
133	4	19	90	kitchen	sun_ahdycvpopffkzzsu.tif	491545.410721	491545.669313	491546.367848	7.424766e-01	80	none	NaN	NaN
133	4	20	70	kitchen	sun_abdxkyyxwfskuaqb.tif	491547.137435	491547.396031	491548.094672	8.342434e-01	60	none	NaN	NaN
133	4	21	81	kitchen	sun_aehawpgmrlhlvcow.tif	491548.864145	491549.122735	491549.821189	8.008737e-01	71	39	491551.381988	1
133	4	22	106	kitchen	sun_awcpdzzznmweyyhv.tif	491552.159080	491552.417670	491553.116133	8.092161e-01	96	none	NaN	NaN
133	4	23	93	kitchen	sun_ahspylgoovwmwvgk.tif	491553.885794	491554.144386	491554.842920	6.507099e-01	83	none	NaN	NaN
133	4	24	97	kitchen	sun_ajkqhtgcbgpcwrwn.tif	491555.612506	491555.871098	491556.569609	7.174493e-01	87	none	NaN	NaN
133	4	25	91	kitchen	sun_ahljzhgcdpomplvg.tif	491557.339218	491557.597807	491558.296488	7.257918e-01	81	none	NaN	NaN
133	4	26	96	kitchen	sun_ajcbwwvdlsvjyzje.tif	491559.065933	491559.324519	491560.023175	8.092161e-01	86	none	NaN	NaN
133	4	27	62	kitchen	labelme_kxvouciolcpqplr.tif	491560.792644	491561.051226	491561.749909	7.758464e-01	52	none	NaN	NaN
133	4	28	109	kitchen	sun_aypmqwcualkenuoe.tif	491562.519355	491562.777942	491563.476527	7.758464e-01	99	37	491564.254196	1
133	4	29	76	kitchen	sun_acwjdupvyjsugpay.tif	491565.030175	491565.288759	491565.987258	8.092161e-01	66	none	NaN	NaN
133	4	30	87	kitchen	sun_agorklincwxrdtga.tif	491566.756888	491567.015480	491567.714000	8.425858e-01	77	none	NaN	NaN
133	4	31	102	kitchen	sun_auaiucuqpdausiva.tif	491568.483602	491568.742190	491569.440776	8.342434e-01	92	none	NaN	NaN
133	4	32	110	kitchen	sun_azmutvzbxypaceni.tif	491570.210312	491570.468907	491571.167577	7.675039e-01	100	39	491572.550122	1
133	4	33	98	kitchen	sun_akchetnepxlcxhsu.tif	491573.321732	491573.580323	491574.278986	6.673947e-01	88	none	NaN	NaN
133	4	34	100	kitchen	sun_amjjdeyrggfqgmom.tif	491575.048443	491575.307032	491576.005635	7.341342e-01	90	37	491576.670089	1
133	4	35	107	kitchen	sun_axyyrmzcupyhlivc.tif	491577.442483	491577.701077	491578.399620	7.675039e-01	97	none	NaN	NaN
133	4	36	65	kitchen	sun_aamedkxepzlwuxes.tif	491579.169196	491579.427787	491580.126334	8.175585e-01	55	none	NaN	NaN
133	4	37	64	kitchen	sun_aadbddgrdsjugojn.tif	491580.895908	491581.154499	491581.853043	7.341342e-01	54	37	491582.494171	1
133	4	38	89	kitchen	sun_agzzivivdpnawacl.tif	491583.264926	491583.523515	491584.222077	8.425858e-01	79	none	NaN	NaN
133	4	39	103	kitchen	sun_aunzlwrbjumxhwdj.tif	491584.991635	491585.250226	491585.948821	6.840796e-01	93	none	NaN	NaN
133	4	40	71	kitchen	sun_abftihopvusyfakt.tif	491586.718350	491586.976944	491587.675382	7.424766e-01	61	none	NaN	NaN
133	4	41	83	kitchen	sun_aeqdocilnnpuvuhx.tif	491588.445059	491588.703643	491589.402163	6.507099e-01	73	none	NaN	NaN
133	4	42	73	kitchen	sun_abrcnpqqhmjwekyf.tif	491590.171774	491590.430363	491591.129016	6.507099e-01	63	none	NaN	NaN
133	4	43	84	kitchen	sun_aexklacwqwezaorf.tif	491591.898485	491592.157075	491592.855555	7.174493e-01	74	none	NaN	NaN
133	4	44	92	kitchen	sun_ahpczsiumwwocjkv.tif	491593.625196	491593.883785	491594.582333	7.675039e-01	82	none	NaN	NaN
133	4	45	82	kitchen	sun_aenotlpyftoioydp.tif	491595.351912	491595.610497	491596.309050	8.175585e-01	72	39	491597.302027	1
133	4	46	80	kitchen	sun_aegoxogugdkwpmpj.tif	491598.079616	491598.338204	491599.036731	6.924220e-01	70	none	NaN	NaN
133	4	47	61	kitchen	labelme_brsyyvweiuaazfr.tif	491599.806326	491600.064912	491600.763509	7.091069e-01	51	none	NaN	NaN
133	4	48	63	kitchen	labelme_rykdqxenmhulbdn.tif	491601.533038	491601.791624	491602.490183	8.175585e-01	53	37	491603.181873	1
133	4	49	67	kitchen	sun_aarfiyshqohlwkmo.tif	491603.960445	491604.219033	491604.917478	7.007645e-01	57	none	NaN	NaN
133	4	50	74	kitchen	sun_acfmftudsenhrfhy.tif	491605.687159	491605.945747	491606.644375	7.424766e-01	64	none	NaN	NaN
133	4	51	91	kitchen	sun_ahljzhgcdpomplvg.tif	491607.413872	491607.672459	491608.370952	7.925312e-01	81	none	NaN	NaN
133	4	52	85	kitchen	sun_afuyedyxivkhecmu.tif	491609.140580	491609.399170	491610.097761	8.259010e-01	75	none	NaN	NaN
133	4	53	78	kitchen	sun_adgqasybjyktddhj.tif	491610.867295	491611.125887	491611.824375	6.757372e-01	68	none	NaN	NaN
133	4	54	92	kitchen	sun_ahpczsiumwwocjkv.tif	491612.594003	491612.852597	491613.551197	6.590523e-01	82	none	NaN	NaN
133	4	55	87	kitchen	sun_agorklincwxrdtga.tif	491614.320720	491614.579308	491615.277959	8.259010e-01	77	none	NaN	NaN
133	4	56	102	kitchen	sun_auaiucuqpdausiva.tif	491616.047427	491616.306015	491617.004666	7.257918e-01	92	none	NaN	NaN
133	4	57	66	kitchen	sun_aapllqyqlykszopd.tif	491617.774143	491618.032732	491618.731260	8.008737e-01	56	39	491619.582043	1
133	4	58	106	kitchen	sun_awcpdzzznmweyyhv.tif	491620.360042	491620.618625	491621.317230	7.091069e-01	96	none	NaN	NaN
133	4	59	64	kitchen	sun_aadbddgrdsjugojn.tif	491622.086752	491622.345338	491623.043958	7.091069e-01	54	none	NaN	NaN
133	4	60	80	kitchen	sun_aegoxogugdkwpmpj.tif	491623.813462	491624.072052	491624.770506	6.673947e-01	70	none	NaN	NaN
133	4	61	73	kitchen	sun_abrcnpqqhmjwekyf.tif	491625.540180	491625.798761	491626.497377	7.675039e-01	63	none	NaN	NaN
133	4	62	105	kitchen	sun_avszsnwsbuqfgzbn.tif	491627.266889	491627.525481	491628.224114	7.424766e-01	95	none	NaN	NaN
133	4	63	62	kitchen	labelme_kxvouciolcpqplr.tif	491628.993595	491629.252190	491629.950847	7.174493e-01	52	none	NaN	NaN
133	4	64	89	kitchen	sun_agzzivivdpnawacl.tif	491630.720311	491630.978904	491631.677385	6.673947e-01	79	none	NaN	NaN
133	4	65	103	kitchen	sun_aunzlwrbjumxhwdj.tif	491632.447023	491632.705614	491633.404204	8.259010e-01	93	37	491634.142182	1
133	4	66	108	kitchen	sun_aymvwlarqodbwuoc.tif	491634.916140	491635.174732	491635.873196	8.425858e-01	98	none	NaN	NaN
133	4	67	72	kitchen	sun_abpwyqmlzafvklqo.tif	491636.642851	491636.901445	491637.599896	7.591615e-01	62	none	NaN	NaN
133	4	68	70	kitchen	sun_abdxkyyxwfskuaqb.tif	491638.369564	491638.628155	491639.326681	6.924220e-01	60	none	NaN	NaN
133	4	69	68	kitchen	sun_aaxxjlsuzvqlgylf.tif	491640.096278	491640.354864	491641.053475	6.757372e-01	58	37	491641.742065	1
133	4	70	110	kitchen	sun_azmutvzbxypaceni.tif	491642.515343	491642.773935	491643.472381	7.508191e-01	100	none	NaN	NaN
133	4	71	107	kitchen	sun_axyyrmzcupyhlivc.tif	491644.242052	491644.500646	491645.199309	6.924220e-01	97	none	NaN	NaN
133	4	72	97	kitchen	sun_ajkqhtgcbgpcwrwn.tif	491645.968765	491646.227352	491646.925979	7.341342e-01	87	none	NaN	NaN
133	4	73	65	kitchen	sun_aamedkxepzlwuxes.tif	491647.695479	491647.954066	491648.652644	7.591615e-01	55	39	491649.774236	1
133	4	74	99	kitchen	sun_akcjzhbbjlbogpdi.tif	491650.548305	491650.806890	491651.505385	6.840796e-01	89	none	NaN	NaN
133	4	75	94	kitchen	sun_ahywdevtimnqcsln.tif	491652.275016	491652.533603	491653.232276	7.841888e-01	84	none	NaN	NaN
133	4	76	83	kitchen	sun_aeqdocilnnpuvuhx.tif	491654.001730	491654.260318	491654.958898	8.342434e-01	73	none	NaN	NaN
133	4	77	86	kitchen	sun_aggjlwcdjsjcaemh.tif	491655.728443	491655.987031	491656.685500	6.673947e-01	76	none	NaN	NaN
133	4	78	95	kitchen	sun_aixorpehvfykdynp.tif	491657.455151	491657.713744	491658.412197	7.591615e-01	85	none	NaN	NaN
133	4	79	74	kitchen	sun_acfmftudsenhrfhy.tif	491659.181866	491659.440452	491660.139002	7.591615e-01	64	none	NaN	NaN
133	4	80	77	kitchen	sun_acxkpeoqbwcxfvip.tif	491660.908577	491661.167170	491661.865770	7.758464e-01	67	none	NaN	NaN
133	4	81	79	kitchen	sun_admlmbcdswaszruo.tif	491662.635294	491662.893879	491663.592423	7.925312e-01	69	none	NaN	NaN
133	4	82	84	kitchen	sun_aexklacwqwezaorf.tif	491664.362000	491664.620592	491665.319115	8.509283e-01	74	none	NaN	NaN
133	4	83	88	kitchen	sun_agubuxuukhzyzpdp.tif	491666.088715	491666.347303	491667.045884	7.925312e-01	78	none	NaN	NaN
133	4	84	109	kitchen	sun_aypmqwcualkenuoe.tif	491667.815427	491668.074015	491668.772668	8.425858e-01	99	none	NaN	NaN
133	4	85	63	kitchen	labelme_rykdqxenmhulbdn.tif	491669.542140	491669.800726	491670.499410	6.590523e-01	53	none	NaN	NaN
133	4	86	101	kitchen	sun_aqeaevwwwjoqhzvl.tif	491671.268849	491671.527445	491672.225897	8.342434e-01	91	none	NaN	NaN
133	4	87	93	kitchen	sun_ahspylgoovwmwvgk.tif	491672.995565	491673.254151	491673.952735	7.841888e-01	83	none	NaN	NaN
133	4	88	81	kitchen	sun_aehawpgmrlhlvcow.tif	491674.722273	491674.980864	491675.679303	7.341342e-01	71	none	NaN	NaN
133	4	89	90	kitchen	sun_ahdycvpopffkzzsu.tif	491676.448987	491676.707579	491677.406134	8.259010e-01	80	none	NaN	NaN
133	4	90	98	kitchen	sun_akchetnepxlcxhsu.tif	491678.175700	491678.434293	491679.132960	7.758464e-01	88	none	NaN	NaN
133	4	91	69	kitchen	sun_abdenxonkemggwsq.tif	491679.902429	491680.161002	491680.859594	6.924220e-01	59	none	NaN	NaN
133	4	92	96	kitchen	sun_ajcbwwvdlsvjyzje.tif	491681.629125	491681.887710	491682.586211	6.840796e-01	86	none	NaN	NaN
133	4	93	75	kitchen	sun_acgtpgfybqjmzeyw.tif	491683.355834	491683.614432	491684.312970	8.175585e-01	65	none	NaN	NaN
133	4	94	76	kitchen	sun_acwjdupvyjsugpay.tif	491685.082549	491685.341142	491686.039632	7.174493e-01	66	none	NaN	NaN
133	4	95	104	kitchen	sun_auticobqsbwgoppi.tif	491686.809262	491687.067846	491687.766469	8.008737e-01	94	none	NaN	NaN
133	4	96	82	kitchen	sun_aenotlpyftoioydp.tif	491688.535970	491688.794563	491689.493176	7.841888e-01	72	none	NaN	NaN
133	4	97	61	kitchen	labelme_brsyyvweiuaazfr.tif	491690.262685	491690.521273	491691.219742	7.007645e-01	51	none	NaN	NaN
133	4	98	71	kitchen	sun_abftihopvusyfakt.tif	491691.989398	491692.247985	491692.946426	6.590523e-01	61	none	NaN	NaN
133	4	99	67	kitchen	sun_aarfiyshqohlwkmo.tif	491693.716104	491693.974695	491694.673365	6.924220e-01	57	none	NaN	NaN
133	4	100	100	kitchen	sun_amjjdeyrggfqgmom.tif	491695.442819	491695.701407	491696.399987	7.508191e-01	90	none	NaN	NaN
133	5	1	47	bathroom	sun_apynckhmoftszqoq.tif	491702.658309	491702.916894	491703.623793	7.591615e-01	37	none	NaN	NaN
133	5	2	55	bathroom	sun_avhrdrntsqrjzccq.tif	491704.393366	491704.651951	491705.358967	6.507099e-01	45	39	491706.325972	1
133	5	3	45	bathroom	sun_apkxzenqapsujocq.tif	491707.104383	491707.362976	491708.069796	7.424766e-01	35	none	NaN	NaN
133	5	4	41	bathroom	sun_aoybiabnpadelefl.tif	491708.839436	491709.098023	491709.804828	7.091069e-01	31	none	NaN	NaN
133	5	5	21	bathroom	sun_aggnnqpdorgxpvce.tif	491710.574492	491710.833078	491711.540031	7.174493e-01	11	none	NaN	NaN
133	5	6	36	bathroom	sun_ambriybtogmepttm.tif	491712.309562	491712.568133	491713.275176	8.509283e-01	26	none	NaN	NaN
133	5	7	24	bathroom	sun_agrwbmhcpmfuwmsg.tif	491714.044598	491714.303190	491715.010140	6.757372e-01	14	none	NaN	NaN
133	5	8	37	bathroom	sun_amzlamotzwfkwjco.tif	491715.779651	491716.038243	491716.745038	7.007645e-01	27	none	NaN	NaN
133	5	9	20	bathroom	sun_afcoljnjfoxjtgja.tif	491717.514705	491717.773297	491718.480214	7.257918e-01	10	none	NaN	NaN
133	5	10	40	bathroom	sun_aofnryafpsjimzsb.tif	491719.249759	491719.508346	491720.215267	7.508191e-01	30	none	NaN	NaN
133	5	11	42	bathroom	sun_apeeialkgkuxddgh.tif	491720.984813	491721.243403	491721.950202	8.092161e-01	32	none	NaN	NaN
133	5	12	13	bathroom	sun_aavhrsfjbserjtht.tif	491722.711526	491722.970115	491723.677026	8.175585e-01	3	none	NaN	NaN
133	5	13	11	bathroom	labelme_sfxiulhjbhlyiyt.tif	491724.446581	491724.705166	491725.412161	7.257918e-01	1	none	NaN	NaN
133	5	14	34	bathroom	sun_alkosphxlxwjwgjd.tif	491726.181631	491726.440221	491727.147191	6.590523e-01	24	39	491729.806474	0
133	5	15	51	bathroom	sun_atstyziqcmkahyxk.tif	491730.577655	491730.836251	491731.543167	7.257918e-01	41	39	491736.582263	1
133	5	16	32	bathroom	sun_aleqenyvunhactkl.tif	491737.359378	491737.617970	491738.324927	7.841888e-01	22	none	NaN	NaN
133	5	17	26	bathroom	sun_ahaulkltgpkeeemi.tif	491739.094441	491739.353028	491740.059883	7.925312e-01	16	none	NaN	NaN
133	5	18	33	bathroom	sun_aljolscmmzydegqp.tif	491740.829490	491741.088076	491741.795066	7.007645e-01	23	37	491742.670277	1
133	5	19	28	bathroom	sun_ahijqszoswveeyji.tif	491743.448753	491743.707345	491744.414323	7.007645e-01	18	none	NaN	NaN
133	5	20	19	bathroom	sun_aclfzgynxzxlbepz.tif	491745.183807	491745.442397	491746.149281	7.591615e-01	9	none	NaN	NaN
133	5	21	35	bathroom	sun_alotolagknyrgtsk.tif	491746.918862	491747.177449	491747.884354	7.174493e-01	25	none	NaN	NaN
133	5	22	58	bathroom	sun_axxbkopsgyouuebh.tif	491748.653915	491748.912506	491749.619510	8.509283e-01	48	none	NaN	NaN
133	5	23	27	bathroom	sun_ahcvzmoyaycdoftf.tif	491750.388967	491750.647558	491751.354348	7.174493e-01	17	none	NaN	NaN
133	5	24	23	bathroom	sun_aghyqhbptboemmoq.tif	491752.124025	491752.382612	491753.089470	8.092161e-01	13	none	NaN	NaN
133	5	25	56	bathroom	sun_awnqiikzaispgmwo.tif	491753.859075	491754.117666	491754.824462	8.175585e-01	46	none	NaN	NaN
133	5	26	15	bathroom	sun_abjtwfukuwddzted.tif	491755.594132	491755.852723	491756.559547	7.424766e-01	5	none	NaN	NaN
133	5	27	48	bathroom	sun_aqrpegblszgcoujh.tif	491757.329183	491757.587722	491758.294631	8.425858e-01	38	none	NaN	NaN
133	5	28	18	bathroom	sun_acgyywnybuveqsro.tif	491759.064238	491759.322833	491760.029853	8.175585e-01	8	none	NaN	NaN
133	5	29	60	bathroom	sun_azqyogdvyhahyram.tif	491760.799287	491761.057878	491761.764679	8.008737e-01	50	none	NaN	NaN
133	5	30	46	bathroom	sun_apmqjbnwghzuhhzh.tif	491762.534346	491762.792935	491763.499880	6.757372e-01	36	none	NaN	NaN
133	5	31	30	bathroom	sun_ajlawzvmubibwbpy.tif	491764.269396	491764.527990	491765.234782	6.590523e-01	20	none	NaN	NaN
133	5	32	31	bathroom	sun_akiytfaagpdsphgz.tif	491766.004454	491766.263043	491766.970002	8.425858e-01	21	none	NaN	NaN
133	5	33	16	bathroom	sun_acduarbnmmoglmiv.tif	491767.739508	491767.998097	491768.705100	6.673947e-01	6	none	NaN	NaN
133	5	34	29	bathroom	sun_ahqjwnzgolcaoidx.tif	491769.474558	491769.733148	491770.440025	7.091069e-01	19	39	491771.557996	1
133	5	35	49	bathroom	sun_asfwthctfqerjvxr.tif	491772.335728	491772.594313	491773.301108	7.675039e-01	39	none	NaN	NaN
133	5	36	43	bathroom	sun_apjevzvycyhuqghb.tif	491774.070777	491774.329375	491775.036330	8.008737e-01	33	none	NaN	NaN
133	5	37	22	bathroom	sun_agguqiubmwhqqunb.tif	491775.805842	491776.064428	491776.771382	7.007645e-01	12	none	NaN	NaN
133	5	38	17	bathroom	sun_acegryoqftbzowsg.tif	491777.540892	491777.799483	491778.506390	6.673947e-01	7	none	NaN	NaN
133	5	39	44	bathroom	sun_apkruvsevgegsdwp.tif	491779.275947	491779.534535	491780.241518	7.758464e-01	34	39	491781.246435	1
133	5	40	52	bathroom	sun_aunuadmjocsddsrl.tif	491782.020331	491782.278924	491782.985829	8.008737e-01	42	none	NaN	NaN
133	5	41	59	bathroom	sun_axyrejkiiaqiurjk.tif	491783.755383	491784.013978	491784.720903	8.008737e-01	49	none	NaN	NaN
133	5	42	53	bathroom	sun_ausgutylgojavyoq.tif	491785.490443	491785.749024	491786.455871	7.091069e-01	43	none	NaN	NaN
133	5	43	12	bathroom	sun_aapitsgbtktqubfy.tif	491787.225492	491787.484080	491788.190900	6.590523e-01	2	none	NaN	NaN
133	5	44	25	bathroom	sun_agyqfjcfkdcydepw.tif	491788.960547	491789.219140	491789.926116	7.675039e-01	15	none	NaN	NaN
133	5	45	14	bathroom	sun_abapwbhyhkfixyex.tif	491790.695598	491790.954195	491791.661044	7.591615e-01	4	none	NaN	NaN
133	5	46	54	bathroom	sun_auzqhkafidnkrwmo.tif	491792.430651	491792.689247	491793.396188	8.092161e-01	44	none	NaN	NaN
133	5	47	39	bathroom	sun_anryaplzeujmzfkd.tif	491794.165710	491794.424296	491795.131189	7.841888e-01	29	none	NaN	NaN
133	5	48	38	bathroom	sun_anhioqovhscjqqwb.tif	491795.900763	491796.159353	491796.866370	6.757372e-01	28	none	NaN	NaN
133	5	49	57	bathroom	sun_axldvoqbuvuggfmq.tif	491797.635815	491797.894406	491798.601212	7.758464e-01	47	none	NaN	NaN
133	5	50	50	bathroom	sun_aspsyogrekjtfozg.tif	491799.370870	491799.629474	491800.336359	8.092161e-01	40	none	NaN	NaN
133	5	51	50	bathroom	sun_aspsyogrekjtfozg.tif	491801.105923	491801.364514	491802.071399	7.675039e-01	40	none	NaN	NaN
133	5	52	58	bathroom	sun_axxbkopsgyouuebh.tif	491802.840974	491803.099568	491803.806694	8.259010e-01	48	none	NaN	NaN
133	5	53	13	bathroom	sun_aavhrsfjbserjtht.tif	491804.576030	491804.834619	491805.541423	8.259010e-01	3	none	NaN	NaN
133	5	54	28	bathroom	sun_ahijqszoswveeyji.tif	491806.311085	491806.569676	491807.276571	7.424766e-01	18	none	NaN	NaN
133	5	55	31	bathroom	sun_akiytfaagpdsphgz.tif	491808.046137	491808.304724	491809.011611	7.591615e-01	21	none	NaN	NaN
133	5	56	14	bathroom	sun_abapwbhyhkfixyex.tif	491809.781193	491810.039780	491810.746637	8.342434e-01	4	none	NaN	NaN
133	5	57	26	bathroom	sun_ahaulkltgpkeeemi.tif	491811.516242	491811.774839	491812.481725	7.341342e-01	16	none	NaN	NaN
133	5	58	45	bathroom	sun_apkxzenqapsujocq.tif	491813.251299	491813.509886	491814.216703	8.175585e-01	35	none	NaN	NaN
133	5	59	52	bathroom	sun_aunuadmjocsddsrl.tif	491814.986351	491815.244944	491815.951765	7.841888e-01	42	none	NaN	NaN
133	5	60	15	bathroom	sun_abjtwfukuwddzted.tif	491816.721407	491816.979996	491817.686794	8.425858e-01	5	none	NaN	NaN
133	5	61	42	bathroom	sun_apeeialkgkuxddgh.tif	491818.456462	491818.715048	491819.421873	8.342434e-01	32	none	NaN	NaN
133	5	62	32	bathroom	sun_aleqenyvunhactkl.tif	491820.191513	491820.450102	491821.156983	8.342434e-01	22	none	NaN	NaN
133	5	63	34	bathroom	sun_alkosphxlxwjwgjd.tif	491821.926569	491822.185159	491822.892002	7.758464e-01	24	none	NaN	NaN
133	5	64	16	bathroom	sun_acduarbnmmoglmiv.tif	491823.661623	491823.920208	491824.627228	8.259010e-01	6	none	NaN	NaN
133	5	65	44	bathroom	sun_apkruvsevgegsdwp.tif	491825.396674	491825.655265	491826.362226	7.591615e-01	34	none	NaN	NaN
133	5	66	36	bathroom	sun_ambriybtogmepttm.tif	491827.131727	491827.390317	491828.097174	7.508191e-01	26	none	NaN	NaN
133	5	67	27	bathroom	sun_ahcvzmoyaycdoftf.tif	491828.866784	491829.125374	491829.832203	6.840796e-01	17	none	NaN	NaN
133	5	68	33	bathroom	sun_aljolscmmzydegqp.tif	491830.601838	491830.860425	491831.567216	8.175585e-01	23	39	491832.518448	1
133	5	69	49	bathroom	sun_asfwthctfqerjvxr.tif	491833.296170	491833.554763	491834.261638	6.924220e-01	39	none	NaN	NaN
133	5	70	46	bathroom	sun_apmqjbnwghzuhhzh.tif	491835.031230	491835.289829	491835.996796	6.590523e-01	36	39	491836.662542	1
133	5	71	60	bathroom	sun_azqyogdvyhahyram.tif	491837.433613	491837.692202	491838.399037	6.924220e-01	50	39	491839.686536	0
133	5	72	56	bathroom	sun_awnqiikzaispgmwo.tif	491840.461613	491840.720202	491841.427118	8.342434e-01	46	none	NaN	NaN
133	5	73	53	bathroom	sun_ausgutylgojavyoq.tif	491842.196665	491842.455257	491843.162173	7.925312e-01	43	none	NaN	NaN
133	5	74	12	bathroom	sun_aapitsgbtktqubfy.tif	491843.931722	491844.190308	491844.897283	7.925312e-01	2	none	NaN	NaN
133	5	75	38	bathroom	sun_anhioqovhscjqqwb.tif	491845.666776	491845.925364	491846.632232	6.924220e-01	28	none	NaN	NaN
133	5	76	47	bathroom	sun_apynckhmoftszqoq.tif	491847.401826	491847.660420	491848.367208	6.924220e-01	37	none	NaN	NaN
133	5	77	55	bathroom	sun_avhrdrntsqrjzccq.tif	491849.136882	491849.395470	491850.102409	6.840796e-01	45	none	NaN	NaN
133	5	78	29	bathroom	sun_ahqjwnzgolcaoidx.tif	491850.871936	491851.130520	491851.837521	8.425858e-01	19	none	NaN	NaN
133	5	79	20	bathroom	sun_afcoljnjfoxjtgja.tif	491852.606991	491852.865578	491853.572546	7.841888e-01	10	37	491854.606342	1
133	5	80	59	bathroom	sun_axyrejkiiaqiurjk.tif	491855.384743	491855.643337	491856.350191	6.507099e-01	49	none	NaN	NaN
133	5	81	39	bathroom	sun_anryaplzeujmzfkd.tif	491857.119798	491857.378383	491858.085316	7.257918e-01	29	none	NaN	NaN
133	5	82	18	bathroom	sun_acgyywnybuveqsro.tif	491858.854850	491859.113439	491859.820425	7.341342e-01	8	none	NaN	NaN
133	5	83	21	bathroom	sun_aggnnqpdorgxpvce.tif	491860.589907	491860.848493	491861.555391	7.091069e-01	11	none	NaN	NaN
133	5	84	37	bathroom	sun_amzlamotzwfkwjco.tif	491862.324959	491862.583549	491863.290347	7.174493e-01	27	39	491863.950299	1
133	5	85	11	bathroom	labelme_sfxiulhjbhlyiyt.tif	491864.727337	491864.985928	491865.692763	7.341342e-01	1	37	491866.454301	1
133	5	86	35	bathroom	sun_alotolagknyrgtsk.tif	491867.229819	491867.488411	491868.195388	7.508191e-01	25	37	491868.710331	1
133	5	87	30	bathroom	sun_ajlawzvmubibwbpy.tif	491869.482053	491869.740635	491870.447618	7.675039e-01	20	none	NaN	NaN
133	5	88	57	bathroom	sun_axldvoqbuvuggfmq.tif	491871.217107	491871.475701	491872.182567	6.840796e-01	47	none	NaN	NaN
133	5	89	22	bathroom	sun_agguqiubmwhqqunb.tif	491872.952160	491873.210751	491873.917719	6.757372e-01	12	none	NaN	NaN
133	5	90	19	bathroom	sun_aclfzgynxzxlbepz.tif	491874.687217	491874.945803	491875.652835	7.341342e-01	9	none	NaN	NaN
133	5	91	25	bathroom	sun_agyqfjcfkdcydepw.tif	491876.422270	491876.680859	491877.387704	6.673947e-01	15	37	491878.126449	1
133	5	92	43	bathroom	sun_apjevzvycyhuqghb.tif	491878.899724	491879.158317	491879.865119	6.673947e-01	33	none	NaN	NaN
133	5	93	54	bathroom	sun_auzqhkafidnkrwmo.tif	491880.634783	491880.893367	491881.600222	7.758464e-01	44	none	NaN	NaN
133	5	94	51	bathroom	sun_atstyziqcmkahyxk.tif	491882.369832	491882.628420	491883.335293	7.424766e-01	41	none	NaN	NaN
133	5	95	24	bathroom	sun_agrwbmhcpmfuwmsg.tif	491884.104885	491884.363473	491885.070266	6.840796e-01	14	none	NaN	NaN
133	5	96	23	bathroom	sun_aghyqhbptboemmoq.tif	491885.839937	491886.098529	491886.805429	6.924220e-01	13	39	491887.782318	1
133	5	97	40	bathroom	sun_aofnryafpsjimzsb.tif	491888.559301	491888.817888	491889.524900	6.507099e-01	30	none	NaN	NaN
133	5	98	41	bathroom	sun_aoybiabnpadelefl.tif	491890.294353	491890.552948	491891.259788	7.508191e-01	31	none	NaN	NaN
133	5	99	48	bathroom	sun_aqrpegblszgcoujh.tif	491892.029409	491892.288001	491892.994969	7.925312e-01	38	none	NaN	NaN
133	5	100	17	bathroom	sun_acegryoqftbzowsg.tif	491893.764468	491894.023050	491894.729937	8.259010e-01	7	none	NaN	NaN
133	6	1	64	kitchen	sun_aadbddgrdsjugojn.tif	491901.063370	491901.321957	491902.062262	8.425858e-01	54	none	NaN	NaN
133	6	2	81	kitchen	sun_aehawpgmrlhlvcow.tif	491902.831787	491903.090376	491903.830662	7.091069e-01	71	none	NaN	NaN
133	6	3	108	kitchen	sun_aymvwlarqodbwuoc.tif	491904.600210	491904.858799	491905.599174	6.840796e-01	98	none	NaN	NaN
133	6	4	65	kitchen	sun_aamedkxepzlwuxes.tif	491906.368628	491906.627214	491907.367604	8.259010e-01	55	none	NaN	NaN
133	6	5	87	kitchen	sun_agorklincwxrdtga.tif	491908.137049	491908.395634	491909.135836	8.175585e-01	77	none	NaN	NaN
133	6	6	90	kitchen	sun_ahdycvpopffkzzsu.tif	491909.905466	491910.164055	491910.904408	7.508191e-01	80	none	NaN	NaN
133	6	7	99	kitchen	sun_akcjzhbbjlbogpdi.tif	491911.673887	491911.932480	491912.672883	7.675039e-01	89	39	491913.606351	1
133	6	8	93	kitchen	sun_ahspylgoovwmwvgk.tif	491914.384915	491914.643498	491915.383870	7.007645e-01	83	none	NaN	NaN
133	6	9	62	kitchen	labelme_kxvouciolcpqplr.tif	491916.153331	491916.411937	491917.152311	6.673947e-01	52	none	NaN	NaN
133	6	10	69	kitchen	sun_abdenxonkemggwsq.tif	491917.921751	491918.180352	491918.920696	6.840796e-01	59	none	NaN	NaN
133	6	11	98	kitchen	sun_akchetnepxlcxhsu.tif	491919.690170	491919.948754	491920.689127	7.841888e-01	88	none	NaN	NaN
133	6	12	106	kitchen	sun_awcpdzzznmweyyhv.tif	491921.458589	491921.717180	491922.457472	7.925312e-01	96	none	NaN	NaN
133	6	13	109	kitchen	sun_aypmqwcualkenuoe.tif	491923.227010	491923.485602	491924.225804	6.924220e-01	99	none	NaN	NaN
133	6	14	100	kitchen	sun_amjjdeyrggfqgmom.tif	491924.995427	491925.254019	491925.994198	7.174493e-01	90	none	NaN	NaN
133	6	15	89	kitchen	sun_agzzivivdpnawacl.tif	491926.763848	491927.022436	491927.762748	8.259010e-01	79	none	NaN	NaN
133	6	16	103	kitchen	sun_aunzlwrbjumxhwdj.tif	491928.532272	491928.790858	491929.531220	6.924220e-01	93	none	NaN	NaN
133	6	17	78	kitchen	sun_adgqasybjyktddhj.tif	491930.300692	491930.559280	491931.299542	8.342434e-01	68	none	NaN	NaN
133	6	18	68	kitchen	sun_aaxxjlsuzvqlgylf.tif	491932.069112	491932.327700	491933.068067	8.259010e-01	58	none	NaN	NaN
133	6	19	71	kitchen	sun_abftihopvusyfakt.tif	491933.837529	491934.096118	491934.836288	7.091069e-01	61	none	NaN	NaN
133	6	20	105	kitchen	sun_avszsnwsbuqfgzbn.tif	491935.605953	491935.864541	491936.604896	6.507099e-01	95	37	491937.318291	0
133	6	21	73	kitchen	sun_abrcnpqqhmjwekyf.tif	491938.091750	491938.350334	491939.090693	7.591615e-01	63	none	NaN	NaN
133	6	22	67	kitchen	sun_aarfiyshqohlwkmo.tif	491939.860167	491940.118759	491940.858984	7.758464e-01	57	none	NaN	NaN
133	6	23	86	kitchen	sun_aggjlwcdjsjcaemh.tif	491941.628586	491941.887177	491942.627458	8.008737e-01	76	none	NaN	NaN
133	6	24	74	kitchen	sun_acfmftudsenhrfhy.tif	491943.397006	491943.655596	491944.395838	6.590523e-01	64	none	NaN	NaN
133	6	25	66	kitchen	sun_aapllqyqlykszopd.tif	491945.165425	491945.424022	491946.164267	7.174493e-01	56	none	NaN	NaN
133	6	26	95	kitchen	sun_aixorpehvfykdynp.tif	491946.933847	491947.192438	491947.932811	7.591615e-01	85	none	NaN	NaN
133	6	27	70	kitchen	sun_abdxkyyxwfskuaqb.tif	491948.702268	491948.960857	491949.701127	8.342434e-01	60	39	491950.534183	1
133	6	28	75	kitchen	sun_acgtpgfybqjmzeyw.tif	491951.304850	491951.563439	491952.303594	8.425858e-01	65	none	NaN	NaN
133	6	29	94	kitchen	sun_ahywdevtimnqcsln.tif	491953.073268	491953.331860	491954.072221	7.424766e-01	84	none	NaN	NaN
133	6	30	85	kitchen	sun_afuyedyxivkhecmu.tif	491954.841686	491955.100279	491955.840574	7.841888e-01	75	none	NaN	NaN
133	6	31	107	kitchen	sun_axyyrmzcupyhlivc.tif	491956.610107	491956.868696	491957.608958	8.175585e-01	97	none	NaN	NaN
133	6	32	91	kitchen	sun_ahljzhgcdpomplvg.tif	491958.378525	491958.637118	491959.377286	7.257918e-01	81	none	NaN	NaN
133	6	33	96	kitchen	sun_ajcbwwvdlsvjyzje.tif	491960.146950	491960.405536	491961.145911	7.758464e-01	86	39	491962.014518	1
133	6	34	82	kitchen	sun_aenotlpyftoioydp.tif	491962.791237	491963.049820	491963.790153	7.591615e-01	72	37	491964.430403	1
133	6	35	102	kitchen	sun_auaiucuqpdausiva.tif	491965.201959	491965.460549	491966.200753	8.008737e-01	92	37	491966.758442	1
133	6	36	72	kitchen	sun_abpwyqmlzafvklqo.tif	491967.529270	491967.787859	491968.528047	7.257918e-01	62	none	NaN	NaN
133	6	37	84	kitchen	sun_aexklacwqwezaorf.tif	491969.297690	491969.556279	491970.296639	7.675039e-01	74	39	491971.222497	1
133	6	38	101	kitchen	sun_aqeaevwwwjoqhzvl.tif	491972.000368	491972.258955	491972.999257	7.675039e-01	91	none	NaN	NaN
133	6	39	110	kitchen	sun_azmutvzbxypaceni.tif	491973.768791	491974.027382	491974.767689	6.590523e-01	100	none	NaN	NaN
133	6	40	83	kitchen	sun_aeqdocilnnpuvuhx.tif	491975.537211	491975.795803	491976.536186	8.008737e-01	73	none	NaN	NaN
133	6	41	77	kitchen	sun_acxkpeoqbwcxfvip.tif	491977.305627	491977.564220	491978.304468	8.175585e-01	67	none	NaN	NaN
133	6	42	63	kitchen	labelme_rykdqxenmhulbdn.tif	491979.074050	491979.332641	491980.072806	6.507099e-01	53	none	NaN	NaN
133	6	43	80	kitchen	sun_aegoxogugdkwpmpj.tif	491980.842466	491981.101058	491981.841289	7.091069e-01	70	none	NaN	NaN
133	6	44	79	kitchen	sun_admlmbcdswaszruo.tif	491982.610890	491982.869479	491983.609660	7.925312e-01	69	39	491985.902588	0
133	6	45	61	kitchen	labelme_brsyyvweiuaazfr.tif	491986.673252	491986.931837	491987.672154	7.007645e-01	51	none	NaN	NaN
133	6	46	97	kitchen	sun_ajkqhtgcbgpcwrwn.tif	491988.441669	491988.700256	491989.440485	7.091069e-01	87	none	NaN	NaN
133	6	47	88	kitchen	sun_agubuxuukhzyzpdp.tif	491990.210093	491990.468682	491991.208861	7.341342e-01	78	none	NaN	NaN
133	6	48	104	kitchen	sun_auticobqsbwgoppi.tif	491991.978511	491992.237100	491992.977467	7.758464e-01	94	none	NaN	NaN
133	6	49	76	kitchen	sun_acwjdupvyjsugpay.tif	491993.746931	491994.005520	491994.745871	7.591615e-01	66	none	NaN	NaN
133	6	50	92	kitchen	sun_ahpczsiumwwocjkv.tif	491995.515348	491995.773937	491996.514180	7.174493e-01	82	none	NaN	NaN
133	6	51	105	kitchen	sun_avszsnwsbuqfgzbn.tif	491997.283770	491997.542359	491998.282748	8.259010e-01	95	none	NaN	NaN
133	6	52	92	kitchen	sun_ahpczsiumwwocjkv.tif	491999.052190	491999.310784	492000.051077	8.342434e-01	82	none	NaN	NaN
133	6	53	83	kitchen	sun_aeqdocilnnpuvuhx.tif	492000.820613	492001.079200	492001.819542	7.341342e-01	73	none	NaN	NaN
133	6	54	94	kitchen	sun_ahywdevtimnqcsln.tif	492002.589029	492002.847621	492003.587936	8.092161e-01	84	none	NaN	NaN
133	6	55	101	kitchen	sun_aqeaevwwwjoqhzvl.tif	492004.357451	492004.616041	492005.356247	7.007645e-01	91	none	NaN	NaN
133	6	56	81	kitchen	sun_aehawpgmrlhlvcow.tif	492006.125871	492006.384463	492007.124756	6.840796e-01	71	none	NaN	NaN
133	6	57	87	kitchen	sun_agorklincwxrdtga.tif	492007.894293	492008.152884	492008.893088	8.092161e-01	77	none	NaN	NaN
133	6	58	89	kitchen	sun_agzzivivdpnawacl.tif	492009.662710	492009.921296	492010.661517	7.257918e-01	79	none	NaN	NaN
133	6	59	74	kitchen	sun_acfmftudsenhrfhy.tif	492011.431128	492011.689721	492012.429978	8.008737e-01	64	none	NaN	NaN
133	6	60	67	kitchen	sun_aarfiyshqohlwkmo.tif	492013.199552	492013.458137	492014.198470	6.924220e-01	57	none	NaN	NaN
133	6	61	63	kitchen	labelme_rykdqxenmhulbdn.tif	492014.967975	492015.226561	492015.966921	6.673947e-01	53	none	NaN	NaN
133	6	62	84	kitchen	sun_aexklacwqwezaorf.tif	492016.736391	492016.994982	492017.735131	6.590523e-01	74	none	NaN	NaN
133	6	63	103	kitchen	sun_aunzlwrbjumxhwdj.tif	492018.504814	492018.763404	492019.503692	6.924220e-01	93	37	492020.206608	1
133	6	64	91	kitchen	sun_ahljzhgcdpomplvg.tif	492020.982271	492021.240855	492021.981012	6.924220e-01	81	none	NaN	NaN
133	6	65	62	kitchen	labelme_kxvouciolcpqplr.tif	492022.750687	492023.009280	492023.749570	7.424766e-01	52	39	492024.822622	1
133	6	66	106	kitchen	sun_awcpdzzznmweyyhv.tif	492025.595171	492025.853760	492026.593910	6.673947e-01	96	none	NaN	NaN
133	6	67	68	kitchen	sun_aaxxjlsuzvqlgylf.tif	492027.363597	492027.622183	492028.362467	7.508191e-01	58	none	NaN	NaN
133	6	68	65	kitchen	sun_aamedkxepzlwuxes.tif	492029.132014	492029.390606	492030.130824	7.341342e-01	55	none	NaN	NaN
133	6	69	96	kitchen	sun_ajcbwwvdlsvjyzje.tif	492030.900434	492031.159024	492031.899285	7.007645e-01	86	none	NaN	NaN
133	6	70	110	kitchen	sun_azmutvzbxypaceni.tif	492032.668857	492032.927449	492033.667608	8.425858e-01	100	none	NaN	NaN
133	6	71	77	kitchen	sun_acxkpeoqbwcxfvip.tif	492034.437275	492034.695863	492035.436232	8.509283e-01	67	39	492036.334485	1
133	6	72	86	kitchen	sun_aggjlwcdjsjcaemh.tif	492037.106588	492037.365183	492038.105556	7.925312e-01	76	none	NaN	NaN
133	6	73	64	kitchen	sun_aadbddgrdsjugojn.tif	492038.875012	492039.133600	492039.873959	6.757372e-01	54	none	NaN	NaN
133	6	74	76	kitchen	sun_acwjdupvyjsugpay.tif	492040.643431	492040.902020	492041.642273	8.175585e-01	66	none	NaN	NaN
133	6	75	104	kitchen	sun_auticobqsbwgoppi.tif	492042.411848	492042.670441	492043.410808	8.509283e-01	94	none	NaN	NaN
133	6	76	95	kitchen	sun_aixorpehvfykdynp.tif	492044.180269	492044.438862	492045.179126	7.508191e-01	85	none	NaN	NaN
133	6	77	109	kitchen	sun_aypmqwcualkenuoe.tif	492045.948693	492046.207277	492046.947648	8.342434e-01	99	none	NaN	NaN
133	6	78	108	kitchen	sun_aymvwlarqodbwuoc.tif	492047.717109	492047.975695	492048.716025	6.757372e-01	98	37	492049.558757	1
133	6	79	100	kitchen	sun_amjjdeyrggfqgmom.tif	492050.336371	492050.594961	492051.335179	7.591615e-01	90	none	NaN	NaN
133	6	80	99	kitchen	sun_akcjzhbbjlbogpdi.tif	492052.104791	492052.363383	492053.103680	6.590523e-01	89	none	NaN	NaN
133	6	81	70	kitchen	sun_abdxkyyxwfskuaqb.tif	492053.873215	492054.131803	492054.871985	7.174493e-01	60	none	NaN	NaN
133	6	82	75	kitchen	sun_acgtpgfybqjmzeyw.tif	492055.641637	492055.900223	492056.640590	6.673947e-01	65	37	492057.270298	1
133	6	83	90	kitchen	sun_ahdycvpopffkzzsu.tif	492058.044014	492058.302600	492059.042835	6.757372e-01	80	none	NaN	NaN
133	6	84	97	kitchen	sun_ajkqhtgcbgpcwrwn.tif	492059.812433	492060.071025	492060.811240	6.840796e-01	87	none	NaN	NaN
133	6	85	88	kitchen	sun_agubuxuukhzyzpdp.tif	492061.580849	492061.839444	492062.579724	6.507099e-01	78	none	NaN	NaN
133	6	86	80	kitchen	sun_aegoxogugdkwpmpj.tif	492063.349276	492063.607862	492064.348065	8.092161e-01	70	none	NaN	NaN
133	6	87	82	kitchen	sun_aenotlpyftoioydp.tif	492065.117693	492065.376285	492066.116617	7.257918e-01	72	none	NaN	NaN
133	6	88	102	kitchen	sun_auaiucuqpdausiva.tif	492066.886114	492067.144706	492067.884983	7.925312e-01	92	39	492069.518592	1
133	6	89	66	kitchen	sun_aapllqyqlykszopd.tif	492070.289489	492070.548080	492071.288240	7.841888e-01	56	none	NaN	NaN
133	6	90	78	kitchen	sun_adgqasybjyktddhj.tif	492072.057912	492072.316500	492073.056737	8.092161e-01	68	none	NaN	NaN
133	6	91	61	kitchen	labelme_brsyyvweiuaazfr.tif	492073.826330	492074.084924	492074.825106	8.175585e-01	51	none	NaN	NaN
133	6	92	79	kitchen	sun_admlmbcdswaszruo.tif	492075.594752	492075.853342	492076.593714	8.425858e-01	69	37	492077.190578	1
133	6	93	73	kitchen	sun_abrcnpqqhmjwekyf.tif	492077.963769	492078.222352	492078.962556	7.675039e-01	63	none	NaN	NaN
133	6	94	69	kitchen	sun_abdenxonkemggwsq.tif	492079.732187	492079.990775	492080.731149	6.757372e-01	59	none	NaN	NaN
133	6	95	98	kitchen	sun_akchetnepxlcxhsu.tif	492081.500611	492081.759199	492082.499506	7.758464e-01	88	none	NaN	NaN
133	6	96	107	kitchen	sun_axyyrmzcupyhlivc.tif	492083.269026	492083.527618	492084.267830	7.841888e-01	97	none	NaN	NaN
133	6	97	71	kitchen	sun_abftihopvusyfakt.tif	492085.037445	492085.296033	492086.036366	7.508191e-01	61	none	NaN	NaN
133	6	98	85	kitchen	sun_afuyedyxivkhecmu.tif	492086.805866	492087.064454	492087.804765	7.341342e-01	75	none	NaN	NaN
133	6	99	93	kitchen	sun_ahspylgoovwmwvgk.tif	492088.574284	492088.832879	492089.573131	7.424766e-01	83	none	NaN	NaN
133	6	100	72	kitchen	sun_abpwyqmlzafvklqo.tif	492090.342706	492090.601293	492091.341519	7.424766e-01	62	none	NaN	NaN
133	7	1	30	bathroom	sun_ajlawzvmubibwbpy.tif	492097.366342	492097.624932	492098.315125	6.673947e-01	20	37	492099.702643	1
133	7	2	24	bathroom	sun_agrwbmhcpmfuwmsg.tif	492100.477756	492100.736342	492101.426675	7.424766e-01	14	none	NaN	NaN
133	7	3	18	bathroom	sun_acgyywnybuveqsro.tif	492102.196125	492102.454714	492103.144974	7.675039e-01	8	none	NaN	NaN
133	7	4	11	bathroom	labelme_sfxiulhjbhlyiyt.tif	492103.914497	492104.173084	492104.863416	7.508191e-01	1	none	NaN	NaN
133	7	5	36	bathroom	sun_ambriybtogmepttm.tif	492105.632869	492105.891455	492106.581693	7.841888e-01	26	none	NaN	NaN
133	7	6	59	bathroom	sun_axyrejkiiaqiurjk.tif	492107.351238	492107.609828	492108.299958	8.008737e-01	49	39	492109.230656	1
133	7	7	41	bathroom	sun_aoybiabnpadelefl.tif	492110.003868	492110.262456	492110.952643	7.007645e-01	31	none	NaN	NaN
133	7	8	27	bathroom	sun_ahcvzmoyaycdoftf.tif	492111.722235	492111.980829	492112.671064	7.341342e-01	17	none	NaN	NaN
133	7	9	33	bathroom	sun_aljolscmmzydegqp.tif	492113.440602	492113.699195	492114.389474	7.424766e-01	23	none	NaN	NaN
133	7	10	19	bathroom	sun_aclfzgynxzxlbepz.tif	492115.158979	492115.417570	492116.107712	6.757372e-01	9	none	NaN	NaN
133	7	11	50	bathroom	sun_aspsyogrekjtfozg.tif	492116.877350	492117.135936	492117.826086	7.508191e-01	40	none	NaN	NaN
133	7	12	25	bathroom	sun_agyqfjcfkdcydepw.tif	492118.595715	492118.854308	492119.544435	6.507099e-01	15	37	492120.166478	1
133	7	13	48	bathroom	sun_aqrpegblszgcoujh.tif	492120.939712	492121.198301	492121.888511	8.008737e-01	38	none	NaN	NaN
133	7	14	52	bathroom	sun_aunuadmjocsddsrl.tif	492122.658080	492122.916667	492123.606879	8.342434e-01	42	none	NaN	NaN
133	7	15	45	bathroom	sun_apkxzenqapsujocq.tif	492124.376456	492124.635038	492125.325158	7.925312e-01	35	none	NaN	NaN
133	7	16	54	bathroom	sun_auzqhkafidnkrwmo.tif	492126.094821	492126.353408	492127.043701	6.840796e-01	44	none	NaN	NaN
133	7	17	43	bathroom	sun_apjevzvycyhuqghb.tif	492127.813196	492128.071789	492128.761896	6.924220e-01	33	37	492130.046490	1
133	7	18	23	bathroom	sun_aghyqhbptboemmoq.tif	492130.824511	492131.083106	492131.773352	7.591615e-01	13	none	NaN	NaN
133	7	19	57	bathroom	sun_axldvoqbuvuggfmq.tif	492132.542874	492132.801471	492133.491721	7.508191e-01	47	none	NaN	NaN
133	7	20	13	bathroom	sun_aavhrsfjbserjtht.tif	492134.261251	492134.519841	492135.209961	8.175585e-01	3	none	NaN	NaN
133	7	21	28	bathroom	sun_ahijqszoswveeyji.tif	492135.971279	492136.229872	492136.920162	7.341342e-01	18	39	492137.950760	1
133	7	22	51	bathroom	sun_atstyziqcmkahyxk.tif	492138.724010	492138.982603	492139.672859	7.257918e-01	41	none	NaN	NaN
133	7	23	55	bathroom	sun_avhrdrntsqrjzccq.tif	492140.442382	492140.700973	492141.391232	7.091069e-01	45	none	NaN	NaN
133	7	24	40	bathroom	sun_aofnryafpsjimzsb.tif	492142.160756	492142.419341	492143.109489	6.924220e-01	30	none	NaN	NaN
133	7	25	44	bathroom	sun_apkruvsevgegsdwp.tif	492143.879123	492144.137715	492144.828033	8.092161e-01	34	none	NaN	NaN
133	7	26	42	bathroom	sun_apeeialkgkuxddgh.tif	492145.597496	492145.856080	492146.546248	8.175585e-01	32	none	NaN	NaN
133	7	27	20	bathroom	sun_afcoljnjfoxjtgja.tif	492147.315864	492147.574455	492148.264559	7.174493e-01	10	none	NaN	NaN
133	7	28	17	bathroom	sun_acegryoqftbzowsg.tif	492149.034234	492149.292821	492149.982973	8.259010e-01	7	none	NaN	NaN
133	7	29	37	bathroom	sun_amzlamotzwfkwjco.tif	492150.752602	492151.011189	492151.701507	6.924220e-01	27	none	NaN	NaN
133	7	30	16	bathroom	sun_acduarbnmmoglmiv.tif	492152.470972	492152.729564	492153.419886	6.840796e-01	6	none	NaN	NaN
133	7	31	34	bathroom	sun_alkosphxlxwjwgjd.tif	492154.189349	492154.447932	492155.138208	8.342434e-01	24	none	NaN	NaN
133	7	32	49	bathroom	sun_asfwthctfqerjvxr.tif	492155.907715	492156.166305	492156.856478	7.675039e-01	39	none	NaN	NaN
133	7	33	31	bathroom	sun_akiytfaagpdsphgz.tif	492157.626084	492157.884673	492158.574910	7.925312e-01	21	none	NaN	NaN
133	7	34	53	bathroom	sun_ausgutylgojavyoq.tif	492159.344456	492159.603047	492160.293270	7.091069e-01	43	39	492161.358754	1
133	7	35	39	bathroom	sun_anryaplzeujmzfkd.tif	492162.130549	492162.389141	492163.079409	8.425858e-01	29	none	NaN	NaN
133	7	36	21	bathroom	sun_aggnnqpdorgxpvce.tif	492163.848917	492164.107512	492164.797842	7.925312e-01	11	37	492166.382390	0
133	7	37	56	bathroom	sun_awnqiikzaispgmwo.tif	492167.160541	492167.419130	492168.109366	7.341342e-01	46	none	NaN	NaN
133	7	38	14	bathroom	sun_abapwbhyhkfixyex.tif	492168.878913	492169.137497	492169.827758	8.175585e-01	4	none	NaN	NaN
133	7	39	60	bathroom	sun_azqyogdvyhahyram.tif	492170.597278	492170.855873	492171.546165	7.591615e-01	50	none	NaN	NaN
133	7	40	38	bathroom	sun_anhioqovhscjqqwb.tif	492172.315650	492172.574245	492173.264365	8.175585e-01	28	none	NaN	NaN
133	7	41	47	bathroom	sun_apynckhmoftszqoq.tif	492174.034019	492174.292615	492174.982783	6.507099e-01	37	none	NaN	NaN
133	7	42	12	bathroom	sun_aapitsgbtktqubfy.tif	492175.752393	492176.010975	492176.701297	8.008737e-01	2	none	NaN	NaN
133	7	43	22	bathroom	sun_agguqiubmwhqqunb.tif	492177.470762	492177.729349	492178.419552	7.424766e-01	12	37	492179.038767	1
133	7	44	46	bathroom	sun_apmqjbnwghzuhhzh.tif	492179.814750	492180.073339	492180.763485	8.342434e-01	36	none	NaN	NaN
133	7	45	58	bathroom	sun_axxbkopsgyouuebh.tif	492181.533122	492181.791713	492182.481842	8.259010e-01	48	none	NaN	NaN
133	7	46	35	bathroom	sun_alotolagknyrgtsk.tif	492183.251492	492183.510086	492184.200503	8.425858e-01	25	none	NaN	NaN
133	7	47	26	bathroom	sun_ahaulkltgpkeeemi.tif	492184.969867	492185.228450	492185.918709	8.092161e-01	16	none	NaN	NaN
133	7	48	29	bathroom	sun_ahqjwnzgolcaoidx.tif	492186.688235	492186.946826	492187.637078	6.673947e-01	19	none	NaN	NaN
133	7	49	32	bathroom	sun_aleqenyvunhactkl.tif	492188.406606	492188.665199	492189.355315	7.591615e-01	22	none	NaN	NaN
133	7	50	15	bathroom	sun_abjtwfukuwddzted.tif	492190.124975	492190.383567	492191.073900	6.590523e-01	5	none	NaN	NaN
133	7	51	16	bathroom	sun_acduarbnmmoglmiv.tif	492191.843348	492192.101935	492192.792215	7.174493e-01	6	none	NaN	NaN
133	7	52	53	bathroom	sun_ausgutylgojavyoq.tif	492193.561715	492193.820303	492194.510504	8.342434e-01	43	none	NaN	NaN
133	7	53	23	bathroom	sun_aghyqhbptboemmoq.tif	492195.280085	492195.538676	492196.228857	7.758464e-01	13	none	NaN	NaN
133	7	54	17	bathroom	sun_acegryoqftbzowsg.tif	492196.998460	492197.257044	492197.947341	6.673947e-01	7	none	NaN	NaN
133	7	55	32	bathroom	sun_aleqenyvunhactkl.tif	492198.716830	492198.975422	492199.665725	8.425858e-01	22	37	492200.366821	1
133	7	56	37	bathroom	sun_amzlamotzwfkwjco.tif	492201.144232	492201.402825	492202.093093	8.092161e-01	27	none	NaN	NaN
133	7	57	59	bathroom	sun_axyrejkiiaqiurjk.tif	492202.862602	492203.121197	492203.811472	7.508191e-01	49	39	492204.662820	1
133	7	58	41	bathroom	sun_aoybiabnpadelefl.tif	492205.440164	492205.698750	492206.388947	7.007645e-01	31	none	NaN	NaN
133	7	59	26	bathroom	sun_ahaulkltgpkeeemi.tif	492207.158533	492207.417122	492208.107447	8.092161e-01	16	none	NaN	NaN
133	7	60	55	bathroom	sun_avhrdrntsqrjzccq.tif	492208.876900	492209.135489	492209.825775	6.757372e-01	45	none	NaN	NaN
133	7	61	40	bathroom	sun_aofnryafpsjimzsb.tif	492210.595271	492210.853863	492211.544083	7.341342e-01	30	none	NaN	NaN
133	7	62	33	bathroom	sun_aljolscmmzydegqp.tif	492212.313644	492212.572237	492213.262470	6.924220e-01	23	none	NaN	NaN
133	7	63	24	bathroom	sun_agrwbmhcpmfuwmsg.tif	492214.032018	492214.290605	492214.980716	7.591615e-01	14	none	NaN	NaN
133	7	64	39	bathroom	sun_anryaplzeujmzfkd.tif	492215.750383	492216.008972	492216.699205	8.509283e-01	29	none	NaN	NaN
133	7	65	38	bathroom	sun_anhioqovhscjqqwb.tif	492217.468757	492217.727343	492218.417575	6.590523e-01	28	none	NaN	NaN
133	7	66	15	bathroom	sun_abjtwfukuwddzted.tif	492219.187127	492219.445719	492220.135983	6.757372e-01	5	none	NaN	NaN
133	7	67	42	bathroom	sun_apeeialkgkuxddgh.tif	492220.905495	492221.164085	492221.854372	7.841888e-01	32	none	NaN	NaN
133	7	68	11	bathroom	labelme_sfxiulhjbhlyiyt.tif	492222.623864	492222.882456	492223.572728	8.509283e-01	1	none	NaN	NaN
133	7	69	12	bathroom	sun_aapitsgbtktqubfy.tif	492224.342235	492224.600828	492225.291116	6.840796e-01	2	none	NaN	NaN
133	7	70	43	bathroom	sun_apjevzvycyhuqghb.tif	492226.060612	492226.319193	492227.009369	7.257918e-01	33	none	NaN	NaN
133	7	71	47	bathroom	sun_apynckhmoftszqoq.tif	492227.778977	492228.037568	492228.727716	8.008737e-01	37	37	492229.390802	1
133	7	72	34	bathroom	sun_alkosphxlxwjwgjd.tif	492230.164677	492230.423267	492231.113585	7.591615e-01	24	none	NaN	NaN
133	7	73	30	bathroom	sun_ajlawzvmubibwbpy.tif	492231.883045	492232.141637	492232.831748	7.174493e-01	20	none	NaN	NaN
133	7	74	56	bathroom	sun_awnqiikzaispgmwo.tif	492233.601413	492233.860006	492234.550167	6.590523e-01	46	none	NaN	NaN
133	7	75	36	bathroom	sun_ambriybtogmepttm.tif	492235.319788	492235.578376	492236.268484	8.175585e-01	26	none	NaN	NaN
133	7	76	46	bathroom	sun_apmqjbnwghzuhhzh.tif	492237.038160	492237.296750	492237.987058	6.673947e-01	36	none	NaN	NaN
133	7	77	14	bathroom	sun_abapwbhyhkfixyex.tif	492238.756531	492239.015118	492239.705256	7.758464e-01	4	none	NaN	NaN
133	7	78	19	bathroom	sun_aclfzgynxzxlbepz.tif	492240.474901	492240.733489	492241.423701	6.924220e-01	9	none	NaN	NaN
133	7	79	25	bathroom	sun_agyqfjcfkdcydepw.tif	492242.193269	492242.451863	492243.142039	7.007645e-01	15	none	NaN	NaN
133	7	80	13	bathroom	sun_aavhrsfjbserjtht.tif	492243.911634	492244.170230	492244.860408	7.257918e-01	3	none	NaN	NaN
133	7	81	60	bathroom	sun_azqyogdvyhahyram.tif	492245.630012	492245.888600	492246.578870	7.424766e-01	50	none	NaN	NaN
133	7	82	50	bathroom	sun_aspsyogrekjtfozg.tif	492247.348383	492247.606972	492248.297135	6.507099e-01	40	39	492249.334914	1
133	7	83	22	bathroom	sun_agguqiubmwhqqunb.tif	492250.109449	492250.368042	492251.058315	6.590523e-01	12	none	NaN	NaN
133	7	84	20	bathroom	sun_afcoljnjfoxjtgja.tif	492251.827824	492252.086411	492252.776645	8.259010e-01	10	none	NaN	NaN
133	7	85	18	bathroom	sun_acgyywnybuveqsro.tif	492253.546196	492253.804784	492254.495087	6.757372e-01	8	none	NaN	NaN
133	7	86	58	bathroom	sun_axxbkopsgyouuebh.tif	492255.264564	492255.523151	492256.213333	7.758464e-01	48	none	NaN	NaN
133	7	87	35	bathroom	sun_alotolagknyrgtsk.tif	492256.982936	492257.241524	492257.931620	7.257918e-01	25	none	NaN	NaN
133	7	88	44	bathroom	sun_apkruvsevgegsdwp.tif	492258.701306	492258.959896	492259.650185	7.007645e-01	34	none	NaN	NaN
133	7	89	48	bathroom	sun_aqrpegblszgcoujh.tif	492260.419675	492260.678270	492261.368457	7.841888e-01	38	none	NaN	NaN
133	7	90	45	bathroom	sun_apkxzenqapsujocq.tif	492262.138043	492262.396635	492263.086869	7.841888e-01	35	none	NaN	NaN
133	7	91	57	bathroom	sun_axldvoqbuvuggfmq.tif	492263.856420	492264.115010	492264.805296	7.091069e-01	47	39	492265.582730	1
133	7	92	51	bathroom	sun_atstyziqcmkahyxk.tif	492266.358901	492266.617486	492267.307764	7.174493e-01	41	none	NaN	NaN
133	7	93	31	bathroom	sun_akiytfaagpdsphgz.tif	492268.077270	492268.335859	492269.026079	7.925312e-01	21	none	NaN	NaN
133	7	94	29	bathroom	sun_ahqjwnzgolcaoidx.tif	492269.795640	492270.054230	492270.744391	8.259010e-01	19	none	NaN	NaN
133	7	95	54	bathroom	sun_auzqhkafidnkrwmo.tif	492271.514008	492271.772596	492272.462818	8.425858e-01	44	37	492273.054855	1
133	7	96	49	bathroom	sun_asfwthctfqerjvxr.tif	492273.832975	492274.091567	492274.781739	7.758464e-01	39	none	NaN	NaN
133	7	97	52	bathroom	sun_aunuadmjocsddsrl.tif	492275.551346	492275.809934	492276.500270	7.675039e-01	42	none	NaN	NaN
133	7	98	28	bathroom	sun_ahijqszoswveeyji.tif	492277.269720	492277.528304	492278.218519	6.840796e-01	18	none	NaN	NaN
133	7	99	21	bathroom	sun_aggnnqpdorgxpvce.tif	492278.988082	492279.246673	492279.936956	7.091069e-01	11	37	492280.510545	1
133	7	100	27	bathroom	sun_ahcvzmoyaycdoftf.tif	492281.282025	492281.540617	492282.230924	7.675039e-01	17	none	NaN	NaN
133	8	1	66	kitchen	sun_aapllqyqlykszopd.tif	492290.958292	492291.216881	492291.898677	6.757372e-01	56	none	NaN	NaN
133	8	2	91	kitchen	sun_ahljzhgcdpomplvg.tif	492292.668319	492292.926909	492293.608884	7.591615e-01	81	37	492294.510915	1
133	8	3	104	kitchen	sun_auticobqsbwgoppi.tif	492295.287581	492295.546163	492296.228120	8.509283e-01	94	none	NaN	NaN
133	8	4	109	kitchen	sun_aypmqwcualkenuoe.tif	492296.997611	492297.256203	492297.938039	7.758464e-01	99	none	NaN	NaN
133	8	5	81	kitchen	sun_aehawpgmrlhlvcow.tif	492298.707641	492298.966230	492299.648215	7.091069e-01	71	37	492300.406851	1
133	8	6	101	kitchen	sun_aqeaevwwwjoqhzvl.tif	492301.185100	492301.443681	492302.125478	7.257918e-01	91	none	NaN	NaN
133	8	7	85	kitchen	sun_afuyedyxivkhecmu.tif	492302.895127	492303.153712	492303.835535	8.175585e-01	75	none	NaN	NaN
133	8	8	83	kitchen	sun_aeqdocilnnpuvuhx.tif	492304.605148	492304.863740	492305.545705	6.924220e-01	73	none	NaN	NaN
133	8	9	80	kitchen	sun_aegoxogugdkwpmpj.tif	492306.315182	492306.573775	492307.255810	8.092161e-01	70	none	NaN	NaN
133	8	10	86	kitchen	sun_aggjlwcdjsjcaemh.tif	492308.025215	492308.283802	492308.965670	6.673947e-01	76	39	492310.078822	1
133	8	11	65	kitchen	sun_aamedkxepzlwuxes.tif	492310.853013	492311.111603	492311.793587	7.007645e-01	55	none	NaN	NaN
133	8	12	98	kitchen	sun_akchetnepxlcxhsu.tif	492312.563038	492312.821636	492313.503566	7.007645e-01	88	none	NaN	NaN
133	8	13	77	kitchen	sun_acxkpeoqbwcxfvip.tif	492314.273073	492314.531665	492315.213603	8.008737e-01	67	none	NaN	NaN
133	8	14	96	kitchen	sun_ajcbwwvdlsvjyzje.tif	492315.983102	492316.241693	492316.923547	8.259010e-01	86	none	NaN	NaN
133	8	15	84	kitchen	sun_aexklacwqwezaorf.tif	492317.693132	492317.951722	492318.633559	7.257918e-01	74	39	492319.998744	1
133	8	16	79	kitchen	sun_admlmbcdswaszruo.tif	492320.771184	492321.029774	492321.711652	7.508191e-01	69	none	NaN	NaN
133	8	17	89	kitchen	sun_agzzivivdpnawacl.tif	492322.481213	492322.739806	492323.421658	8.425858e-01	79	37	492324.366892	1
133	8	18	92	kitchen	sun_ahpczsiumwwocjkv.tif	492325.142182	492325.400765	492326.082701	8.425858e-01	82	none	NaN	NaN
133	8	19	93	kitchen	sun_ahspylgoovwmwvgk.tif	492326.852212	492327.110803	492327.792597	7.758464e-01	83	39	492328.710941	1
133	8	20	87	kitchen	sun_agorklincwxrdtga.tif	492329.488157	492329.746750	492330.428529	7.841888e-01	77	37	492331.110930	1
133	8	21	68	kitchen	sun_aaxxjlsuzvqlgylf.tif	492331.882202	492332.140788	492332.822623	6.840796e-01	58	none	NaN	NaN
133	8	22	76	kitchen	sun_acwjdupvyjsugpay.tif	492333.592227	492333.850814	492334.532790	6.590523e-01	66	none	NaN	NaN
133	8	23	67	kitchen	sun_aarfiyshqohlwkmo.tif	492335.302256	492335.560846	492336.242702	6.590523e-01	57	none	NaN	NaN
133	8	24	97	kitchen	sun_ajkqhtgcbgpcwrwn.tif	492337.012280	492337.270874	492337.952759	7.508191e-01	87	none	NaN	NaN
133	8	25	110	kitchen	sun_azmutvzbxypaceni.tif	492338.722313	492338.980908	492339.662890	7.174493e-01	100	none	NaN	NaN
133	8	26	105	kitchen	sun_avszsnwsbuqfgzbn.tif	492340.432361	492340.690935	492341.372820	7.841888e-01	95	none	NaN	NaN
133	8	27	70	kitchen	sun_abdxkyyxwfskuaqb.tif	492342.142340	492342.400960	492343.082824	8.509283e-01	60	none	NaN	NaN
133	8	28	69	kitchen	sun_abdenxonkemggwsq.tif	492343.852399	492344.110937	492344.792803	7.508191e-01	59	none	NaN	NaN
133	8	29	64	kitchen	sun_aadbddgrdsjugojn.tif	492345.562436	492345.821018	492346.502822	8.425858e-01	54	none	NaN	NaN
133	8	30	72	kitchen	sun_abpwyqmlzafvklqo.tif	492347.272458	492347.531046	492348.212995	7.675039e-01	62	none	NaN	NaN
133	8	31	71	kitchen	sun_abftihopvusyfakt.tif	492348.982488	492349.241076	492349.922835	7.591615e-01	61	none	NaN	NaN
133	8	32	108	kitchen	sun_aymvwlarqodbwuoc.tif	492350.692518	492350.951104	492351.632965	8.342434e-01	98	none	NaN	NaN
133	8	33	102	kitchen	sun_auaiucuqpdausiva.tif	492352.402548	492352.661141	492353.343094	7.341342e-01	92	none	NaN	NaN
133	8	34	75	kitchen	sun_acgtpgfybqjmzeyw.tif	492354.112574	492354.371162	492355.053117	7.925312e-01	65	none	NaN	NaN
133	8	35	100	kitchen	sun_amjjdeyrggfqgmom.tif	492355.822604	492356.081197	492356.763183	8.259010e-01	90	none	NaN	NaN
133	8	36	74	kitchen	sun_acfmftudsenhrfhy.tif	492357.532630	492357.791225	492358.473184	7.675039e-01	64	none	NaN	NaN
133	8	37	73	kitchen	sun_abrcnpqqhmjwekyf.tif	492359.242662	492359.501252	492360.183108	8.008737e-01	63	none	NaN	NaN
133	8	38	94	kitchen	sun_ahywdevtimnqcsln.tif	492360.952691	492361.211283	492361.893097	8.175585e-01	84	none	NaN	NaN
133	8	39	106	kitchen	sun_awcpdzzznmweyyhv.tif	492362.662719	492362.921308	492363.603207	6.924220e-01	96	none	NaN	NaN
133	8	40	103	kitchen	sun_aunzlwrbjumxhwdj.tif	492364.372747	492364.631342	492365.313124	7.174493e-01	93	none	NaN	NaN
133	8	41	99	kitchen	sun_akcjzhbbjlbogpdi.tif	492366.082777	492366.341371	492367.023360	7.424766e-01	89	none	NaN	NaN
133	8	42	63	kitchen	labelme_rykdqxenmhulbdn.tif	492367.792805	492368.051402	492368.733266	8.259010e-01	53	none	NaN	NaN
133	8	43	61	kitchen	labelme_brsyyvweiuaazfr.tif	492369.502832	492369.761424	492370.443390	7.508191e-01	51	none	NaN	NaN
133	8	44	88	kitchen	sun_agubuxuukhzyzpdp.tif	492371.212868	492371.471453	492372.153335	7.591615e-01	78	none	NaN	NaN
133	8	45	95	kitchen	sun_aixorpehvfykdynp.tif	492372.922895	492373.181486	492373.863473	7.091069e-01	85	none	NaN	NaN
133	8	46	62	kitchen	labelme_kxvouciolcpqplr.tif	492374.632924	492374.891511	492375.573275	7.841888e-01	52	none	NaN	NaN
133	8	47	78	kitchen	sun_adgqasybjyktddhj.tif	492376.342950	492376.601539	492377.283364	8.425858e-01	68	none	NaN	NaN
133	8	48	82	kitchen	sun_aenotlpyftoioydp.tif	492378.052977	492378.311572	492378.993397	6.757372e-01	72	37	492379.599012	1
133	8	49	90	kitchen	sun_ahdycvpopffkzzsu.tif	492380.371949	492380.630535	492381.312424	7.424766e-01	80	none	NaN	NaN
133	8	50	107	kitchen	sun_axyyrmzcupyhlivc.tif	492382.081977	492382.340564	492383.022340	6.840796e-01	97	none	NaN	NaN
133	8	51	109	kitchen	sun_aypmqwcualkenuoe.tif	492383.792006	492384.050594	492384.732465	7.758464e-01	99	none	NaN	NaN
133	8	52	75	kitchen	sun_acgtpgfybqjmzeyw.tif	492385.502032	492385.760622	492386.442598	7.174493e-01	65	none	NaN	NaN
133	8	53	76	kitchen	sun_acwjdupvyjsugpay.tif	492387.212063	492387.470654	492388.152480	6.757372e-01	66	none	NaN	NaN
133	8	54	66	kitchen	sun_aapllqyqlykszopd.tif	492388.922087	492389.180680	492389.862647	6.507099e-01	56	none	NaN	NaN
133	8	55	107	kitchen	sun_axyyrmzcupyhlivc.tif	492390.632120	492390.890706	492391.572631	7.007645e-01	97	37	492392.270953	1
133	8	56	64	kitchen	sun_aadbddgrdsjugojn.tif	492393.042860	492393.301435	492393.983369	8.259010e-01	54	37	492394.510817	1
133	8	57	101	kitchen	sun_aqeaevwwwjoqhzvl.tif	492395.286732	492395.545324	492396.227252	6.924220e-01	91	none	NaN	NaN
133	8	58	79	kitchen	sun_admlmbcdswaszruo.tif	492396.996762	492397.255352	492397.937335	7.257918e-01	69	none	NaN	NaN
133	8	59	61	kitchen	labelme_brsyyvweiuaazfr.tif	492398.706793	492398.965382	492399.647320	7.591615e-01	51	none	NaN	NaN
133	8	60	92	kitchen	sun_ahpczsiumwwocjkv.tif	492400.416826	492400.675416	492401.357166	7.591615e-01	82	none	NaN	NaN
133	8	61	63	kitchen	labelme_rykdqxenmhulbdn.tif	492402.126851	492402.385442	492403.067221	7.341342e-01	53	none	NaN	NaN
133	8	62	93	kitchen	sun_ahspylgoovwmwvgk.tif	492403.836882	492404.095468	492404.777301	7.257918e-01	83	none	NaN	NaN
133	8	63	106	kitchen	sun_awcpdzzznmweyyhv.tif	492405.546909	492405.805495	492406.487359	6.924220e-01	96	none	NaN	NaN
133	8	64	83	kitchen	sun_aeqdocilnnpuvuhx.tif	492407.256933	492407.515525	492408.197410	6.840796e-01	73	none	NaN	NaN
133	8	65	70	kitchen	sun_abdxkyyxwfskuaqb.tif	492408.966965	492409.225555	492409.907325	7.007645e-01	60	none	NaN	NaN
133	8	66	84	kitchen	sun_aexklacwqwezaorf.tif	492410.676990	492410.935583	492411.617571	7.758464e-01	74	none	NaN	NaN
133	8	67	78	kitchen	sun_adgqasybjyktddhj.tif	492412.387023	492412.645611	492413.327480	7.925312e-01	68	none	NaN	NaN
133	8	68	77	kitchen	sun_acxkpeoqbwcxfvip.tif	492414.097055	492414.355640	492415.037504	7.841888e-01	67	none	NaN	NaN
133	8	69	74	kitchen	sun_acfmftudsenhrfhy.tif	492415.807084	492416.065669	492416.747520	8.092161e-01	64	none	NaN	NaN
133	8	70	94	kitchen	sun_ahywdevtimnqcsln.tif	492417.517108	492417.775701	492418.457470	7.091069e-01	84	39	492419.295032	1
133	8	71	95	kitchen	sun_aixorpehvfykdynp.tif	492420.069640	492420.328233	492421.010236	6.673947e-01	85	39	492422.062999	1
133	8	72	73	kitchen	sun_abrcnpqqhmjwekyf.tif	492422.839051	492423.097643	492423.779511	8.008737e-01	63	37	492424.550953	1
133	8	73	88	kitchen	sun_agubuxuukhzyzpdp.tif	492425.324850	492425.583442	492426.265189	8.175585e-01	78	none	NaN	NaN
133	8	74	98	kitchen	sun_akchetnepxlcxhsu.tif	492427.034883	492427.293470	492427.975439	8.008737e-01	88	none	NaN	NaN
133	8	75	80	kitchen	sun_aegoxogugdkwpmpj.tif	492428.744910	492429.003498	492429.685412	6.673947e-01	70	39	492430.406922	1
133	8	76	65	kitchen	sun_aamedkxepzlwuxes.tif	492431.180660	492431.439250	492432.121162	7.675039e-01	55	none	NaN	NaN
133	8	77	103	kitchen	sun_aunzlwrbjumxhwdj.tif	492432.890687	492433.149279	492433.831196	7.424766e-01	93	none	NaN	NaN
133	8	78	86	kitchen	sun_aggjlwcdjsjcaemh.tif	492434.600718	492434.859305	492435.541091	8.092161e-01	76	none	NaN	NaN
133	8	79	71	kitchen	sun_abftihopvusyfakt.tif	492436.310747	492436.569336	492437.251225	7.424766e-01	61	none	NaN	NaN
133	8	80	81	kitchen	sun_aehawpgmrlhlvcow.tif	492438.020774	492438.279362	492438.961254	8.342434e-01	71	none	NaN	NaN
133	8	81	96	kitchen	sun_ajcbwwvdlsvjyzje.tif	492439.730805	492439.989394	492440.671178	6.590523e-01	86	none	NaN	NaN
133	8	82	102	kitchen	sun_auaiucuqpdausiva.tif	492441.440830	492441.699420	492442.381180	6.924220e-01	92	none	NaN	NaN
133	8	83	62	kitchen	labelme_kxvouciolcpqplr.tif	492443.150859	492443.409445	492444.091410	7.341342e-01	52	none	NaN	NaN
133	8	84	108	kitchen	sun_aymvwlarqodbwuoc.tif	492444.860889	492445.119479	492445.801312	6.590523e-01	98	none	NaN	NaN
133	8	85	72	kitchen	sun_abpwyqmlzafvklqo.tif	492446.570918	492446.829507	492447.511469	8.175585e-01	62	none	NaN	NaN
133	8	86	87	kitchen	sun_agorklincwxrdtga.tif	492448.280947	492448.539536	492449.221289	7.341342e-01	77	none	NaN	NaN
133	8	87	90	kitchen	sun_ahdycvpopffkzzsu.tif	492449.990977	492450.249570	492450.931511	7.925312e-01	80	none	NaN	NaN
133	8	88	82	kitchen	sun_aenotlpyftoioydp.tif	492451.701007	492451.959593	492452.641517	6.840796e-01	72	none	NaN	NaN
133	8	89	100	kitchen	sun_amjjdeyrggfqgmom.tif	492453.411035	492453.669619	492454.351417	7.174493e-01	90	39	492455.127071	1
133	8	90	67	kitchen	sun_aarfiyshqohlwkmo.tif	492455.905169	492456.163752	492456.845701	7.091069e-01	57	none	NaN	NaN
133	8	91	104	kitchen	sun_auticobqsbwgoppi.tif	492457.615201	492457.873791	492458.555661	8.092161e-01	94	none	NaN	NaN
133	8	92	110	kitchen	sun_azmutvzbxypaceni.tif	492459.325230	492459.583823	492460.265664	7.675039e-01	100	none	NaN	NaN
133	8	93	105	kitchen	sun_avszsnwsbuqfgzbn.tif	492461.035261	492461.293852	492461.975636	8.175585e-01	95	none	NaN	NaN
133	8	94	97	kitchen	sun_ajkqhtgcbgpcwrwn.tif	492462.745286	492463.003876	492463.685711	8.342434e-01	87	none	NaN	NaN
133	8	95	85	kitchen	sun_afuyedyxivkhecmu.tif	492464.455322	492464.713903	492465.395740	8.342434e-01	75	none	NaN	NaN
133	8	96	89	kitchen	sun_agzzivivdpnawacl.tif	492466.165349	492466.423933	492467.105718	7.925312e-01	79	none	NaN	NaN
133	8	97	91	kitchen	sun_ahljzhgcdpomplvg.tif	492467.875367	492468.133970	492468.815856	6.673947e-01	81	none	NaN	NaN
133	8	98	99	kitchen	sun_akcjzhbbjlbogpdi.tif	492469.585402	492469.843994	492470.525946	6.507099e-01	89	none	NaN	NaN
133	8	99	68	kitchen	sun_aaxxjlsuzvqlgylf.tif	492471.295433	492471.554022	492472.235943	6.757372e-01	58	none	NaN	NaN
133	8	100	69	kitchen	sun_abdenxonkemggwsq.tif	492473.005463	492473.264051	492473.945849	6.507099e-01	59	none	NaN	NaN
133	9	1	11	bathroom	labelme_sfxiulhjbhlyiyt.tif	492480.204266	492480.462853	492481.111357	7.758464e-01	1	none	NaN	NaN
133	9	2	24	bathroom	sun_agrwbmhcpmfuwmsg.tif	492481.880926	492482.139516	492482.788114	8.509283e-01	14	none	NaN	NaN
133	9	3	60	bathroom	sun_azqyogdvyhahyram.tif	492483.557592	492483.816180	492484.464604	7.007645e-01	50	none	NaN	NaN
133	9	4	19	bathroom	sun_aclfzgynxzxlbepz.tif	492485.234253	492485.492841	492486.141339	7.925312e-01	9	none	NaN	NaN
133	9	5	14	bathroom	sun_abapwbhyhkfixyex.tif	492486.910913	492487.169504	492487.817900	8.175585e-01	4	none	NaN	NaN
133	9	6	15	bathroom	sun_abjtwfukuwddzted.tif	492488.587579	492488.846174	492489.494556	6.924220e-01	5	39	492490.327046	1
133	9	7	21	bathroom	sun_aggnnqpdorgxpvce.tif	492491.098210	492491.348471	492492.005394	7.508191e-01	11	none	NaN	NaN
133	9	8	38	bathroom	sun_anhioqovhscjqqwb.tif	492492.766718	492493.025311	492493.673928	6.507099e-01	28	none	NaN	NaN
133	9	9	44	bathroom	sun_apkruvsevgegsdwp.tif	492494.443385	492494.701971	492495.350551	6.590523e-01	34	none	NaN	NaN
133	9	10	56	bathroom	sun_awnqiikzaispgmwo.tif	492496.120049	492496.378639	492497.027262	6.590523e-01	46	none	NaN	NaN
133	9	11	16	bathroom	sun_acduarbnmmoglmiv.tif	492497.796704	492498.055300	492498.703695	8.259010e-01	6	none	NaN	NaN
133	9	12	45	bathroom	sun_apkxzenqapsujocq.tif	492499.473369	492499.731960	492500.381194	8.008737e-01	35	none	NaN	NaN
133	9	13	18	bathroom	sun_acgyywnybuveqsro.tif	492501.150038	492501.408647	492502.057127	8.425858e-01	8	none	NaN	NaN
133	9	14	20	bathroom	sun_afcoljnjfoxjtgja.tif	492502.826697	492503.085290	492503.733904	7.758464e-01	10	37	492504.655024	1
133	9	15	49	bathroom	sun_asfwthctfqerjvxr.tif	492505.429272	492505.687868	492506.336337	8.092161e-01	39	none	NaN	NaN
133	9	16	31	bathroom	sun_akiytfaagpdsphgz.tif	492507.105939	492507.364529	492508.012926	7.591615e-01	21	none	NaN	NaN
133	9	17	17	bathroom	sun_acegryoqftbzowsg.tif	492508.782604	492509.041192	492509.689793	7.424766e-01	7	none	NaN	NaN
133	9	18	54	bathroom	sun_auzqhkafidnkrwmo.tif	492510.459264	492510.717852	492511.366434	8.509283e-01	44	none	NaN	NaN
133	9	19	50	bathroom	sun_aspsyogrekjtfozg.tif	492512.135926	492512.394513	492513.043136	8.175585e-01	40	none	NaN	NaN
133	9	20	34	bathroom	sun_alkosphxlxwjwgjd.tif	492513.812591	492514.071179	492514.719599	7.341342e-01	24	37	492515.407100	1
133	9	21	53	bathroom	sun_ausgutylgojavyoq.tif	492516.181601	492516.440193	492517.088714	6.840796e-01	43	none	NaN	NaN
133	9	22	13	bathroom	sun_aavhrsfjbserjtht.tif	492517.858265	492518.116856	492518.765371	6.673947e-01	3	none	NaN	NaN
133	9	23	52	bathroom	sun_aunuadmjocsddsrl.tif	492519.534930	492519.793521	492520.442019	6.507099e-01	42	none	NaN	NaN
133	9	24	12	bathroom	sun_aapitsgbtktqubfy.tif	492521.211593	492521.470181	492522.118621	7.591615e-01	2	none	NaN	NaN
133	9	25	39	bathroom	sun_anryaplzeujmzfkd.tif	492522.888252	492523.146847	492523.795386	7.341342e-01	29	none	NaN	NaN
133	9	26	29	bathroom	sun_ahqjwnzgolcaoidx.tif	492524.564918	492524.823509	492525.472248	7.091069e-01	19	none	NaN	NaN
133	9	27	26	bathroom	sun_ahaulkltgpkeeemi.tif	492526.241579	492526.500170	492527.148597	6.673947e-01	16	37	492527.718786	1
133	9	28	51	bathroom	sun_atstyziqcmkahyxk.tif	492528.493811	492528.752404	492529.400795	7.091069e-01	41	none	NaN	NaN
133	9	29	41	bathroom	sun_aoybiabnpadelefl.tif	492530.170475	492530.429059	492531.077693	7.841888e-01	31	none	NaN	NaN
133	9	30	28	bathroom	sun_ahijqszoswveeyji.tif	492531.847138	492532.105726	492532.754183	7.424766e-01	18	none	NaN	NaN
133	9	31	57	bathroom	sun_axldvoqbuvuggfmq.tif	492533.523801	492533.782383	492534.430864	7.925312e-01	47	none	NaN	NaN
133	9	32	32	bathroom	sun_aleqenyvunhactkl.tif	492535.200456	492535.459048	492536.107510	6.924220e-01	22	39	492536.975107	1
133	9	33	25	bathroom	sun_agyqfjcfkdcydepw.tif	492537.752993	492538.011579	492538.660207	8.008737e-01	15	none	NaN	NaN
133	9	34	30	bathroom	sun_ajlawzvmubibwbpy.tif	492539.429655	492539.688243	492540.336702	8.259010e-01	20	none	NaN	NaN
133	9	35	58	bathroom	sun_axxbkopsgyouuebh.tif	492541.106319	492541.364907	492542.013289	7.508191e-01	48	none	NaN	NaN
133	9	36	48	bathroom	sun_aqrpegblszgcoujh.tif	492542.782983	492543.041569	492543.690124	7.675039e-01	38	none	NaN	NaN
133	9	37	36	bathroom	sun_ambriybtogmepttm.tif	492544.459644	492544.718231	492545.366743	8.175585e-01	26	none	NaN	NaN
133	9	38	33	bathroom	sun_aljolscmmzydegqp.tif	492546.136302	492546.394898	492547.043440	7.675039e-01	23	none	NaN	NaN
133	9	39	42	bathroom	sun_apeeialkgkuxddgh.tif	492547.812970	492548.071554	492548.720101	7.841888e-01	32	none	NaN	NaN
133	9	40	55	bathroom	sun_avhrdrntsqrjzccq.tif	492549.489633	492549.748218	492550.396760	6.757372e-01	45	37	492551.046937	1
133	9	41	46	bathroom	sun_apmqjbnwghzuhhzh.tif	492551.825273	492552.083859	492552.732433	6.840796e-01	36	none	NaN	NaN
133	9	42	22	bathroom	sun_agguqiubmwhqqunb.tif	492553.501943	492553.760530	492554.409062	6.590523e-01	12	none	NaN	NaN
133	9	43	27	bathroom	sun_ahcvzmoyaycdoftf.tif	492555.178606	492555.437193	492556.085831	6.757372e-01	17	none	NaN	NaN
133	9	44	47	bathroom	sun_apynckhmoftszqoq.tif	492556.855267	492557.113853	492557.762429	6.840796e-01	37	none	NaN	NaN
133	9	45	59	bathroom	sun_axyrejkiiaqiurjk.tif	492558.531930	492558.790518	492559.439130	7.424766e-01	49	none	NaN	NaN
133	9	46	35	bathroom	sun_alotolagknyrgtsk.tif	492560.208594	492560.467178	492561.115715	6.673947e-01	25	37	492561.782779	1
133	9	47	40	bathroom	sun_aofnryafpsjimzsb.tif	492562.560922	492562.819508	492563.467976	7.091069e-01	30	39	492564.439150	1
133	9	48	23	bathroom	sun_aghyqhbptboemmoq.tif	492565.213549	492565.472141	492566.120701	7.841888e-01	13	none	NaN	NaN
133	9	49	43	bathroom	sun_apjevzvycyhuqghb.tif	492566.890216	492567.148807	492567.797260	6.673947e-01	33	none	NaN	NaN
133	9	50	37	bathroom	sun_amzlamotzwfkwjco.tif	492568.566875	492568.825470	492569.474018	8.092161e-01	27	none	NaN	NaN
133	9	51	26	bathroom	sun_ahaulkltgpkeeemi.tif	492570.243540	492570.502128	492571.150607	7.591615e-01	16	none	NaN	NaN
133	9	52	56	bathroom	sun_awnqiikzaispgmwo.tif	492571.920206	492572.178793	492572.827264	8.008737e-01	46	none	NaN	NaN
133	9	53	15	bathroom	sun_abjtwfukuwddzted.tif	492573.596865	492573.855455	492574.504077	8.092161e-01	5	39	492575.311054	1
133	9	54	14	bathroom	sun_abapwbhyhkfixyex.tif	492576.082662	492576.341249	492576.989751	7.925312e-01	4	none	NaN	NaN
133	9	55	58	bathroom	sun_axxbkopsgyouuebh.tif	492577.759325	492578.017921	492578.666315	7.257918e-01	48	none	NaN	NaN
133	9	56	53	bathroom	sun_ausgutylgojavyoq.tif	492579.435984	492579.694579	492580.343160	7.591615e-01	43	none	NaN	NaN
133	9	57	50	bathroom	sun_aspsyogrekjtfozg.tif	492581.112651	492581.371239	492582.019781	8.425858e-01	40	none	NaN	NaN
133	9	58	19	bathroom	sun_aclfzgynxzxlbepz.tif	492582.789317	492583.047902	492583.696326	8.342434e-01	9	none	NaN	NaN
133	9	59	46	bathroom	sun_apmqjbnwghzuhhzh.tif	492584.465977	492584.724562	492585.373182	7.675039e-01	36	none	NaN	NaN
133	9	60	18	bathroom	sun_acgyywnybuveqsro.tif	492586.142636	492586.401221	492587.049831	7.007645e-01	8	none	NaN	NaN
133	9	61	16	bathroom	sun_acduarbnmmoglmiv.tif	492587.819296	492588.077887	492588.726408	7.925312e-01	6	none	NaN	NaN
133	9	62	49	bathroom	sun_asfwthctfqerjvxr.tif	492589.495960	492589.754557	492590.403064	7.257918e-01	39	none	NaN	NaN
133	9	63	28	bathroom	sun_ahijqszoswveeyji.tif	492591.172623	492591.431207	492592.079750	7.508191e-01	18	none	NaN	NaN
133	9	64	33	bathroom	sun_aljolscmmzydegqp.tif	492592.849286	492593.107873	492593.756382	8.342434e-01	23	none	NaN	NaN
133	9	65	34	bathroom	sun_alkosphxlxwjwgjd.tif	492594.525949	492594.784535	492595.433032	7.174493e-01	24	none	NaN	NaN
133	9	66	45	bathroom	sun_apkxzenqapsujocq.tif	492596.202609	492596.461202	492597.109670	7.341342e-01	35	none	NaN	NaN
133	9	67	35	bathroom	sun_alotolagknyrgtsk.tif	492597.879269	492598.137861	492598.786264	8.342434e-01	25	none	NaN	NaN
133	9	68	24	bathroom	sun_agrwbmhcpmfuwmsg.tif	492599.555932	492599.814523	492600.463044	8.425858e-01	14	none	NaN	NaN
133	9	69	52	bathroom	sun_aunuadmjocsddsrl.tif	492601.232599	492601.491185	492602.139598	7.257918e-01	42	none	NaN	NaN
133	9	70	43	bathroom	sun_apjevzvycyhuqghb.tif	492602.909260	492603.167846	492603.816394	7.174493e-01	33	none	NaN	NaN
133	9	71	29	bathroom	sun_ahqjwnzgolcaoidx.tif	492604.585919	492604.844512	492605.492934	7.174493e-01	19	none	NaN	NaN
133	9	72	20	bathroom	sun_afcoljnjfoxjtgja.tif	492606.262582	492606.521174	492607.169660	7.841888e-01	10	39	492607.935183	1
133	9	73	27	bathroom	sun_ahcvzmoyaycdoftf.tif	492608.706674	492608.965261	492609.613672	8.008737e-01	17	none	NaN	NaN
133	9	74	32	bathroom	sun_aleqenyvunhactkl.tif	492610.374998	492610.633583	492611.282109	8.175585e-01	22	none	NaN	NaN
133	9	75	37	bathroom	sun_amzlamotzwfkwjco.tif	492612.051661	492612.310249	492612.958728	8.342434e-01	27	none	NaN	NaN
133	9	76	40	bathroom	sun_aofnryafpsjimzsb.tif	492613.728317	492613.986903	492614.635414	7.007645e-01	30	none	NaN	NaN
133	9	77	30	bathroom	sun_ajlawzvmubibwbpy.tif	492615.404985	492615.663568	492616.312095	6.757372e-01	20	none	NaN	NaN
133	9	78	13	bathroom	sun_aavhrsfjbserjtht.tif	492617.081646	492617.340228	492617.988674	7.508191e-01	3	none	NaN	NaN
133	9	79	21	bathroom	sun_aggnnqpdorgxpvce.tif	492618.758307	492619.016896	492619.665310	6.924220e-01	11	none	NaN	NaN
133	9	80	54	bathroom	sun_auzqhkafidnkrwmo.tif	492620.434969	492620.693559	492621.342130	8.259010e-01	44	37	492621.959066	1
133	9	81	48	bathroom	sun_aqrpegblszgcoujh.tif	492622.737249	492622.995832	492623.644258	6.924220e-01	38	none	NaN	NaN
133	9	82	39	bathroom	sun_anryaplzeujmzfkd.tif	492624.413914	492624.672501	492625.321117	7.341342e-01	29	none	NaN	NaN
133	9	83	31	bathroom	sun_akiytfaagpdsphgz.tif	492626.090575	492626.349161	492626.997631	6.924220e-01	21	none	NaN	NaN
133	9	84	57	bathroom	sun_axldvoqbuvuggfmq.tif	492627.767235	492628.025826	492628.674370	6.590523e-01	47	none	NaN	NaN
133	9	85	51	bathroom	sun_atstyziqcmkahyxk.tif	492629.443898	492629.702489	492630.351054	7.257918e-01	41	none	NaN	NaN
133	9	86	42	bathroom	sun_apeeialkgkuxddgh.tif	492631.120563	492631.379153	492632.027780	7.758464e-01	32	37	492632.647347	0
133	9	87	38	bathroom	sun_anhioqovhscjqqwb.tif	492633.422842	492633.681435	492634.329826	7.591615e-01	28	none	NaN	NaN
133	9	88	47	bathroom	sun_apynckhmoftszqoq.tif	492635.099503	492635.358095	492636.006591	8.092161e-01	37	37	492636.559210	1
133	9	89	55	bathroom	sun_avhrdrntsqrjzccq.tif	492637.335054	492637.593644	492638.242157	7.424766e-01	45	none	NaN	NaN
133	9	90	12	bathroom	sun_aapitsgbtktqubfy.tif	492639.011720	492639.270304	492639.918863	7.174493e-01	2	none	NaN	NaN
133	9	91	11	bathroom	labelme_sfxiulhjbhlyiyt.tif	492640.688377	492640.946970	492641.595584	7.758464e-01	1	none	NaN	NaN
133	9	92	22	bathroom	sun_agguqiubmwhqqunb.tif	492642.365042	492642.623628	492643.272056	6.840796e-01	12	none	NaN	NaN
133	9	93	36	bathroom	sun_ambriybtogmepttm.tif	492644.041702	492644.300299	492644.948919	8.175585e-01	26	none	NaN	NaN
133	9	94	41	bathroom	sun_aoybiabnpadelefl.tif	492645.718366	492645.976960	492646.625567	8.425858e-01	31	none	NaN	NaN
133	9	95	60	bathroom	sun_azqyogdvyhahyram.tif	492647.395027	492647.653621	492648.302105	8.259010e-01	50	none	NaN	NaN
133	9	96	59	bathroom	sun_axyrejkiiaqiurjk.tif	492649.071695	492649.330284	492649.978810	6.507099e-01	49	39	492650.718879	1
133	9	97	17	bathroom	sun_acegryoqftbzowsg.tif	492651.490756	492651.749340	492652.397820	7.007645e-01	7	none	NaN	NaN
133	9	98	23	bathroom	sun_aghyqhbptboemmoq.tif	492653.167417	492653.426006	492654.074398	7.675039e-01	13	none	NaN	NaN
133	9	99	25	bathroom	sun_agyqfjcfkdcydepw.tif	492654.844083	492655.102668	492655.751288	6.757372e-01	15	none	NaN	NaN
133	9	100	44	bathroom	sun_apkruvsevgegsdwp.tif	492656.520742	492656.779336	492657.427801	7.091069e-01	34	39	492658.231182	1
133	10	1	73	kitchen	sun_abrcnpqqhmjwekyf.tif	492664.537027	492664.795613	492665.619380	8.175585e-01	63	none	NaN	NaN
133	10	2	62	kitchen	labelme_kxvouciolcpqplr.tif	492666.388862	492666.647452	492667.471055	7.257918e-01	52	none	NaN	NaN
133	10	3	99	kitchen	sun_akcjzhbbjlbogpdi.tif	492668.240699	492668.499286	492669.322967	8.008737e-01	89	none	NaN	NaN
133	10	4	70	kitchen	sun_abdxkyyxwfskuaqb.tif	492670.092533	492670.351124	492671.174897	7.758464e-01	60	37	492671.831103	1
133	10	5	95	kitchen	sun_aixorpehvfykdynp.tif	492672.603355	492672.861941	492673.685673	6.673947e-01	85	39	492674.351060	1
133	10	6	97	kitchen	sun_ajkqhtgcbgpcwrwn.tif	492675.122520	492675.381090	492676.204775	7.758464e-01	87	none	NaN	NaN
133	10	7	82	kitchen	sun_aenotlpyftoioydp.tif	492676.974361	492677.232944	492678.056690	7.091069e-01	72	none	NaN	NaN
133	10	8	110	kitchen	sun_azmutvzbxypaceni.tif	492678.826192	492679.084778	492679.908502	6.757372e-01	100	none	NaN	NaN
133	10	9	69	kitchen	sun_abdenxonkemggwsq.tif	492680.678025	492680.936616	492681.760189	6.507099e-01	59	none	NaN	NaN
133	10	10	67	kitchen	sun_aarfiyshqohlwkmo.tif	492682.529865	492682.788452	492683.612110	8.342434e-01	57	none	NaN	NaN
133	10	11	103	kitchen	sun_aunzlwrbjumxhwdj.tif	492684.381698	492684.640288	492685.464010	7.591615e-01	93	none	NaN	NaN
133	10	12	66	kitchen	sun_aapllqyqlykszopd.tif	492686.233535	492686.492126	492687.315877	8.509283e-01	56	none	NaN	NaN
133	10	13	78	kitchen	sun_adgqasybjyktddhj.tif	492688.085371	492688.343960	492689.167605	8.342434e-01	68	none	NaN	NaN
133	10	14	107	kitchen	sun_axyyrmzcupyhlivc.tif	492689.937207	492690.195801	492691.019566	7.508191e-01	97	39	492691.783242	1
133	10	15	96	kitchen	sun_ajcbwwvdlsvjyzje.tif	492692.556468	492692.815059	492693.638664	6.924220e-01	86	none	NaN	NaN
133	10	16	94	kitchen	sun_ahywdevtimnqcsln.tif	492694.408305	492694.666895	492695.490627	6.840796e-01	84	none	NaN	NaN
133	10	17	109	kitchen	sun_aypmqwcualkenuoe.tif	492696.260145	492696.518730	492697.342376	8.259010e-01	99	none	NaN	NaN
133	10	18	105	kitchen	sun_avszsnwsbuqfgzbn.tif	492698.111977	492698.370568	492699.194222	7.007645e-01	95	none	NaN	NaN
133	10	19	83	kitchen	sun_aeqdocilnnpuvuhx.tif	492699.963815	492700.222405	492701.046069	7.424766e-01	73	none	NaN	NaN
133	10	20	86	kitchen	sun_aggjlwcdjsjcaemh.tif	492701.815647	492702.074236	492702.897963	6.757372e-01	76	none	NaN	NaN
133	10	21	85	kitchen	sun_afuyedyxivkhecmu.tif	492703.667490	492703.926078	492704.749850	7.508191e-01	75	39	492705.623336	1
133	10	22	65	kitchen	sun_aamedkxepzlwuxes.tif	492706.395192	492706.653775	492707.477367	7.841888e-01	55	none	NaN	NaN
133	10	23	74	kitchen	sun_acfmftudsenhrfhy.tif	492708.247024	492708.505615	492709.329192	8.175585e-01	64	39	492710.063096	1
133	10	24	88	kitchen	sun_agubuxuukhzyzpdp.tif	492710.841264	492711.099856	492711.923580	8.092161e-01	78	none	NaN	NaN
133	10	25	92	kitchen	sun_ahpczsiumwwocjkv.tif	492712.693097	492712.951692	492713.775371	6.840796e-01	82	none	NaN	NaN
133	10	26	81	kitchen	sun_aehawpgmrlhlvcow.tif	492714.544935	492714.803530	492715.627269	7.007645e-01	71	none	NaN	NaN
133	10	27	101	kitchen	sun_aqeaevwwwjoqhzvl.tif	492716.396774	492716.655360	492717.479049	7.675039e-01	91	none	NaN	NaN
133	10	28	90	kitchen	sun_ahdycvpopffkzzsu.tif	492718.248608	492718.507194	492719.330820	8.342434e-01	80	none	NaN	NaN
133	10	29	76	kitchen	sun_acwjdupvyjsugpay.tif	492720.100446	492720.359038	492721.182684	6.924220e-01	66	none	NaN	NaN
133	10	30	87	kitchen	sun_agorklincwxrdtga.tif	492721.952282	492722.210871	492723.034682	7.174493e-01	77	none	NaN	NaN
133	10	31	100	kitchen	sun_amjjdeyrggfqgmom.tif	492723.804115	492724.062704	492724.886440	7.091069e-01	90	39	492726.079239	1
133	10	32	63	kitchen	labelme_rykdqxenmhulbdn.tif	492726.857140	492727.115732	492727.939518	8.425858e-01	53	37	492728.591308	1
133	10	33	89	kitchen	sun_agzzivivdpnawacl.tif	492729.367961	492729.626546	492730.450301	7.675039e-01	79	none	NaN	NaN
133	10	34	84	kitchen	sun_aexklacwqwezaorf.tif	492731.219798	492731.478390	492732.302090	6.673947e-01	74	none	NaN	NaN
133	10	35	71	kitchen	sun_abftihopvusyfakt.tif	492733.071634	492733.330225	492734.154010	6.840796e-01	61	37	492735.487302	1
133	10	36	80	kitchen	sun_aegoxogugdkwpmpj.tif	492736.258126	492736.516721	492737.340366	8.259010e-01	70	none	NaN	NaN
133	10	37	77	kitchen	sun_acxkpeoqbwcxfvip.tif	492738.109966	492738.368557	492739.192134	6.673947e-01	67	none	NaN	NaN
133	10	38	64	kitchen	sun_aadbddgrdsjugojn.tif	492739.961802	492740.220393	492741.044125	8.509283e-01	54	none	NaN	NaN
133	10	39	106	kitchen	sun_awcpdzzznmweyyhv.tif	492741.813639	492742.072224	492742.895946	6.924220e-01	96	none	NaN	NaN
133	10	40	68	kitchen	sun_aaxxjlsuzvqlgylf.tif	492743.665474	492743.924064	492744.747863	7.174493e-01	58	none	NaN	NaN
133	10	41	61	kitchen	labelme_brsyyvweiuaazfr.tif	492745.517305	492745.775896	492746.599686	7.841888e-01	51	none	NaN	NaN
133	10	42	91	kitchen	sun_ahljzhgcdpomplvg.tif	492747.369147	492747.627732	492748.451399	8.259010e-01	81	none	NaN	NaN
133	10	43	75	kitchen	sun_acgtpgfybqjmzeyw.tif	492749.220980	492749.479574	492750.303293	7.424766e-01	65	37	492751.007205	1
133	10	44	102	kitchen	sun_auaiucuqpdausiva.tif	492751.781848	492752.040439	492752.864145	7.675039e-01	92	none	NaN	NaN
133	10	45	98	kitchen	sun_akchetnepxlcxhsu.tif	492753.633686	492753.892279	492754.715895	7.508191e-01	88	none	NaN	NaN
133	10	46	104	kitchen	sun_auticobqsbwgoppi.tif	492755.485527	492755.744110	492756.567826	7.758464e-01	94	none	NaN	NaN
133	10	47	108	kitchen	sun_aymvwlarqodbwuoc.tif	492757.337361	492757.595950	492758.419733	8.259010e-01	98	none	NaN	NaN
133	10	48	93	kitchen	sun_ahspylgoovwmwvgk.tif	492759.189194	492759.447807	492760.271426	8.092161e-01	83	none	NaN	NaN
133	10	49	79	kitchen	sun_admlmbcdswaszruo.tif	492761.041033	492761.299621	492762.123232	6.590523e-01	69	37	492762.687264	1
133	10	50	72	kitchen	sun_abpwyqmlzafvklqo.tif	492763.460095	492763.718682	492764.542267	7.007645e-01	62	none	NaN	NaN
133	10	51	96	kitchen	sun_ajcbwwvdlsvjyzje.tif	492765.311935	492765.570526	492766.394149	8.092161e-01	86	none	NaN	NaN
133	10	52	75	kitchen	sun_acgtpgfybqjmzeyw.tif	492767.163767	492767.422357	492768.245984	7.591615e-01	65	none	NaN	NaN
133	10	53	81	kitchen	sun_aehawpgmrlhlvcow.tif	492769.015601	492769.274198	492770.097769	6.757372e-01	71	37	492770.591213	1
133	10	54	86	kitchen	sun_aggjlwcdjsjcaemh.tif	492771.367934	492771.626520	492772.450311	8.092161e-01	76	none	NaN	NaN
133	10	55	103	kitchen	sun_aunzlwrbjumxhwdj.tif	492773.219772	492773.478365	492774.302132	7.257918e-01	93	none	NaN	NaN
133	10	56	77	kitchen	sun_acxkpeoqbwcxfvip.tif	492775.071608	492775.330200	492776.153821	7.091069e-01	67	none	NaN	NaN
133	10	57	62	kitchen	labelme_kxvouciolcpqplr.tif	492776.923442	492777.182031	492778.005737	7.841888e-01	52	none	NaN	NaN
133	10	58	64	kitchen	sun_aadbddgrdsjugojn.tif	492778.775279	492779.033879	492779.857613	7.341342e-01	54	none	NaN	NaN
133	10	59	98	kitchen	sun_akchetnepxlcxhsu.tif	492780.627116	492780.885703	492781.709459	6.673947e-01	88	none	NaN	NaN
133	10	60	70	kitchen	sun_abdxkyyxwfskuaqb.tif	492782.478951	492782.737546	492783.561254	7.591615e-01	60	none	NaN	NaN
133	10	61	94	kitchen	sun_ahywdevtimnqcsln.tif	492784.330784	492784.589369	492785.413040	7.257918e-01	84	37	492785.871154	1
133	10	62	102	kitchen	sun_auaiucuqpdausiva.tif	492786.641410	492786.900000	492787.723574	7.341342e-01	92	none	NaN	NaN
133	10	63	95	kitchen	sun_aixorpehvfykdynp.tif	492788.493249	492788.751841	492789.575629	8.425858e-01	85	none	NaN	NaN
133	10	64	97	kitchen	sun_ajkqhtgcbgpcwrwn.tif	492790.345080	492790.603671	492791.427413	6.507099e-01	87	none	NaN	NaN
133	10	65	78	kitchen	sun_adgqasybjyktddhj.tif	492792.196921	492792.455505	492793.279187	7.424766e-01	68	none	NaN	NaN
133	10	66	83	kitchen	sun_aeqdocilnnpuvuhx.tif	492794.048755	492794.307348	492795.130940	6.590523e-01	73	none	NaN	NaN
133	10	67	109	kitchen	sun_aypmqwcualkenuoe.tif	492795.900590	492796.159182	492796.982896	7.675039e-01	99	none	NaN	NaN
133	10	68	79	kitchen	sun_admlmbcdswaszruo.tif	492797.752428	492798.011016	492798.834773	7.007645e-01	69	none	NaN	NaN
133	10	69	105	kitchen	sun_avszsnwsbuqfgzbn.tif	492799.604263	492799.862863	492800.686536	7.925312e-01	95	none	NaN	NaN
133	10	70	85	kitchen	sun_afuyedyxivkhecmu.tif	492801.456099	492801.714687	492802.538432	7.925312e-01	75	none	NaN	NaN
133	10	71	76	kitchen	sun_acwjdupvyjsugpay.tif	492803.307938	492803.566523	492804.390152	8.008737e-01	66	none	NaN	NaN
133	10	72	65	kitchen	sun_aamedkxepzlwuxes.tif	492805.159769	492805.418360	492806.242117	7.091069e-01	55	none	NaN	NaN
133	10	73	61	kitchen	labelme_brsyyvweiuaazfr.tif	492807.011612	492807.270200	492808.093900	8.425858e-01	51	none	NaN	NaN
133	10	74	90	kitchen	sun_ahdycvpopffkzzsu.tif	492808.863444	492809.122033	492809.945772	6.757372e-01	80	none	NaN	NaN
133	10	75	82	kitchen	sun_aenotlpyftoioydp.tif	492810.715277	492810.973864	492811.797591	7.508191e-01	72	none	NaN	NaN
133	10	76	108	kitchen	sun_aymvwlarqodbwuoc.tif	492812.567114	492812.825706	492813.649280	7.424766e-01	98	none	NaN	NaN
133	10	77	68	kitchen	sun_aaxxjlsuzvqlgylf.tif	492814.418957	492814.677543	492815.501225	8.342434e-01	58	none	NaN	NaN
133	10	78	101	kitchen	sun_aqeaevwwwjoqhzvl.tif	492816.270788	492816.529375	492817.353023	6.590523e-01	91	none	NaN	NaN
133	10	79	106	kitchen	sun_awcpdzzznmweyyhv.tif	492818.122624	492818.381214	492819.205024	8.175585e-01	96	none	NaN	NaN
133	10	80	92	kitchen	sun_ahpczsiumwwocjkv.tif	492819.974458	492820.233047	492821.056849	6.924220e-01	82	none	NaN	NaN
133	10	81	110	kitchen	sun_azmutvzbxypaceni.tif	492821.826290	492822.084884	492822.908577	7.758464e-01	100	none	NaN	NaN
133	10	82	73	kitchen	sun_abrcnpqqhmjwekyf.tif	492823.678127	492823.936718	492824.760359	8.008737e-01	63	none	NaN	NaN
133	10	83	99	kitchen	sun_akcjzhbbjlbogpdi.tif	492825.529967	492825.788549	492826.612195	6.924220e-01	89	none	NaN	NaN
133	10	84	100	kitchen	sun_amjjdeyrggfqgmom.tif	492827.381799	492827.640390	492828.463985	8.008737e-01	90	none	NaN	NaN
133	10	85	74	kitchen	sun_acfmftudsenhrfhy.tif	492829.233640	492829.492230	492830.315911	6.590523e-01	64	none	NaN	NaN
133	10	86	71	kitchen	sun_abftihopvusyfakt.tif	492831.085470	492831.344062	492832.167698	7.925312e-01	61	37	492832.823303	1
133	10	87	93	kitchen	sun_ahspylgoovwmwvgk.tif	492833.596293	492833.854889	492834.678671	7.341342e-01	83	none	NaN	NaN
133	10	88	91	kitchen	sun_ahljzhgcdpomplvg.tif	492835.448131	492835.706726	492836.530479	7.591615e-01	81	none	NaN	NaN
133	10	89	84	kitchen	sun_aexklacwqwezaorf.tif	492837.299968	492837.558561	492838.382360	8.425858e-01	74	none	NaN	NaN
133	10	90	88	kitchen	sun_agubuxuukhzyzpdp.tif	492839.151803	492839.410394	492840.234028	7.591615e-01	78	39	492841.007369	1
133	10	91	80	kitchen	sun_aegoxogugdkwpmpj.tif	492841.779408	492842.038001	492842.861603	7.841888e-01	70	none	NaN	NaN
133	10	92	63	kitchen	labelme_rykdqxenmhulbdn.tif	492843.631246	492843.889825	492844.713566	8.175585e-01	53	none	NaN	NaN
133	10	93	69	kitchen	sun_abdenxonkemggwsq.tif	492845.483077	492845.741666	492846.565274	7.925312e-01	59	none	NaN	NaN
133	10	94	89	kitchen	sun_agzzivivdpnawacl.tif	492847.334920	492847.593504	492848.417210	8.175585e-01	79	none	NaN	NaN
133	10	95	87	kitchen	sun_agorklincwxrdtga.tif	492849.186751	492849.445343	492850.269111	6.507099e-01	77	39	492850.951462	1
133	10	96	72	kitchen	sun_abpwyqmlzafvklqo.tif	492851.722604	492851.981188	492852.805008	7.341342e-01	62	none	NaN	NaN
133	10	97	66	kitchen	sun_aapllqyqlykszopd.tif	492853.574434	492853.833024	492854.656735	6.840796e-01	56	none	NaN	NaN
133	10	98	107	kitchen	sun_axyyrmzcupyhlivc.tif	492855.426271	492855.684861	492856.508557	7.174493e-01	97	none	NaN	NaN
133	10	99	104	kitchen	sun_auticobqsbwgoppi.tif	492857.278107	492857.536698	492858.360315	7.174493e-01	94	none	NaN	NaN
133	10	100	67	kitchen	sun_aarfiyshqohlwkmo.tif	492859.129945	492859.388538	492860.212189	7.257918e-01	57	none	NaN	NaN
133	11	1	17	bathroom	sun_acegryoqftbzowsg.tif	492918.413719	492918.672308	492919.370956	8.509283e-01	7	none	NaN	NaN
133	11	2	12	bathroom	sun_aapitsgbtktqubfy.tif	492920.140427	492920.399017	492921.097683	7.591615e-01	2	none	NaN	NaN
133	11	3	27	bathroom	sun_ahcvzmoyaycdoftf.tif	492921.867137	492922.125728	492922.824246	7.675039e-01	17	none	NaN	NaN
133	11	4	39	bathroom	sun_anryaplzeujmzfkd.tif	492923.593855	492923.852444	492924.550997	8.092161e-01	29	39	492926.647306	1
133	11	5	51	bathroom	sun_atstyziqcmkahyxk.tif	492927.422642	492927.681233	492928.379829	7.925312e-01	41	none	NaN	NaN
133	11	6	53	bathroom	sun_ausgutylgojavyoq.tif	492929.149360	492929.407946	492930.106385	7.758464e-01	43	none	NaN	NaN
133	11	7	55	bathroom	sun_avhrdrntsqrjzccq.tif	492930.876065	492931.134657	492931.833097	7.675039e-01	45	none	NaN	NaN
133	11	8	36	bathroom	sun_ambriybtogmepttm.tif	492932.602789	492932.861370	492933.559823	8.092161e-01	26	none	NaN	NaN
133	11	9	22	bathroom	sun_agguqiubmwhqqunb.tif	492934.329496	492934.588081	492935.286636	6.673947e-01	12	39	492936.375149	1
133	11	10	35	bathroom	sun_alotolagknyrgtsk.tif	492937.148953	492937.407545	492938.106128	6.590523e-01	25	none	NaN	NaN
133	11	11	28	bathroom	sun_ahijqszoswveeyji.tif	492938.875667	492939.134254	492939.832898	7.091069e-01	18	none	NaN	NaN
133	11	12	30	bathroom	sun_ajlawzvmubibwbpy.tif	492940.602382	492940.860968	492941.559432	7.424766e-01	20	none	NaN	NaN
133	11	13	25	bathroom	sun_agyqfjcfkdcydepw.tif	492942.320749	492942.579342	492943.277918	7.508191e-01	15	none	NaN	NaN
133	11	14	11	bathroom	labelme_sfxiulhjbhlyiyt.tif	492944.047462	492944.306050	492945.004515	8.342434e-01	1	none	NaN	NaN
133	11	15	49	bathroom	sun_asfwthctfqerjvxr.tif	492945.774175	492946.032766	492946.731406	8.259010e-01	39	none	NaN	NaN
133	11	16	56	bathroom	sun_awnqiikzaispgmwo.tif	492947.500885	492947.759476	492948.457965	8.175585e-01	46	none	NaN	NaN
133	11	17	29	bathroom	sun_ahqjwnzgolcaoidx.tif	492949.227599	492949.486185	492950.184743	6.507099e-01	19	none	NaN	NaN
133	11	18	34	bathroom	sun_alkosphxlxwjwgjd.tif	492950.954310	492951.212900	492951.911380	7.341342e-01	24	none	NaN	NaN
133	11	19	54	bathroom	sun_auzqhkafidnkrwmo.tif	492952.681020	492952.939608	492953.638171	7.675039e-01	44	none	NaN	NaN
133	11	20	48	bathroom	sun_aqrpegblszgcoujh.tif	492954.407734	492954.666328	492955.364897	7.257918e-01	38	none	NaN	NaN
133	11	21	33	bathroom	sun_aljolscmmzydegqp.tif	492956.134439	492956.393033	492957.091623	8.092161e-01	23	none	NaN	NaN
133	11	22	52	bathroom	sun_aunuadmjocsddsrl.tif	492957.861161	492958.119747	492958.818416	7.758464e-01	42	none	NaN	NaN
133	11	23	41	bathroom	sun_aoybiabnpadelefl.tif	492959.587872	492959.846462	492960.544967	8.342434e-01	31	none	NaN	NaN
133	11	24	15	bathroom	sun_abjtwfukuwddzted.tif	492961.314577	492961.573169	492962.271737	6.757372e-01	5	none	NaN	NaN
133	11	25	13	bathroom	sun_aavhrsfjbserjtht.tif	492963.041295	492963.299878	492963.998444	6.924220e-01	3	37	492965.311703	1
133	11	26	40	bathroom	sun_aofnryafpsjimzsb.tif	492966.085979	492966.344562	492967.043229	8.259010e-01	30	37	492968.175458	1
133	11	27	16	bathroom	sun_acduarbnmmoglmiv.tif	492968.947142	492969.205738	492969.904192	8.425858e-01	6	none	NaN	NaN
133	11	28	18	bathroom	sun_acgyywnybuveqsro.tif	492970.673862	492970.932449	492971.630963	8.342434e-01	8	none	NaN	NaN
133	11	29	45	bathroom	sun_apkxzenqapsujocq.tif	492972.400573	492972.659160	492973.357600	6.590523e-01	35	37	492973.951596	1
133	11	30	60	bathroom	sun_azqyogdvyhahyram.tif	492974.727876	492974.986465	492975.685126	6.590523e-01	50	37	492976.231478	1
133	11	31	38	bathroom	sun_anhioqovhscjqqwb.tif	492977.005137	492977.263726	492977.962187	8.008737e-01	28	none	NaN	NaN
133	11	32	44	bathroom	sun_apkruvsevgegsdwp.tif	492978.731849	492978.990440	492979.689001	7.174493e-01	34	none	NaN	NaN
133	11	33	26	bathroom	sun_ahaulkltgpkeeemi.tif	492980.458560	492980.717147	492981.415769	6.507099e-01	16	none	NaN	NaN
133	11	34	37	bathroom	sun_amzlamotzwfkwjco.tif	492982.185273	492982.443859	492983.142303	8.425858e-01	27	none	NaN	NaN
133	11	35	43	bathroom	sun_apjevzvycyhuqghb.tif	492983.911981	492984.170572	492984.869017	6.673947e-01	33	none	NaN	NaN
133	11	36	14	bathroom	sun_abapwbhyhkfixyex.tif	492985.638695	492985.897281	492986.595774	7.925312e-01	4	37	492987.439389	1
133	11	37	21	bathroom	sun_aggnnqpdorgxpvce.tif	492988.216251	492988.474844	492989.173355	7.591615e-01	11	none	NaN	NaN
133	11	38	31	bathroom	sun_akiytfaagpdsphgz.tif	492989.942960	492990.201550	492990.900151	8.008737e-01	21	none	NaN	NaN
133	11	39	57	bathroom	sun_axldvoqbuvuggfmq.tif	492991.669678	492991.928266	492992.626738	7.174493e-01	47	none	NaN	NaN
133	11	40	59	bathroom	sun_axyrejkiiaqiurjk.tif	492993.396386	492993.654975	492994.353630	6.840796e-01	49	39	492995.239561	1
133	11	41	50	bathroom	sun_aspsyogrekjtfozg.tif	492996.015662	492996.274239	492996.972689	7.257918e-01	40	none	NaN	NaN
133	11	42	32	bathroom	sun_aleqenyvunhactkl.tif	492997.742366	492998.000948	492998.699593	8.509283e-01	22	none	NaN	NaN
133	11	43	42	bathroom	sun_apeeialkgkuxddgh.tif	492999.469074	492999.727672	493000.426265	6.590523e-01	32	37	493001.079431	1
133	11	44	20	bathroom	sun_afcoljnjfoxjtgja.tif	493001.854774	493002.113368	493002.812023	7.007645e-01	10	none	NaN	NaN
133	11	45	24	bathroom	sun_agrwbmhcpmfuwmsg.tif	493003.581486	493003.840071	493004.538585	7.841888e-01	14	37	493005.071470	1
133	11	46	23	bathroom	sun_aghyqhbptboemmoq.tif	493005.842061	493006.100646	493006.799289	7.841888e-01	13	none	NaN	NaN
133	11	47	58	bathroom	sun_axxbkopsgyouuebh.tif	493007.568770	493007.827359	493008.525971	6.924220e-01	48	none	NaN	NaN
133	11	48	19	bathroom	sun_aclfzgynxzxlbepz.tif	493009.295481	493009.554072	493010.252701	7.007645e-01	9	none	NaN	NaN
133	11	49	46	bathroom	sun_apmqjbnwghzuhhzh.tif	493011.022194	493011.280784	493011.979359	7.424766e-01	36	none	NaN	NaN
133	11	50	47	bathroom	sun_apynckhmoftszqoq.tif	493012.748904	493013.007493	493013.706168	6.924220e-01	37	none	NaN	NaN
133	11	51	39	bathroom	sun_anryaplzeujmzfkd.tif	493014.475620	493014.734209	493015.432862	7.424766e-01	29	none	NaN	NaN
133	11	52	17	bathroom	sun_acegryoqftbzowsg.tif	493016.202330	493016.460919	493017.159394	6.840796e-01	7	37	493017.967600	1
133	11	53	16	bathroom	sun_acduarbnmmoglmiv.tif	493018.738177	493018.996768	493019.695351	7.341342e-01	6	none	NaN	NaN
133	11	54	38	bathroom	sun_anhioqovhscjqqwb.tif	493020.464888	493020.723483	493021.421992	7.007645e-01	28	none	NaN	NaN
133	11	55	13	bathroom	sun_aavhrsfjbserjtht.tif	493022.191599	493022.450191	493023.148857	7.591615e-01	3	none	NaN	NaN
133	11	56	46	bathroom	sun_apmqjbnwghzuhhzh.tif	493023.918315	493024.176904	493024.875409	7.174493e-01	36	none	NaN	NaN
133	11	57	53	bathroom	sun_ausgutylgojavyoq.tif	493025.645028	493025.903616	493026.602268	7.341342e-01	43	none	NaN	NaN
133	11	58	19	bathroom	sun_aclfzgynxzxlbepz.tif	493027.371740	493027.630327	493028.328996	7.925312e-01	9	none	NaN	NaN
133	11	59	57	bathroom	sun_axldvoqbuvuggfmq.tif	493029.098452	493029.357036	493030.055572	6.757372e-01	47	39	493031.199519	1
133	11	60	31	bathroom	sun_akiytfaagpdsphgz.tif	493031.976303	493032.234887	493032.933490	6.757372e-01	21	none	NaN	NaN
133	11	61	55	bathroom	sun_avhrdrntsqrjzccq.tif	493033.703019	493033.961605	493034.660232	7.591615e-01	45	none	NaN	NaN
133	11	62	34	bathroom	sun_alkosphxlxwjwgjd.tif	493035.429729	493035.688315	493036.386869	7.007645e-01	24	none	NaN	NaN
133	11	63	24	bathroom	sun_agrwbmhcpmfuwmsg.tif	493037.156440	493037.415031	493038.113583	6.757372e-01	14	none	NaN	NaN
133	11	64	12	bathroom	sun_aapitsgbtktqubfy.tif	493038.883151	493039.141738	493039.840278	8.342434e-01	2	none	NaN	NaN
133	11	65	36	bathroom	sun_ambriybtogmepttm.tif	493040.609861	493040.868447	493041.567109	8.008737e-01	26	none	NaN	NaN
133	11	66	45	bathroom	sun_apkxzenqapsujocq.tif	493042.336577	493042.595159	493043.293691	7.675039e-01	35	none	NaN	NaN
133	11	67	23	bathroom	sun_aghyqhbptboemmoq.tif	493044.063289	493044.321874	493045.020455	8.175585e-01	13	none	NaN	NaN
133	11	68	44	bathroom	sun_apkruvsevgegsdwp.tif	493045.790000	493046.048582	493046.747269	6.673947e-01	34	none	NaN	NaN
133	11	69	14	bathroom	sun_abapwbhyhkfixyex.tif	493047.516710	493047.775303	493048.473837	7.424766e-01	4	none	NaN	NaN
133	11	70	56	bathroom	sun_awnqiikzaispgmwo.tif	493049.243421	493049.502011	493050.200634	6.924220e-01	46	none	NaN	NaN
133	11	71	41	bathroom	sun_aoybiabnpadelefl.tif	493050.970127	493051.228721	493051.927253	7.591615e-01	31	none	NaN	NaN
133	11	72	37	bathroom	sun_amzlamotzwfkwjco.tif	493052.696843	493052.955431	493053.654023	8.425858e-01	27	none	NaN	NaN
133	11	73	58	bathroom	sun_axxbkopsgyouuebh.tif	493054.423557	493054.682143	493055.380769	7.841888e-01	48	none	NaN	NaN
133	11	74	60	bathroom	sun_azqyogdvyhahyram.tif	493056.150266	493056.408856	493057.107343	8.259010e-01	50	none	NaN	NaN
133	11	75	35	bathroom	sun_alotolagknyrgtsk.tif	493057.876977	493058.135569	493058.834105	8.175585e-01	25	none	NaN	NaN
133	11	76	11	bathroom	labelme_sfxiulhjbhlyiyt.tif	493059.603690	493059.862282	493060.560773	6.840796e-01	1	none	NaN	NaN
133	11	77	42	bathroom	sun_apeeialkgkuxddgh.tif	493061.330405	493061.588992	493062.287567	8.092161e-01	32	none	NaN	NaN
133	11	78	29	bathroom	sun_ahqjwnzgolcaoidx.tif	493063.057115	493063.315709	493064.014196	7.091069e-01	19	none	NaN	NaN
133	11	79	51	bathroom	sun_atstyziqcmkahyxk.tif	493064.783829	493065.042423	493065.740988	6.507099e-01	41	none	NaN	NaN
133	11	80	27	bathroom	sun_ahcvzmoyaycdoftf.tif	493066.510541	493066.769129	493067.467760	7.758464e-01	17	none	NaN	NaN
133	11	81	59	bathroom	sun_axyrejkiiaqiurjk.tif	493068.237251	493068.495837	493069.194442	8.425858e-01	49	none	NaN	NaN
133	11	82	52	bathroom	sun_aunuadmjocsddsrl.tif	493069.963965	493070.222551	493070.921221	6.840796e-01	42	none	NaN	NaN
133	11	83	20	bathroom	sun_afcoljnjfoxjtgja.tif	493071.690676	493071.949262	493072.647749	8.175585e-01	10	39	493073.527463	1
133	11	84	15	bathroom	sun_abjtwfukuwddzted.tif	493074.301597	493074.560187	493075.258630	7.174493e-01	5	none	NaN	NaN
133	11	85	49	bathroom	sun_asfwthctfqerjvxr.tif	493076.028307	493076.286895	493076.985424	7.925312e-01	39	39	493077.759507	1
133	11	86	21	bathroom	sun_aggnnqpdorgxpvce.tif	493078.530789	493078.789385	493079.487880	6.924220e-01	11	none	NaN	NaN
133	11	87	32	bathroom	sun_aleqenyvunhactkl.tif	493080.257505	493080.516094	493081.214768	7.508191e-01	22	none	NaN	NaN
133	11	88	43	bathroom	sun_apjevzvycyhuqghb.tif	493081.984235	493082.242801	493082.941449	7.257918e-01	33	none	NaN	NaN
133	11	89	40	bathroom	sun_aofnryafpsjimzsb.tif	493083.710927	493083.969515	493084.668147	7.341342e-01	30	none	NaN	NaN
133	11	90	26	bathroom	sun_ahaulkltgpkeeemi.tif	493085.437637	493085.696224	493086.394827	7.091069e-01	16	none	NaN	NaN
133	11	91	54	bathroom	sun_auzqhkafidnkrwmo.tif	493087.164351	493087.422936	493088.121419	8.008737e-01	44	none	NaN	NaN
133	11	92	18	bathroom	sun_acgyywnybuveqsro.tif	493088.891064	493089.149646	493089.848119	8.175585e-01	8	none	NaN	NaN
133	11	93	47	bathroom	sun_apynckhmoftszqoq.tif	493090.617772	493090.876359	493091.574951	7.508191e-01	37	none	NaN	NaN
133	11	94	25	bathroom	sun_agyqfjcfkdcydepw.tif	493092.344486	493092.603075	493093.301532	7.257918e-01	15	none	NaN	NaN
133	11	95	28	bathroom	sun_ahijqszoswveeyji.tif	493094.071198	493094.329790	493095.028469	8.259010e-01	18	none	NaN	NaN
133	11	96	48	bathroom	sun_aqrpegblszgcoujh.tif	493095.797908	493096.056499	493096.755120	7.508191e-01	38	none	NaN	NaN
133	11	97	50	bathroom	sun_aspsyogrekjtfozg.tif	493097.524619	493097.783213	493098.481666	7.091069e-01	40	none	NaN	NaN
133	11	98	22	bathroom	sun_agguqiubmwhqqunb.tif	493099.251332	493099.509922	493100.208485	6.673947e-01	12	none	NaN	NaN
133	11	99	33	bathroom	sun_aljolscmmzydegqp.tif	493100.978044	493101.236628	493101.935315	7.841888e-01	23	39	493103.623722	1
133	11	100	30	bathroom	sun_ajlawzvmubibwbpy.tif	493104.398106	493104.656690	493105.355157	7.758464e-01	20	none	NaN	NaN
133	12	1	75	kitchen	sun_acgtpgfybqjmzeyw.tif	493110.620938	493110.879520	493111.569653	7.174493e-01	65	none	NaN	NaN
133	12	2	65	kitchen	sun_aamedkxepzlwuxes.tif	493112.339306	493112.597900	493113.287988	7.257918e-01	55	none	NaN	NaN
133	12	3	82	kitchen	sun_aenotlpyftoioydp.tif	493114.057681	493114.316269	493115.006405	7.758464e-01	72	none	NaN	NaN
133	12	4	68	kitchen	sun_aaxxjlsuzvqlgylf.tif	493115.776048	493116.034644	493116.724833	8.175585e-01	58	39	493117.527325	1
133	12	5	110	kitchen	sun_azmutvzbxypaceni.tif	493118.303552	493118.562145	493119.252374	7.091069e-01	100	39	493120.191327	1
133	12	6	84	kitchen	sun_aexklacwqwezaorf.tif	493120.964520	493121.223114	493121.913374	6.590523e-01	74	none	NaN	NaN
133	12	7	83	kitchen	sun_aeqdocilnnpuvuhx.tif	493122.682899	493122.941484	493123.631638	7.257918e-01	73	none	NaN	NaN
133	12	8	70	kitchen	sun_abdxkyyxwfskuaqb.tif	493124.401266	493124.659850	493125.350095	7.925312e-01	60	none	NaN	NaN
133	12	9	61	kitchen	labelme_brsyyvweiuaazfr.tif	493126.119634	493126.378224	493127.068558	8.175585e-01	51	none	NaN	NaN
133	12	10	80	kitchen	sun_aegoxogugdkwpmpj.tif	493127.838003	493128.096596	493128.786807	7.007645e-01	70	none	NaN	NaN
133	12	11	103	kitchen	sun_aunzlwrbjumxhwdj.tif	493129.556376	493129.814931	493130.505256	7.841888e-01	93	none	NaN	NaN
133	12	12	63	kitchen	labelme_rykdqxenmhulbdn.tif	493131.274746	493131.533335	493132.223457	7.007645e-01	53	none	NaN	NaN
133	12	13	71	kitchen	sun_abftihopvusyfakt.tif	493132.993114	493133.251705	493133.942034	6.924220e-01	61	none	NaN	NaN
133	12	14	89	kitchen	sun_agzzivivdpnawacl.tif	493134.711491	493134.970076	493135.660400	7.591615e-01	79	39	493136.655700	0
133	12	15	85	kitchen	sun_afuyedyxivkhecmu.tif	493137.430846	493137.689439	493138.379760	8.092161e-01	75	37	493138.991530	1
133	12	16	92	kitchen	sun_ahpczsiumwwocjkv.tif	493139.766500	493140.025084	493140.715206	7.341342e-01	82	none	NaN	NaN
133	12	17	93	kitchen	sun_ahspylgoovwmwvgk.tif	493141.484862	493141.743465	493142.433698	7.174493e-01	83	none	NaN	NaN
133	12	18	108	kitchen	sun_aymvwlarqodbwuoc.tif	493143.203251	493143.461829	493144.152186	6.924220e-01	98	none	NaN	NaN
133	12	19	101	kitchen	sun_aqeaevwwwjoqhzvl.tif	493144.921610	493145.180197	493145.870477	6.673947e-01	91	none	NaN	NaN
133	12	20	99	kitchen	sun_akcjzhbbjlbogpdi.tif	493146.639981	493146.898594	493147.588871	6.757372e-01	89	none	NaN	NaN
133	12	21	105	kitchen	sun_avszsnwsbuqfgzbn.tif	493148.358349	493148.616939	493149.307133	6.673947e-01	95	none	NaN	NaN
133	12	22	106	kitchen	sun_awcpdzzznmweyyhv.tif	493150.076723	493150.335320	493151.025452	7.424766e-01	96	none	NaN	NaN
133	12	23	100	kitchen	sun_amjjdeyrggfqgmom.tif	493151.795092	493152.053677	493152.743975	7.841888e-01	90	39	493153.543714	1
133	12	24	107	kitchen	sun_axyyrmzcupyhlivc.tif	493154.314250	493154.572843	493155.262938	6.924220e-01	97	none	NaN	NaN
133	12	25	109	kitchen	sun_aypmqwcualkenuoe.tif	493156.032626	493156.291215	493156.981382	8.342434e-01	99	none	NaN	NaN
133	12	26	87	kitchen	sun_agorklincwxrdtga.tif	493157.750994	493158.009587	493158.699682	7.091069e-01	77	none	NaN	NaN
133	12	27	78	kitchen	sun_adgqasybjyktddhj.tif	493159.469365	493159.727956	493160.418097	7.591615e-01	68	none	NaN	NaN
133	12	28	76	kitchen	sun_acwjdupvyjsugpay.tif	493161.187736	493161.446323	493162.136475	6.590523e-01	66	none	NaN	NaN
133	12	29	64	kitchen	sun_aadbddgrdsjugojn.tif	493162.906105	493163.164699	493163.854911	7.257918e-01	54	none	NaN	NaN
133	12	30	77	kitchen	sun_acxkpeoqbwcxfvip.tif	493164.624476	493164.883067	493165.573205	7.424766e-01	67	none	NaN	NaN
133	12	31	72	kitchen	sun_abpwyqmlzafvklqo.tif	493166.342859	493166.601436	493167.291762	8.008737e-01	62	none	NaN	NaN
133	12	32	95	kitchen	sun_aixorpehvfykdynp.tif	493168.061216	493168.319808	493169.009902	6.840796e-01	85	none	NaN	NaN
133	12	33	86	kitchen	sun_aggjlwcdjsjcaemh.tif	493169.779586	493170.038177	493170.728515	7.174493e-01	76	none	NaN	NaN
133	12	34	91	kitchen	sun_ahljzhgcdpomplvg.tif	493171.497955	493171.756544	493172.446855	7.675039e-01	81	39	493174.703562	1
133	12	35	90	kitchen	sun_ahdycvpopffkzzsu.tif	493175.476899	493175.735489	493176.425651	7.675039e-01	80	none	NaN	NaN
133	12	36	62	kitchen	labelme_kxvouciolcpqplr.tif	493177.195275	493177.453857	493178.144121	7.174493e-01	52	none	NaN	NaN
133	12	37	81	kitchen	sun_aehawpgmrlhlvcow.tif	493178.913642	493179.172229	493179.862494	7.591615e-01	71	none	NaN	NaN
133	12	38	97	kitchen	sun_ajkqhtgcbgpcwrwn.tif	493180.632012	493180.890604	493181.580884	6.673947e-01	87	none	NaN	NaN
133	12	39	79	kitchen	sun_admlmbcdswaszruo.tif	493182.350382	493182.608969	493183.299247	6.507099e-01	69	none	NaN	NaN
133	12	40	88	kitchen	sun_agubuxuukhzyzpdp.tif	493184.068756	493184.327344	493185.017553	7.925312e-01	78	none	NaN	NaN
133	12	41	98	kitchen	sun_akchetnepxlcxhsu.tif	493185.787124	493186.045710	493186.735998	6.924220e-01	88	none	NaN	NaN
133	12	42	74	kitchen	sun_acfmftudsenhrfhy.tif	493187.505492	493187.764085	493188.454256	6.757372e-01	64	none	NaN	NaN
133	12	43	67	kitchen	sun_aarfiyshqohlwkmo.tif	493189.223864	493189.482451	493190.172751	7.508191e-01	57	39	493191.431662	1
133	12	44	66	kitchen	sun_aapllqyqlykszopd.tif	493192.210154	493192.468749	493193.159090	7.925312e-01	56	none	NaN	NaN
133	12	45	73	kitchen	sun_abrcnpqqhmjwekyf.tif	493193.928546	493194.187116	493194.877328	6.757372e-01	63	37	493195.615678	1
133	12	46	96	kitchen	sun_ajcbwwvdlsvjyzje.tif	493196.389301	493196.647886	493197.338227	8.425858e-01	86	none	NaN	NaN
133	12	47	69	kitchen	sun_abdenxonkemggwsq.tif	493198.107670	493198.366259	493199.056494	8.259010e-01	59	none	NaN	NaN
133	12	48	104	kitchen	sun_auticobqsbwgoppi.tif	493199.826043	493200.084634	493200.774879	7.424766e-01	94	none	NaN	NaN
133	12	49	94	kitchen	sun_ahywdevtimnqcsln.tif	493201.544410	493201.803000	493202.493170	6.840796e-01	84	none	NaN	NaN
133	12	50	102	kitchen	sun_auaiucuqpdausiva.tif	493203.262783	493203.521372	493204.211701	8.092161e-01	92	none	NaN	NaN
133	12	51	106	kitchen	sun_awcpdzzznmweyyhv.tif	493204.981153	493205.239739	493205.930072	8.425858e-01	96	none	NaN	NaN
133	12	52	109	kitchen	sun_aypmqwcualkenuoe.tif	493206.699525	493206.958117	493207.648394	8.425858e-01	99	39	493208.359617	1
133	12	53	64	kitchen	sun_aadbddgrdsjugojn.tif	493209.135266	493209.393863	493210.083947	7.424766e-01	54	none	NaN	NaN
133	12	54	89	kitchen	sun_agzzivivdpnawacl.tif	493210.853639	493211.112233	493211.802560	7.758464e-01	79	none	NaN	NaN
133	12	55	70	kitchen	sun_abdxkyyxwfskuaqb.tif	493212.572009	493212.830599	493213.520919	8.259010e-01	60	none	NaN	NaN
133	12	56	67	kitchen	sun_aarfiyshqohlwkmo.tif	493214.290377	493214.548968	493215.239071	6.507099e-01	57	37	493215.903833	1
133	12	57	87	kitchen	sun_agorklincwxrdtga.tif	493216.676081	493216.934671	493217.624992	7.257918e-01	77	none	NaN	NaN
133	12	58	61	kitchen	labelme_brsyyvweiuaazfr.tif	493218.394451	493218.653038	493219.343282	6.590523e-01	51	none	NaN	NaN
133	12	59	73	kitchen	sun_abrcnpqqhmjwekyf.tif	493220.112822	493220.371411	493221.061558	7.007645e-01	63	none	NaN	NaN
133	12	60	85	kitchen	sun_afuyedyxivkhecmu.tif	493221.831192	493222.089780	493222.779993	6.507099e-01	75	none	NaN	NaN
133	12	61	66	kitchen	sun_aapllqyqlykszopd.tif	493223.549559	493223.808148	493224.498491	7.675039e-01	56	none	NaN	NaN
133	12	62	74	kitchen	sun_acfmftudsenhrfhy.tif	493225.267933	493225.526521	493226.216781	7.758464e-01	64	none	NaN	NaN
133	12	63	100	kitchen	sun_amjjdeyrggfqgmom.tif	493226.986303	493227.244891	493227.935001	7.091069e-01	90	none	NaN	NaN
133	12	64	65	kitchen	sun_aamedkxepzlwuxes.tif	493228.704672	493228.963260	493229.653582	8.259010e-01	55	none	NaN	NaN
133	12	65	99	kitchen	sun_akcjzhbbjlbogpdi.tif	493230.423040	493230.681631	493231.371912	7.925312e-01	89	none	NaN	NaN
133	12	66	98	kitchen	sun_akchetnepxlcxhsu.tif	493232.141416	493232.400004	493233.090201	8.342434e-01	88	39	493234.199616	0
133	12	67	102	kitchen	sun_auaiucuqpdausiva.tif	493234.977552	493235.236147	493235.926336	7.591615e-01	92	none	NaN	NaN
133	12	68	69	kitchen	sun_abdenxonkemggwsq.tif	493236.695923	493236.954515	493237.644762	7.508191e-01	59	none	NaN	NaN
133	12	69	82	kitchen	sun_aenotlpyftoioydp.tif	493238.414296	493238.672890	493239.363156	6.840796e-01	72	37	493240.159883	1
133	12	70	94	kitchen	sun_ahywdevtimnqcsln.tif	493240.933461	493241.192047	493241.882161	7.508191e-01	84	none	NaN	NaN
133	12	71	78	kitchen	sun_adgqasybjyktddhj.tif	493242.651832	493242.910422	493243.600736	7.091069e-01	68	none	NaN	NaN
133	12	72	83	kitchen	sun_aeqdocilnnpuvuhx.tif	493244.370203	493244.628792	493245.318995	8.509283e-01	73	none	NaN	NaN
133	12	73	76	kitchen	sun_acwjdupvyjsugpay.tif	493246.088573	493246.347158	493247.037257	7.841888e-01	66	none	NaN	NaN
133	12	74	77	kitchen	sun_acxkpeoqbwcxfvip.tif	493247.806941	493248.065533	493248.755630	7.508191e-01	67	none	NaN	NaN
133	12	75	68	kitchen	sun_aaxxjlsuzvqlgylf.tif	493249.525317	493249.783900	493250.474150	8.008737e-01	58	39	493251.223876	1
133	12	76	71	kitchen	sun_abftihopvusyfakt.tif	493251.994427	493252.253019	493252.943319	7.591615e-01	61	none	NaN	NaN
133	12	77	88	kitchen	sun_agubuxuukhzyzpdp.tif	493253.712797	493253.971385	493254.661561	8.175585e-01	78	37	493255.287823	1
133	12	78	81	kitchen	sun_aehawpgmrlhlvcow.tif	493256.065128	493256.323717	493257.014032	8.342434e-01	71	none	NaN	NaN
133	12	79	80	kitchen	sun_aegoxogugdkwpmpj.tif	493257.783499	493258.042087	493258.732182	7.758464e-01	70	none	NaN	NaN
133	12	80	97	kitchen	sun_ajkqhtgcbgpcwrwn.tif	493259.501875	493259.760461	493260.450662	6.840796e-01	87	none	NaN	NaN
133	12	81	63	kitchen	labelme_rykdqxenmhulbdn.tif	493261.220238	493261.478821	493262.169155	6.924220e-01	53	none	NaN	NaN
133	12	82	91	kitchen	sun_ahljzhgcdpomplvg.tif	493262.938609	493263.197199	493263.887491	6.590523e-01	81	none	NaN	NaN
133	12	83	75	kitchen	sun_acgtpgfybqjmzeyw.tif	493264.656979	493264.915569	493265.605873	8.342434e-01	65	none	NaN	NaN
133	12	84	110	kitchen	sun_azmutvzbxypaceni.tif	493266.375353	493266.633942	493267.324131	7.341342e-01	100	none	NaN	NaN
133	12	85	90	kitchen	sun_ahdycvpopffkzzsu.tif	493268.093719	493268.352311	493269.042592	8.175585e-01	80	none	NaN	NaN
133	12	86	95	kitchen	sun_aixorpehvfykdynp.tif	493269.812089	493270.070682	493270.761144	6.757372e-01	85	none	NaN	NaN
133	12	87	105	kitchen	sun_avszsnwsbuqfgzbn.tif	493271.530462	493271.789053	493272.479329	8.175585e-01	95	39	493273.687691	1
133	12	88	62	kitchen	labelme_kxvouciolcpqplr.tif	493274.458363	493274.716953	493275.407124	6.673947e-01	52	none	NaN	NaN
133	12	89	72	kitchen	sun_abpwyqmlzafvklqo.tif	493276.176736	493276.435320	493277.125481	7.341342e-01	62	none	NaN	NaN
133	12	90	104	kitchen	sun_auticobqsbwgoppi.tif	493277.895107	493278.153693	493278.843934	8.092161e-01	94	none	NaN	NaN
133	12	91	92	kitchen	sun_ahpczsiumwwocjkv.tif	493279.613476	493279.872062	493280.562352	7.007645e-01	82	none	NaN	NaN
133	12	92	84	kitchen	sun_aexklacwqwezaorf.tif	493281.331847	493281.590439	493282.280708	8.425858e-01	74	none	NaN	NaN
133	12	93	79	kitchen	sun_admlmbcdswaszruo.tif	493283.050177	493283.308808	493283.999037	8.092161e-01	69	none	NaN	NaN
133	12	94	107	kitchen	sun_axyyrmzcupyhlivc.tif	493284.768588	493285.027179	493285.717358	7.841888e-01	97	none	NaN	NaN
133	12	95	108	kitchen	sun_aymvwlarqodbwuoc.tif	493286.486957	493286.745544	493287.435700	7.341342e-01	98	none	NaN	NaN
133	12	96	96	kitchen	sun_ajcbwwvdlsvjyzje.tif	493288.205325	493288.463918	493289.154153	8.008737e-01	86	none	NaN	NaN
133	12	97	93	kitchen	sun_ahspylgoovwmwvgk.tif	493289.923699	493290.182289	493290.872634	8.008737e-01	83	none	NaN	NaN
133	12	98	86	kitchen	sun_aggjlwcdjsjcaemh.tif	493291.642064	493291.900659	493292.590974	8.259010e-01	76	none	NaN	NaN
133	12	99	103	kitchen	sun_aunzlwrbjumxhwdj.tif	493293.360438	493293.619025	493294.309216	7.675039e-01	93	none	NaN	NaN
133	12	100	101	kitchen	sun_aqeaevwwwjoqhzvl.tif	493295.078803	493295.337397	493296.027661	8.509283e-01	91	none	NaN	NaN
133	13	1	47	bathroom	sun_apynckhmoftszqoq.tif	493302.185852	493302.444443	493303.201389	7.925312e-01	37	37	493303.919788	1
133	13	2	39	bathroom	sun_anryaplzeujmzfkd.tif	493304.696673	493304.955264	493305.712246	7.007645e-01	29	none	NaN	NaN
133	13	3	29	bathroom	sun_ahqjwnzgolcaoidx.tif	493306.481779	493306.740371	493307.497247	6.840796e-01	19	none	NaN	NaN
133	13	4	35	bathroom	sun_alotolagknyrgtsk.tif	493308.266880	493308.525471	493309.282481	7.341342e-01	25	none	NaN	NaN
133	13	5	21	bathroom	sun_aggnnqpdorgxpvce.tif	493310.051988	493310.310572	493311.067480	7.508191e-01	11	none	NaN	NaN
133	13	6	23	bathroom	sun_aghyqhbptboemmoq.tif	493311.837087	493312.095667	493312.852711	6.673947e-01	13	39	493313.951791	1
133	13	7	36	bathroom	sun_ambriybtogmepttm.tif	493314.723276	493314.981870	493315.738754	7.341342e-01	26	none	NaN	NaN
133	13	8	60	bathroom	sun_azqyogdvyhahyram.tif	493316.508385	493316.766972	493317.523931	7.007645e-01	50	none	NaN	NaN
133	13	9	42	bathroom	sun_apeeialkgkuxddgh.tif	493318.293491	493318.552077	493319.309139	8.425858e-01	32	none	NaN	NaN
133	13	10	32	bathroom	sun_aleqenyvunhactkl.tif	493320.078594	493320.337179	493321.094119	7.174493e-01	22	none	NaN	NaN
133	13	11	12	bathroom	sun_aapitsgbtktqubfy.tif	493321.863697	493322.122284	493322.879298	7.841888e-01	2	none	NaN	NaN
133	13	12	54	bathroom	sun_auzqhkafidnkrwmo.tif	493323.648801	493323.907380	493324.664247	8.175585e-01	44	none	NaN	NaN
133	13	13	48	bathroom	sun_aqrpegblszgcoujh.tif	493325.433903	493325.692489	493326.449440	7.675039e-01	38	none	NaN	NaN
133	13	14	56	bathroom	sun_awnqiikzaispgmwo.tif	493327.219004	493327.477588	493328.234611	6.757372e-01	46	none	NaN	NaN
133	13	15	27	bathroom	sun_ahcvzmoyaycdoftf.tif	493329.004108	493329.262698	493330.019558	7.675039e-01	17	39	493331.119770	1
133	13	16	51	bathroom	sun_atstyziqcmkahyxk.tif	493331.890299	493332.148892	493332.905748	8.008737e-01	41	none	NaN	NaN
133	13	17	22	bathroom	sun_agguqiubmwhqqunb.tif	493333.675406	493333.933992	493334.690885	7.508191e-01	12	none	NaN	NaN
133	13	18	33	bathroom	sun_aljolscmmzydegqp.tif	493335.460507	493335.719102	493336.476177	8.092161e-01	23	none	NaN	NaN
133	13	19	50	bathroom	sun_aspsyogrekjtfozg.tif	493337.245614	493337.504197	493338.261154	7.174493e-01	40	none	NaN	NaN
133	13	20	28	bathroom	sun_ahijqszoswveeyji.tif	493339.030710	493339.289303	493340.046285	6.673947e-01	18	none	NaN	NaN
133	13	21	30	bathroom	sun_ajlawzvmubibwbpy.tif	493340.815821	493341.074407	493341.831276	7.424766e-01	20	none	NaN	NaN
133	13	22	25	bathroom	sun_agyqfjcfkdcydepw.tif	493342.600920	493342.859507	493343.616497	8.259010e-01	15	none	NaN	NaN
133	13	23	57	bathroom	sun_axldvoqbuvuggfmq.tif	493344.386023	493344.644613	493345.401462	8.509283e-01	47	none	NaN	NaN
133	13	24	16	bathroom	sun_acduarbnmmoglmiv.tif	493346.171124	493346.429718	493347.186592	7.758464e-01	6	none	NaN	NaN
133	13	25	55	bathroom	sun_avhrdrntsqrjzccq.tif	493347.956229	493348.214816	493348.971757	7.091069e-01	45	39	493350.463456	1
133	13	26	45	bathroom	sun_apkxzenqapsujocq.tif	493351.234478	493351.493069	493352.250112	7.591615e-01	35	none	NaN	NaN
133	13	27	44	bathroom	sun_apkruvsevgegsdwp.tif	493353.019583	493353.278166	493354.035191	6.757372e-01	34	none	NaN	NaN
133	13	28	58	bathroom	sun_axxbkopsgyouuebh.tif	493354.804683	493355.063276	493355.820211	8.092161e-01	48	none	NaN	NaN
133	13	29	17	bathroom	sun_acegryoqftbzowsg.tif	493356.589790	493356.848380	493357.605320	8.175585e-01	7	none	NaN	NaN
133	13	30	37	bathroom	sun_amzlamotzwfkwjco.tif	493358.374891	493358.633481	493359.390531	6.673947e-01	27	none	NaN	NaN
133	13	31	19	bathroom	sun_aclfzgynxzxlbepz.tif	493360.159997	493360.418586	493361.175659	8.342434e-01	9	none	NaN	NaN
133	13	32	43	bathroom	sun_apjevzvycyhuqghb.tif	493361.945095	493362.203689	493362.960670	6.590523e-01	33	none	NaN	NaN
133	13	33	26	bathroom	sun_ahaulkltgpkeeemi.tif	493363.730202	493363.988791	493364.745707	6.757372e-01	16	37	493365.487833	1
133	13	34	52	bathroom	sun_aunuadmjocsddsrl.tif	493366.266048	493366.524641	493367.281564	6.924220e-01	42	none	NaN	NaN
133	13	35	49	bathroom	sun_asfwthctfqerjvxr.tif	493368.051153	493368.309740	493369.066586	7.424766e-01	39	none	NaN	NaN
133	13	36	20	bathroom	sun_afcoljnjfoxjtgja.tif	493369.836251	493370.094844	493370.851740	6.590523e-01	10	none	NaN	NaN
133	13	37	40	bathroom	sun_aofnryafpsjimzsb.tif	493371.621355	493371.879940	493372.636998	6.840796e-01	30	none	NaN	NaN
133	13	38	59	bathroom	sun_axyrejkiiaqiurjk.tif	493373.406461	493373.665052	493374.422079	7.424766e-01	49	none	NaN	NaN
133	13	39	18	bathroom	sun_acgyywnybuveqsro.tif	493375.191563	493375.450153	493376.207066	6.507099e-01	8	none	NaN	NaN
133	13	40	11	bathroom	labelme_sfxiulhjbhlyiyt.tif	493376.976665	493377.235262	493377.992133	8.342434e-01	1	none	NaN	NaN
133	13	41	41	bathroom	sun_aoybiabnpadelefl.tif	493378.761768	493379.020355	493379.777340	6.757372e-01	31	37	493380.639901	1
133	13	42	13	bathroom	sun_aavhrsfjbserjtht.tif	493381.414396	493381.672990	493382.430057	7.591615e-01	3	none	NaN	NaN
133	13	43	24	bathroom	sun_agrwbmhcpmfuwmsg.tif	493383.199504	493383.458091	493384.214934	8.509283e-01	14	none	NaN	NaN
133	13	44	38	bathroom	sun_anhioqovhscjqqwb.tif	493384.984603	493385.243196	493386.000203	8.092161e-01	28	none	NaN	NaN
133	13	45	34	bathroom	sun_alkosphxlxwjwgjd.tif	493386.769711	493387.028296	493387.785253	7.508191e-01	24	none	NaN	NaN
133	13	46	53	bathroom	sun_ausgutylgojavyoq.tif	493388.554814	493388.813405	493389.570283	8.342434e-01	43	none	NaN	NaN
133	13	47	31	bathroom	sun_akiytfaagpdsphgz.tif	493390.339914	493390.598511	493391.355388	8.008737e-01	21	none	NaN	NaN
133	13	48	46	bathroom	sun_apmqjbnwghzuhhzh.tif	493392.125019	493392.383605	493393.140683	7.091069e-01	36	none	NaN	NaN
133	13	49	14	bathroom	sun_abapwbhyhkfixyex.tif	493393.910124	493394.168717	493394.925667	7.591615e-01	4	none	NaN	NaN
133	13	50	15	bathroom	sun_abjtwfukuwddzted.tif	493395.695224	493395.953810	493396.710673	7.257918e-01	5	39	493397.551989	1
133	13	51	22	bathroom	sun_agguqiubmwhqqunb.tif	493398.322832	493398.581416	493399.338313	6.924220e-01	12	none	NaN	NaN
133	13	52	57	bathroom	sun_axldvoqbuvuggfmq.tif	493400.107929	493400.366522	493401.123499	8.175585e-01	47	none	NaN	NaN
133	13	53	54	bathroom	sun_auzqhkafidnkrwmo.tif	493401.893034	493402.151624	493402.908687	7.758464e-01	44	none	NaN	NaN
133	13	54	14	bathroom	sun_abapwbhyhkfixyex.tif	493403.678141	493403.936729	493404.693615	7.424766e-01	4	none	NaN	NaN
133	13	55	32	bathroom	sun_aleqenyvunhactkl.tif	493405.463241	493405.721828	493406.478718	8.259010e-01	22	none	NaN	NaN
133	13	56	53	bathroom	sun_ausgutylgojavyoq.tif	493407.248342	493407.506930	493408.263950	7.675039e-01	43	37	493408.911891	1
133	13	57	43	bathroom	sun_apjevzvycyhuqghb.tif	493409.684091	493409.942681	493410.699727	7.591615e-01	33	none	NaN	NaN
133	13	58	37	bathroom	sun_amzlamotzwfkwjco.tif	493411.469193	493411.727784	493412.484839	6.924220e-01	27	none	NaN	NaN
133	13	59	13	bathroom	sun_aavhrsfjbserjtht.tif	493413.254300	493413.512889	493414.269749	7.174493e-01	3	none	NaN	NaN
133	13	60	50	bathroom	sun_aspsyogrekjtfozg.tif	493415.039400	493415.297990	493416.054962	7.925312e-01	40	none	NaN	NaN
133	13	61	25	bathroom	sun_agyqfjcfkdcydepw.tif	493416.824502	493417.083093	493417.839938	7.091069e-01	15	none	NaN	NaN
133	13	62	16	bathroom	sun_acduarbnmmoglmiv.tif	493418.609611	493418.868193	493419.625130	7.925312e-01	6	none	NaN	NaN
133	13	63	46	bathroom	sun_apmqjbnwghzuhhzh.tif	493420.394716	493420.653297	493421.410189	7.591615e-01	36	none	NaN	NaN
133	13	64	26	bathroom	sun_ahaulkltgpkeeemi.tif	493422.179816	493422.438404	493423.195293	6.924220e-01	16	none	NaN	NaN
133	13	65	56	bathroom	sun_awnqiikzaispgmwo.tif	493423.964918	493424.223503	493424.980587	8.175585e-01	46	none	NaN	NaN
133	13	66	45	bathroom	sun_apkxzenqapsujocq.tif	493425.750019	493426.008611	493426.765532	7.341342e-01	35	39	493428.088026	0
133	13	67	35	bathroom	sun_alotolagknyrgtsk.tif	493428.861437	493429.120024	493429.876980	6.840796e-01	25	39	493430.823820	1
133	13	68	38	bathroom	sun_anhioqovhscjqqwb.tif	493431.597483	493431.856071	493432.612990	8.092161e-01	28	none	NaN	NaN
133	13	69	19	bathroom	sun_aclfzgynxzxlbepz.tif	493433.382588	493433.641173	493434.398076	8.425858e-01	9	37	493434.999968	1
133	13	70	15	bathroom	sun_abjtwfukuwddzted.tif	493435.776624	493436.035219	493436.792106	6.590523e-01	5	none	NaN	NaN
133	13	71	58	bathroom	sun_axxbkopsgyouuebh.tif	493437.561731	493437.820317	493438.577344	8.008737e-01	48	none	NaN	NaN
133	13	72	48	bathroom	sun_aqrpegblszgcoujh.tif	493439.346835	493439.605422	493440.362376	7.508191e-01	38	none	NaN	NaN
133	13	73	34	bathroom	sun_alkosphxlxwjwgjd.tif	493441.131932	493441.390524	493442.147393	8.259010e-01	24	none	NaN	NaN
133	13	74	24	bathroom	sun_agrwbmhcpmfuwmsg.tif	493442.917040	493443.175633	493443.932669	6.507099e-01	14	37	493444.735753	1
133	13	75	47	bathroom	sun_apynckhmoftszqoq.tif	493445.511275	493445.769866	493446.526854	7.174493e-01	37	none	NaN	NaN
133	13	76	42	bathroom	sun_apeeialkgkuxddgh.tif	493447.296382	493447.554969	493448.312042	7.841888e-01	32	none	NaN	NaN
133	13	77	27	bathroom	sun_ahcvzmoyaycdoftf.tif	493449.081485	493449.340072	493450.096958	7.341342e-01	17	none	NaN	NaN
133	13	78	31	bathroom	sun_akiytfaagpdsphgz.tif	493450.866586	493451.125175	493451.882043	7.257918e-01	21	39	493452.624034	1
133	13	79	60	bathroom	sun_azqyogdvyhahyram.tif	493453.402433	493453.661022	493454.417997	6.673947e-01	50	none	NaN	NaN
133	13	80	12	bathroom	sun_aapitsgbtktqubfy.tif	493455.187540	493455.446131	493456.203179	7.257918e-01	2	none	NaN	NaN
133	13	81	21	bathroom	sun_aggnnqpdorgxpvce.tif	493456.972641	493457.231227	493457.988243	6.840796e-01	11	none	NaN	NaN
133	13	82	40	bathroom	sun_aofnryafpsjimzsb.tif	493458.757742	493459.016334	493459.773163	8.342434e-01	30	none	NaN	NaN
133	13	83	20	bathroom	sun_afcoljnjfoxjtgja.tif	493460.542850	493460.801439	493461.558397	7.758464e-01	10	none	NaN	NaN
133	13	84	39	bathroom	sun_anryaplzeujmzfkd.tif	493462.327950	493462.586539	493463.343493	7.007645e-01	29	none	NaN	NaN
133	13	85	59	bathroom	sun_axyrejkiiaqiurjk.tif	493464.113051	493464.371641	493465.128487	7.007645e-01	49	none	NaN	NaN
133	13	86	52	bathroom	sun_aunuadmjocsddsrl.tif	493465.898156	493466.156748	493466.913668	7.841888e-01	42	none	NaN	NaN
133	13	87	18	bathroom	sun_acgyywnybuveqsro.tif	493467.683258	493467.941844	493468.698896	8.425858e-01	8	none	NaN	NaN
133	13	88	11	bathroom	labelme_sfxiulhjbhlyiyt.tif	493469.468361	493469.726956	493470.483784	7.091069e-01	1	none	NaN	NaN
133	13	89	28	bathroom	sun_ahijqszoswveeyji.tif	493471.253458	493471.512048	493472.269083	7.675039e-01	18	none	NaN	NaN
133	13	90	44	bathroom	sun_apkruvsevgegsdwp.tif	493473.038571	493473.297158	493474.054139	6.590523e-01	34	none	NaN	NaN
133	13	91	23	bathroom	sun_aghyqhbptboemmoq.tif	493474.823668	493475.082259	493475.839310	8.425858e-01	13	39	493477.311918	1
133	13	92	51	bathroom	sun_atstyziqcmkahyxk.tif	493478.085239	493478.343826	493479.101573	7.925312e-01	41	none	NaN	NaN
133	13	93	36	bathroom	sun_ambriybtogmepttm.tif	493479.870344	493480.128933	493480.886010	7.758464e-01	26	none	NaN	NaN
133	13	94	30	bathroom	sun_ajlawzvmubibwbpy.tif	493481.655444	493481.914038	493482.671038	6.924220e-01	20	39	493483.599681	1
133	13	95	33	bathroom	sun_aljolscmmzydegqp.tif	493484.374807	493484.633396	493485.390298	7.841888e-01	23	none	NaN	NaN
133	13	96	17	bathroom	sun_acegryoqftbzowsg.tif	493486.159908	493486.418498	493487.175489	8.175585e-01	7	none	NaN	NaN
133	13	97	41	bathroom	sun_aoybiabnpadelefl.tif	493487.945013	493488.203598	493488.960435	8.259010e-01	31	none	NaN	NaN
133	13	98	55	bathroom	sun_avhrdrntsqrjzccq.tif	493489.730117	493489.988704	493490.745593	7.257918e-01	45	none	NaN	NaN
133	13	99	49	bathroom	sun_asfwthctfqerjvxr.tif	493491.515217	493491.773808	493492.530733	6.507099e-01	39	none	NaN	NaN
133	13	100	29	bathroom	sun_ahqjwnzgolcaoidx.tif	493493.300321	493493.558908	493494.315782	8.008737e-01	19	none	NaN	NaN
133	14	1	74	kitchen	sun_acfmftudsenhrfhy.tif	493499.398036	493499.656621	493500.305243	6.673947e-01	64	none	NaN	NaN
133	14	2	64	kitchen	sun_aadbddgrdsjugojn.tif	493501.074695	493501.333284	493501.981912	7.841888e-01	54	none	NaN	NaN
133	14	3	104	kitchen	sun_auticobqsbwgoppi.tif	493502.751356	493503.009944	493503.658546	8.425858e-01	94	none	NaN	NaN
133	14	4	94	kitchen	sun_ahywdevtimnqcsln.tif	493504.428019	493504.686610	493505.334994	8.509283e-01	84	none	NaN	NaN
133	14	5	92	kitchen	sun_ahpczsiumwwocjkv.tif	493506.104681	493506.363271	493507.011848	6.924220e-01	82	none	NaN	NaN
133	14	6	82	kitchen	sun_aenotlpyftoioydp.tif	493507.781343	493508.039932	493508.688335	7.424766e-01	72	none	NaN	NaN
133	14	7	89	kitchen	sun_agzzivivdpnawacl.tif	493509.458006	493509.716593	493510.365093	6.507099e-01	79	none	NaN	NaN
133	14	8	100	kitchen	sun_amjjdeyrggfqgmom.tif	493511.134667	493511.393256	493512.041675	7.925312e-01	90	none	NaN	NaN
133	14	9	76	kitchen	sun_acwjdupvyjsugpay.tif	493512.811330	493513.069913	493513.718466	7.174493e-01	66	39	493514.864032	1
133	14	10	70	kitchen	sun_abdxkyyxwfskuaqb.tif	493515.639134	493515.897724	493516.546109	7.091069e-01	60	none	NaN	NaN
133	14	11	86	kitchen	sun_aggjlwcdjsjcaemh.tif	493517.315797	493517.574387	493518.223017	8.425858e-01	76	none	NaN	NaN
133	14	12	107	kitchen	sun_axyyrmzcupyhlivc.tif	493518.992459	493519.251050	493519.899615	7.257918e-01	97	none	NaN	NaN
133	14	13	83	kitchen	sun_aeqdocilnnpuvuhx.tif	493520.669120	493520.927711	493521.576154	6.590523e-01	73	none	NaN	NaN
133	14	14	65	kitchen	sun_aamedkxepzlwuxes.tif	493522.345789	493522.604378	493523.252846	6.590523e-01	55	none	NaN	NaN
133	14	15	105	kitchen	sun_avszsnwsbuqfgzbn.tif	493524.022447	493524.281039	493524.929492	7.341342e-01	95	none	NaN	NaN
133	14	16	68	kitchen	sun_aaxxjlsuzvqlgylf.tif	493525.699111	493525.957696	493526.606244	7.007645e-01	58	39	493527.688071	0
133	14	17	90	kitchen	sun_ahdycvpopffkzzsu.tif	493528.460180	493528.718768	493529.367265	7.591615e-01	80	none	NaN	NaN
133	14	18	72	kitchen	sun_abpwyqmlzafvklqo.tif	493530.136839	493530.395422	493531.043973	6.924220e-01	62	none	NaN	NaN
133	14	19	101	kitchen	sun_aqeaevwwwjoqhzvl.tif	493531.813505	493532.072088	493532.720708	7.591615e-01	91	none	NaN	NaN
133	14	20	103	kitchen	sun_aunzlwrbjumxhwdj.tif	493533.490162	493533.748757	493534.397190	8.342434e-01	93	none	NaN	NaN
133	14	21	78	kitchen	sun_adgqasybjyktddhj.tif	493535.166823	493535.425418	493536.073887	8.259010e-01	68	none	NaN	NaN
133	14	22	97	kitchen	sun_ajkqhtgcbgpcwrwn.tif	493536.843491	493537.102083	493537.750469	6.507099e-01	87	none	NaN	NaN
133	14	23	99	kitchen	sun_akcjzhbbjlbogpdi.tif	493538.520152	493538.778739	493539.427244	8.425858e-01	89	none	NaN	NaN
133	14	24	108	kitchen	sun_aymvwlarqodbwuoc.tif	493540.196814	493540.455408	493541.103940	7.841888e-01	98	none	NaN	NaN
133	14	25	84	kitchen	sun_aexklacwqwezaorf.tif	493541.873477	493542.132063	493542.780575	8.008737e-01	74	none	NaN	NaN
133	14	26	67	kitchen	sun_aarfiyshqohlwkmo.tif	493543.550135	493543.808730	493544.457248	6.840796e-01	57	37	493545.248024	1
133	14	27	61	kitchen	labelme_brsyyvweiuaazfr.tif	493546.019251	493546.277837	493546.926376	7.174493e-01	51	none	NaN	NaN
133	14	28	73	kitchen	sun_abrcnpqqhmjwekyf.tif	493547.695914	493547.954507	493548.603246	6.673947e-01	63	none	NaN	NaN
133	14	29	69	kitchen	sun_abdenxonkemggwsq.tif	493549.372578	493549.631168	493550.279712	7.424766e-01	59	none	NaN	NaN
133	14	30	88	kitchen	sun_agubuxuukhzyzpdp.tif	493551.049240	493551.307828	493551.956269	6.590523e-01	78	none	NaN	NaN
133	14	31	85	kitchen	sun_afuyedyxivkhecmu.tif	493552.725905	493552.984490	493553.633047	7.508191e-01	75	none	NaN	NaN
133	14	32	75	kitchen	sun_acgtpgfybqjmzeyw.tif	493554.402564	493554.661154	493555.309613	6.757372e-01	65	none	NaN	NaN
133	14	33	87	kitchen	sun_agorklincwxrdtga.tif	493556.079224	493556.337819	493556.986340	8.092161e-01	77	none	NaN	NaN
133	14	34	102	kitchen	sun_auaiucuqpdausiva.tif	493557.755891	493558.014478	493558.662982	7.007645e-01	92	none	NaN	NaN
133	14	35	95	kitchen	sun_aixorpehvfykdynp.tif	493559.432488	493559.691138	493560.339566	8.092161e-01	85	none	NaN	NaN
133	14	36	109	kitchen	sun_aypmqwcualkenuoe.tif	493561.109212	493561.367798	493562.016181	7.091069e-01	99	none	NaN	NaN
133	14	37	96	kitchen	sun_ajcbwwvdlsvjyzje.tif	493562.785875	493563.044464	493563.692863	6.840796e-01	86	none	NaN	NaN
133	14	38	93	kitchen	sun_ahspylgoovwmwvgk.tif	493564.462539	493564.721127	493565.369735	6.507099e-01	83	none	NaN	NaN
133	14	39	79	kitchen	sun_admlmbcdswaszruo.tif	493566.139200	493566.397786	493567.046377	8.425858e-01	69	39	493567.936069	1
133	14	40	80	kitchen	sun_aegoxogugdkwpmpj.tif	493568.708409	493568.967003	493569.615578	7.424766e-01	70	none	NaN	NaN
133	14	41	62	kitchen	labelme_kxvouciolcpqplr.tif	493570.385075	493570.643663	493571.292257	7.675039e-01	52	39	493572.104078	1
133	14	42	71	kitchen	sun_abftihopvusyfakt.tif	493572.879215	493573.137807	493573.786285	8.342434e-01	61	none	NaN	NaN
133	14	43	63	kitchen	labelme_rykdqxenmhulbdn.tif	493574.555880	493574.814465	493575.463060	7.007645e-01	53	37	493576.256032	1
133	14	44	81	kitchen	sun_aehawpgmrlhlvcow.tif	493577.033335	493577.291920	493577.940397	6.924220e-01	71	none	NaN	NaN
133	14	45	91	kitchen	sun_ahljzhgcdpomplvg.tif	493578.709992	493578.968582	493579.616987	8.175585e-01	81	none	NaN	NaN
133	14	46	77	kitchen	sun_acxkpeoqbwcxfvip.tif	493580.386661	493580.645253	493581.293734	7.341342e-01	67	none	NaN	NaN
133	14	47	110	kitchen	sun_azmutvzbxypaceni.tif	493582.063318	493582.321909	493582.970504	8.259010e-01	100	39	493583.760088	0
133	14	48	66	kitchen	sun_aapllqyqlykszopd.tif	493584.532431	493584.791032	493585.439503	7.675039e-01	56	none	NaN	NaN
133	14	49	98	kitchen	sun_akchetnepxlcxhsu.tif	493586.209098	493586.467685	493587.116206	8.092161e-01	88	none	NaN	NaN
133	14	50	106	kitchen	sun_awcpdzzznmweyyhv.tif	493587.885758	493588.144352	493588.792836	7.591615e-01	96	none	NaN	NaN
133	14	51	92	kitchen	sun_ahpczsiumwwocjkv.tif	493589.562420	493589.821009	493590.469587	8.259010e-01	82	none	NaN	NaN
133	14	52	80	kitchen	sun_aegoxogugdkwpmpj.tif	493591.239078	493591.497671	493592.146157	7.508191e-01	70	none	NaN	NaN
133	14	53	94	kitchen	sun_ahywdevtimnqcsln.tif	493592.915746	493593.174333	493593.822747	8.175585e-01	84	none	NaN	NaN
133	14	54	89	kitchen	sun_agzzivivdpnawacl.tif	493594.592404	493594.850997	493595.499386	6.757372e-01	79	none	NaN	NaN
133	14	55	97	kitchen	sun_ajkqhtgcbgpcwrwn.tif	493596.269066	493596.527657	493597.176169	7.174493e-01	87	none	NaN	NaN
133	14	56	108	kitchen	sun_aymvwlarqodbwuoc.tif	493597.945733	493598.204325	493598.852936	7.758464e-01	98	37	493599.696292	1
133	14	57	67	kitchen	sun_aarfiyshqohlwkmo.tif	493600.473240	493600.731824	493601.380380	7.091069e-01	57	none	NaN	NaN
133	14	58	75	kitchen	sun_acgtpgfybqjmzeyw.tif	493602.149897	493602.408486	493603.057090	7.758464e-01	65	none	NaN	NaN
133	14	59	63	kitchen	labelme_rykdqxenmhulbdn.tif	493603.826562	493604.085147	493604.733734	7.508191e-01	53	none	NaN	NaN
133	14	60	73	kitchen	sun_abrcnpqqhmjwekyf.tif	493605.503228	493605.761814	493606.410424	7.341342e-01	63	none	NaN	NaN
133	14	61	76	kitchen	sun_acwjdupvyjsugpay.tif	493607.179884	493607.438479	493608.086972	7.925312e-01	66	none	NaN	NaN
133	14	62	82	kitchen	sun_aenotlpyftoioydp.tif	493608.856551	493609.115137	493609.763735	8.008737e-01	72	none	NaN	NaN
133	14	63	61	kitchen	labelme_brsyyvweiuaazfr.tif	493610.533213	493610.791800	493611.440195	8.008737e-01	51	none	NaN	NaN
133	14	64	64	kitchen	sun_aadbddgrdsjugojn.tif	493612.209873	493612.468463	493613.116965	7.257918e-01	54	none	NaN	NaN
133	14	65	62	kitchen	labelme_kxvouciolcpqplr.tif	493613.886532	493614.145128	493614.793552	8.092161e-01	52	39	493615.568024	1
133	14	66	86	kitchen	sun_aggjlwcdjsjcaemh.tif	493616.338968	493616.597554	493617.246165	7.841888e-01	76	none	NaN	NaN
133	14	67	91	kitchen	sun_ahljzhgcdpomplvg.tif	493618.015631	493618.274223	493618.922823	8.342434e-01	81	none	NaN	NaN
133	14	68	66	kitchen	sun_aapllqyqlykszopd.tif	493619.692296	493619.950882	493620.599481	8.175585e-01	56	none	NaN	NaN
133	14	69	81	kitchen	sun_aehawpgmrlhlvcow.tif	493621.368951	493621.627541	493622.276144	7.925312e-01	71	none	NaN	NaN
133	14	70	104	kitchen	sun_auticobqsbwgoppi.tif	493623.045617	493623.304206	493623.952685	7.424766e-01	94	none	NaN	NaN
133	14	71	87	kitchen	sun_agorklincwxrdtga.tif	493624.722278	493624.980870	493625.629322	7.841888e-01	77	none	NaN	NaN
133	14	72	78	kitchen	sun_adgqasybjyktddhj.tif	493626.398939	493626.657531	493627.306142	7.257918e-01	68	none	NaN	NaN
133	14	73	99	kitchen	sun_akcjzhbbjlbogpdi.tif	493628.075602	493628.334191	493628.982607	8.008737e-01	89	none	NaN	NaN
133	14	74	105	kitchen	sun_avszsnwsbuqfgzbn.tif	493629.752268	493630.010854	493630.659244	6.840796e-01	95	none	NaN	NaN
133	14	75	77	kitchen	sun_acxkpeoqbwcxfvip.tif	493631.428927	493631.687517	493632.335979	7.675039e-01	67	none	NaN	NaN
133	14	76	69	kitchen	sun_abdenxonkemggwsq.tif	493633.105588	493633.364177	493634.012674	8.342434e-01	59	none	NaN	NaN
133	14	77	88	kitchen	sun_agubuxuukhzyzpdp.tif	493634.782250	493635.040843	493635.689250	6.924220e-01	78	none	NaN	NaN
133	14	78	68	kitchen	sun_aaxxjlsuzvqlgylf.tif	493636.458915	493636.717506	493637.366071	7.508191e-01	58	none	NaN	NaN
133	14	79	96	kitchen	sun_ajcbwwvdlsvjyzje.tif	493638.135575	493638.394167	493639.042565	6.757372e-01	86	none	NaN	NaN
133	14	80	83	kitchen	sun_aeqdocilnnpuvuhx.tif	493639.812235	493640.070825	493640.719391	6.673947e-01	73	39	493641.672144	1
133	14	81	98	kitchen	sun_akchetnepxlcxhsu.tif	493642.448181	493642.706764	493643.355292	7.007645e-01	88	none	NaN	NaN
133	14	82	74	kitchen	sun_acfmftudsenhrfhy.tif	493644.124846	493644.383434	493645.031981	8.259010e-01	64	none	NaN	NaN
133	14	83	100	kitchen	sun_amjjdeyrggfqgmom.tif	493645.801508	493646.060096	493646.708680	7.925312e-01	90	none	NaN	NaN
133	14	84	90	kitchen	sun_ahdycvpopffkzzsu.tif	493647.478171	493647.736759	493648.385350	8.509283e-01	80	none	NaN	NaN
133	14	85	84	kitchen	sun_aexklacwqwezaorf.tif	493649.154833	493649.413419	493650.061990	7.758464e-01	74	37	493651.079976	1
133	14	86	71	kitchen	sun_abftihopvusyfakt.tif	493651.857516	493652.116108	493652.764729	6.590523e-01	61	37	493653.728197	1
133	14	87	72	kitchen	sun_abpwyqmlzafvklqo.tif	493654.501798	493654.760391	493655.408996	7.257918e-01	62	none	NaN	NaN
133	14	88	107	kitchen	sun_axyyrmzcupyhlivc.tif	493656.178464	493656.437051	493657.085593	6.673947e-01	97	37	493657.672199	1
133	14	89	85	kitchen	sun_afuyedyxivkhecmu.tif	493658.447377	493658.705964	493659.354451	7.091069e-01	75	none	NaN	NaN
133	14	90	109	kitchen	sun_aypmqwcualkenuoe.tif	493660.124040	493660.382626	493661.031245	6.924220e-01	99	none	NaN	NaN
133	14	91	103	kitchen	sun_aunzlwrbjumxhwdj.tif	493661.800703	493662.059289	493662.707892	7.675039e-01	93	none	NaN	NaN
133	14	92	95	kitchen	sun_aixorpehvfykdynp.tif	493663.477366	493663.735958	493664.384405	6.840796e-01	85	none	NaN	NaN
133	14	93	79	kitchen	sun_admlmbcdswaszruo.tif	493665.154026	493665.412616	493666.061120	6.757372e-01	69	39	493666.768360	1
133	14	94	70	kitchen	sun_abdxkyyxwfskuaqb.tif	493667.539726	493667.798317	493668.446798	7.758464e-01	60	none	NaN	NaN
133	14	95	106	kitchen	sun_awcpdzzznmweyyhv.tif	493669.216392	493669.474974	493670.123436	7.174493e-01	96	39	493671.095881	1
133	14	96	101	kitchen	sun_aqeaevwwwjoqhzvl.tif	493671.869019	493672.127612	493672.776094	8.175585e-01	91	none	NaN	NaN
133	14	97	93	kitchen	sun_ahspylgoovwmwvgk.tif	493673.545677	493673.804271	493674.452668	7.341342e-01	83	none	NaN	NaN
133	14	98	110	kitchen	sun_azmutvzbxypaceni.tif	493675.222343	493675.480932	493676.129316	7.591615e-01	100	none	NaN	NaN
133	14	99	102	kitchen	sun_auaiucuqpdausiva.tif	493676.899007	493677.157598	493677.806002	7.591615e-01	92	none	NaN	NaN
133	14	100	65	kitchen	sun_aamedkxepzlwuxes.tif	493678.575668	493678.834262	493679.482646	8.175585e-01	55	none	NaN	NaN
133	15	1	55	bathroom	sun_avhrdrntsqrjzccq.tif	493685.015382	493685.273977	493685.964068	6.673947e-01	45	none	NaN	NaN
133	15	2	58	bathroom	sun_axxbkopsgyouuebh.tif	493686.733756	493686.992343	493687.682651	6.507099e-01	48	none	NaN	NaN
133	15	3	29	bathroom	sun_ahqjwnzgolcaoidx.tif	493688.452124	493688.710717	493689.400956	8.092161e-01	19	none	NaN	NaN
133	15	4	28	bathroom	sun_ahijqszoswveeyji.tif	493690.170493	493690.429087	493691.119238	7.675039e-01	18	none	NaN	NaN
133	15	5	13	bathroom	sun_aavhrsfjbserjtht.tif	493691.888865	493692.147455	493692.837611	8.092161e-01	3	none	NaN	NaN
133	15	6	52	bathroom	sun_aunuadmjocsddsrl.tif	493693.607236	493693.865823	493694.556144	7.424766e-01	42	none	NaN	NaN
133	15	7	53	bathroom	sun_ausgutylgojavyoq.tif	493695.325608	493695.584194	493696.274467	7.758464e-01	43	none	NaN	NaN
133	15	8	51	bathroom	sun_atstyziqcmkahyxk.tif	493697.043974	493697.302564	493697.992736	7.007645e-01	41	none	NaN	NaN
133	15	9	37	bathroom	sun_amzlamotzwfkwjco.tif	493698.762348	493699.020936	493699.711262	7.591615e-01	27	none	NaN	NaN
133	15	10	19	bathroom	sun_aclfzgynxzxlbepz.tif	493700.480716	493700.739305	493701.429583	7.925312e-01	9	none	NaN	NaN
133	15	11	57	bathroom	sun_axldvoqbuvuggfmq.tif	493702.199086	493702.457676	493703.148002	7.341342e-01	47	none	NaN	NaN
133	15	12	39	bathroom	sun_anryaplzeujmzfkd.tif	493703.917458	493704.176051	493704.866378	6.757372e-01	29	none	NaN	NaN
133	15	13	27	bathroom	sun_ahcvzmoyaycdoftf.tif	493705.635828	493705.894422	493706.584613	7.591615e-01	17	none	NaN	NaN
133	15	14	12	bathroom	sun_aapitsgbtktqubfy.tif	493707.354197	493707.612788	493708.302942	6.840796e-01	2	none	NaN	NaN
133	15	15	30	bathroom	sun_ajlawzvmubibwbpy.tif	493709.072569	493709.331156	493710.021438	7.007645e-01	20	none	NaN	NaN
133	15	16	26	bathroom	sun_ahaulkltgpkeeemi.tif	493710.790933	493711.049525	493711.739720	8.259010e-01	16	none	NaN	NaN
133	15	17	20	bathroom	sun_afcoljnjfoxjtgja.tif	493712.509310	493712.767898	493713.458119	6.673947e-01	10	39	493714.440211	0
133	15	18	22	bathroom	sun_agguqiubmwhqqunb.tif	493715.212009	493715.470576	493716.160792	8.342434e-01	12	none	NaN	NaN
133	15	19	15	bathroom	sun_abjtwfukuwddzted.tif	493716.930359	493717.188952	493717.879251	8.425858e-01	5	none	NaN	NaN
133	15	20	41	bathroom	sun_aoybiabnpadelefl.tif	493718.648730	493718.907321	493719.597533	7.341342e-01	31	none	NaN	NaN
133	15	21	18	bathroom	sun_acgyywnybuveqsro.tif	493720.367100	493720.625686	493721.315999	7.841888e-01	8	none	NaN	NaN
133	15	22	17	bathroom	sun_acegryoqftbzowsg.tif	493722.085469	493722.344056	493723.034227	8.342434e-01	7	none	NaN	NaN
133	15	23	14	bathroom	sun_abapwbhyhkfixyex.tif	493723.803836	493724.062426	493724.752643	7.758464e-01	4	39	493725.680277	1
133	15	24	44	bathroom	sun_apkruvsevgegsdwp.tif	493726.456470	493726.715060	493727.405215	8.175585e-01	34	none	NaN	NaN
133	15	25	32	bathroom	sun_aleqenyvunhactkl.tif	493728.174837	493728.433427	493729.123661	6.840796e-01	22	39	493729.976217	1
133	15	26	49	bathroom	sun_asfwthctfqerjvxr.tif	493730.752400	493731.010983	493731.701250	7.091069e-01	39	none	NaN	NaN
133	15	27	48	bathroom	sun_aqrpegblszgcoujh.tif	493732.470763	493732.729353	493733.419673	7.925312e-01	38	none	NaN	NaN
133	15	28	50	bathroom	sun_aspsyogrekjtfozg.tif	493734.189137	493734.447726	493735.137984	7.091069e-01	40	none	NaN	NaN
133	15	29	47	bathroom	sun_apynckhmoftszqoq.tif	493735.907502	493736.166095	493736.856340	7.925312e-01	37	none	NaN	NaN
133	15	30	60	bathroom	sun_azqyogdvyhahyram.tif	493737.625878	493737.884467	493738.574693	8.175585e-01	50	none	NaN	NaN
133	15	31	38	bathroom	sun_anhioqovhscjqqwb.tif	493739.344246	493739.602836	493740.293149	8.259010e-01	28	none	NaN	NaN
133	15	32	34	bathroom	sun_alkosphxlxwjwgjd.tif	493741.062617	493741.321206	493742.011404	7.424766e-01	24	none	NaN	NaN
133	15	33	56	bathroom	sun_awnqiikzaispgmwo.tif	493742.780985	493743.039575	493743.729688	8.509283e-01	46	none	NaN	NaN
133	15	34	35	bathroom	sun_alotolagknyrgtsk.tif	493744.499354	493744.757945	493745.448100	7.675039e-01	25	none	NaN	NaN
133	15	35	16	bathroom	sun_acduarbnmmoglmiv.tif	493746.217724	493746.476313	493747.166411	7.257918e-01	6	none	NaN	NaN
133	15	36	42	bathroom	sun_apeeialkgkuxddgh.tif	493747.936100	493748.194686	493748.884877	6.924220e-01	32	none	NaN	NaN
133	15	37	40	bathroom	sun_aofnryafpsjimzsb.tif	493749.654468	493749.913062	493750.603390	8.425858e-01	30	none	NaN	NaN
133	15	38	45	bathroom	sun_apkxzenqapsujocq.tif	493751.372839	493751.631424	493752.321688	7.091069e-01	35	39	493755.112306	0
133	15	39	59	bathroom	sun_axyrejkiiaqiurjk.tif	493755.885643	493756.144239	493756.834448	7.174493e-01	49	none	NaN	NaN
133	15	40	46	bathroom	sun_apmqjbnwghzuhhzh.tif	493757.604012	493757.862599	493758.552758	6.924220e-01	36	39	493759.416358	1
133	15	41	43	bathroom	sun_apjevzvycyhuqghb.tif	493760.189907	493760.448502	493761.138683	8.342434e-01	33	none	NaN	NaN
133	15	42	54	bathroom	sun_auzqhkafidnkrwmo.tif	493761.908280	493762.166870	493762.857184	7.007645e-01	44	37	493763.464207	1
133	15	43	23	bathroom	sun_aghyqhbptboemmoq.tif	493764.235588	493764.494178	493765.184342	8.008737e-01	13	none	NaN	NaN
133	15	44	33	bathroom	sun_aljolscmmzydegqp.tif	493765.953960	493766.212550	493766.902644	7.841888e-01	23	none	NaN	NaN
133	15	45	25	bathroom	sun_agyqfjcfkdcydepw.tif	493767.672334	493767.930919	493768.621257	8.175585e-01	15	none	NaN	NaN
133	15	46	11	bathroom	labelme_sfxiulhjbhlyiyt.tif	493769.390696	493769.649290	493770.339592	7.174493e-01	1	none	NaN	NaN
133	15	47	24	bathroom	sun_agrwbmhcpmfuwmsg.tif	493771.109066	493771.367657	493772.057848	7.341342e-01	14	none	NaN	NaN
133	15	48	21	bathroom	sun_aggnnqpdorgxpvce.tif	493772.827437	493773.086031	493773.776235	8.342434e-01	11	none	NaN	NaN
133	15	49	36	bathroom	sun_ambriybtogmepttm.tif	493774.545811	493774.804401	493775.494627	7.508191e-01	26	39	493776.256328	1
133	15	50	31	bathroom	sun_akiytfaagpdsphgz.tif	493777.031611	493777.290194	493777.980411	7.925312e-01	21	none	NaN	NaN
133	15	51	51	bathroom	sun_atstyziqcmkahyxk.tif	493778.749981	493779.008568	493779.698804	6.757372e-01	41	none	NaN	NaN
133	15	52	34	bathroom	sun_alkosphxlxwjwgjd.tif	493780.468347	493780.726940	493781.417243	6.673947e-01	24	39	493782.448121	0
133	15	53	20	bathroom	sun_afcoljnjfoxjtgja.tif	493783.221078	493783.479661	493784.169924	7.257918e-01	10	37	493784.711966	0
133	15	54	52	bathroom	sun_aunuadmjocsddsrl.tif	493785.489992	493785.748580	493786.438914	7.257918e-01	42	39	493788.608150	1
133	15	55	22	bathroom	sun_agguqiubmwhqqunb.tif	493789.385521	493789.644109	493790.334446	7.675039e-01	12	none	NaN	NaN
133	15	56	33	bathroom	sun_aljolscmmzydegqp.tif	493791.103890	493791.362478	493792.052752	6.924220e-01	23	none	NaN	NaN
133	15	57	41	bathroom	sun_aoybiabnpadelefl.tif	493792.822266	493793.080852	493793.771035	8.175585e-01	31	none	NaN	NaN
133	15	58	13	bathroom	sun_aavhrsfjbserjtht.tif	493794.540633	493794.799224	493795.489529	6.590523e-01	3	none	NaN	NaN
133	15	59	57	bathroom	sun_axldvoqbuvuggfmq.tif	493796.258947	493796.517591	493797.207753	8.425858e-01	47	none	NaN	NaN
133	15	60	50	bathroom	sun_aspsyogrekjtfozg.tif	493797.977375	493798.235957	493798.926242	6.924220e-01	40	none	NaN	NaN
133	15	61	37	bathroom	sun_amzlamotzwfkwjco.tif	493799.695743	493799.954333	493800.644549	6.507099e-01	27	none	NaN	NaN
133	15	62	32	bathroom	sun_aleqenyvunhactkl.tif	493801.414116	493801.672701	493802.363013	6.590523e-01	22	none	NaN	NaN
133	15	63	19	bathroom	sun_aclfzgynxzxlbepz.tif	493803.132485	493803.391070	493804.081303	7.508191e-01	9	none	NaN	NaN
133	15	64	43	bathroom	sun_apjevzvycyhuqghb.tif	493804.850855	493805.109449	493805.799746	7.424766e-01	33	none	NaN	NaN
133	15	65	42	bathroom	sun_apeeialkgkuxddgh.tif	493806.569225	493806.827812	493807.518118	6.757372e-01	32	none	NaN	NaN
133	15	66	12	bathroom	sun_aapitsgbtktqubfy.tif	493808.287590	493808.546183	493809.236453	7.174493e-01	2	none	NaN	NaN
133	15	67	46	bathroom	sun_apmqjbnwghzuhhzh.tif	493810.005965	493810.264556	493810.954766	6.673947e-01	36	none	NaN	NaN
133	15	68	15	bathroom	sun_abjtwfukuwddzted.tif	493811.724337	493811.982924	493812.673154	7.007645e-01	5	none	NaN	NaN
133	15	69	60	bathroom	sun_azqyogdvyhahyram.tif	493813.442703	493813.701295	493814.391419	7.257918e-01	50	none	NaN	NaN
133	15	70	21	bathroom	sun_aggnnqpdorgxpvce.tif	493815.161077	493815.419664	493816.109846	8.425858e-01	11	none	NaN	NaN
133	15	71	53	bathroom	sun_ausgutylgojavyoq.tif	493816.879445	493817.138036	493817.828324	7.841888e-01	43	37	493818.872196	1
133	15	72	58	bathroom	sun_axxbkopsgyouuebh.tif	493819.648857	493819.907444	493820.597760	7.341342e-01	48	none	NaN	NaN
133	15	73	27	bathroom	sun_ahcvzmoyaycdoftf.tif	493821.367229	493821.625812	493822.315997	8.175585e-01	17	none	NaN	NaN
133	15	74	18	bathroom	sun_acgyywnybuveqsro.tif	493823.085599	493823.344187	493824.034487	7.591615e-01	8	none	NaN	NaN
133	15	75	30	bathroom	sun_ajlawzvmubibwbpy.tif	493824.803970	493825.062556	493825.752671	6.840796e-01	20	none	NaN	NaN
133	15	76	24	bathroom	sun_agrwbmhcpmfuwmsg.tif	493826.522342	493826.780926	493827.471203	8.092161e-01	14	none	NaN	NaN
133	15	77	54	bathroom	sun_auzqhkafidnkrwmo.tif	493828.240713	493828.499302	493829.189495	6.757372e-01	44	none	NaN	NaN
133	15	78	48	bathroom	sun_aqrpegblszgcoujh.tif	493829.959077	493830.217670	493830.907935	7.508191e-01	38	none	NaN	NaN
133	15	79	25	bathroom	sun_agyqfjcfkdcydepw.tif	493831.677449	493831.936041	493832.626321	7.675039e-01	15	none	NaN	NaN
133	15	80	38	bathroom	sun_anhioqovhscjqqwb.tif	493833.395820	493833.654411	493834.344603	7.424766e-01	28	none	NaN	NaN
133	15	81	44	bathroom	sun_apkruvsevgegsdwp.tif	493835.114193	493835.372779	493836.063061	8.259010e-01	34	none	NaN	NaN
133	15	82	55	bathroom	sun_avhrdrntsqrjzccq.tif	493836.832559	493837.091152	493837.781295	8.008737e-01	45	none	NaN	NaN
133	15	83	28	bathroom	sun_ahijqszoswveeyji.tif	493838.550928	493838.809519	493839.499798	8.008737e-01	18	none	NaN	NaN
133	15	84	47	bathroom	sun_apynckhmoftszqoq.tif	493840.269301	493840.527890	493841.218119	7.508191e-01	37	none	NaN	NaN
133	15	85	36	bathroom	sun_ambriybtogmepttm.tif	493841.987669	493842.246257	493842.936570	7.091069e-01	26	none	NaN	NaN
133	15	86	14	bathroom	sun_abapwbhyhkfixyex.tif	493843.706043	493843.964629	493844.654872	7.174493e-01	4	37	493845.712271	1
133	15	87	26	bathroom	sun_ahaulkltgpkeeemi.tif	493846.483794	493846.742383	493847.432689	7.591615e-01	16	39	493848.080307	1
133	15	88	23	bathroom	sun_aghyqhbptboemmoq.tif	493848.852812	493849.111400	493849.801686	7.841888e-01	13	none	NaN	NaN
133	15	89	45	bathroom	sun_apkxzenqapsujocq.tif	493850.571177	493850.829772	493851.520075	6.507099e-01	35	none	NaN	NaN
133	15	90	16	bathroom	sun_acduarbnmmoglmiv.tif	493852.289552	493852.548142	493853.238380	8.509283e-01	6	39	493853.944156	1
133	15	91	17	bathroom	sun_acegryoqftbzowsg.tif	493854.716958	493854.975545	493855.665814	6.590523e-01	7	none	NaN	NaN
133	15	92	29	bathroom	sun_ahqjwnzgolcaoidx.tif	493856.435322	493856.693916	493857.384251	6.840796e-01	19	none	NaN	NaN
133	15	93	40	bathroom	sun_aofnryafpsjimzsb.tif	493858.153698	493858.412287	493859.102424	8.259010e-01	30	none	NaN	NaN
133	15	94	56	bathroom	sun_awnqiikzaispgmwo.tif	493859.872074	493860.130654	493860.820851	8.092161e-01	46	none	NaN	NaN
133	15	95	31	bathroom	sun_akiytfaagpdsphgz.tif	493861.590440	493861.849026	493862.539334	8.008737e-01	21	none	NaN	NaN
133	15	96	35	bathroom	sun_alotolagknyrgtsk.tif	493863.308811	493863.567396	493864.258007	7.758464e-01	25	37	493864.984252	1
133	15	97	49	bathroom	sun_asfwthctfqerjvxr.tif	493865.761240	493866.019834	493866.709929	7.758464e-01	39	none	NaN	NaN
133	15	98	39	bathroom	sun_anryaplzeujmzfkd.tif	493867.479608	493867.738198	493868.428514	7.591615e-01	29	none	NaN	NaN
133	15	99	59	bathroom	sun_axyrejkiiaqiurjk.tif	493869.197980	493869.456571	493870.146835	6.590523e-01	49	none	NaN	NaN
133	15	100	11	bathroom	labelme_sfxiulhjbhlyiyt.tif	493870.916355	493871.174941	493871.865086	6.924220e-01	1	none	NaN	NaN
133	16	1	100	kitchen	sun_amjjdeyrggfqgmom.tif	493876.955675	493877.214262	493877.937928	6.757372e-01	90	39	493878.784214	1
133	16	2	86	kitchen	sun_aggjlwcdjsjcaemh.tif	493879.558251	493879.816837	493880.540342	8.342434e-01	76	none	NaN	NaN
133	16	3	64	kitchen	sun_aadbddgrdsjugojn.tif	493881.309987	493881.568575	493882.292266	8.092161e-01	54	none	NaN	NaN
133	16	4	93	kitchen	sun_ahspylgoovwmwvgk.tif	493883.061728	493883.320316	493884.044005	8.342434e-01	83	none	NaN	NaN
133	16	5	69	kitchen	sun_abdenxonkemggwsq.tif	493884.813463	493885.072050	493885.795746	7.007645e-01	59	none	NaN	NaN
133	16	6	91	kitchen	sun_ahljzhgcdpomplvg.tif	493886.565196	493886.823786	493887.547396	8.175585e-01	81	none	NaN	NaN
133	16	7	72	kitchen	sun_abpwyqmlzafvklqo.tif	493888.316933	493888.575520	493889.299180	7.508191e-01	62	none	NaN	NaN
133	16	8	81	kitchen	sun_aehawpgmrlhlvcow.tif	493890.068670	493890.327264	493891.050722	8.175585e-01	71	none	NaN	NaN
133	16	9	103	kitchen	sun_aunzlwrbjumxhwdj.tif	493891.820408	493892.078997	493892.802595	7.591615e-01	93	none	NaN	NaN
133	16	10	74	kitchen	sun_acfmftudsenhrfhy.tif	493893.572143	493893.830735	493894.554334	7.007645e-01	64	none	NaN	NaN
133	16	11	68	kitchen	sun_aaxxjlsuzvqlgylf.tif	493895.323881	493895.582472	493896.306142	7.424766e-01	58	none	NaN	NaN
133	16	12	107	kitchen	sun_axyyrmzcupyhlivc.tif	493897.075620	493897.334206	493898.057909	7.007645e-01	97	none	NaN	NaN
133	16	13	79	kitchen	sun_admlmbcdswaszruo.tif	493898.827358	493899.085945	493899.809647	6.757372e-01	69	none	NaN	NaN
133	16	14	110	kitchen	sun_azmutvzbxypaceni.tif	493900.579092	493900.837678	493901.561308	7.591615e-01	100	none	NaN	NaN
133	16	15	66	kitchen	sun_aapllqyqlykszopd.tif	493902.330826	493902.589425	493903.313020	7.758464e-01	56	none	NaN	NaN
133	16	16	61	kitchen	labelme_brsyyvweiuaazfr.tif	493904.082567	493904.341151	493905.064624	7.341342e-01	51	none	NaN	NaN
133	16	17	106	kitchen	sun_awcpdzzznmweyyhv.tif	493905.834298	493906.092889	493906.816470	7.508191e-01	96	none	NaN	NaN
133	16	18	75	kitchen	sun_acgtpgfybqjmzeyw.tif	493907.586036	493907.844627	493908.568281	7.341342e-01	65	none	NaN	NaN
133	16	19	99	kitchen	sun_akcjzhbbjlbogpdi.tif	493909.337775	493909.596360	493910.320141	6.673947e-01	89	none	NaN	NaN
133	16	20	108	kitchen	sun_aymvwlarqodbwuoc.tif	493911.089512	493911.348102	493912.071736	6.590523e-01	98	none	NaN	NaN
133	16	21	76	kitchen	sun_acwjdupvyjsugpay.tif	493912.841247	493913.099831	493913.823473	7.925312e-01	66	none	NaN	NaN
133	16	22	85	kitchen	sun_afuyedyxivkhecmu.tif	493914.592984	493914.851573	493915.575274	8.259010e-01	75	none	NaN	NaN
133	16	23	105	kitchen	sun_avszsnwsbuqfgzbn.tif	493916.344721	493916.603305	493917.326895	8.008737e-01	95	none	NaN	NaN
133	16	24	65	kitchen	sun_aamedkxepzlwuxes.tif	493918.096459	493918.355048	493919.078597	7.174493e-01	55	none	NaN	NaN
133	16	25	95	kitchen	sun_aixorpehvfykdynp.tif	493919.848194	493920.106784	493920.830291	8.425858e-01	85	none	NaN	NaN
133	16	26	80	kitchen	sun_aegoxogugdkwpmpj.tif	493921.599930	493921.858514	493922.582184	8.175585e-01	70	none	NaN	NaN
133	16	27	78	kitchen	sun_adgqasybjyktddhj.tif	493923.351668	493923.610256	493924.333827	8.342434e-01	68	39	493925.656455	0
133	16	28	96	kitchen	sun_ajcbwwvdlsvjyzje.tif	493926.429719	493926.688306	493927.411848	7.341342e-01	86	none	NaN	NaN
133	16	29	84	kitchen	sun_aexklacwqwezaorf.tif	493928.181456	493928.440042	493929.163605	7.675039e-01	74	none	NaN	NaN
133	16	30	62	kitchen	labelme_kxvouciolcpqplr.tif	493929.933191	493930.191782	493930.915624	6.590523e-01	52	none	NaN	NaN
133	16	31	88	kitchen	sun_agubuxuukhzyzpdp.tif	493931.684927	493931.943515	493932.667216	6.757372e-01	78	none	NaN	NaN
133	16	32	63	kitchen	labelme_rykdqxenmhulbdn.tif	493933.436668	493933.695257	493934.418811	6.673947e-01	53	none	NaN	NaN
133	16	33	71	kitchen	sun_abftihopvusyfakt.tif	493935.188402	493935.446996	493936.170581	8.259010e-01	61	none	NaN	NaN
133	16	34	83	kitchen	sun_aeqdocilnnpuvuhx.tif	493936.940137	493937.198730	493937.922352	6.840796e-01	73	none	NaN	NaN
133	16	35	104	kitchen	sun_auticobqsbwgoppi.tif	493938.691873	493938.950463	493939.674084	7.257918e-01	94	none	NaN	NaN
133	16	36	92	kitchen	sun_ahpczsiumwwocjkv.tif	493940.443609	493940.702200	493941.425826	7.758464e-01	82	none	NaN	NaN
133	16	37	97	kitchen	sun_ajkqhtgcbgpcwrwn.tif	493942.195368	493942.453938	493943.177450	7.257918e-01	87	39	493944.136241	0
133	16	38	94	kitchen	sun_ahywdevtimnqcsln.tif	493944.914709	493945.173302	493945.896899	8.175585e-01	84	none	NaN	NaN
133	16	39	67	kitchen	sun_aarfiyshqohlwkmo.tif	493946.666448	493946.925039	493947.648535	7.925312e-01	57	39	493949.064356	0
133	16	40	98	kitchen	sun_akchetnepxlcxhsu.tif	493949.836256	493950.094850	493950.818776	7.508191e-01	88	none	NaN	NaN
133	16	41	77	kitchen	sun_acxkpeoqbwcxfvip.tif	493951.587995	493951.846582	493952.570304	8.008737e-01	67	none	NaN	NaN
133	16	42	73	kitchen	sun_abrcnpqqhmjwekyf.tif	493953.339727	493953.598319	493954.321957	6.840796e-01	63	37	493955.136592	1
133	16	43	87	kitchen	sun_agorklincwxrdtga.tif	493955.908946	493956.167534	493956.891056	6.507099e-01	77	none	NaN	NaN
133	16	44	89	kitchen	sun_agzzivivdpnawacl.tif	493957.660677	493957.919272	493958.642746	8.509283e-01	79	none	NaN	NaN
133	16	45	101	kitchen	sun_aqeaevwwwjoqhzvl.tif	493959.412419	493959.671007	493960.394582	7.841888e-01	91	none	NaN	NaN
133	16	46	90	kitchen	sun_ahdycvpopffkzzsu.tif	493961.164152	493961.422749	493962.146264	6.924220e-01	80	none	NaN	NaN
133	16	47	102	kitchen	sun_auaiucuqpdausiva.tif	493962.915890	493963.174474	493963.898099	7.508191e-01	92	none	NaN	NaN
133	16	48	82	kitchen	sun_aenotlpyftoioydp.tif	493964.667629	493964.926216	493965.649716	7.675039e-01	72	none	NaN	NaN
133	16	49	70	kitchen	sun_abdxkyyxwfskuaqb.tif	493966.419356	493966.677954	493967.401566	7.758464e-01	60	none	NaN	NaN
133	16	50	109	kitchen	sun_aypmqwcualkenuoe.tif	493968.171102	493968.429693	493969.153330	7.091069e-01	99	none	NaN	NaN
133	16	51	62	kitchen	labelme_kxvouciolcpqplr.tif	493969.922836	493970.181428	493970.905047	7.841888e-01	52	none	NaN	NaN
133	16	52	73	kitchen	sun_abrcnpqqhmjwekyf.tif	493971.674573	493971.933165	493972.656781	7.758464e-01	63	39	493973.408277	1
133	16	53	99	kitchen	sun_akcjzhbbjlbogpdi.tif	493974.185393	493974.443986	493975.167487	7.925312e-01	89	none	NaN	NaN
133	16	54	87	kitchen	sun_agorklincwxrdtga.tif	493975.937134	493976.195718	493976.919256	7.675039e-01	77	none	NaN	NaN
133	16	55	102	kitchen	sun_auaiucuqpdausiva.tif	493977.688872	493977.947451	493978.671135	7.424766e-01	92	none	NaN	NaN
133	16	56	81	kitchen	sun_aehawpgmrlhlvcow.tif	493979.440607	493979.699197	493980.422854	6.757372e-01	71	39	493985.080162	0
133	16	57	106	kitchen	sun_awcpdzzznmweyyhv.tif	493985.855297	493986.113886	493986.837579	6.924220e-01	96	39	493987.696323	1
133	16	58	86	kitchen	sun_aggjlwcdjsjcaemh.tif	493988.474561	493988.733151	493989.456616	7.091069e-01	76	none	NaN	NaN
133	16	59	82	kitchen	sun_aenotlpyftoioydp.tif	493990.226300	493990.484891	493991.208356	6.673947e-01	72	none	NaN	NaN
133	16	60	64	kitchen	sun_aadbddgrdsjugojn.tif	493991.978038	493992.236624	493992.960212	7.841888e-01	54	37	493993.624392	1
133	16	61	95	kitchen	sun_aixorpehvfykdynp.tif	493994.397102	493994.655689	493995.379385	6.924220e-01	85	none	NaN	NaN
133	16	62	85	kitchen	sun_afuyedyxivkhecmu.tif	493996.148834	493996.407427	493997.131023	8.092161e-01	75	none	NaN	NaN
133	16	63	61	kitchen	labelme_brsyyvweiuaazfr.tif	493997.900569	493998.159158	493998.882853	7.341342e-01	51	none	NaN	NaN
133	16	64	104	kitchen	sun_auticobqsbwgoppi.tif	493999.652313	493999.910897	494000.634474	7.174493e-01	94	none	NaN	NaN
133	16	65	84	kitchen	sun_aexklacwqwezaorf.tif	494001.404048	494001.662637	494002.386163	8.175585e-01	74	none	NaN	NaN
133	16	66	94	kitchen	sun_ahywdevtimnqcsln.tif	494003.155782	494003.414371	494004.137954	7.424766e-01	84	none	NaN	NaN
133	16	67	88	kitchen	sun_agubuxuukhzyzpdp.tif	494004.907521	494005.166118	494005.889777	6.590523e-01	78	none	NaN	NaN
133	16	68	67	kitchen	sun_aarfiyshqohlwkmo.tif	494006.659257	494006.917837	494007.641322	8.259010e-01	57	none	NaN	NaN
133	16	69	71	kitchen	sun_abftihopvusyfakt.tif	494008.410993	494008.669585	494009.393127	6.924220e-01	61	none	NaN	NaN
133	16	70	93	kitchen	sun_ahspylgoovwmwvgk.tif	494010.162732	494010.421317	494011.144916	6.924220e-01	83	none	NaN	NaN
133	16	71	76	kitchen	sun_acwjdupvyjsugpay.tif	494011.914466	494012.173059	494012.896668	8.008737e-01	66	39	494013.808547	1
133	16	72	77	kitchen	sun_acxkpeoqbwcxfvip.tif	494014.583775	494014.842365	494015.565898	8.425858e-01	67	none	NaN	NaN
133	16	73	89	kitchen	sun_agzzivivdpnawacl.tif	494016.335514	494016.594105	494017.317614	7.091069e-01	79	39	494018.264396	1
133	16	74	66	kitchen	sun_aapllqyqlykszopd.tif	494019.038196	494019.296782	494020.020390	6.507099e-01	56	none	NaN	NaN
133	16	75	100	kitchen	sun_amjjdeyrggfqgmom.tif	494020.789934	494021.048516	494021.772178	7.424766e-01	90	39	494022.848674	1
133	16	76	63	kitchen	labelme_rykdqxenmhulbdn.tif	494023.626075	494023.884664	494024.608167	7.925312e-01	53	none	NaN	NaN
133	16	77	108	kitchen	sun_aymvwlarqodbwuoc.tif	494025.377815	494025.636401	494026.359937	8.092161e-01	98	none	NaN	NaN
133	16	78	105	kitchen	sun_avszsnwsbuqfgzbn.tif	494027.129552	494027.388138	494028.111849	7.591615e-01	95	39	494030.808374	1
133	16	79	75	kitchen	sun_acgtpgfybqjmzeyw.tif	494031.583970	494031.842554	494032.566170	7.174493e-01	65	37	494033.224474	1
133	16	80	79	kitchen	sun_admlmbcdswaszruo.tif	494033.994688	494034.253282	494034.976972	8.342434e-01	69	none	NaN	NaN
133	16	81	68	kitchen	sun_aaxxjlsuzvqlgylf.tif	494035.746423	494036.005018	494036.728481	8.425858e-01	58	none	NaN	NaN
133	16	82	83	kitchen	sun_aeqdocilnnpuvuhx.tif	494037.498164	494037.756754	494038.480374	7.174493e-01	73	none	NaN	NaN
133	16	83	78	kitchen	sun_adgqasybjyktddhj.tif	494039.249899	494039.508487	494040.232106	6.590523e-01	68	none	NaN	NaN
133	16	84	74	kitchen	sun_acfmftudsenhrfhy.tif	494041.001638	494041.260227	494041.983884	8.092161e-01	64	39	494042.992592	1
133	16	85	90	kitchen	sun_ahdycvpopffkzzsu.tif	494043.771047	494044.029624	494044.753192	8.425858e-01	80	none	NaN	NaN
133	16	86	65	kitchen	sun_aamedkxepzlwuxes.tif	494045.522786	494045.781374	494046.505012	8.259010e-01	55	none	NaN	NaN
133	16	87	98	kitchen	sun_akchetnepxlcxhsu.tif	494047.274515	494047.533106	494048.256582	7.091069e-01	88	none	NaN	NaN
133	16	88	80	kitchen	sun_aegoxogugdkwpmpj.tif	494049.026256	494049.284852	494050.008464	7.257918e-01	70	none	NaN	NaN
133	16	89	70	kitchen	sun_abdxkyyxwfskuaqb.tif	494050.777991	494051.036584	494051.760209	7.591615e-01	60	none	NaN	NaN
133	16	90	96	kitchen	sun_ajcbwwvdlsvjyzje.tif	494052.529730	494052.788323	494053.512007	6.840796e-01	86	none	NaN	NaN
133	16	91	91	kitchen	sun_ahljzhgcdpomplvg.tif	494054.281466	494054.540059	494055.263525	7.591615e-01	81	none	NaN	NaN
133	16	92	110	kitchen	sun_azmutvzbxypaceni.tif	494056.033209	494056.291796	494057.015349	6.673947e-01	100	none	NaN	NaN
133	16	93	97	kitchen	sun_ajkqhtgcbgpcwrwn.tif	494057.784942	494058.043531	494058.767001	7.841888e-01	87	none	NaN	NaN
133	16	94	109	kitchen	sun_aypmqwcualkenuoe.tif	494059.536680	494059.795265	494060.518895	6.840796e-01	99	none	NaN	NaN
133	16	95	101	kitchen	sun_aqeaevwwwjoqhzvl.tif	494061.288412	494061.546999	494062.270498	6.507099e-01	91	none	NaN	NaN
133	16	96	72	kitchen	sun_abpwyqmlzafvklqo.tif	494063.040144	494063.298746	494064.022295	8.509283e-01	62	none	NaN	NaN
133	16	97	107	kitchen	sun_axyyrmzcupyhlivc.tif	494064.791889	494065.050482	494065.774069	7.007645e-01	97	none	NaN	NaN
133	16	98	92	kitchen	sun_ahpczsiumwwocjkv.tif	494066.543625	494066.802214	494067.525841	7.675039e-01	82	none	NaN	NaN
133	16	99	69	kitchen	sun_abdenxonkemggwsq.tif	494068.295362	494068.553951	494069.277611	7.257918e-01	59	none	NaN	NaN
133	16	100	103	kitchen	sun_aunzlwrbjumxhwdj.tif	494070.047100	494070.305689	494071.029242	8.008737e-01	93	none	NaN	NaN
133	17	1	19	bathroom	sun_aclfzgynxzxlbepz.tif	494076.620286	494076.878873	494077.694117	8.175585e-01	9	none	NaN	NaN
133	17	2	25	bathroom	sun_agyqfjcfkdcydepw.tif	494078.463775	494078.722365	494079.537636	8.175585e-01	15	none	NaN	NaN
133	17	3	38	bathroom	sun_anhioqovhscjqqwb.tif	494080.307267	494080.565860	494081.381111	7.007645e-01	28	none	NaN	NaN
133	17	4	22	bathroom	sun_agguqiubmwhqqunb.tif	494082.150764	494082.409357	494083.224646	7.508191e-01	12	none	NaN	NaN
133	17	5	14	bathroom	sun_abapwbhyhkfixyex.tif	494083.994259	494084.252846	494085.068251	7.925312e-01	4	none	NaN	NaN
133	17	6	52	bathroom	sun_aunuadmjocsddsrl.tif	494085.837751	494086.096340	494086.911605	7.925312e-01	42	none	NaN	NaN
133	17	7	44	bathroom	sun_apkruvsevgegsdwp.tif	494087.681244	494087.939836	494088.755238	6.590523e-01	34	none	NaN	NaN
133	17	8	48	bathroom	sun_aqrpegblszgcoujh.tif	494089.524741	494089.783331	494090.598690	6.840796e-01	38	none	NaN	NaN
133	17	9	58	bathroom	sun_axxbkopsgyouuebh.tif	494091.368235	494091.626824	494092.442087	8.092161e-01	48	none	NaN	NaN
133	17	10	36	bathroom	sun_ambriybtogmepttm.tif	494093.211731	494093.470321	494094.285564	7.257918e-01	26	none	NaN	NaN
133	17	11	37	bathroom	sun_amzlamotzwfkwjco.tif	494095.055228	494095.313818	494096.129199	6.840796e-01	27	37	494096.968501	1
133	17	12	46	bathroom	sun_apmqjbnwghzuhhzh.tif	494097.741220	494097.999812	494098.815200	7.508191e-01	36	39	494099.776873	1
133	17	13	13	bathroom	sun_aavhrsfjbserjtht.tif	494100.552340	494100.810929	494101.626211	7.341342e-01	3	none	NaN	NaN
133	17	14	41	bathroom	sun_aoybiabnpadelefl.tif	494102.395835	494102.654427	494103.469859	8.342434e-01	31	none	NaN	NaN
133	17	15	30	bathroom	sun_ajlawzvmubibwbpy.tif	494104.239327	494104.497918	494105.313184	8.175585e-01	20	none	NaN	NaN
133	17	16	40	bathroom	sun_aofnryafpsjimzsb.tif	494106.082824	494106.341414	494107.156815	7.007645e-01	30	none	NaN	NaN
133	17	17	11	bathroom	labelme_sfxiulhjbhlyiyt.tif	494107.926316	494108.184911	494109.000268	8.259010e-01	1	none	NaN	NaN
133	17	18	31	bathroom	sun_akiytfaagpdsphgz.tif	494109.769808	494110.028401	494110.843631	7.925312e-01	21	none	NaN	NaN
133	17	19	20	bathroom	sun_afcoljnjfoxjtgja.tif	494111.613302	494111.871894	494112.687321	7.758464e-01	10	none	NaN	NaN
133	17	20	33	bathroom	sun_aljolscmmzydegqp.tif	494113.456799	494113.715390	494114.530822	7.424766e-01	23	none	NaN	NaN
133	17	21	35	bathroom	sun_alotolagknyrgtsk.tif	494115.300296	494115.558884	494116.374308	8.259010e-01	25	none	NaN	NaN
133	17	22	49	bathroom	sun_asfwthctfqerjvxr.tif	494117.143788	494117.402377	494118.217818	7.508191e-01	39	37	494118.896624	1
133	17	23	29	bathroom	sun_ahqjwnzgolcaoidx.tif	494119.671298	494119.929882	494120.745216	7.341342e-01	19	none	NaN	NaN
133	17	24	12	bathroom	sun_aapitsgbtktqubfy.tif	494121.514790	494121.773382	494122.588741	7.174493e-01	2	none	NaN	NaN
133	17	25	45	bathroom	sun_apkxzenqapsujocq.tif	494123.358281	494123.616874	494124.432143	8.425858e-01	35	none	NaN	NaN
133	17	26	27	bathroom	sun_ahcvzmoyaycdoftf.tif	494125.201780	494125.460364	494126.275641	8.008737e-01	17	none	NaN	NaN
133	17	27	32	bathroom	sun_aleqenyvunhactkl.tif	494127.045273	494127.303861	494128.119325	7.091069e-01	22	none	NaN	NaN
133	17	28	43	bathroom	sun_apjevzvycyhuqghb.tif	494128.888766	494129.147358	494129.962731	6.840796e-01	33	39	494130.856583	1
133	17	29	18	bathroom	sun_acgyywnybuveqsro.tif	494131.633150	494131.891741	494132.707032	6.590523e-01	8	none	NaN	NaN
133	17	30	28	bathroom	sun_ahijqszoswveeyji.tif	494133.476649	494133.735234	494134.550501	7.925312e-01	18	none	NaN	NaN
133	17	31	17	bathroom	sun_acegryoqftbzowsg.tif	494135.320146	494135.578727	494136.394193	8.008737e-01	7	none	NaN	NaN
133	17	32	26	bathroom	sun_ahaulkltgpkeeemi.tif	494137.163637	494137.422223	494138.237612	7.591615e-01	16	none	NaN	NaN
133	17	33	16	bathroom	sun_acduarbnmmoglmiv.tif	494139.007132	494139.265721	494140.081109	7.424766e-01	6	none	NaN	NaN
133	17	34	54	bathroom	sun_auzqhkafidnkrwmo.tif	494140.850583	494141.109211	494141.924430	7.341342e-01	44	none	NaN	NaN
133	17	35	47	bathroom	sun_apynckhmoftszqoq.tif	494142.694120	494142.952706	494143.768062	6.757372e-01	37	none	NaN	NaN
133	17	36	39	bathroom	sun_anryaplzeujmzfkd.tif	494144.537612	494144.796204	494145.611671	7.591615e-01	29	none	NaN	NaN
133	17	37	55	bathroom	sun_avhrdrntsqrjzccq.tif	494146.381109	494146.639692	494147.455021	8.092161e-01	45	39	494148.256547	1
133	17	38	56	bathroom	sun_awnqiikzaispgmwo.tif	494149.033735	494149.292314	494150.107692	8.259010e-01	46	none	NaN	NaN
133	17	39	59	bathroom	sun_axyrejkiiaqiurjk.tif	494150.877229	494151.135822	494151.951260	6.507099e-01	49	none	NaN	NaN
133	17	40	15	bathroom	sun_abjtwfukuwddzted.tif	494152.720724	494152.979312	494153.794737	7.257918e-01	5	none	NaN	NaN
133	17	41	34	bathroom	sun_alkosphxlxwjwgjd.tif	494154.564218	494154.822813	494155.638251	6.673947e-01	24	none	NaN	NaN
133	17	42	51	bathroom	sun_atstyziqcmkahyxk.tif	494156.407714	494156.666303	494157.481585	7.591615e-01	41	none	NaN	NaN
133	17	43	42	bathroom	sun_apeeialkgkuxddgh.tif	494158.251209	494158.509800	494159.325116	6.924220e-01	32	37	494160.408727	1
133	17	44	60	bathroom	sun_azqyogdvyhahyram.tif	494161.179110	494161.437698	494162.253165	7.091069e-01	50	none	NaN	NaN
133	17	45	23	bathroom	sun_aghyqhbptboemmoq.tif	494163.022606	494163.281193	494164.096651	7.758464e-01	13	none	NaN	NaN
133	17	46	24	bathroom	sun_agrwbmhcpmfuwmsg.tif	494164.866098	494165.124687	494165.939978	6.673947e-01	14	none	NaN	NaN
133	17	47	57	bathroom	sun_axldvoqbuvuggfmq.tif	494166.709598	494166.968190	494167.783639	8.008737e-01	47	none	NaN	NaN
133	17	48	50	bathroom	sun_aspsyogrekjtfozg.tif	494168.553089	494168.811673	494169.627130	6.757372e-01	40	none	NaN	NaN
133	17	49	21	bathroom	sun_aggnnqpdorgxpvce.tif	494170.396579	494170.655171	494171.470475	7.675039e-01	11	none	NaN	NaN
133	17	50	53	bathroom	sun_ausgutylgojavyoq.tif	494172.240079	494172.498665	494173.314113	6.507099e-01	43	none	NaN	NaN
133	17	51	26	bathroom	sun_ahaulkltgpkeeemi.tif	494174.083569	494174.342159	494175.157529	6.673947e-01	16	none	NaN	NaN
133	17	52	12	bathroom	sun_aapitsgbtktqubfy.tif	494175.927062	494176.185653	494177.000916	8.092161e-01	2	none	NaN	NaN
133	17	53	44	bathroom	sun_apkruvsevgegsdwp.tif	494177.770563	494178.029146	494178.844398	7.841888e-01	34	none	NaN	NaN
133	17	54	19	bathroom	sun_aclfzgynxzxlbepz.tif	494179.614055	494179.872645	494180.687969	8.509283e-01	9	none	NaN	NaN
133	17	55	56	bathroom	sun_awnqiikzaispgmwo.tif	494181.457545	494181.716132	494182.531539	6.924220e-01	46	none	NaN	NaN
133	17	56	35	bathroom	sun_alotolagknyrgtsk.tif	494183.301042	494183.559631	494184.374990	8.175585e-01	25	none	NaN	NaN
133	17	57	24	bathroom	sun_agrwbmhcpmfuwmsg.tif	494185.144541	494185.403125	494186.218508	7.257918e-01	14	39	494188.184516	0
133	17	58	48	bathroom	sun_aqrpegblszgcoujh.tif	494188.956651	494189.215240	494190.030476	7.257918e-01	38	none	NaN	NaN
133	17	59	17	bathroom	sun_acegryoqftbzowsg.tif	494190.800143	494191.058730	494191.874088	8.259010e-01	7	none	NaN	NaN
133	17	60	23	bathroom	sun_aghyqhbptboemmoq.tif	494192.643636	494192.902227	494193.717669	8.342434e-01	13	none	NaN	NaN
133	17	61	41	bathroom	sun_aoybiabnpadelefl.tif	494194.487128	494194.745720	494195.561105	8.175585e-01	31	39	494196.816504	1
133	17	62	32	bathroom	sun_aleqenyvunhactkl.tif	494197.590209	494197.848797	494198.664075	7.341342e-01	22	none	NaN	NaN
133	17	63	42	bathroom	sun_apeeialkgkuxddgh.tif	494199.433703	494199.692287	494200.507532	7.758464e-01	32	none	NaN	NaN
133	17	64	31	bathroom	sun_akiytfaagpdsphgz.tif	494201.277193	494201.535784	494202.351100	7.091069e-01	21	none	NaN	NaN
133	17	65	33	bathroom	sun_aljolscmmzydegqp.tif	494203.120694	494203.379281	494204.194666	7.591615e-01	23	none	NaN	NaN
133	17	66	40	bathroom	sun_aofnryafpsjimzsb.tif	494204.964187	494205.222780	494206.038068	6.840796e-01	30	39	494206.880488	1
133	17	67	13	bathroom	sun_aavhrsfjbserjtht.tif	494207.658522	494207.917106	494208.732524	8.425858e-01	3	none	NaN	NaN
133	17	68	14	bathroom	sun_abapwbhyhkfixyex.tif	494209.502023	494209.760608	494210.575925	6.924220e-01	4	none	NaN	NaN
133	17	69	45	bathroom	sun_apkxzenqapsujocq.tif	494211.345532	494211.604097	494212.419457	7.174493e-01	35	none	NaN	NaN
133	17	70	46	bathroom	sun_apmqjbnwghzuhhzh.tif	494213.189008	494213.447594	494214.262949	6.924220e-01	36	none	NaN	NaN
133	17	71	16	bathroom	sun_acduarbnmmoglmiv.tif	494215.032499	494215.291089	494216.106497	8.342434e-01	6	none	NaN	NaN
133	17	72	55	bathroom	sun_avhrdrntsqrjzccq.tif	494216.875995	494217.134579	494217.949990	7.591615e-01	45	none	NaN	NaN
133	17	73	51	bathroom	sun_atstyziqcmkahyxk.tif	494218.719487	494218.978077	494219.793408	8.425858e-01	41	none	NaN	NaN
133	17	74	15	bathroom	sun_abjtwfukuwddzted.tif	494220.562987	494220.821569	494221.637000	6.507099e-01	5	none	NaN	NaN
133	17	75	52	bathroom	sun_aunuadmjocsddsrl.tif	494222.406479	494222.665065	494223.480469	7.508191e-01	42	none	NaN	NaN
133	17	76	49	bathroom	sun_asfwthctfqerjvxr.tif	494224.249970	494224.508558	494225.323997	7.007645e-01	39	none	NaN	NaN
133	17	77	20	bathroom	sun_afcoljnjfoxjtgja.tif	494226.093467	494226.352055	494227.167538	6.757372e-01	10	none	NaN	NaN
133	17	78	21	bathroom	sun_aggnnqpdorgxpvce.tif	494227.936957	494228.195547	494229.010841	7.424766e-01	11	none	NaN	NaN
133	17	79	47	bathroom	sun_apynckhmoftszqoq.tif	494229.780454	494230.039047	494230.854511	7.424766e-01	37	none	NaN	NaN
133	17	80	36	bathroom	sun_ambriybtogmepttm.tif	494231.623949	494231.882537	494232.697843	7.174493e-01	26	37	494233.648745	1
133	17	81	38	bathroom	sun_anhioqovhscjqqwb.tif	494234.426725	494234.685313	494235.500648	7.841888e-01	28	none	NaN	NaN
133	17	82	58	bathroom	sun_axxbkopsgyouuebh.tif	494236.270224	494236.528809	494237.344221	8.092161e-01	48	37	494238.080395	1
133	17	83	34	bathroom	sun_alkosphxlxwjwgjd.tif	494238.856116	494239.114708	494239.930182	6.590523e-01	24	none	NaN	NaN
133	17	84	43	bathroom	sun_apjevzvycyhuqghb.tif	494240.699610	494240.958196	494241.773507	7.675039e-01	33	none	NaN	NaN
133	17	85	59	bathroom	sun_axyrejkiiaqiurjk.tif	494242.543107	494242.801696	494243.617137	6.590523e-01	49	39	494244.520602	1
133	17	86	28	bathroom	sun_ahijqszoswveeyji.tif	494245.295837	494245.554422	494246.369758	7.675039e-01	18	none	NaN	NaN
133	17	87	39	bathroom	sun_anryaplzeujmzfkd.tif	494247.139329	494247.397921	494248.213277	8.008737e-01	29	37	494248.752773	1
133	17	88	27	bathroom	sun_ahcvzmoyaycdoftf.tif	494249.525026	494249.783613	494250.598887	7.007645e-01	17	none	NaN	NaN
133	17	89	60	bathroom	sun_azqyogdvyhahyram.tif	494251.368523	494251.627111	494252.442457	6.673947e-01	50	none	NaN	NaN
133	17	90	11	bathroom	labelme_sfxiulhjbhlyiyt.tif	494253.212015	494253.470609	494254.285849	8.342434e-01	1	none	NaN	NaN
133	17	91	54	bathroom	sun_auzqhkafidnkrwmo.tif	494255.055510	494255.314097	494256.129413	8.425858e-01	44	none	NaN	NaN
133	17	92	37	bathroom	sun_amzlamotzwfkwjco.tif	494256.899006	494257.157593	494257.973039	7.091069e-01	27	none	NaN	NaN
133	17	93	57	bathroom	sun_axldvoqbuvuggfmq.tif	494258.742499	494259.001086	494259.816520	7.758464e-01	47	none	NaN	NaN
133	17	94	29	bathroom	sun_ahqjwnzgolcaoidx.tif	494260.585993	494260.844577	494261.659997	7.675039e-01	19	none	NaN	NaN
133	17	95	25	bathroom	sun_agyqfjcfkdcydepw.tif	494262.429488	494262.688071	494263.503383	6.757372e-01	15	39	494264.264901	1
133	17	96	30	bathroom	sun_ajlawzvmubibwbpy.tif	494265.040410	494265.298997	494266.114409	7.174493e-01	20	none	NaN	NaN
133	17	97	22	bathroom	sun_agguqiubmwhqqunb.tif	494266.883901	494267.142494	494267.957810	7.841888e-01	12	37	494268.624606	1
133	17	98	50	bathroom	sun_aspsyogrekjtfozg.tif	494269.403070	494269.661655	494270.477106	6.924220e-01	40	none	NaN	NaN
133	17	99	18	bathroom	sun_acgyywnybuveqsro.tif	494271.246561	494271.505148	494272.320408	7.841888e-01	8	none	NaN	NaN
133	17	100	53	bathroom	sun_ausgutylgojavyoq.tif	494273.090060	494273.348648	494274.164022	8.509283e-01	43	none	NaN	NaN
133	18	1	101	kitchen	sun_aqeaevwwwjoqhzvl.tif	494284.718255	494284.976844	494285.650276	7.675039e-01	91	none	NaN	NaN
133	18	2	105	kitchen	sun_avszsnwsbuqfgzbn.tif	494286.419940	494286.678527	494287.352065	6.840796e-01	95	none	NaN	NaN
133	18	3	110	kitchen	sun_azmutvzbxypaceni.tif	494288.121624	494288.380215	494289.053733	6.924220e-01	100	none	NaN	NaN
133	18	4	74	kitchen	sun_acfmftudsenhrfhy.tif	494289.823311	494290.081903	494290.755478	7.174493e-01	64	39	494292.288824	1
133	18	5	70	kitchen	sun_abdxkyyxwfskuaqb.tif	494293.059850	494293.318442	494293.991922	8.175585e-01	60	none	NaN	NaN
133	18	6	104	kitchen	sun_auticobqsbwgoppi.tif	494294.761541	494295.020127	494295.693694	7.675039e-01	94	39	494296.912764	1
133	18	7	109	kitchen	sun_aypmqwcualkenuoe.tif	494297.689441	494297.948029	494298.621508	6.924220e-01	99	none	NaN	NaN
133	18	8	75	kitchen	sun_acgtpgfybqjmzeyw.tif	494299.391127	494299.649720	494300.323275	8.342434e-01	65	none	NaN	NaN
133	18	9	64	kitchen	sun_aadbddgrdsjugojn.tif	494301.092814	494301.351411	494302.025048	7.341342e-01	54	none	NaN	NaN
133	18	10	96	kitchen	sun_ajcbwwvdlsvjyzje.tif	494302.794505	494303.053091	494303.726579	7.007645e-01	86	39	494304.568769	1
133	18	11	85	kitchen	sun_afuyedyxivkhecmu.tif	494305.347031	494305.605624	494306.279277	8.425858e-01	75	none	NaN	NaN
133	18	12	79	kitchen	sun_admlmbcdswaszruo.tif	494307.048721	494307.307312	494307.980928	7.257918e-01	69	none	NaN	NaN
133	18	13	89	kitchen	sun_agzzivivdpnawacl.tif	494308.750407	494309.008998	494309.682598	6.673947e-01	79	none	NaN	NaN
133	18	14	108	kitchen	sun_aymvwlarqodbwuoc.tif	494310.452096	494310.710688	494311.384273	7.174493e-01	98	none	NaN	NaN
133	18	15	69	kitchen	sun_abdenxonkemggwsq.tif	494312.153782	494312.412373	494313.085979	8.008737e-01	59	none	NaN	NaN
133	18	16	106	kitchen	sun_awcpdzzznmweyyhv.tif	494313.855468	494314.114060	494314.787660	8.425858e-01	96	none	NaN	NaN
133	18	17	92	kitchen	sun_ahpczsiumwwocjkv.tif	494315.557158	494315.815745	494316.489258	6.757372e-01	82	none	NaN	NaN
133	18	18	76	kitchen	sun_acwjdupvyjsugpay.tif	494317.258842	494317.517428	494318.190968	6.840796e-01	66	none	NaN	NaN
133	18	19	93	kitchen	sun_ahspylgoovwmwvgk.tif	494318.960532	494319.219122	494319.892547	7.758464e-01	83	37	494320.920990	1
133	18	20	91	kitchen	sun_ahljzhgcdpomplvg.tif	494321.696578	494321.955163	494322.628835	8.259010e-01	81	none	NaN	NaN
133	18	21	82	kitchen	sun_aenotlpyftoioydp.tif	494323.398265	494323.656852	494324.330691	8.425858e-01	72	none	NaN	NaN
133	18	22	87	kitchen	sun_agorklincwxrdtga.tif	494325.099951	494325.358542	494326.032125	7.341342e-01	77	none	NaN	NaN
133	18	23	62	kitchen	labelme_kxvouciolcpqplr.tif	494326.801631	494327.060228	494327.733686	7.508191e-01	52	none	NaN	NaN
133	18	24	99	kitchen	sun_akcjzhbbjlbogpdi.tif	494328.503322	494328.761916	494329.435550	7.925312e-01	89	none	NaN	NaN
133	18	25	103	kitchen	sun_aunzlwrbjumxhwdj.tif	494330.205012	494330.463601	494331.137216	7.591615e-01	93	none	NaN	NaN
133	18	26	95	kitchen	sun_aixorpehvfykdynp.tif	494331.906695	494332.165290	494332.838790	7.591615e-01	85	37	494333.712692	1
133	18	27	100	kitchen	sun_amjjdeyrggfqgmom.tif	494334.484252	494334.742843	494335.416334	8.008737e-01	90	none	NaN	NaN
133	18	28	71	kitchen	sun_abftihopvusyfakt.tif	494336.185944	494336.444528	494337.118147	8.342434e-01	61	none	NaN	NaN
133	18	29	98	kitchen	sun_akchetnepxlcxhsu.tif	494337.887628	494338.146213	494338.819681	8.259010e-01	88	39	494339.840724	1
133	18	30	61	kitchen	labelme_brsyyvweiuaazfr.tif	494340.615328	494340.873922	494341.547430	7.758464e-01	51	none	NaN	NaN
133	18	31	80	kitchen	sun_aegoxogugdkwpmpj.tif	494342.317019	494342.575609	494343.249082	7.007645e-01	70	39	494344.400881	1
133	18	32	67	kitchen	sun_aarfiyshqohlwkmo.tif	494345.178183	494345.436780	494346.110306	7.174493e-01	57	39	494347.096964	1
133	18	33	88	kitchen	sun_agubuxuukhzyzpdp.tif	494347.872524	494348.131113	494348.804571	7.508191e-01	78	none	NaN	NaN
133	18	34	77	kitchen	sun_acxkpeoqbwcxfvip.tif	494349.574212	494349.832806	494350.506290	8.509283e-01	67	none	NaN	NaN
133	18	35	102	kitchen	sun_auaiucuqpdausiva.tif	494351.275900	494351.534490	494352.207898	8.342434e-01	92	none	NaN	NaN
133	18	36	81	kitchen	sun_aehawpgmrlhlvcow.tif	494352.977587	494353.236177	494353.909700	6.673947e-01	71	none	NaN	NaN
133	18	37	97	kitchen	sun_ajkqhtgcbgpcwrwn.tif	494354.679276	494354.937866	494355.611464	7.091069e-01	87	none	NaN	NaN
133	18	38	73	kitchen	sun_abrcnpqqhmjwekyf.tif	494356.380941	494356.639552	494357.313133	6.507099e-01	63	none	NaN	NaN
133	18	39	66	kitchen	sun_aapllqyqlykszopd.tif	494358.082653	494358.341239	494359.014864	6.840796e-01	56	none	NaN	NaN
133	18	40	83	kitchen	sun_aeqdocilnnpuvuhx.tif	494359.784333	494360.042926	494360.716488	8.425858e-01	73	39	494361.665032	0
133	18	41	90	kitchen	sun_ahdycvpopffkzzsu.tif	494362.436963	494362.695551	494363.368985	6.590523e-01	80	none	NaN	NaN
133	18	42	84	kitchen	sun_aexklacwqwezaorf.tif	494364.138652	494364.397242	494365.070734	7.424766e-01	74	none	NaN	NaN
133	18	43	94	kitchen	sun_ahywdevtimnqcsln.tif	494365.840340	494366.098929	494366.772573	8.008737e-01	84	none	NaN	NaN
133	18	44	72	kitchen	sun_abpwyqmlzafvklqo.tif	494367.542023	494367.800623	494368.474076	7.341342e-01	62	none	NaN	NaN
133	18	45	65	kitchen	sun_aamedkxepzlwuxes.tif	494369.243714	494369.502301	494370.175769	7.508191e-01	55	none	NaN	NaN
133	18	46	78	kitchen	sun_adgqasybjyktddhj.tif	494370.945398	494371.203989	494371.877611	6.507099e-01	68	none	NaN	NaN
133	18	47	63	kitchen	labelme_rykdqxenmhulbdn.tif	494372.647117	494372.905675	494373.579251	8.175585e-01	53	none	NaN	NaN
133	18	48	86	kitchen	sun_aggjlwcdjsjcaemh.tif	494374.348776	494374.607361	494375.280853	7.091069e-01	76	none	NaN	NaN
133	18	49	68	kitchen	sun_aaxxjlsuzvqlgylf.tif	494376.050466	494376.309089	494376.982563	6.590523e-01	58	none	NaN	NaN
133	18	50	107	kitchen	sun_axyyrmzcupyhlivc.tif	494377.752149	494378.010738	494378.684306	6.757372e-01	97	none	NaN	NaN
133	18	51	66	kitchen	sun_aapllqyqlykszopd.tif	494379.453835	494379.712422	494380.385907	7.007645e-01	56	none	NaN	NaN
133	18	52	82	kitchen	sun_aenotlpyftoioydp.tif	494381.155528	494381.414114	494382.087756	8.175585e-01	72	none	NaN	NaN
133	18	53	103	kitchen	sun_aunzlwrbjumxhwdj.tif	494382.857212	494383.115799	494383.789409	7.091069e-01	93	none	NaN	NaN
133	18	54	95	kitchen	sun_aixorpehvfykdynp.tif	494384.558893	494384.817486	494385.491080	6.924220e-01	85	37	494387.048819	1
133	18	55	99	kitchen	sun_akcjzhbbjlbogpdi.tif	494387.820460	494388.079057	494388.752649	6.673947e-01	89	none	NaN	NaN
133	18	56	86	kitchen	sun_aggjlwcdjsjcaemh.tif	494389.522152	494389.780746	494390.454278	8.259010e-01	76	none	NaN	NaN
133	18	57	89	kitchen	sun_agzzivivdpnawacl.tif	494391.223834	494391.482430	494392.155889	8.175585e-01	79	none	NaN	NaN
133	18	58	100	kitchen	sun_amjjdeyrggfqgmom.tif	494392.925527	494393.184114	494393.857648	6.924220e-01	90	none	NaN	NaN
133	18	59	110	kitchen	sun_azmutvzbxypaceni.tif	494394.627212	494394.885802	494395.559287	6.673947e-01	100	37	494396.280935	1
133	18	60	105	kitchen	sun_avszsnwsbuqfgzbn.tif	494397.054619	494397.313205	494397.986694	7.758464e-01	95	none	NaN	NaN
133	18	61	63	kitchen	labelme_rykdqxenmhulbdn.tif	494398.756307	494399.014894	494399.688477	6.590523e-01	53	37	494400.464525	1
133	18	62	104	kitchen	sun_auticobqsbwgoppi.tif	494401.242098	494401.500691	494402.174120	6.507099e-01	94	none	NaN	NaN
133	18	63	78	kitchen	sun_adgqasybjyktddhj.tif	494402.943788	494403.202379	494403.875999	7.257918e-01	68	none	NaN	NaN
133	18	64	70	kitchen	sun_abdxkyyxwfskuaqb.tif	494404.645475	494404.904067	494405.577476	7.257918e-01	60	none	NaN	NaN
133	18	65	88	kitchen	sun_agubuxuukhzyzpdp.tif	494406.347158	494406.605754	494407.279266	8.092161e-01	78	none	NaN	NaN
133	18	66	61	kitchen	labelme_brsyyvweiuaazfr.tif	494408.048850	494408.307440	494408.981001	7.675039e-01	51	none	NaN	NaN
133	18	67	102	kitchen	sun_auaiucuqpdausiva.tif	494409.750536	494410.009128	494410.682535	8.092161e-01	92	none	NaN	NaN
133	18	68	87	kitchen	sun_agorklincwxrdtga.tif	494411.452226	494411.710816	494412.384354	7.925312e-01	77	none	NaN	NaN
133	18	69	101	kitchen	sun_aqeaevwwwjoqhzvl.tif	494413.153913	494413.412503	494414.086285	7.675039e-01	91	none	NaN	NaN
133	18	70	97	kitchen	sun_ajkqhtgcbgpcwrwn.tif	494414.855600	494415.114189	494415.787797	7.091069e-01	87	none	NaN	NaN
133	18	71	106	kitchen	sun_awcpdzzznmweyyhv.tif	494416.557284	494416.815874	494417.489281	6.757372e-01	96	none	NaN	NaN
133	18	72	84	kitchen	sun_aexklacwqwezaorf.tif	494418.258971	494418.517562	494419.191131	7.841888e-01	74	none	NaN	NaN
133	18	73	77	kitchen	sun_acxkpeoqbwcxfvip.tif	494419.960657	494420.219250	494420.892751	7.257918e-01	67	none	NaN	NaN
133	18	74	98	kitchen	sun_akchetnepxlcxhsu.tif	494421.662348	494421.920934	494422.594425	7.424766e-01	88	none	NaN	NaN
133	18	75	73	kitchen	sun_abrcnpqqhmjwekyf.tif	494423.364032	494423.622625	494424.296188	8.175585e-01	63	none	NaN	NaN
133	18	76	85	kitchen	sun_afuyedyxivkhecmu.tif	494425.065725	494425.324312	494425.997844	7.591615e-01	75	none	NaN	NaN
133	18	77	75	kitchen	sun_acgtpgfybqjmzeyw.tif	494426.767409	494427.025997	494427.699652	7.174493e-01	65	none	NaN	NaN
133	18	78	69	kitchen	sun_abdenxonkemggwsq.tif	494428.469099	494428.727689	494429.401142	7.424766e-01	59	none	NaN	NaN
133	18	79	91	kitchen	sun_ahljzhgcdpomplvg.tif	494430.170781	494430.429370	494431.102872	7.341342e-01	81	39	494432.072861	1
133	18	80	94	kitchen	sun_ahywdevtimnqcsln.tif	494432.848437	494433.107022	494433.780690	7.925312e-01	84	none	NaN	NaN
133	18	81	81	kitchen	sun_aehawpgmrlhlvcow.tif	494434.550123	494434.808716	494435.482149	6.757372e-01	71	none	NaN	NaN
133	18	82	71	kitchen	sun_abftihopvusyfakt.tif	494436.251809	494436.510396	494437.184018	8.008737e-01	61	none	NaN	NaN
133	18	83	76	kitchen	sun_acwjdupvyjsugpay.tif	494437.953498	494438.212113	494438.885565	7.591615e-01	66	none	NaN	NaN
133	18	84	68	kitchen	sun_aaxxjlsuzvqlgylf.tif	494439.655186	494439.913771	494440.587394	7.841888e-01	58	none	NaN	NaN
133	18	85	80	kitchen	sun_aegoxogugdkwpmpj.tif	494441.356872	494441.615463	494442.289096	7.424766e-01	70	none	NaN	NaN
133	18	86	108	kitchen	sun_aymvwlarqodbwuoc.tif	494443.058560	494443.317167	494443.990685	7.007645e-01	98	none	NaN	NaN
133	18	87	72	kitchen	sun_abpwyqmlzafvklqo.tif	494444.760251	494445.018836	494445.692489	6.924220e-01	62	39	494446.512787	0
133	18	88	67	kitchen	sun_aarfiyshqohlwkmo.tif	494447.287749	494447.546338	494448.220010	7.758464e-01	57	none	NaN	NaN
133	18	89	96	kitchen	sun_ajcbwwvdlsvjyzje.tif	494448.989439	494449.248025	494449.921610	8.342434e-01	86	none	NaN	NaN
133	18	90	93	kitchen	sun_ahspylgoovwmwvgk.tif	494450.691123	494450.949714	494451.623351	6.590523e-01	83	none	NaN	NaN
133	18	91	90	kitchen	sun_ahdycvpopffkzzsu.tif	494452.392815	494452.651401	494453.324892	7.591615e-01	80	none	NaN	NaN
133	18	92	109	kitchen	sun_aypmqwcualkenuoe.tif	494454.094497	494454.353089	494455.026622	8.092161e-01	99	none	NaN	NaN
133	18	93	62	kitchen	labelme_kxvouciolcpqplr.tif	494455.796185	494456.054774	494456.728324	7.925312e-01	52	none	NaN	NaN
133	18	94	107	kitchen	sun_axyyrmzcupyhlivc.tif	494457.497873	494457.756459	494458.430089	8.509283e-01	97	none	NaN	NaN
133	18	95	92	kitchen	sun_ahpczsiumwwocjkv.tif	494459.199559	494459.458148	494460.131831	7.508191e-01	82	none	NaN	NaN
133	18	96	83	kitchen	sun_aeqdocilnnpuvuhx.tif	494460.901249	494461.159838	494461.833443	7.841888e-01	73	none	NaN	NaN
133	18	97	64	kitchen	sun_aadbddgrdsjugojn.tif	494462.602932	494462.861528	494463.535007	6.840796e-01	54	none	NaN	NaN
133	18	98	79	kitchen	sun_admlmbcdswaszruo.tif	494464.304623	494464.563214	494465.236651	7.841888e-01	69	none	NaN	NaN
133	18	99	74	kitchen	sun_acfmftudsenhrfhy.tif	494466.006307	494466.264898	494466.938390	8.259010e-01	64	37	494467.648964	1
133	18	100	65	kitchen	sun_aamedkxepzlwuxes.tif	494468.425372	494468.683963	494469.357537	8.092161e-01	55	none	NaN	NaN
133	19	1	53	bathroom	sun_ausgutylgojavyoq.tif	494474.865093	494475.123680	494475.939155	6.840796e-01	43	39	494477.152988	1
133	19	2	51	bathroom	sun_atstyziqcmkahyxk.tif	494477.926455	494478.185048	494479.000293	8.342434e-01	41	none	NaN	NaN
133	19	3	48	bathroom	sun_aqrpegblszgcoujh.tif	494479.769953	494480.028544	494480.843912	8.342434e-01	38	none	NaN	NaN
133	19	4	41	bathroom	sun_aoybiabnpadelefl.tif	494481.613448	494481.872037	494482.687331	7.174493e-01	31	none	NaN	NaN
133	19	5	52	bathroom	sun_aunuadmjocsddsrl.tif	494483.456939	494483.715525	494484.530985	7.675039e-01	42	none	NaN	NaN
133	19	6	16	bathroom	sun_acduarbnmmoglmiv.tif	494485.300432	494485.559026	494486.374403	8.008737e-01	6	none	NaN	NaN
133	19	7	11	bathroom	labelme_sfxiulhjbhlyiyt.tif	494487.143932	494487.402518	494488.217883	7.091069e-01	1	none	NaN	NaN
133	19	8	25	bathroom	sun_agyqfjcfkdcydepw.tif	494488.987424	494489.246013	494490.061372	7.174493e-01	15	none	NaN	NaN
133	19	9	14	bathroom	sun_abapwbhyhkfixyex.tif	494490.830917	494491.089509	494491.904845	7.675039e-01	4	none	NaN	NaN
133	19	10	27	bathroom	sun_ahcvzmoyaycdoftf.tif	494492.674411	494492.933002	494493.748247	7.758464e-01	17	none	NaN	NaN
133	19	11	46	bathroom	sun_apmqjbnwghzuhhzh.tif	494494.517908	494494.776497	494495.591958	7.341342e-01	36	none	NaN	NaN
133	19	12	56	bathroom	sun_awnqiikzaispgmwo.tif	494496.361402	494496.619996	494497.435243	7.508191e-01	46	none	NaN	NaN
133	19	13	21	bathroom	sun_aggnnqpdorgxpvce.tif	494498.204896	494498.463485	494499.278923	8.092161e-01	11	none	NaN	NaN
133	19	14	24	bathroom	sun_agrwbmhcpmfuwmsg.tif	494500.048385	494500.306977	494501.122217	8.425858e-01	14	none	NaN	NaN
133	19	15	13	bathroom	sun_aavhrsfjbserjtht.tif	494501.891884	494502.150474	494502.965783	6.924220e-01	3	none	NaN	NaN
133	19	16	37	bathroom	sun_amzlamotzwfkwjco.tif	494503.735380	494503.993966	494504.809426	8.175585e-01	27	none	NaN	NaN
133	19	17	39	bathroom	sun_anryaplzeujmzfkd.tif	494505.578880	494505.837461	494506.652712	7.174493e-01	29	none	NaN	NaN
133	19	18	15	bathroom	sun_abjtwfukuwddzted.tif	494507.422368	494507.680958	494508.496242	8.175585e-01	5	none	NaN	NaN
133	19	19	45	bathroom	sun_apkxzenqapsujocq.tif	494509.265863	494509.524449	494510.339802	8.259010e-01	35	39	494511.200638	0
133	19	20	57	bathroom	sun_axldvoqbuvuggfmq.tif	494511.976877	494512.235471	494513.050928	8.259010e-01	47	none	NaN	NaN
133	19	21	31	bathroom	sun_akiytfaagpdsphgz.tif	494513.820378	494514.078962	494514.894255	8.342434e-01	21	none	NaN	NaN
133	19	22	29	bathroom	sun_ahqjwnzgolcaoidx.tif	494515.663871	494515.922464	494516.737863	7.841888e-01	19	none	NaN	NaN
133	19	23	59	bathroom	sun_axyrejkiiaqiurjk.tif	494517.507366	494517.765957	494518.581237	7.174493e-01	49	none	NaN	NaN
133	19	24	26	bathroom	sun_ahaulkltgpkeeemi.tif	494519.350860	494519.609447	494520.424792	6.840796e-01	16	none	NaN	NaN
133	19	25	28	bathroom	sun_ahijqszoswveeyji.tif	494521.194354	494521.452941	494522.268352	7.257918e-01	18	37	494523.152948	1
133	19	26	47	bathroom	sun_apynckhmoftszqoq.tif	494523.930396	494524.188988	494525.004242	7.257918e-01	37	none	NaN	NaN
133	19	27	23	bathroom	sun_aghyqhbptboemmoq.tif	494525.773896	494526.032505	494526.847852	7.591615e-01	13	none	NaN	NaN
133	19	28	22	bathroom	sun_agguqiubmwhqqunb.tif	494527.617389	494527.875979	494528.691457	6.673947e-01	12	none	NaN	NaN
133	19	29	43	bathroom	sun_apjevzvycyhuqghb.tif	494529.460881	494529.719474	494530.534840	8.509283e-01	33	none	NaN	NaN
133	19	30	44	bathroom	sun_apkruvsevgegsdwp.tif	494531.304376	494531.562965	494532.378330	7.591615e-01	34	none	NaN	NaN
133	19	31	55	bathroom	sun_avhrdrntsqrjzccq.tif	494533.147864	494533.406462	494534.221895	8.425858e-01	45	none	NaN	NaN
133	19	32	34	bathroom	sun_alkosphxlxwjwgjd.tif	494534.991369	494535.249951	494536.065387	7.841888e-01	24	37	494537.017071	1
133	19	33	35	bathroom	sun_alotolagknyrgtsk.tif	494537.794144	494538.052738	494538.867974	8.008737e-01	25	none	NaN	NaN
133	19	34	20	bathroom	sun_afcoljnjfoxjtgja.tif	494539.637639	494539.896225	494540.711592	7.424766e-01	10	none	NaN	NaN
133	19	35	36	bathroom	sun_ambriybtogmepttm.tif	494541.481130	494541.739718	494542.554993	7.925312e-01	26	none	NaN	NaN
133	19	36	17	bathroom	sun_acegryoqftbzowsg.tif	494543.324625	494543.583213	494544.398612	7.007645e-01	7	none	NaN	NaN
133	19	37	30	bathroom	sun_ajlawzvmubibwbpy.tif	494545.168120	494545.426713	494546.242186	7.841888e-01	20	none	NaN	NaN
133	19	38	42	bathroom	sun_apeeialkgkuxddgh.tif	494547.011620	494547.270202	494548.085623	7.091069e-01	32	none	NaN	NaN
133	19	39	40	bathroom	sun_aofnryafpsjimzsb.tif	494548.855110	494549.113701	494549.929014	7.424766e-01	30	none	NaN	NaN
133	19	40	50	bathroom	sun_aspsyogrekjtfozg.tif	494550.698604	494550.957194	494551.772545	7.257918e-01	40	none	NaN	NaN
133	19	41	38	bathroom	sun_anhioqovhscjqqwb.tif	494552.542099	494552.800690	494553.616164	7.007645e-01	28	none	NaN	NaN
133	19	42	12	bathroom	sun_aapitsgbtktqubfy.tif	494554.385595	494554.644182	494555.459634	7.091069e-01	2	none	NaN	NaN
133	19	43	33	bathroom	sun_aljolscmmzydegqp.tif	494556.229084	494556.487676	494557.303087	6.507099e-01	23	none	NaN	NaN
133	19	44	18	bathroom	sun_acgyywnybuveqsro.tif	494558.072582	494558.331171	494559.146470	8.092161e-01	8	none	NaN	NaN
133	19	45	49	bathroom	sun_asfwthctfqerjvxr.tif	494559.916075	494560.174664	494560.989899	6.673947e-01	39	none	NaN	NaN
133	19	46	58	bathroom	sun_axxbkopsgyouuebh.tif	494561.759569	494562.018160	494562.833570	7.341342e-01	48	none	NaN	NaN
133	19	47	32	bathroom	sun_aleqenyvunhactkl.tif	494563.603064	494563.861655	494564.676915	6.757372e-01	22	none	NaN	NaN
133	19	48	60	bathroom	sun_azqyogdvyhahyram.tif	494565.446552	494565.705147	494566.520485	7.341342e-01	50	none	NaN	NaN
133	19	49	19	bathroom	sun_aclfzgynxzxlbepz.tif	494567.290051	494567.548640	494568.364046	8.175585e-01	9	none	NaN	NaN
133	19	50	54	bathroom	sun_auzqhkafidnkrwmo.tif	494569.133546	494569.392137	494570.207372	7.591615e-01	44	39	494572.625044	0
133	19	51	20	bathroom	sun_afcoljnjfoxjtgja.tif	494573.396101	494573.654701	494574.470114	7.591615e-01	10	none	NaN	NaN
133	19	52	45	bathroom	sun_apkxzenqapsujocq.tif	494575.239602	494575.498191	494576.313446	8.342434e-01	35	39	494577.377026	1
133	19	53	54	bathroom	sun_auzqhkafidnkrwmo.tif	494578.150815	494578.409411	494579.224714	8.259010e-01	44	none	NaN	NaN
133	19	54	55	bathroom	sun_avhrdrntsqrjzccq.tif	494579.994314	494580.252901	494581.068159	8.509283e-01	45	none	NaN	NaN
133	19	55	60	bathroom	sun_azqyogdvyhahyram.tif	494581.837808	494582.096400	494582.911794	8.425858e-01	50	none	NaN	NaN
133	19	56	33	bathroom	sun_aljolscmmzydegqp.tif	494583.681301	494583.939889	494584.755266	6.924220e-01	23	none	NaN	NaN
133	19	57	11	bathroom	labelme_sfxiulhjbhlyiyt.tif	494585.524796	494585.783388	494586.598793	8.008737e-01	1	none	NaN	NaN
133	19	58	38	bathroom	sun_anhioqovhscjqqwb.tif	494587.368290	494587.626879	494588.442262	7.675039e-01	28	none	NaN	NaN
133	19	59	29	bathroom	sun_ahqjwnzgolcaoidx.tif	494589.211785	494589.470380	494590.285770	7.841888e-01	19	none	NaN	NaN
133	19	60	34	bathroom	sun_alkosphxlxwjwgjd.tif	494591.055281	494591.313866	494592.129318	8.008737e-01	24	none	NaN	NaN
133	19	61	22	bathroom	sun_agguqiubmwhqqunb.tif	494592.898776	494593.157368	494593.972814	7.424766e-01	12	none	NaN	NaN
133	19	62	56	bathroom	sun_awnqiikzaispgmwo.tif	494594.742267	494595.000859	494595.816147	7.508191e-01	46	none	NaN	NaN
133	19	63	47	bathroom	sun_apynckhmoftszqoq.tif	494596.585763	494596.844356	494597.659627	7.591615e-01	37	none	NaN	NaN
133	19	64	36	bathroom	sun_ambriybtogmepttm.tif	494598.429252	494598.687841	494599.503288	7.257918e-01	26	39	494600.488907	1
133	19	65	57	bathroom	sun_axldvoqbuvuggfmq.tif	494601.265402	494601.523990	494602.339392	7.007645e-01	47	none	NaN	NaN
133	19	66	48	bathroom	sun_aqrpegblszgcoujh.tif	494603.108898	494603.367483	494604.182958	7.758464e-01	38	none	NaN	NaN
133	19	67	50	bathroom	sun_aspsyogrekjtfozg.tif	494604.952389	494605.210976	494606.026381	7.508191e-01	40	none	NaN	NaN
133	19	68	28	bathroom	sun_ahijqszoswveeyji.tif	494606.795887	494607.054470	494607.869794	7.424766e-01	18	none	NaN	NaN
133	19	69	58	bathroom	sun_axxbkopsgyouuebh.tif	494608.639382	494608.897972	494609.713396	7.508191e-01	48	none	NaN	NaN
133	19	70	40	bathroom	sun_aofnryafpsjimzsb.tif	494610.482873	494610.741459	494611.556762	7.341342e-01	30	none	NaN	NaN
133	19	71	43	bathroom	sun_apjevzvycyhuqghb.tif	494612.326370	494612.584955	494613.400429	6.673947e-01	33	none	NaN	NaN
133	19	72	53	bathroom	sun_ausgutylgojavyoq.tif	494614.169864	494614.428452	494615.243747	7.007645e-01	43	none	NaN	NaN
133	19	73	30	bathroom	sun_ajlawzvmubibwbpy.tif	494616.013355	494616.271943	494617.087303	7.675039e-01	20	none	NaN	NaN
133	19	74	32	bathroom	sun_aleqenyvunhactkl.tif	494617.856851	494618.115441	494618.930684	6.590523e-01	22	39	494619.729084	1
133	19	75	19	bathroom	sun_aclfzgynxzxlbepz.tif	494620.501138	494620.759732	494621.575022	6.590523e-01	9	none	NaN	NaN
133	19	76	46	bathroom	sun_apmqjbnwghzuhhzh.tif	494622.344636	494622.603220	494623.418467	6.840796e-01	36	none	NaN	NaN
133	19	77	18	bathroom	sun_acgyywnybuveqsro.tif	494624.188129	494624.446716	494625.261987	7.758464e-01	8	none	NaN	NaN
133	19	78	27	bathroom	sun_ahcvzmoyaycdoftf.tif	494626.031620	494626.290208	494627.105569	6.757372e-01	17	none	NaN	NaN
133	19	79	51	bathroom	sun_atstyziqcmkahyxk.tif	494627.875115	494628.133706	494628.948956	8.425858e-01	41	none	NaN	NaN
133	19	80	41	bathroom	sun_aoybiabnpadelefl.tif	494629.718612	494629.977200	494630.792528	7.925312e-01	31	none	NaN	NaN
133	19	81	16	bathroom	sun_acduarbnmmoglmiv.tif	494631.562103	494631.820696	494632.635964	8.175585e-01	6	39	494633.353143	1
133	19	82	42	bathroom	sun_apeeialkgkuxddgh.tif	494634.131319	494634.389912	494635.205285	6.924220e-01	32	none	NaN	NaN
133	19	83	12	bathroom	sun_aapitsgbtktqubfy.tif	494635.974813	494636.233404	494637.048863	6.507099e-01	2	none	NaN	NaN
133	19	84	23	bathroom	sun_aghyqhbptboemmoq.tif	494637.818304	494638.076899	494638.892137	6.507099e-01	13	39	494639.569136	1
133	19	85	49	bathroom	sun_asfwthctfqerjvxr.tif	494640.345815	494640.604387	494641.419688	6.757372e-01	39	none	NaN	NaN
133	19	86	31	bathroom	sun_akiytfaagpdsphgz.tif	494642.189305	494642.447893	494643.263133	7.925312e-01	21	none	NaN	NaN
133	19	87	26	bathroom	sun_ahaulkltgpkeeemi.tif	494644.024464	494644.283046	494645.098371	7.758464e-01	16	none	NaN	NaN
133	19	88	59	bathroom	sun_axyrejkiiaqiurjk.tif	494645.867952	494646.126539	494646.941902	8.092161e-01	49	none	NaN	NaN
133	19	89	21	bathroom	sun_aggnnqpdorgxpvce.tif	494647.711448	494647.970041	494648.785330	6.924220e-01	11	37	494649.425115	1
133	19	90	37	bathroom	sun_amzlamotzwfkwjco.tif	494650.197248	494650.455840	494651.271290	6.840796e-01	27	37	494651.824980	1
133	19	91	25	bathroom	sun_agyqfjcfkdcydepw.tif	494652.599625	494652.858213	494653.673461	8.259010e-01	15	none	NaN	NaN
133	19	92	44	bathroom	sun_apkruvsevgegsdwp.tif	494654.443122	494654.701715	494655.516970	6.924220e-01	34	37	494656.017075	1
133	19	93	13	bathroom	sun_aavhrsfjbserjtht.tif	494656.795455	494657.054042	494657.869396	8.175585e-01	3	none	NaN	NaN
133	19	94	14	bathroom	sun_abapwbhyhkfixyex.tif	494658.638948	494658.897543	494659.712947	7.925312e-01	4	none	NaN	NaN
133	19	95	15	bathroom	sun_abjtwfukuwddzted.tif	494660.482441	494660.741030	494661.556432	6.673947e-01	5	none	NaN	NaN
133	19	96	17	bathroom	sun_acegryoqftbzowsg.tif	494662.325934	494662.584530	494663.399887	8.092161e-01	7	none	NaN	NaN
133	19	97	39	bathroom	sun_anryaplzeujmzfkd.tif	494664.169432	494664.428023	494665.243274	7.091069e-01	29	39	494667.673077	1
133	19	98	24	bathroom	sun_agrwbmhcpmfuwmsg.tif	494668.448667	494668.707262	494669.522635	6.590523e-01	14	none	NaN	NaN
133	19	99	52	bathroom	sun_aunuadmjocsddsrl.tif	494670.292165	494670.550753	494671.366143	6.590523e-01	42	39	494672.464999	1
133	19	100	35	bathroom	sun_alotolagknyrgtsk.tif	494673.236749	494673.495346	494674.310745	6.757372e-01	25	none	NaN	NaN
133	20	1	65	kitchen	sun_aamedkxepzlwuxes.tif	494679.451271	494679.709841	494680.516881	7.257918e-01	55	none	NaN	NaN
133	20	2	76	kitchen	sun_acwjdupvyjsugpay.tif	494681.286397	494681.544992	494682.352080	6.924220e-01	66	none	NaN	NaN
133	20	3	94	kitchen	sun_ahywdevtimnqcsln.tif	494683.121551	494683.380146	494684.187079	8.425858e-01	84	none	NaN	NaN
133	20	4	77	kitchen	sun_acxkpeoqbwcxfvip.tif	494684.956709	494685.215294	494686.022319	7.341342e-01	67	none	NaN	NaN
133	20	5	110	kitchen	sun_azmutvzbxypaceni.tif	494686.791860	494687.050452	494687.857415	6.840796e-01	100	none	NaN	NaN
133	20	6	107	kitchen	sun_axyyrmzcupyhlivc.tif	494688.627013	494688.885603	494689.692698	7.424766e-01	97	none	NaN	NaN
133	20	7	84	kitchen	sun_aexklacwqwezaorf.tif	494690.462167	494690.720755	494691.527696	7.675039e-01	74	37	494692.241006	1
133	20	8	70	kitchen	sun_abdxkyyxwfskuaqb.tif	494693.014696	494693.273281	494694.080207	6.840796e-01	60	none	NaN	NaN
133	20	9	79	kitchen	sun_admlmbcdswaszruo.tif	494694.849848	494695.108435	494695.915327	8.259010e-01	69	none	NaN	NaN
133	20	10	80	kitchen	sun_aegoxogugdkwpmpj.tif	494696.685000	494696.943586	494697.750562	6.757372e-01	70	none	NaN	NaN
133	20	11	105	kitchen	sun_avszsnwsbuqfgzbn.tif	494698.520154	494698.778738	494699.585762	8.175585e-01	95	none	NaN	NaN
133	20	12	99	kitchen	sun_akcjzhbbjlbogpdi.tif	494700.355306	494700.613892	494701.420872	7.424766e-01	89	none	NaN	NaN
133	20	13	93	kitchen	sun_ahspylgoovwmwvgk.tif	494702.190458	494702.449051	494703.256103	6.924220e-01	83	none	NaN	NaN
133	20	14	71	kitchen	sun_abftihopvusyfakt.tif	494704.025602	494704.284203	494705.091123	6.757372e-01	61	39	494705.969179	1
133	20	15	100	kitchen	sun_amjjdeyrggfqgmom.tif	494706.744972	494707.003563	494707.810631	7.758464e-01	90	none	NaN	NaN
133	20	16	103	kitchen	sun_aunzlwrbjumxhwdj.tif	494708.580141	494708.838714	494709.645780	7.257918e-01	93	37	494710.625175	1
133	20	17	97	kitchen	sun_ajkqhtgcbgpcwrwn.tif	494711.399586	494711.658177	494712.465194	7.925312e-01	87	none	NaN	NaN
133	20	18	67	kitchen	sun_aarfiyshqohlwkmo.tif	494713.234740	494713.493327	494714.300286	7.508191e-01	57	37	494714.984892	1
133	20	19	104	kitchen	sun_auticobqsbwgoppi.tif	494715.762245	494716.020835	494716.827758	7.925312e-01	94	none	NaN	NaN
133	20	20	89	kitchen	sun_agzzivivdpnawacl.tif	494717.597396	494717.855987	494718.663097	8.175585e-01	79	none	NaN	NaN
133	20	21	96	kitchen	sun_ajcbwwvdlsvjyzje.tif	494719.432550	494719.691140	494720.498040	6.507099e-01	86	none	NaN	NaN
133	20	22	86	kitchen	sun_aggjlwcdjsjcaemh.tif	494721.267704	494721.526292	494722.333310	6.840796e-01	76	none	NaN	NaN
133	20	23	90	kitchen	sun_ahdycvpopffkzzsu.tif	494723.102857	494723.361448	494724.168390	6.673947e-01	80	37	494725.001184	1
133	20	24	98	kitchen	sun_akchetnepxlcxhsu.tif	494725.772168	494726.030757	494726.837834	6.590523e-01	88	none	NaN	NaN
133	20	25	68	kitchen	sun_aaxxjlsuzvqlgylf.tif	494727.607324	494727.865909	494728.672833	7.591615e-01	58	none	NaN	NaN
133	20	26	102	kitchen	sun_auaiucuqpdausiva.tif	494729.442474	494729.701067	494730.508083	7.174493e-01	92	none	NaN	NaN
133	20	27	83	kitchen	sun_aeqdocilnnpuvuhx.tif	494731.277624	494731.536212	494732.343209	6.507099e-01	73	none	NaN	NaN
133	20	28	106	kitchen	sun_awcpdzzznmweyyhv.tif	494733.112778	494733.371369	494734.178466	8.342434e-01	96	none	NaN	NaN
133	20	29	61	kitchen	labelme_brsyyvweiuaazfr.tif	494734.947931	494735.206523	494736.013610	6.590523e-01	51	39	494736.937228	1
133	20	30	108	kitchen	sun_aymvwlarqodbwuoc.tif	494737.709006	494737.967591	494738.774637	7.675039e-01	98	none	NaN	NaN
133	20	31	101	kitchen	sun_aqeaevwwwjoqhzvl.tif	494739.544156	494739.802747	494740.609769	6.673947e-01	91	none	NaN	NaN
133	20	32	87	kitchen	sun_agorklincwxrdtga.tif	494741.379300	494741.637900	494742.444970	8.008737e-01	77	37	494743.193288	1
133	20	33	92	kitchen	sun_ahpczsiumwwocjkv.tif	494743.965207	494744.223795	494745.030911	6.673947e-01	82	none	NaN	NaN
133	20	34	69	kitchen	sun_abdenxonkemggwsq.tif	494745.800356	494746.058950	494746.866056	6.590523e-01	59	none	NaN	NaN
133	20	35	91	kitchen	sun_ahljzhgcdpomplvg.tif	494747.635514	494747.894102	494748.701021	7.091069e-01	81	none	NaN	NaN
133	20	36	66	kitchen	sun_aapllqyqlykszopd.tif	494749.470660	494749.729257	494750.536250	8.092161e-01	56	none	NaN	NaN
133	20	37	72	kitchen	sun_abpwyqmlzafvklqo.tif	494751.305817	494751.564401	494752.371363	7.091069e-01	62	none	NaN	NaN
133	20	38	78	kitchen	sun_adgqasybjyktddhj.tif	494753.140964	494753.399557	494754.206481	6.924220e-01	68	none	NaN	NaN
133	20	39	85	kitchen	sun_afuyedyxivkhecmu.tif	494754.976122	494755.234716	494756.041834	8.175585e-01	75	none	NaN	NaN
133	20	40	95	kitchen	sun_aixorpehvfykdynp.tif	494756.811272	494757.069864	494757.876839	7.508191e-01	85	none	NaN	NaN
133	20	41	75	kitchen	sun_acgtpgfybqjmzeyw.tif	494758.646423	494758.905016	494759.712067	7.508191e-01	65	none	NaN	NaN
133	20	42	73	kitchen	sun_abrcnpqqhmjwekyf.tif	494760.481581	494760.740167	494761.547186	7.675039e-01	63	none	NaN	NaN
133	20	43	64	kitchen	sun_aadbddgrdsjugojn.tif	494762.316732	494762.575328	494763.382363	7.675039e-01	54	none	NaN	NaN
133	20	44	109	kitchen	sun_aypmqwcualkenuoe.tif	494764.151888	494764.410476	494765.217568	8.008737e-01	99	none	NaN	NaN
133	20	45	88	kitchen	sun_agubuxuukhzyzpdp.tif	494765.986999	494766.245631	494767.052716	8.092161e-01	78	none	NaN	NaN
133	20	46	74	kitchen	sun_acfmftudsenhrfhy.tif	494767.822191	494768.080781	494768.887780	8.425858e-01	64	none	NaN	NaN
133	20	47	81	kitchen	sun_aehawpgmrlhlvcow.tif	494769.657343	494769.915934	494770.722836	7.841888e-01	71	none	NaN	NaN
133	20	48	63	kitchen	labelme_rykdqxenmhulbdn.tif	494771.492497	494771.751085	494772.557995	7.007645e-01	53	none	NaN	NaN
133	20	49	62	kitchen	labelme_kxvouciolcpqplr.tif	494773.327646	494773.586241	494774.393327	7.758464e-01	52	none	NaN	NaN
133	20	50	82	kitchen	sun_aenotlpyftoioydp.tif	494775.162802	494775.421388	494776.228324	8.509283e-01	72	none	NaN	NaN
133	20	51	103	kitchen	sun_aunzlwrbjumxhwdj.tif	494776.997950	494777.256544	494778.063566	7.257918e-01	93	none	NaN	NaN
133	20	52	72	kitchen	sun_abpwyqmlzafvklqo.tif	494778.833113	494779.091697	494779.898784	8.008737e-01	62	none	NaN	NaN
133	20	53	91	kitchen	sun_ahljzhgcdpomplvg.tif	494780.668259	494780.926855	494781.733774	7.841888e-01	81	none	NaN	NaN
133	20	54	80	kitchen	sun_aegoxogugdkwpmpj.tif	494782.503412	494782.761999	494783.568926	8.259010e-01	70	none	NaN	NaN
133	20	55	99	kitchen	sun_akcjzhbbjlbogpdi.tif	494784.338567	494784.597156	494785.404212	6.673947e-01	89	39	494786.297151	1
133	20	56	100	kitchen	sun_amjjdeyrggfqgmom.tif	494787.074608	494787.333198	494788.140252	7.758464e-01	90	none	NaN	NaN
133	20	57	104	kitchen	sun_auticobqsbwgoppi.tif	494788.909767	494789.168350	494789.975485	7.591615e-01	94	none	NaN	NaN
133	20	58	96	kitchen	sun_ajcbwwvdlsvjyzje.tif	494790.744914	494791.003504	494791.810476	7.591615e-01	86	none	NaN	NaN
133	20	59	94	kitchen	sun_ahywdevtimnqcsln.tif	494792.580066	494792.838657	494793.645559	8.008737e-01	84	39	494794.401096	1
133	20	60	89	kitchen	sun_agzzivivdpnawacl.tif	494795.174309	494795.432899	494796.239966	7.091069e-01	79	37	494797.240975	1
133	20	61	98	kitchen	sun_akchetnepxlcxhsu.tif	494798.018795	494798.277381	494799.084504	8.175585e-01	88	none	NaN	NaN
133	20	62	78	kitchen	sun_adgqasybjyktddhj.tif	494799.853949	494800.112536	494800.919589	6.757372e-01	68	none	NaN	NaN
133	20	63	93	kitchen	sun_ahspylgoovwmwvgk.tif	494801.689097	494801.947547	494802.754589	7.091069e-01	83	none	NaN	NaN
133	20	64	95	kitchen	sun_aixorpehvfykdynp.tif	494803.524251	494803.782841	494804.589942	8.259010e-01	85	none	NaN	NaN
133	20	65	85	kitchen	sun_afuyedyxivkhecmu.tif	494805.359410	494805.617996	494806.424991	6.924220e-01	75	none	NaN	NaN
133	20	66	77	kitchen	sun_acxkpeoqbwcxfvip.tif	494807.194556	494807.453149	494808.260205	7.174493e-01	67	none	NaN	NaN
133	20	67	62	kitchen	labelme_kxvouciolcpqplr.tif	494809.029708	494809.288301	494810.095441	8.259010e-01	52	39	494810.953294	1
133	20	68	110	kitchen	sun_azmutvzbxypaceni.tif	494811.724048	494811.982639	494812.790181	7.591615e-01	100	none	NaN	NaN
133	20	69	69	kitchen	sun_abdenxonkemggwsq.tif	494813.559198	494813.817794	494814.624675	7.341342e-01	59	none	NaN	NaN
133	20	70	76	kitchen	sun_acwjdupvyjsugpay.tif	494815.394352	494815.652947	494816.459834	7.424766e-01	66	none	NaN	NaN
133	20	71	71	kitchen	sun_abftihopvusyfakt.tif	494817.229504	494817.488091	494818.295018	7.508191e-01	61	none	NaN	NaN
133	20	72	70	kitchen	sun_abdxkyyxwfskuaqb.tif	494819.064660	494819.323249	494820.130243	7.007645e-01	60	37	494820.689224	1
133	20	73	106	kitchen	sun_awcpdzzznmweyyhv.tif	494821.467038	494821.725626	494822.532567	8.092161e-01	96	none	NaN	NaN
133	20	74	87	kitchen	sun_agorklincwxrdtga.tif	494823.302193	494823.560782	494824.367695	7.925312e-01	77	none	NaN	NaN
133	20	75	79	kitchen	sun_admlmbcdswaszruo.tif	494825.137343	494825.395940	494826.203007	7.341342e-01	69	none	NaN	NaN
133	20	76	108	kitchen	sun_aymvwlarqodbwuoc.tif	494826.972494	494827.231091	494828.037990	8.342434e-01	98	none	NaN	NaN
133	20	77	66	kitchen	sun_aapllqyqlykszopd.tif	494828.807647	494829.066234	494829.873318	7.174493e-01	56	none	NaN	NaN
133	20	78	90	kitchen	sun_ahdycvpopffkzzsu.tif	494830.642803	494830.901398	494831.708367	8.425858e-01	80	none	NaN	NaN
133	20	79	74	kitchen	sun_acfmftudsenhrfhy.tif	494832.477956	494832.736546	494833.543649	6.840796e-01	64	none	NaN	NaN
133	20	80	81	kitchen	sun_aehawpgmrlhlvcow.tif	494834.313109	494834.571696	494835.378735	6.507099e-01	71	none	NaN	NaN
133	20	81	68	kitchen	sun_aaxxjlsuzvqlgylf.tif	494836.148259	494836.406850	494837.213775	8.425858e-01	58	none	NaN	NaN
133	20	82	88	kitchen	sun_agubuxuukhzyzpdp.tif	494837.983409	494838.242002	494839.048951	6.590523e-01	78	none	NaN	NaN
133	20	83	67	kitchen	sun_aarfiyshqohlwkmo.tif	494839.818567	494840.077148	494840.884235	7.257918e-01	57	none	NaN	NaN
133	20	84	92	kitchen	sun_ahpczsiumwwocjkv.tif	494841.653715	494841.912308	494842.719191	7.841888e-01	82	none	NaN	NaN
133	20	85	86	kitchen	sun_aggjlwcdjsjcaemh.tif	494843.488868	494843.747453	494844.554692	7.424766e-01	76	none	NaN	NaN
133	20	86	73	kitchen	sun_abrcnpqqhmjwekyf.tif	494845.324019	494845.582613	494846.389671	7.758464e-01	63	39	494847.097213	1
133	20	87	61	kitchen	labelme_brsyyvweiuaazfr.tif	494847.868211	494848.126798	494848.933912	8.342434e-01	51	none	NaN	NaN
133	20	88	101	kitchen	sun_aqeaevwwwjoqhzvl.tif	494849.703366	494849.961950	494850.769054	7.007645e-01	91	none	NaN	NaN
133	20	89	109	kitchen	sun_aypmqwcualkenuoe.tif	494851.538520	494851.797101	494852.604028	8.342434e-01	99	none	NaN	NaN
133	20	90	75	kitchen	sun_acgtpgfybqjmzeyw.tif	494853.373670	494853.632260	494854.439303	7.174493e-01	65	39	494855.289164	1
133	20	91	63	kitchen	labelme_rykdqxenmhulbdn.tif	494856.059662	494856.318254	494857.125206	8.092161e-01	53	none	NaN	NaN
133	20	92	65	kitchen	sun_aamedkxepzlwuxes.tif	494857.894821	494858.153407	494858.960416	7.925312e-01	55	none	NaN	NaN
133	20	93	64	kitchen	sun_aadbddgrdsjugojn.tif	494859.729966	494859.988558	494860.795467	7.841888e-01	54	none	NaN	NaN
133	20	94	102	kitchen	sun_auaiucuqpdausiva.tif	494861.565125	494861.823715	494862.630818	6.757372e-01	92	none	NaN	NaN
133	20	95	84	kitchen	sun_aexklacwqwezaorf.tif	494863.400280	494863.658864	494864.466430	7.591615e-01	74	none	NaN	NaN
133	20	96	105	kitchen	sun_avszsnwsbuqfgzbn.tif	494865.235431	494865.494015	494866.301120	8.509283e-01	95	none	NaN	NaN
133	20	97	83	kitchen	sun_aeqdocilnnpuvuhx.tif	494867.070580	494867.329165	494868.136257	7.007645e-01	73	none	NaN	NaN
133	20	98	97	kitchen	sun_ajkqhtgcbgpcwrwn.tif	494868.905733	494869.164324	494869.971389	8.175585e-01	87	none	NaN	NaN
133	20	99	107	kitchen	sun_axyyrmzcupyhlivc.tif	494870.740888	494870.999470	494871.806441	7.341342e-01	97	none	NaN	NaN
133	20	100	82	kitchen	sun_aenotlpyftoioydp.tif	494872.576040	494872.834629	494873.641563	6.924220e-01	72	37	494874.289304	1
