subject	block	trial	texture	category	image	trialOnset	itiOnset	trialEnd	iti	EEGtrigger	responseKey	responseTime	accuracy
141	1	1	13	bathroom	sun_aavhrsfjbserjtht.tif	1943725.770192	1943726.028781	1943726.769092	7.506963e-01	3	none	NaN	NaN
141	1	2	49	bathroom	sun_asfwthctfqerjvxr.tif	1943727.538610	1943727.797200	1943728.537347	8.424481e-01	39	none	NaN	NaN
141	1	3	25	bathroom	sun_agyqfjcfkdcydepw.tif	1943729.307027	1943729.565620	1943730.305842	6.589445e-01	15	39	1943731.922521	1
141	1	4	38	bathroom	sun_anhioqovhscjqqwb.tif	1943732.702054	1943732.960645	1943733.700725	7.840606e-01	28	none	NaN	NaN
141	1	5	37	bathroom	sun_amzlamotzwfkwjco.tif	1943734.470477	1943734.729070	1943735.469238	7.173320e-01	27	none	NaN	NaN
141	1	6	16	bathroom	sun_acduarbnmmoglmiv.tif	1943736.238895	1943736.497485	1943737.237602	6.923088e-01	6	none	NaN	NaN
141	1	7	41	bathroom	sun_aoybiabnpadelefl.tif	1943737.998746	1943738.249041	1943738.997563	6.923088e-01	31	39	1943739.946501	1
141	1	8	55	bathroom	sun_avhrdrntsqrjzccq.tif	1943740.718333	1943740.976916	1943741.717092	6.923088e-01	45	none	NaN	NaN
141	1	9	60	bathroom	sun_azqyogdvyhahyram.tif	1943742.486754	1943742.745342	1943743.485406	7.423552e-01	50	37	1943744.410500	1
141	1	10	29	bathroom	sun_ahqjwnzgolcaoidx.tif	1943745.189428	1943745.448024	1943746.188182	7.340142e-01	19	none	NaN	NaN
141	1	11	15	bathroom	sun_abjtwfukuwddzted.tif	1943746.957819	1943747.216438	1943747.956486	8.341070e-01	5	37	1943749.002400	1
141	1	12	39	bathroom	sun_anryaplzeujmzfkd.tif	1943749.777311	1943750.035895	1943750.775952	6.756267e-01	29	none	NaN	NaN
141	1	13	17	bathroom	sun_acegryoqftbzowsg.tif	1943751.545732	1943751.804322	1943752.544499	8.090838e-01	7	none	NaN	NaN
141	1	14	30	bathroom	sun_ajlawzvmubibwbpy.tif	1943753.314149	1943753.572739	1943754.312768	8.174249e-01	20	none	NaN	NaN
141	1	15	23	bathroom	sun_aghyqhbptboemmoq.tif	1943755.082564	1943755.341158	1943756.081361	7.840606e-01	13	none	NaN	NaN
141	1	16	53	bathroom	sun_ausgutylgojavyoq.tif	1943756.850987	1943757.109581	1943757.849808	7.506963e-01	43	none	NaN	NaN
141	1	17	59	bathroom	sun_axyrejkiiaqiurjk.tif	1943758.619403	1943758.877995	1943759.618047	7.423552e-01	49	none	NaN	NaN
141	1	18	58	bathroom	sun_axxbkopsgyouuebh.tif	1943760.387824	1943760.646409	1943761.386442	7.340142e-01	48	none	NaN	NaN
141	1	19	14	bathroom	sun_abapwbhyhkfixyex.tif	1943762.147903	1943762.406490	1943763.146725	7.089909e-01	4	none	NaN	NaN
141	1	20	33	bathroom	sun_aljolscmmzydegqp.tif	1943763.916320	1943764.174911	1943764.915014	6.923088e-01	23	none	NaN	NaN
141	1	21	46	bathroom	sun_apmqjbnwghzuhhzh.tif	1943765.684742	1943765.943331	1943766.683553	7.340142e-01	36	39	1943768.146529	1
141	1	22	18	bathroom	sun_acgyywnybuveqsro.tif	1943768.921278	1943769.179866	1943769.919952	6.756267e-01	8	none	NaN	NaN
141	1	23	19	bathroom	sun_aclfzgynxzxlbepz.tif	1943770.689699	1943770.948285	1943771.688422	7.757195e-01	9	none	NaN	NaN
141	1	24	11	bathroom	labelme_sfxiulhjbhlyiyt.tif	1943772.458113	1943772.716700	1943773.456844	6.672856e-01	1	39	1943774.362665	1
141	1	25	27	bathroom	sun_ahcvzmoyaycdoftf.tif	1943775.135767	1943775.394358	1943776.134392	8.257659e-01	17	none	NaN	NaN
141	1	26	21	bathroom	sun_aggnnqpdorgxpvce.tif	1943776.904190	1943777.162773	1943777.902890	7.590374e-01	11	none	NaN	NaN
141	1	27	42	bathroom	sun_apeeialkgkuxddgh.tif	1943778.672607	1943778.931196	1943779.671474	7.590374e-01	32	none	NaN	NaN
141	1	28	56	bathroom	sun_awnqiikzaispgmwo.tif	1943780.441027	1943780.699618	1943781.439758	8.174249e-01	46	none	NaN	NaN
141	1	29	44	bathroom	sun_apkruvsevgegsdwp.tif	1943782.209442	1943782.468035	1943783.208264	7.423552e-01	34	none	NaN	NaN
141	1	30	20	bathroom	sun_afcoljnjfoxjtgja.tif	1943783.977862	1943784.236452	1943784.976615	7.173320e-01	10	none	NaN	NaN
141	1	31	28	bathroom	sun_ahijqszoswveeyji.tif	1943785.746281	1943786.004869	1943786.744983	8.424481e-01	18	none	NaN	NaN
141	1	32	26	bathroom	sun_ahaulkltgpkeeemi.tif	1943787.514702	1943787.773296	1943788.513413	7.673784e-01	16	none	NaN	NaN
141	1	33	22	bathroom	sun_agguqiubmwhqqunb.tif	1943789.283121	1943789.541712	1943790.282779	6.923088e-01	12	none	NaN	NaN
141	1	34	47	bathroom	sun_apynckhmoftszqoq.tif	1943791.051538	1943791.310126	1943792.050297	7.590374e-01	37	none	NaN	NaN
141	1	35	45	bathroom	sun_apkxzenqapsujocq.tif	1943792.819959	1943793.078544	1943793.818592	8.174249e-01	35	none	NaN	NaN
141	1	36	34	bathroom	sun_alkosphxlxwjwgjd.tif	1943794.588373	1943794.846969	1943795.587183	8.341070e-01	24	none	NaN	NaN
141	1	37	12	bathroom	sun_aapitsgbtktqubfy.tif	1943796.356795	1943796.615382	1943797.355545	8.090838e-01	2	none	NaN	NaN
141	1	38	52	bathroom	sun_aunuadmjocsddsrl.tif	1943798.125216	1943798.383802	1943799.124034	7.089909e-01	42	none	NaN	NaN
141	1	39	50	bathroom	sun_aspsyogrekjtfozg.tif	1943799.893635	1943800.152221	1943800.892288	7.924016e-01	40	none	NaN	NaN
141	1	40	54	bathroom	sun_auzqhkafidnkrwmo.tif	1943801.662050	1943801.920644	1943802.660821	6.506035e-01	44	none	NaN	NaN
141	1	41	31	bathroom	sun_akiytfaagpdsphgz.tif	1943803.430467	1943803.689058	1943804.429133	6.589445e-01	21	39	1943805.266404	1
141	1	42	48	bathroom	sun_aqrpegblszgcoujh.tif	1943806.041387	1943806.299983	1943807.040161	8.090838e-01	38	none	NaN	NaN
141	1	43	35	bathroom	sun_alotolagknyrgtsk.tif	1943807.809811	1943808.068402	1943808.808601	8.007427e-01	25	none	NaN	NaN
141	1	44	24	bathroom	sun_agrwbmhcpmfuwmsg.tif	1943809.578228	1943809.836817	1943810.576988	7.256731e-01	14	none	NaN	NaN
141	1	45	40	bathroom	sun_aofnryafpsjimzsb.tif	1943811.346646	1943811.605235	1943812.345375	7.840606e-01	30	none	NaN	NaN
141	1	46	36	bathroom	sun_ambriybtogmepttm.tif	1943813.115066	1943813.373617	1943814.113794	7.757195e-01	26	none	NaN	NaN
141	1	47	57	bathroom	sun_axldvoqbuvuggfmq.tif	1943814.883483	1943815.142076	1943815.882130	8.257659e-01	47	none	NaN	NaN
141	1	48	43	bathroom	sun_apjevzvycyhuqghb.tif	1943816.651902	1943816.910489	1943817.650708	6.506035e-01	33	none	NaN	NaN
141	1	49	32	bathroom	sun_aleqenyvunhactkl.tif	1943818.420325	1943818.678912	1943819.419067	7.006499e-01	22	none	NaN	NaN
141	1	50	51	bathroom	sun_atstyziqcmkahyxk.tif	1943820.188742	1943820.447330	1943821.187459	8.007427e-01	41	none	NaN	NaN
141	1	51	59	bathroom	sun_axyrejkiiaqiurjk.tif	1943821.957160	1943822.215753	1943822.955862	7.006499e-01	49	none	NaN	NaN
141	1	52	11	bathroom	labelme_sfxiulhjbhlyiyt.tif	1943823.725579	1943823.984168	1943824.724399	7.340142e-01	1	none	NaN	NaN
141	1	53	25	bathroom	sun_agyqfjcfkdcydepw.tif	1943825.493997	1943825.752587	1943826.492714	7.506963e-01	15	none	NaN	NaN
141	1	54	16	bathroom	sun_acduarbnmmoglmiv.tif	1943827.262413	1943827.521007	1943828.261220	7.173320e-01	6	none	NaN	NaN
141	1	55	21	bathroom	sun_aggnnqpdorgxpvce.tif	1943829.030839	1943829.289421	1943830.029554	7.590374e-01	11	none	NaN	NaN
141	1	56	51	bathroom	sun_atstyziqcmkahyxk.tif	1943830.799254	1943831.057840	1943831.797883	7.924016e-01	41	none	NaN	NaN
141	1	57	32	bathroom	sun_aleqenyvunhactkl.tif	1943832.559331	1943832.817920	1943833.558013	7.924016e-01	22	none	NaN	NaN
141	1	58	33	bathroom	sun_aljolscmmzydegqp.tif	1943834.327746	1943834.586334	1943835.326536	7.673784e-01	23	none	NaN	NaN
141	1	59	18	bathroom	sun_acgyywnybuveqsro.tif	1943836.096166	1943836.354753	1943837.094924	7.089909e-01	8	none	NaN	NaN
141	1	60	36	bathroom	sun_ambriybtogmepttm.tif	1943837.864590	1943838.123179	1943838.863304	7.840606e-01	26	none	NaN	NaN
141	1	61	13	bathroom	sun_aavhrsfjbserjtht.tif	1943839.633006	1943839.891595	1943840.631627	8.507891e-01	3	none	NaN	NaN
141	1	62	56	bathroom	sun_awnqiikzaispgmwo.tif	1943841.401425	1943841.660008	1943842.400179	7.757195e-01	46	39	1943843.946364	1
141	1	63	14	bathroom	sun_abapwbhyhkfixyex.tif	1943844.721377	1943844.979967	1943845.720154	6.589445e-01	4	none	NaN	NaN
141	1	64	45	bathroom	sun_apkxzenqapsujocq.tif	1943846.489795	1943846.748385	1943847.488638	8.090838e-01	35	none	NaN	NaN
141	1	65	38	bathroom	sun_anhioqovhscjqqwb.tif	1943848.258215	1943848.516808	1943849.256863	8.257659e-01	28	37	1943850.250396	1
141	1	66	44	bathroom	sun_apkruvsevgegsdwp.tif	1943851.027628	1943851.286216	1943852.026374	8.007427e-01	34	39	1943853.970443	0
141	1	67	35	bathroom	sun_alotolagknyrgtsk.tif	1943854.747978	1943855.006570	1943855.746653	6.672856e-01	25	none	NaN	NaN
141	1	68	55	bathroom	sun_avhrdrntsqrjzccq.tif	1943856.516400	1943856.774989	1943857.515232	6.756267e-01	45	39	1943858.498437	1
141	1	69	22	bathroom	sun_agguqiubmwhqqunb.tif	1943859.269131	1943859.527712	1943860.267888	6.839677e-01	12	none	NaN	NaN
141	1	70	24	bathroom	sun_agrwbmhcpmfuwmsg.tif	1943861.037544	1943861.296132	1943862.036309	7.423552e-01	14	none	NaN	NaN
141	1	71	47	bathroom	sun_apynckhmoftszqoq.tif	1943862.805965	1943863.064548	1943863.804710	8.341070e-01	37	none	NaN	NaN
141	1	72	53	bathroom	sun_ausgutylgojavyoq.tif	1943864.574379	1943864.832971	1943865.573020	7.590374e-01	43	none	NaN	NaN
141	1	73	15	bathroom	sun_abjtwfukuwddzted.tif	1943866.334458	1943866.593045	1943867.333152	8.007427e-01	5	none	NaN	NaN
141	1	74	28	bathroom	sun_ahijqszoswveeyji.tif	1943868.102876	1943868.361461	1943869.101627	7.256731e-01	18	none	NaN	NaN
141	1	75	26	bathroom	sun_ahaulkltgpkeeemi.tif	1943869.871300	1943870.129888	1943870.870058	8.174249e-01	16	37	1943871.802435	1
141	1	76	58	bathroom	sun_axxbkopsgyouuebh.tif	1943872.573975	1943872.832565	1943873.572729	6.839677e-01	48	none	NaN	NaN
141	1	77	17	bathroom	sun_acegryoqftbzowsg.tif	1943874.342394	1943874.600980	1943875.341146	6.839677e-01	7	39	1943877.386443	0
141	1	78	54	bathroom	sun_auzqhkafidnkrwmo.tif	1943878.162846	1943878.421433	1943879.161500	8.341070e-01	44	none	NaN	NaN
141	1	79	30	bathroom	sun_ajlawzvmubibwbpy.tif	1943879.931259	1943880.189852	1943880.929944	7.173320e-01	20	none	NaN	NaN
141	1	80	19	bathroom	sun_aclfzgynxzxlbepz.tif	1943881.699680	1943881.958269	1943882.698400	8.257659e-01	9	none	NaN	NaN
141	1	81	60	bathroom	sun_azqyogdvyhahyram.tif	1943883.468103	1943883.726688	1943884.466889	7.256731e-01	50	none	NaN	NaN
141	1	82	50	bathroom	sun_aspsyogrekjtfozg.tif	1943885.236523	1943885.495108	1943886.235325	7.757195e-01	40	none	NaN	NaN
141	1	83	42	bathroom	sun_apeeialkgkuxddgh.tif	1943887.004937	1943887.263525	1943888.003721	7.006499e-01	32	none	NaN	NaN
141	1	84	49	bathroom	sun_asfwthctfqerjvxr.tif	1943888.773356	1943889.031943	1943889.772129	7.673784e-01	39	none	NaN	NaN
141	1	85	27	bathroom	sun_ahcvzmoyaycdoftf.tif	1943890.541774	1943890.800362	1943891.540453	7.006499e-01	17	none	NaN	NaN
141	1	86	12	bathroom	sun_aapitsgbtktqubfy.tif	1943892.310194	1943892.568782	1943893.308893	7.256731e-01	2	none	NaN	NaN
141	1	87	23	bathroom	sun_aghyqhbptboemmoq.tif	1943894.078614	1943894.337201	1943895.077329	6.506035e-01	13	39	1943895.962386	1
141	1	88	20	bathroom	sun_afcoljnjfoxjtgja.tif	1943896.739535	1943896.998168	1943897.738238	8.424481e-01	10	none	NaN	NaN
141	1	89	40	bathroom	sun_aofnryafpsjimzsb.tif	1943898.507999	1943898.766588	1943899.506741	6.589445e-01	30	none	NaN	NaN
141	1	90	39	bathroom	sun_anryaplzeujmzfkd.tif	1943900.276419	1943900.535011	1943901.275096	6.839677e-01	29	none	NaN	NaN
141	1	91	43	bathroom	sun_apjevzvycyhuqghb.tif	1943902.044836	1943902.303426	1943903.043597	8.257659e-01	33	none	NaN	NaN
141	1	92	34	bathroom	sun_alkosphxlxwjwgjd.tif	1943903.813259	1943904.071849	1943904.812025	6.672856e-01	24	none	NaN	NaN
141	1	93	41	bathroom	sun_aoybiabnpadelefl.tif	1943905.581675	1943905.840266	1943906.580339	8.424481e-01	31	none	NaN	NaN
141	1	94	46	bathroom	sun_apmqjbnwghzuhhzh.tif	1943907.350094	1943907.608682	1943908.348799	6.756267e-01	36	none	NaN	NaN
141	1	95	57	bathroom	sun_axldvoqbuvuggfmq.tif	1943909.118510	1943909.377099	1943910.117219	8.507891e-01	47	none	NaN	NaN
141	1	96	31	bathroom	sun_akiytfaagpdsphgz.tif	1943910.886931	1943911.145524	1943911.885660	7.506963e-01	21	37	1943912.634462	1
141	1	97	37	bathroom	sun_amzlamotzwfkwjco.tif	1943913.406094	1943913.664685	1943914.404927	7.089909e-01	27	none	NaN	NaN
141	1	98	29	bathroom	sun_ahqjwnzgolcaoidx.tif	1943915.174514	1943915.433104	1943916.173156	7.673784e-01	19	none	NaN	NaN
141	1	99	52	bathroom	sun_aunuadmjocsddsrl.tif	1943916.934591	1943917.193176	1943917.933376	7.924016e-01	42	none	NaN	NaN
141	1	100	48	bathroom	sun_aqrpegblszgcoujh.tif	1943918.703008	1943918.961600	1943919.701752	6.672856e-01	38	none	NaN	NaN
141	2	1	62	kitchen	labelme_kxvouciolcpqplr.tif	1943947.272979	1943947.531566	1943948.221681	8.257659e-01	52	none	NaN	NaN
141	2	2	82	kitchen	sun_aenotlpyftoioydp.tif	1943948.991348	1943949.249936	1943949.940033	7.006499e-01	72	none	NaN	NaN
141	2	3	80	kitchen	sun_aegoxogugdkwpmpj.tif	1943950.709719	1943950.968307	1943951.658308	8.257659e-01	70	none	NaN	NaN
141	2	4	84	kitchen	sun_aexklacwqwezaorf.tif	1943952.428084	1943952.686677	1943953.376746	7.506963e-01	74	none	NaN	NaN
141	2	5	88	kitchen	sun_agubuxuukhzyzpdp.tif	1943954.146454	1943954.405041	1943955.095054	7.423552e-01	78	none	NaN	NaN
141	2	6	85	kitchen	sun_afuyedyxivkhecmu.tif	1943955.864826	1943956.123412	1943956.813567	7.924016e-01	75	37	1943957.922378	1
141	2	7	73	kitchen	sun_abrcnpqqhmjwekyf.tif	1943958.692625	1943958.951219	1943959.641302	7.590374e-01	63	none	NaN	NaN
141	2	8	99	kitchen	sun_akcjzhbbjlbogpdi.tif	1943960.410994	1943960.669587	1943961.359640	7.256731e-01	89	none	NaN	NaN
141	2	9	75	kitchen	sun_acgtpgfybqjmzeyw.tif	1943962.129363	1943962.387954	1943963.078002	7.590374e-01	65	none	NaN	NaN
141	2	10	92	kitchen	sun_ahpczsiumwwocjkv.tif	1943963.847733	1943964.106321	1943964.796373	7.590374e-01	82	none	NaN	NaN
141	2	11	67	kitchen	sun_aarfiyshqohlwkmo.tif	1943965.566102	1943965.824689	1943966.514683	7.506963e-01	57	37	1943968.594604	1
141	2	12	89	kitchen	sun_agzzivivdpnawacl.tif	1943969.369867	1943969.628461	1943970.318540	7.089909e-01	79	none	NaN	NaN
141	2	13	87	kitchen	sun_agorklincwxrdtga.tif	1943971.088238	1943971.346824	1943972.036917	8.341070e-01	77	none	NaN	NaN
141	2	14	70	kitchen	sun_abdxkyyxwfskuaqb.tif	1943972.806608	1943973.065201	1943973.755194	7.006499e-01	60	none	NaN	NaN
141	2	15	69	kitchen	sun_abdenxonkemggwsq.tif	1943974.524975	1943974.783563	1943975.473597	6.506035e-01	59	none	NaN	NaN
141	2	16	66	kitchen	sun_aapllqyqlykszopd.tif	1943976.243343	1943976.501925	1943977.192060	7.340142e-01	56	39	1943978.218516	1
141	2	17	104	kitchen	sun_auticobqsbwgoppi.tif	1943978.996072	1943979.254660	1943979.944834	8.007427e-01	94	none	NaN	NaN
141	2	18	90	kitchen	sun_ahdycvpopffkzzsu.tif	1943980.714441	1943980.973032	1943981.663192	6.839677e-01	80	none	NaN	NaN
141	2	19	96	kitchen	sun_ajcbwwvdlsvjyzje.tif	1943982.432814	1943982.691397	1943983.381479	6.923088e-01	86	none	NaN	NaN
141	2	20	65	kitchen	sun_aamedkxepzlwuxes.tif	1943984.151179	1943984.409772	1943985.099817	7.089909e-01	55	none	NaN	NaN
141	2	21	106	kitchen	sun_awcpdzzznmweyyhv.tif	1943985.869550	1943986.128134	1943986.818166	7.673784e-01	96	none	NaN	NaN
141	2	22	83	kitchen	sun_aeqdocilnnpuvuhx.tif	1943987.587913	1943987.846501	1943988.536676	8.424481e-01	73	none	NaN	NaN
141	2	23	64	kitchen	sun_aadbddgrdsjugojn.tif	1943989.306289	1943989.564876	1943990.255059	7.840606e-01	54	none	NaN	NaN
141	2	24	61	kitchen	labelme_brsyyvweiuaazfr.tif	1943991.024654	1943991.283245	1943991.973274	7.173320e-01	51	none	NaN	NaN
141	2	25	107	kitchen	sun_axyyrmzcupyhlivc.tif	1943992.743025	1943993.001615	1943993.691801	7.340142e-01	97	none	NaN	NaN
141	2	26	91	kitchen	sun_ahljzhgcdpomplvg.tif	1943994.461394	1943994.719984	1943995.410081	6.589445e-01	81	none	NaN	NaN
141	2	27	94	kitchen	sun_ahywdevtimnqcsln.tif	1943996.179759	1943996.438348	1943997.128411	7.506963e-01	84	none	NaN	NaN
141	2	28	78	kitchen	sun_adgqasybjyktddhj.tif	1943997.898131	1943998.156717	1943998.846759	7.256731e-01	68	none	NaN	NaN
141	2	29	102	kitchen	sun_auaiucuqpdausiva.tif	1943999.616499	1943999.875089	1944000.565152	6.923088e-01	92	none	NaN	NaN
141	2	30	95	kitchen	sun_aixorpehvfykdynp.tif	1944001.334868	1944001.593455	1944002.283574	6.672856e-01	85	none	NaN	NaN
141	2	31	81	kitchen	sun_aehawpgmrlhlvcow.tif	1944003.053239	1944003.311828	1944004.001856	7.006499e-01	71	39	1944004.794386	1
141	2	32	74	kitchen	sun_acfmftudsenhrfhy.tif	1944005.572403	1944005.830992	1944006.521038	8.341070e-01	64	37	1944008.906482	1
141	2	33	72	kitchen	sun_abpwyqmlzafvklqo.tif	1944009.684801	1944009.943397	1944010.633456	7.089909e-01	62	none	NaN	NaN
141	2	34	109	kitchen	sun_aypmqwcualkenuoe.tif	1944011.403177	1944011.661768	1944012.351776	7.173320e-01	99	37	1944013.106389	1
141	2	35	63	kitchen	labelme_rykdqxenmhulbdn.tif	1944013.880630	1944014.139219	1944014.829348	7.757195e-01	53	none	NaN	NaN
141	2	36	105	kitchen	sun_avszsnwsbuqfgzbn.tif	1944015.599000	1944015.857589	1944016.547612	7.089909e-01	95	none	NaN	NaN
141	2	37	98	kitchen	sun_akchetnepxlcxhsu.tif	1944017.317368	1944017.575956	1944018.265986	8.090838e-01	88	none	NaN	NaN
141	2	38	86	kitchen	sun_aggjlwcdjsjcaemh.tif	1944019.035738	1944019.294327	1944019.984371	6.672856e-01	76	none	NaN	NaN
141	2	39	68	kitchen	sun_aaxxjlsuzvqlgylf.tif	1944020.754108	1944021.012698	1944021.702852	7.590374e-01	58	none	NaN	NaN
141	2	40	71	kitchen	sun_abftihopvusyfakt.tif	1944022.472473	1944022.731061	1944023.421177	8.424481e-01	61	none	NaN	NaN
141	2	41	93	kitchen	sun_ahspylgoovwmwvgk.tif	1944024.190845	1944024.449433	1944025.139530	7.673784e-01	83	37	1944026.810456	0
141	2	42	100	kitchen	sun_amjjdeyrggfqgmom.tif	1944027.585874	1944027.844468	1944028.534485	8.174249e-01	90	none	NaN	NaN
141	2	43	108	kitchen	sun_aymvwlarqodbwuoc.tif	1944029.304241	1944029.562835	1944030.252857	6.756267e-01	98	none	NaN	NaN
141	2	44	76	kitchen	sun_acwjdupvyjsugpay.tif	1944031.014270	1944031.272860	1944031.962968	7.840606e-01	66	none	NaN	NaN
141	2	45	97	kitchen	sun_ajkqhtgcbgpcwrwn.tif	1944032.732639	1944032.991230	1944033.681230	7.757195e-01	87	none	NaN	NaN
141	2	46	79	kitchen	sun_admlmbcdswaszruo.tif	1944034.451007	1944034.709597	1944035.399587	8.257659e-01	69	none	NaN	NaN
141	2	47	77	kitchen	sun_acxkpeoqbwcxfvip.tif	1944036.169375	1944036.427972	1944037.118049	7.924016e-01	67	none	NaN	NaN
141	2	48	103	kitchen	sun_aunzlwrbjumxhwdj.tif	1944037.887746	1944038.146336	1944038.836320	7.840606e-01	93	none	NaN	NaN
141	2	49	110	kitchen	sun_azmutvzbxypaceni.tif	1944039.597772	1944039.856366	1944040.546526	8.007427e-01	100	none	NaN	NaN
141	2	50	101	kitchen	sun_aqeaevwwwjoqhzvl.tif	1944041.316140	1944041.574730	1944042.264765	7.173320e-01	91	none	NaN	NaN
141	2	51	88	kitchen	sun_agubuxuukhzyzpdp.tif	1944043.034514	1944043.293105	1944043.983109	8.174249e-01	78	none	NaN	NaN
141	2	52	92	kitchen	sun_ahpczsiumwwocjkv.tif	1944044.752883	1944045.011469	1944045.701581	6.923088e-01	82	39	1944046.570505	1
141	2	53	66	kitchen	sun_aapllqyqlykszopd.tif	1944047.347119	1944047.605709	1944048.295902	8.090838e-01	56	none	NaN	NaN
141	2	54	102	kitchen	sun_auaiucuqpdausiva.tif	1944049.065488	1944049.324080	1944050.014169	7.924016e-01	92	37	1944050.970333	1
141	2	55	78	kitchen	sun_adgqasybjyktddhj.tif	1944051.743139	1944052.001729	1944052.691751	7.924016e-01	68	none	NaN	NaN
141	2	56	68	kitchen	sun_aaxxjlsuzvqlgylf.tif	1944053.461509	1944053.720101	1944054.410225	6.756267e-01	58	none	NaN	NaN
141	2	57	62	kitchen	labelme_kxvouciolcpqplr.tif	1944055.179874	1944055.438467	1944056.128559	6.589445e-01	52	none	NaN	NaN
141	2	58	100	kitchen	sun_amjjdeyrggfqgmom.tif	1944056.898247	1944057.156836	1944057.846815	6.923088e-01	90	none	NaN	NaN
141	2	59	74	kitchen	sun_acfmftudsenhrfhy.tif	1944058.608276	1944058.866866	1944059.556898	7.173320e-01	64	none	NaN	NaN
141	2	60	109	kitchen	sun_aypmqwcualkenuoe.tif	1944060.326645	1944060.585237	1944061.275274	8.424481e-01	99	none	NaN	NaN
141	2	61	105	kitchen	sun_avszsnwsbuqfgzbn.tif	1944062.045015	1944062.303604	1944062.993614	7.590374e-01	95	none	NaN	NaN
141	2	62	67	kitchen	sun_aarfiyshqohlwkmo.tif	1944063.763378	1944064.021970	1944064.711975	6.839677e-01	57	none	NaN	NaN
141	2	63	83	kitchen	sun_aeqdocilnnpuvuhx.tif	1944065.473411	1944065.732027	1944066.422161	6.672856e-01	73	none	NaN	NaN
141	2	64	90	kitchen	sun_ahdycvpopffkzzsu.tif	1944067.191778	1944067.450369	1944068.140444	6.756267e-01	80	none	NaN	NaN
141	2	65	75	kitchen	sun_acgtpgfybqjmzeyw.tif	1944068.910144	1944069.168732	1944069.858822	7.757195e-01	65	none	NaN	NaN
141	2	66	101	kitchen	sun_aqeaevwwwjoqhzvl.tif	1944070.628515	1944070.887104	1944071.577111	7.757195e-01	91	none	NaN	NaN
141	2	67	82	kitchen	sun_aenotlpyftoioydp.tif	1944072.338542	1944072.597131	1944073.287303	6.839677e-01	72	37	1944074.650355	0
141	2	68	97	kitchen	sun_ajkqhtgcbgpcwrwn.tif	1944075.424928	1944075.683523	1944076.373527	7.006499e-01	87	none	NaN	NaN
141	2	69	77	kitchen	sun_acxkpeoqbwcxfvip.tif	1944077.143301	1944077.401893	1944078.091951	7.340142e-01	67	none	NaN	NaN
141	2	70	63	kitchen	labelme_rykdqxenmhulbdn.tif	1944078.861670	1944079.120263	1944079.810348	7.423552e-01	53	none	NaN	NaN
141	2	71	87	kitchen	sun_agorklincwxrdtga.tif	1944080.571695	1944080.830293	1944081.520484	8.341070e-01	77	none	NaN	NaN
141	2	72	84	kitchen	sun_aexklacwqwezaorf.tif	1944082.290069	1944082.548659	1944083.238636	7.673784e-01	74	none	NaN	NaN
141	2	73	94	kitchen	sun_ahywdevtimnqcsln.tif	1944084.008436	1944084.267026	1944084.957071	6.923088e-01	84	37	1944085.818658	1
141	2	74	65	kitchen	sun_aamedkxepzlwuxes.tif	1944086.594333	1944086.852920	1944087.543032	8.507891e-01	55	none	NaN	NaN
141	2	75	96	kitchen	sun_ajcbwwvdlsvjyzje.tif	1944088.312701	1944088.571287	1944089.261451	7.506963e-01	86	39	1944090.074518	1
141	2	76	106	kitchen	sun_awcpdzzznmweyyhv.tif	1944090.848550	1944091.107135	1944091.797321	8.007427e-01	96	none	NaN	NaN
141	2	77	80	kitchen	sun_aegoxogugdkwpmpj.tif	1944092.566915	1944092.825503	1944093.515494	8.257659e-01	70	37	1944094.410342	1
141	2	78	95	kitchen	sun_aixorpehvfykdynp.tif	1944095.186175	1944095.444764	1944096.134961	7.423552e-01	85	none	NaN	NaN
141	2	79	81	kitchen	sun_aehawpgmrlhlvcow.tif	1944096.904545	1944097.163134	1944097.853166	8.174249e-01	71	none	NaN	NaN
141	2	80	76	kitchen	sun_acwjdupvyjsugpay.tif	1944098.622917	1944098.881508	1944099.571608	6.589445e-01	66	39	1944100.410383	1
141	2	81	61	kitchen	labelme_brsyyvweiuaazfr.tif	1944101.183784	1944101.442375	1944102.132376	8.090838e-01	51	none	NaN	NaN
141	2	82	98	kitchen	sun_akchetnepxlcxhsu.tif	1944102.902155	1944103.160740	1944103.850906	8.007427e-01	88	none	NaN	NaN
141	2	83	91	kitchen	sun_ahljzhgcdpomplvg.tif	1944104.620524	1944104.879110	1944105.569109	6.506035e-01	81	none	NaN	NaN
141	2	84	72	kitchen	sun_abpwyqmlzafvklqo.tif	1944106.330550	1944106.589140	1944107.279205	6.589445e-01	62	none	NaN	NaN
141	2	85	107	kitchen	sun_axyyrmzcupyhlivc.tif	1944108.048916	1944108.307508	1944108.997630	7.423552e-01	97	39	1944109.946519	1
141	2	86	104	kitchen	sun_auticobqsbwgoppi.tif	1944110.718227	1944110.976818	1944111.666887	6.839677e-01	94	none	NaN	NaN
141	2	87	108	kitchen	sun_aymvwlarqodbwuoc.tif	1944112.436600	1944112.695190	1944113.385332	7.256731e-01	98	none	NaN	NaN
141	2	88	93	kitchen	sun_ahspylgoovwmwvgk.tif	1944114.154966	1944114.413554	1944115.103603	8.257659e-01	83	none	NaN	NaN
141	2	89	86	kitchen	sun_aggjlwcdjsjcaemh.tif	1944115.873338	1944116.131925	1944116.822066	8.174249e-01	76	none	NaN	NaN
141	2	90	103	kitchen	sun_aunzlwrbjumxhwdj.tif	1944117.591703	1944117.850299	1944118.540474	6.506035e-01	93	none	NaN	NaN
141	2	91	73	kitchen	sun_abrcnpqqhmjwekyf.tif	1944119.310073	1944119.568661	1944120.258740	7.340142e-01	63	none	NaN	NaN
141	2	92	89	kitchen	sun_agzzivivdpnawacl.tif	1944121.028446	1944121.287033	1944121.977039	7.673784e-01	79	none	NaN	NaN
141	2	93	71	kitchen	sun_abftihopvusyfakt.tif	1944122.746815	1944123.005396	1944123.695449	6.756267e-01	61	none	NaN	NaN
141	2	94	85	kitchen	sun_afuyedyxivkhecmu.tif	1944124.465178	1944124.723775	1944125.413944	8.507891e-01	75	none	NaN	NaN
141	2	95	64	kitchen	sun_aadbddgrdsjugojn.tif	1944126.183550	1944126.442137	1944127.132260	6.672856e-01	54	none	NaN	NaN
141	2	96	110	kitchen	sun_azmutvzbxypaceni.tif	1944127.901920	1944128.160509	1944128.850515	8.424481e-01	100	none	NaN	NaN
141	2	97	70	kitchen	sun_abdxkyyxwfskuaqb.tif	1944129.620287	1944129.878874	1944130.568959	8.341070e-01	60	none	NaN	NaN
141	2	98	99	kitchen	sun_akcjzhbbjlbogpdi.tif	1944131.338660	1944131.597246	1944132.287431	7.840606e-01	89	none	NaN	NaN
141	2	99	79	kitchen	sun_admlmbcdswaszruo.tif	1944133.057024	1944133.315619	1944134.005803	8.090838e-01	69	none	NaN	NaN
141	2	100	69	kitchen	sun_abdenxonkemggwsq.tif	1944134.775396	1944135.033983	1944135.724095	7.256731e-01	59	none	NaN	NaN
141	3	1	27	bathroom	sun_ahcvzmoyaycdoftf.tif	1944142.291171	1944142.549766	1944143.364972	8.257659e-01	17	none	NaN	NaN
141	3	2	21	bathroom	sun_aggnnqpdorgxpvce.tif	1944144.134668	1944144.393256	1944145.208380	6.923088e-01	11	39	1944146.546394	1
141	3	3	19	bathroom	sun_aclfzgynxzxlbepz.tif	1944147.321154	1944147.579748	1944148.395103	8.257659e-01	9	none	NaN	NaN
141	3	4	46	bathroom	sun_apmqjbnwghzuhhzh.tif	1944149.164651	1944149.423240	1944150.238527	7.089909e-01	36	none	NaN	NaN
141	3	5	17	bathroom	sun_acegryoqftbzowsg.tif	1944151.008143	1944151.266734	1944152.081992	8.424481e-01	7	none	NaN	NaN
141	3	6	34	bathroom	sun_alkosphxlxwjwgjd.tif	1944152.851633	1944153.110225	1944153.925334	7.256731e-01	24	none	NaN	NaN
141	3	7	18	bathroom	sun_acgyywnybuveqsro.tif	1944154.686790	1944154.945376	1944155.760487	7.089909e-01	8	none	NaN	NaN
141	3	8	38	bathroom	sun_anhioqovhscjqqwb.tif	1944156.530279	1944156.788865	1944157.604149	6.756267e-01	28	none	NaN	NaN
141	3	9	50	bathroom	sun_aspsyogrekjtfozg.tif	1944158.373769	1944158.632382	1944159.447545	8.424481e-01	40	none	NaN	NaN
141	3	10	29	bathroom	sun_ahqjwnzgolcaoidx.tif	1944160.217264	1944160.475857	1944161.291121	7.089909e-01	19	39	1944163.234338	0
141	3	11	53	bathroom	sun_ausgutylgojavyoq.tif	1944164.012689	1944164.271276	1944165.086489	6.589445e-01	43	none	NaN	NaN
141	3	12	59	bathroom	sun_axyrejkiiaqiurjk.tif	1944165.856184	1944166.114778	1944166.930040	7.840606e-01	49	none	NaN	NaN
141	3	13	24	bathroom	sun_agrwbmhcpmfuwmsg.tif	1944167.699678	1944167.958268	1944168.773498	8.007427e-01	14	none	NaN	NaN
141	3	14	58	bathroom	sun_axxbkopsgyouuebh.tif	1944169.543171	1944169.801762	1944170.616880	7.506963e-01	48	none	NaN	NaN
141	3	15	31	bathroom	sun_akiytfaagpdsphgz.tif	1944171.386657	1944171.645257	1944172.460356	6.839677e-01	21	none	NaN	NaN
141	3	16	13	bathroom	sun_aavhrsfjbserjtht.tif	1944173.221816	1944173.480408	1944174.295613	7.590374e-01	3	none	NaN	NaN
141	3	17	54	bathroom	sun_auzqhkafidnkrwmo.tif	1944175.065310	1944175.323896	1944176.139200	8.341070e-01	44	37	1944176.898475	1
141	3	18	37	bathroom	sun_amzlamotzwfkwjco.tif	1944177.676229	1944177.934814	1944178.750071	7.340142e-01	27	none	NaN	NaN
141	3	19	49	bathroom	sun_asfwthctfqerjvxr.tif	1944179.519719	1944179.778311	1944180.593493	7.173320e-01	39	none	NaN	NaN
141	3	20	45	bathroom	sun_apkxzenqapsujocq.tif	1944181.363210	1944181.621799	1944182.437076	6.756267e-01	35	none	NaN	NaN
141	3	21	39	bathroom	sun_anryaplzeujmzfkd.tif	1944183.206704	1944183.465296	1944184.280423	6.506035e-01	29	none	NaN	NaN
141	3	22	51	bathroom	sun_atstyziqcmkahyxk.tif	1944185.050196	1944185.308789	1944186.123881	7.673784e-01	41	none	NaN	NaN
141	3	23	30	bathroom	sun_ajlawzvmubibwbpy.tif	1944186.885353	1944187.143941	1944187.959043	6.923088e-01	20	none	NaN	NaN
141	3	24	33	bathroom	sun_aljolscmmzydegqp.tif	1944188.728846	1944188.987433	1944189.802600	7.840606e-01	23	none	NaN	NaN
141	3	25	20	bathroom	sun_afcoljnjfoxjtgja.tif	1944190.572338	1944190.830922	1944191.646185	6.756267e-01	10	none	NaN	NaN
141	3	26	60	bathroom	sun_azqyogdvyhahyram.tif	1944192.415829	1944192.674420	1944193.489674	8.090838e-01	50	none	NaN	NaN
141	3	27	22	bathroom	sun_agguqiubmwhqqunb.tif	1944194.259320	1944194.517908	1944195.333051	7.673784e-01	12	39	1944196.666464	1
141	3	28	55	bathroom	sun_avhrdrntsqrjzccq.tif	1944197.437471	1944197.696062	1944198.511303	7.173320e-01	45	none	NaN	NaN
141	3	29	52	bathroom	sun_aunuadmjocsddsrl.tif	1944199.280963	1944199.539552	1944200.354702	7.006499e-01	42	none	NaN	NaN
141	3	30	14	bathroom	sun_abapwbhyhkfixyex.tif	1944201.124457	1944201.383039	1944202.198210	7.924016e-01	4	none	NaN	NaN
141	3	31	35	bathroom	sun_alotolagknyrgtsk.tif	1944202.967949	1944203.226539	1944204.041732	7.757195e-01	25	39	1944205.090329	1
141	3	32	11	bathroom	labelme_sfxiulhjbhlyiyt.tif	1944205.862482	1944206.121071	1944206.936281	7.340142e-01	1	none	NaN	NaN
141	3	33	48	bathroom	sun_aqrpegblszgcoujh.tif	1944207.705973	1944207.964565	1944208.779682	8.257659e-01	38	none	NaN	NaN
141	3	34	28	bathroom	sun_ahijqszoswveeyji.tif	1944209.549471	1944209.808059	1944210.623336	7.506963e-01	18	39	1944211.882556	1
141	3	35	57	bathroom	sun_axldvoqbuvuggfmq.tif	1944212.660885	1944212.919472	1944213.734626	7.924016e-01	47	none	NaN	NaN
141	3	36	26	bathroom	sun_ahaulkltgpkeeemi.tif	1944214.504375	1944214.762966	1944215.578260	7.256731e-01	16	none	NaN	NaN
141	3	37	23	bathroom	sun_aghyqhbptboemmoq.tif	1944216.347868	1944216.606459	1944217.421670	8.174249e-01	13	none	NaN	NaN
141	3	38	47	bathroom	sun_apynckhmoftszqoq.tif	1944218.191362	1944218.449952	1944219.265049	7.423552e-01	37	none	NaN	NaN
141	3	39	42	bathroom	sun_apeeialkgkuxddgh.tif	1944220.034855	1944220.293448	1944221.108563	7.673784e-01	32	39	1944222.530334	1
141	3	40	25	bathroom	sun_agyqfjcfkdcydepw.tif	1944223.304762	1944223.563354	1944224.378650	6.839677e-01	15	none	NaN	NaN
141	3	41	32	bathroom	sun_aleqenyvunhactkl.tif	1944225.148255	1944225.406846	1944226.222093	7.506963e-01	22	39	1944227.442478	1
141	3	42	12	bathroom	sun_aapitsgbtktqubfy.tif	1944228.217963	1944228.476552	1944229.291742	8.007427e-01	2	none	NaN	NaN
141	3	43	36	bathroom	sun_ambriybtogmepttm.tif	1944230.061456	1944230.320045	1944231.135175	7.006499e-01	26	none	NaN	NaN
141	3	44	44	bathroom	sun_apkruvsevgegsdwp.tif	1944231.904949	1944232.163540	1944232.978671	8.507891e-01	34	none	NaN	NaN
141	3	45	56	bathroom	sun_awnqiikzaispgmwo.tif	1944233.748442	1944234.007025	1944234.822183	6.756267e-01	46	none	NaN	NaN
141	3	46	15	bathroom	sun_abjtwfukuwddzted.tif	1944235.591932	1944235.850522	1944236.665709	8.424481e-01	5	none	NaN	NaN
141	3	47	16	bathroom	sun_acduarbnmmoglmiv.tif	1944237.435427	1944237.694020	1944238.509246	6.923088e-01	6	none	NaN	NaN
141	3	48	43	bathroom	sun_apjevzvycyhuqghb.tif	1944239.278917	1944239.537507	1944240.352744	7.757195e-01	33	none	NaN	NaN
141	3	49	40	bathroom	sun_aofnryafpsjimzsb.tif	1944241.122415	1944241.381002	1944242.196316	6.672856e-01	30	none	NaN	NaN
141	3	50	41	bathroom	sun_aoybiabnpadelefl.tif	1944242.965905	1944243.224492	1944244.039778	6.672856e-01	31	none	NaN	NaN
141	3	51	27	bathroom	sun_ahcvzmoyaycdoftf.tif	1944244.809400	1944245.067990	1944245.883266	8.341070e-01	17	37	1944246.530447	1
141	3	52	36	bathroom	sun_ambriybtogmepttm.tif	1944247.303535	1944247.562123	1944248.377296	8.341070e-01	26	none	NaN	NaN
141	3	53	37	bathroom	sun_amzlamotzwfkwjco.tif	1944249.147031	1944249.405621	1944250.221307	8.090838e-01	27	none	NaN	NaN
141	3	54	14	bathroom	sun_abapwbhyhkfixyex.tif	1944250.990519	1944251.249107	1944252.064342	8.007427e-01	4	none	NaN	NaN
141	3	55	40	bathroom	sun_aofnryafpsjimzsb.tif	1944252.834017	1944253.092602	1944253.907875	7.173320e-01	30	none	NaN	NaN
141	3	56	41	bathroom	sun_aoybiabnpadelefl.tif	1944254.677510	1944254.936093	1944255.751238	6.589445e-01	31	none	NaN	NaN
141	3	57	39	bathroom	sun_anryaplzeujmzfkd.tif	1944256.520996	1944256.779589	1944257.594868	6.839677e-01	29	none	NaN	NaN
141	3	58	43	bathroom	sun_apjevzvycyhuqghb.tif	1944258.364491	1944258.623085	1944259.438241	6.923088e-01	33	none	NaN	NaN
141	3	59	60	bathroom	sun_azqyogdvyhahyram.tif	1944260.207984	1944260.466576	1944261.281726	7.006499e-01	50	37	1944262.906174	0
141	3	60	38	bathroom	sun_anhioqovhscjqqwb.tif	1944263.678088	1944263.936679	1944264.751828	7.256731e-01	28	none	NaN	NaN
141	3	61	12	bathroom	sun_aapitsgbtktqubfy.tif	1944265.521577	1944265.780172	1944266.595404	7.423552e-01	2	none	NaN	NaN
141	3	62	11	bathroom	labelme_sfxiulhjbhlyiyt.tif	1944267.365076	1944267.623666	1944268.438936	7.757195e-01	1	none	NaN	NaN
141	3	63	30	bathroom	sun_ajlawzvmubibwbpy.tif	1944269.208566	1944269.467151	1944270.282378	8.174249e-01	20	none	NaN	NaN
141	3	64	28	bathroom	sun_ahijqszoswveeyji.tif	1944271.052062	1944271.310652	1944272.125793	6.506035e-01	18	none	NaN	NaN
141	3	65	48	bathroom	sun_aqrpegblszgcoujh.tif	1944272.895555	1944273.154148	1944273.969241	7.506963e-01	38	none	NaN	NaN
141	3	66	25	bathroom	sun_agyqfjcfkdcydepw.tif	1944274.730705	1944274.989295	1944275.804528	7.423552e-01	15	none	NaN	NaN
141	3	67	23	bathroom	sun_aghyqhbptboemmoq.tif	1944276.574198	1944276.832788	1944277.648074	6.923088e-01	13	none	NaN	NaN
141	3	68	16	bathroom	sun_acduarbnmmoglmiv.tif	1944278.417689	1944278.676274	1944279.491375	7.340142e-01	6	none	NaN	NaN
141	3	69	58	bathroom	sun_axxbkopsgyouuebh.tif	1944280.252845	1944280.511436	1944281.326607	8.257659e-01	48	none	NaN	NaN
141	3	70	21	bathroom	sun_aggnnqpdorgxpvce.tif	1944282.096333	1944282.354922	1944283.170090	8.174249e-01	11	none	NaN	NaN
141	3	71	26	bathroom	sun_ahaulkltgpkeeemi.tif	1944283.939828	1944284.198418	1944285.013674	8.090838e-01	16	none	NaN	NaN
141	3	72	34	bathroom	sun_alkosphxlxwjwgjd.tif	1944285.783321	1944286.041908	1944286.857133	6.506035e-01	24	none	NaN	NaN
141	3	73	52	bathroom	sun_aunuadmjocsddsrl.tif	1944287.626813	1944287.885403	1944288.700707	6.672856e-01	42	none	NaN	NaN
141	3	74	15	bathroom	sun_abjtwfukuwddzted.tif	1944289.470305	1944289.728896	1944290.544172	7.590374e-01	5	none	NaN	NaN
141	3	75	13	bathroom	sun_aavhrsfjbserjtht.tif	1944291.313799	1944291.572387	1944292.387504	7.673784e-01	3	none	NaN	NaN
141	3	76	46	bathroom	sun_apmqjbnwghzuhhzh.tif	1944293.148953	1944293.407540	1944294.222892	8.424481e-01	36	none	NaN	NaN
141	3	77	59	bathroom	sun_axyrejkiiaqiurjk.tif	1944294.992446	1944295.251033	1944296.066243	7.924016e-01	49	none	NaN	NaN
141	3	78	42	bathroom	sun_apeeialkgkuxddgh.tif	1944296.835939	1944297.094528	1944297.909770	7.840606e-01	32	none	NaN	NaN
141	3	79	24	bathroom	sun_agrwbmhcpmfuwmsg.tif	1944298.679429	1944298.938021	1944299.753133	8.007427e-01	14	none	NaN	NaN
141	3	80	35	bathroom	sun_alotolagknyrgtsk.tif	1944300.522919	1944300.781512	1944301.596719	7.173320e-01	25	37	1944302.290420	1
141	3	81	57	bathroom	sun_axldvoqbuvuggfmq.tif	1944303.067109	1944303.325700	1944304.140962	8.257659e-01	47	none	NaN	NaN
141	3	82	32	bathroom	sun_aleqenyvunhactkl.tif	1944304.910603	1944305.169194	1944305.984312	7.423552e-01	22	none	NaN	NaN
141	3	83	55	bathroom	sun_avhrdrntsqrjzccq.tif	1944306.745755	1944307.004344	1944307.819528	7.924016e-01	45	37	1944308.458551	1
141	3	84	22	bathroom	sun_agguqiubmwhqqunb.tif	1944309.231548	1944309.490138	1944310.305265	6.589445e-01	12	none	NaN	NaN
141	3	85	45	bathroom	sun_apkxzenqapsujocq.tif	1944311.075041	1944311.333630	1944312.148815	7.340142e-01	35	none	NaN	NaN
141	3	86	20	bathroom	sun_afcoljnjfoxjtgja.tif	1944312.918532	1944313.177123	1944313.992351	7.840606e-01	10	37	1944314.970551	1
141	3	87	19	bathroom	sun_aclfzgynxzxlbepz.tif	1944315.746331	1944316.004921	1944316.820160	7.590374e-01	9	none	NaN	NaN
141	3	88	31	bathroom	sun_akiytfaagpdsphgz.tif	1944317.589829	1944317.848419	1944318.663664	7.590374e-01	21	none	NaN	NaN
141	3	89	47	bathroom	sun_apynckhmoftszqoq.tif	1944319.433322	1944319.691913	1944320.507016	8.507891e-01	37	none	NaN	NaN
141	3	90	17	bathroom	sun_acegryoqftbzowsg.tif	1944321.276811	1944321.535404	1944322.350652	6.839677e-01	7	none	NaN	NaN
141	3	91	33	bathroom	sun_aljolscmmzydegqp.tif	1944323.120305	1944323.378894	1944324.194177	7.256731e-01	23	none	NaN	NaN
141	3	92	51	bathroom	sun_atstyziqcmkahyxk.tif	1944324.963799	1944325.222391	1944326.037554	6.672856e-01	41	37	1944326.946168	1
141	3	93	54	bathroom	sun_auzqhkafidnkrwmo.tif	1944327.716528	1944327.975111	1944328.790387	8.174249e-01	44	none	NaN	NaN
141	3	94	18	bathroom	sun_acgyywnybuveqsro.tif	1944329.560019	1944329.818608	1944330.633806	7.006499e-01	8	none	NaN	NaN
141	3	95	50	bathroom	sun_aspsyogrekjtfozg.tif	1944331.403513	1944331.662103	1944332.477210	7.089909e-01	40	none	NaN	NaN
141	3	96	53	bathroom	sun_ausgutylgojavyoq.tif	1944333.247004	1944333.505595	1944334.320904	7.757195e-01	43	none	NaN	NaN
141	3	97	56	bathroom	sun_awnqiikzaispgmwo.tif	1944335.090497	1944335.349088	1944336.164321	8.090838e-01	46	37	1944337.402480	1
141	3	98	49	bathroom	sun_asfwthctfqerjvxr.tif	1944338.176895	1944338.435477	1944339.250753	7.590374e-01	39	none	NaN	NaN
141	3	99	44	bathroom	sun_apkruvsevgegsdwp.tif	1944340.020384	1944340.278974	1944341.094116	6.589445e-01	34	none	NaN	NaN
141	3	100	29	bathroom	sun_ahqjwnzgolcaoidx.tif	1944341.863873	1944342.122460	1944342.937557	8.341070e-01	19	none	NaN	NaN
141	4	1	68	kitchen	sun_aaxxjlsuzvqlgylf.tif	1944357.320853	1944357.579440	1944358.277782	7.256731e-01	58	none	NaN	NaN
141	4	2	77	kitchen	sun_acxkpeoqbwcxfvip.tif	1944359.039223	1944359.297812	1944359.996194	7.006499e-01	67	none	NaN	NaN
141	4	3	79	kitchen	sun_admlmbcdswaszruo.tif	1944360.765937	1944361.024525	1944361.722917	8.174249e-01	69	none	NaN	NaN
141	4	4	86	kitchen	sun_aggjlwcdjsjcaemh.tif	1944362.492643	1944362.751235	1944363.449560	7.089909e-01	76	none	NaN	NaN
141	4	5	94	kitchen	sun_ahywdevtimnqcsln.tif	1944364.219354	1944364.477947	1944365.176314	7.006499e-01	84	none	NaN	NaN
141	4	6	95	kitchen	sun_aixorpehvfykdynp.tif	1944365.946063	1944366.204654	1944366.903190	6.756267e-01	85	none	NaN	NaN
141	4	7	75	kitchen	sun_acgtpgfybqjmzeyw.tif	1944367.672777	1944367.931367	1944368.629771	7.506963e-01	65	none	NaN	NaN
141	4	8	88	kitchen	sun_agubuxuukhzyzpdp.tif	1944369.399486	1944369.658072	1944370.356564	6.589445e-01	78	none	NaN	NaN
141	4	9	85	kitchen	sun_afuyedyxivkhecmu.tif	1944371.126200	1944371.384782	1944372.083163	7.840606e-01	75	37	1944373.074161	1
141	4	10	104	kitchen	sun_auticobqsbwgoppi.tif	1944373.845558	1944374.104143	1944374.802679	7.590374e-01	94	39	1944375.706464	1
141	4	11	72	kitchen	sun_abpwyqmlzafvklqo.tif	1944376.481500	1944376.740086	1944377.438505	7.924016e-01	62	none	NaN	NaN
141	4	12	66	kitchen	sun_aapllqyqlykszopd.tif	1944378.208207	1944378.466798	1944379.165319	7.256731e-01	56	none	NaN	NaN
141	4	13	69	kitchen	sun_abdenxonkemggwsq.tif	1944379.934925	1944380.193511	1944380.891972	8.090838e-01	59	39	1944382.250400	1
141	4	14	108	kitchen	sun_aymvwlarqodbwuoc.tif	1944383.021312	1944383.279901	1944383.978748	6.756267e-01	98	none	NaN	NaN
141	4	15	105	kitchen	sun_avszsnwsbuqfgzbn.tif	1944384.748023	1944385.006618	1944385.705022	7.506963e-01	95	none	NaN	NaN
141	4	16	78	kitchen	sun_adgqasybjyktddhj.tif	1944386.474733	1944386.733327	1944387.431687	8.007427e-01	68	none	NaN	NaN
141	4	17	101	kitchen	sun_aqeaevwwwjoqhzvl.tif	1944388.201442	1944388.460033	1944389.158566	8.507891e-01	91	39	1944390.738420	1
141	4	18	99	kitchen	sun_akcjzhbbjlbogpdi.tif	1944391.513059	1944391.771645	1944392.470165	6.839677e-01	89	none	NaN	NaN
141	4	19	90	kitchen	sun_ahdycvpopffkzzsu.tif	1944393.239767	1944393.498356	1944394.196857	7.423552e-01	80	none	NaN	NaN
141	4	20	70	kitchen	sun_abdxkyyxwfskuaqb.tif	1944394.966479	1944395.225068	1944395.923465	8.341070e-01	60	none	NaN	NaN
141	4	21	81	kitchen	sun_aehawpgmrlhlvcow.tif	1944396.693191	1944396.951777	1944397.650132	8.007427e-01	71	37	1944398.394385	0
141	4	22	106	kitchen	sun_awcpdzzznmweyyhv.tif	1944399.170642	1944399.429232	1944400.127756	8.090838e-01	96	none	NaN	NaN
141	4	23	93	kitchen	sun_ahspylgoovwmwvgk.tif	1944400.897355	1944401.155946	1944401.854458	6.506035e-01	83	none	NaN	NaN
141	4	24	97	kitchen	sun_ajkqhtgcbgpcwrwn.tif	1944402.624069	1944402.882654	1944403.581011	7.173320e-01	87	none	NaN	NaN
141	4	25	91	kitchen	sun_ahljzhgcdpomplvg.tif	1944404.350779	1944404.609362	1944405.307820	7.256731e-01	81	none	NaN	NaN
141	4	26	96	kitchen	sun_ajcbwwvdlsvjyzje.tif	1944406.077488	1944406.336076	1944407.034633	8.090838e-01	86	none	NaN	NaN
141	4	27	62	kitchen	labelme_kxvouciolcpqplr.tif	1944407.804198	1944408.062784	1944408.761132	7.757195e-01	52	none	NaN	NaN
141	4	28	109	kitchen	sun_aypmqwcualkenuoe.tif	1944409.530908	1944409.789494	1944410.487835	7.757195e-01	99	37	1944411.202427	1
141	4	29	76	kitchen	sun_acwjdupvyjsugpay.tif	1944411.974993	1944412.233587	1944412.932070	8.090838e-01	66	none	NaN	NaN
141	4	30	87	kitchen	sun_agorklincwxrdtga.tif	1944413.701705	1944413.960297	1944414.658703	8.424481e-01	77	none	NaN	NaN
141	4	31	102	kitchen	sun_auaiucuqpdausiva.tif	1944415.428416	1944415.687005	1944416.385339	8.341070e-01	92	none	NaN	NaN
141	4	32	110	kitchen	sun_azmutvzbxypaceni.tif	1944417.146783	1944417.405372	1944418.103787	7.673784e-01	100	39	1944419.282308	1
141	4	33	98	kitchen	sun_akchetnepxlcxhsu.tif	1944420.057998	1944420.316594	1944421.014995	6.672856e-01	88	none	NaN	NaN
141	4	34	100	kitchen	sun_amjjdeyrggfqgmom.tif	1944421.784710	1944422.043301	1944422.741828	7.340142e-01	90	37	1944423.378373	1
141	4	35	107	kitchen	sun_axyyrmzcupyhlivc.tif	1944424.153724	1944424.412314	1944425.110754	7.673784e-01	97	none	NaN	NaN
141	4	36	65	kitchen	sun_aamedkxepzlwuxes.tif	1944425.880434	1944426.139025	1944426.837545	8.174249e-01	55	none	NaN	NaN
141	4	37	64	kitchen	sun_aadbddgrdsjugojn.tif	1944427.607144	1944427.865736	1944428.564141	7.340142e-01	54	37	1944430.602409	1
141	4	38	89	kitchen	sun_agzzivivdpnawacl.tif	1944431.377548	1944431.636135	1944432.334541	8.424481e-01	79	none	NaN	NaN
141	4	39	103	kitchen	sun_aunzlwrbjumxhwdj.tif	1944433.104258	1944433.362849	1944434.061179	6.839677e-01	93	none	NaN	NaN
141	4	40	71	kitchen	sun_abftihopvusyfakt.tif	1944434.822628	1944435.081218	1944435.779662	7.423552e-01	61	none	NaN	NaN
141	4	41	83	kitchen	sun_aeqdocilnnpuvuhx.tif	1944436.549338	1944436.807927	1944437.506441	6.506035e-01	73	none	NaN	NaN
141	4	42	73	kitchen	sun_abrcnpqqhmjwekyf.tif	1944438.276053	1944438.534643	1944439.232962	6.506035e-01	63	none	NaN	NaN
141	4	43	84	kitchen	sun_aexklacwqwezaorf.tif	1944440.002759	1944440.261346	1944440.959796	7.173320e-01	74	none	NaN	NaN
141	4	44	92	kitchen	sun_ahpczsiumwwocjkv.tif	1944441.729472	1944441.988060	1944442.686548	7.673784e-01	82	none	NaN	NaN
141	4	45	82	kitchen	sun_aenotlpyftoioydp.tif	1944443.456178	1944443.714771	1944444.413264	8.257659e-01	72	39	1944445.362376	1
141	4	46	80	kitchen	sun_aegoxogugdkwpmpj.tif	1944446.133834	1944446.392359	1944447.090964	6.923088e-01	70	none	NaN	NaN
141	4	47	61	kitchen	labelme_brsyyvweiuaazfr.tif	1944447.860541	1944448.119133	1944448.817652	7.089909e-01	51	none	NaN	NaN
141	4	48	63	kitchen	labelme_rykdqxenmhulbdn.tif	1944449.587254	1944449.845839	1944450.544341	8.174249e-01	53	37	1944451.578403	1
141	4	49	67	kitchen	sun_aarfiyshqohlwkmo.tif	1944452.356687	1944452.615260	1944453.313721	7.006499e-01	57	none	NaN	NaN
141	4	50	74	kitchen	sun_acfmftudsenhrfhy.tif	1944454.083371	1944454.341966	1944455.040349	7.423552e-01	64	none	NaN	NaN
141	4	51	91	kitchen	sun_ahljzhgcdpomplvg.tif	1944455.810082	1944456.068676	1944456.767046	7.924016e-01	81	none	NaN	NaN
141	4	52	85	kitchen	sun_afuyedyxivkhecmu.tif	1944457.536794	1944457.795382	1944458.493885	8.257659e-01	75	none	NaN	NaN
141	4	53	78	kitchen	sun_adgqasybjyktddhj.tif	1944459.263505	1944459.522096	1944460.220526	6.756267e-01	68	none	NaN	NaN
141	4	54	92	kitchen	sun_ahpczsiumwwocjkv.tif	1944460.990215	1944461.248803	1944461.947144	6.589445e-01	82	none	NaN	NaN
141	4	55	87	kitchen	sun_agorklincwxrdtga.tif	1944462.716928	1944462.975515	1944463.673935	8.257659e-01	77	none	NaN	NaN
141	4	56	102	kitchen	sun_auaiucuqpdausiva.tif	1944464.443640	1944464.702231	1944465.400571	7.256731e-01	92	none	NaN	NaN
141	4	57	66	kitchen	sun_aapllqyqlykszopd.tif	1944466.162005	1944466.420593	1944467.118998	8.007427e-01	56	39	1944468.026407	1
141	4	58	106	kitchen	sun_awcpdzzznmweyyhv.tif	1944468.797950	1944469.056538	1944469.755003	7.089909e-01	96	none	NaN	NaN
141	4	59	64	kitchen	sun_aadbddgrdsjugojn.tif	1944470.524663	1944470.783256	1944471.481758	7.089909e-01	54	none	NaN	NaN
141	4	60	80	kitchen	sun_aegoxogugdkwpmpj.tif	1944472.251369	1944472.509966	1944473.208452	6.672856e-01	70	none	NaN	NaN
141	4	61	73	kitchen	sun_abrcnpqqhmjwekyf.tif	1944473.978086	1944474.236668	1944474.935027	7.673784e-01	63	none	NaN	NaN
141	4	62	105	kitchen	sun_avszsnwsbuqfgzbn.tif	1944475.704791	1944475.963383	1944476.661726	7.423552e-01	95	none	NaN	NaN
141	4	63	62	kitchen	labelme_kxvouciolcpqplr.tif	1944477.423159	1944477.681752	1944478.380145	7.173320e-01	52	none	NaN	NaN
141	4	64	89	kitchen	sun_agzzivivdpnawacl.tif	1944479.149874	1944479.408459	1944480.106839	6.672856e-01	79	none	NaN	NaN
141	4	65	103	kitchen	sun_aunzlwrbjumxhwdj.tif	1944480.876583	1944481.135171	1944481.833565	8.257659e-01	93	37	1944482.594319	1
141	4	66	108	kitchen	sun_aymvwlarqodbwuoc.tif	1944483.370715	1944483.629313	1944484.327710	8.424481e-01	98	none	NaN	NaN
141	4	67	72	kitchen	sun_abpwyqmlzafvklqo.tif	1944485.097433	1944485.356020	1944486.054479	7.590374e-01	62	none	NaN	NaN
141	4	68	70	kitchen	sun_abdxkyyxwfskuaqb.tif	1944486.824140	1944487.082731	1944487.781144	6.923088e-01	60	none	NaN	NaN
141	4	69	68	kitchen	sun_aaxxjlsuzvqlgylf.tif	1944488.550851	1944488.809442	1944489.507836	6.756267e-01	58	37	1944490.138445	1
141	4	70	110	kitchen	sun_azmutvzbxypaceni.tif	1944490.911525	1944491.170116	1944491.868502	7.506963e-01	100	none	NaN	NaN
141	4	71	107	kitchen	sun_axyyrmzcupyhlivc.tif	1944492.638235	1944492.896820	1944493.595206	6.923088e-01	97	none	NaN	NaN
141	4	72	97	kitchen	sun_ajkqhtgcbgpcwrwn.tif	1944494.364941	1944494.623533	1944495.321903	7.340142e-01	87	none	NaN	NaN
141	4	73	65	kitchen	sun_aamedkxepzlwuxes.tif	1944496.091655	1944496.350244	1944497.048622	7.590374e-01	55	39	1944497.842419	1
141	4	74	99	kitchen	sun_akcjzhbbjlbogpdi.tif	1944498.619155	1944498.877748	1944499.576241	6.839677e-01	89	none	NaN	NaN
141	4	75	94	kitchen	sun_ahywdevtimnqcsln.tif	1944500.345864	1944500.604458	1944501.302957	7.840606e-01	84	none	NaN	NaN
141	4	76	83	kitchen	sun_aeqdocilnnpuvuhx.tif	1944502.072575	1944502.331168	1944503.029595	8.341070e-01	73	none	NaN	NaN
141	4	77	86	kitchen	sun_aggjlwcdjsjcaemh.tif	1944503.799290	1944504.057878	1944504.756233	6.672856e-01	76	none	NaN	NaN
141	4	78	95	kitchen	sun_aixorpehvfykdynp.tif	1944505.517659	1944505.776252	1944506.474691	7.590374e-01	85	none	NaN	NaN
141	4	79	74	kitchen	sun_acfmftudsenhrfhy.tif	1944507.244369	1944507.502961	1944508.201478	7.590374e-01	64	none	NaN	NaN
141	4	80	77	kitchen	sun_acxkpeoqbwcxfvip.tif	1944508.971081	1944509.229673	1944509.928121	7.757195e-01	67	none	NaN	NaN
141	4	81	79	kitchen	sun_admlmbcdswaszruo.tif	1944510.697789	1944510.956382	1944511.654906	7.924016e-01	69	none	NaN	NaN
141	4	82	84	kitchen	sun_aexklacwqwezaorf.tif	1944512.424505	1944512.683090	1944513.381592	8.507891e-01	74	none	NaN	NaN
141	4	83	88	kitchen	sun_agubuxuukhzyzpdp.tif	1944514.151213	1944514.409801	1944515.108153	7.924016e-01	78	none	NaN	NaN
141	4	84	109	kitchen	sun_aypmqwcualkenuoe.tif	1944515.877923	1944516.136515	1944516.834954	8.424481e-01	99	none	NaN	NaN
141	4	85	63	kitchen	labelme_rykdqxenmhulbdn.tif	1944517.604633	1944517.863219	1944518.561614	6.589445e-01	53	none	NaN	NaN
141	4	86	101	kitchen	sun_aqeaevwwwjoqhzvl.tif	1944519.331341	1944519.589931	1944520.288343	8.341070e-01	91	none	NaN	NaN
141	4	87	93	kitchen	sun_ahspylgoovwmwvgk.tif	1944521.058055	1944521.316640	1944522.014995	7.840606e-01	83	none	NaN	NaN
141	4	88	81	kitchen	sun_aehawpgmrlhlvcow.tif	1944522.784763	1944523.043352	1944523.741834	7.340142e-01	71	none	NaN	NaN
141	4	89	90	kitchen	sun_ahdycvpopffkzzsu.tif	1944524.511474	1944524.770063	1944525.468559	8.257659e-01	80	none	NaN	NaN
141	4	90	98	kitchen	sun_akchetnepxlcxhsu.tif	1944526.238182	1944526.496771	1944527.195181	7.757195e-01	88	none	NaN	NaN
141	4	91	69	kitchen	sun_abdenxonkemggwsq.tif	1944527.956557	1944528.215137	1944528.913553	6.923088e-01	59	none	NaN	NaN
141	4	92	96	kitchen	sun_ajcbwwvdlsvjyzje.tif	1944529.683266	1944529.941855	1944530.640374	6.839677e-01	86	none	NaN	NaN
141	4	93	75	kitchen	sun_acgtpgfybqjmzeyw.tif	1944531.409974	1944531.668563	1944532.366985	8.174249e-01	65	none	NaN	NaN
141	4	94	76	kitchen	sun_acwjdupvyjsugpay.tif	1944533.136684	1944533.395273	1944534.093789	7.173320e-01	66	none	NaN	NaN
141	4	95	104	kitchen	sun_auticobqsbwgoppi.tif	1944534.863394	1944535.121985	1944535.820444	8.007427e-01	94	none	NaN	NaN
141	4	96	82	kitchen	sun_aenotlpyftoioydp.tif	1944536.590103	1944536.848695	1944537.547225	7.840606e-01	72	none	NaN	NaN
141	4	97	61	kitchen	labelme_brsyyvweiuaazfr.tif	1944538.316817	1944538.575403	1944539.273816	7.006499e-01	51	none	NaN	NaN
141	4	98	71	kitchen	sun_abftihopvusyfakt.tif	1944540.035183	1944540.293779	1944540.992237	6.589445e-01	61	none	NaN	NaN
141	4	99	67	kitchen	sun_aarfiyshqohlwkmo.tif	1944541.761895	1944542.020487	1944542.718866	6.923088e-01	57	none	NaN	NaN
141	4	100	100	kitchen	sun_amjjdeyrggfqgmom.tif	1944543.488605	1944543.747198	1944544.445567	7.506963e-01	90	none	NaN	NaN
141	5	1	47	bathroom	sun_apynckhmoftszqoq.tif	1944552.430795	1944552.689383	1944553.396156	7.590374e-01	37	none	NaN	NaN
141	5	2	55	bathroom	sun_avhrdrntsqrjzccq.tif	1944554.165851	1944554.424438	1944555.131273	6.506035e-01	45	39	1944556.338433	1
141	5	3	45	bathroom	sun_apkxzenqapsujocq.tif	1944557.110434	1944557.369019	1944558.075861	7.423552e-01	35	none	NaN	NaN
141	5	4	41	bathroom	sun_aoybiabnpadelefl.tif	1944558.845486	1944559.104074	1944559.810798	7.089909e-01	31	none	NaN	NaN
141	5	5	21	bathroom	sun_aggnnqpdorgxpvce.tif	1944560.580538	1944560.839126	1944561.545820	7.173320e-01	11	none	NaN	NaN
141	5	6	36	bathroom	sun_ambriybtogmepttm.tif	1944562.307249	1944562.565838	1944563.272648	8.507891e-01	26	none	NaN	NaN
141	5	7	24	bathroom	sun_agrwbmhcpmfuwmsg.tif	1944564.042302	1944564.300884	1944565.007577	6.756267e-01	14	none	NaN	NaN
141	5	8	37	bathroom	sun_amzlamotzwfkwjco.tif	1944565.777353	1944566.035943	1944566.742755	7.006499e-01	27	none	NaN	NaN
141	5	9	20	bathroom	sun_afcoljnjfoxjtgja.tif	1944567.512402	1944567.770990	1944568.477783	7.256731e-01	10	none	NaN	NaN
141	5	10	40	bathroom	sun_aofnryafpsjimzsb.tif	1944569.247455	1944569.506049	1944570.212892	7.506963e-01	30	none	NaN	NaN
141	5	11	42	bathroom	sun_apeeialkgkuxddgh.tif	1944570.982506	1944571.241100	1944571.947799	8.090838e-01	32	none	NaN	NaN
141	5	12	13	bathroom	sun_aavhrsfjbserjtht.tif	1944572.717562	1944572.976146	1944573.683079	8.174249e-01	3	none	NaN	NaN
141	5	13	11	bathroom	labelme_sfxiulhjbhlyiyt.tif	1944574.452614	1944574.711201	1944575.418001	7.256731e-01	1	none	NaN	NaN
141	5	14	34	bathroom	sun_alkosphxlxwjwgjd.tif	1944576.187664	1944576.446258	1944577.153105	6.589445e-01	24	39	1944578.770150	0
141	5	15	51	bathroom	sun_atstyziqcmkahyxk.tif	1944579.540985	1944579.799577	1944580.506298	7.256731e-01	41	39	1944582.530335	1
141	5	16	32	bathroom	sun_aleqenyvunhactkl.tif	1944583.303044	1944583.561636	1944584.268481	7.840606e-01	22	none	NaN	NaN
141	5	17	26	bathroom	sun_ahaulkltgpkeeemi.tif	1944585.038099	1944585.296683	1944586.003425	7.924016e-01	16	none	NaN	NaN
141	5	18	33	bathroom	sun_aljolscmmzydegqp.tif	1944586.773151	1944587.031738	1944587.738503	7.006499e-01	23	37	1944588.386414	1
141	5	19	28	bathroom	sun_ahijqszoswveeyji.tif	1944589.158845	1944589.417440	1944590.124131	7.006499e-01	18	none	NaN	NaN
141	5	20	19	bathroom	sun_aclfzgynxzxlbepz.tif	1944590.885557	1944591.144148	1944591.850834	7.590374e-01	9	none	NaN	NaN
141	5	21	35	bathroom	sun_alotolagknyrgtsk.tif	1944592.620608	1944592.879201	1944593.585889	7.173320e-01	25	none	NaN	NaN
141	5	22	58	bathroom	sun_axxbkopsgyouuebh.tif	1944594.355662	1944594.614253	1944595.320971	8.507891e-01	48	none	NaN	NaN
141	5	23	27	bathroom	sun_ahcvzmoyaycdoftf.tif	1944596.090714	1944596.349304	1944597.055975	7.173320e-01	17	none	NaN	NaN
141	5	24	23	bathroom	sun_aghyqhbptboemmoq.tif	1944597.817425	1944598.076013	1944598.782887	8.090838e-01	13	none	NaN	NaN
141	5	25	56	bathroom	sun_awnqiikzaispgmwo.tif	1944599.552474	1944599.811066	1944600.517873	8.174249e-01	46	none	NaN	NaN
141	5	26	15	bathroom	sun_abjtwfukuwddzted.tif	1944601.287531	1944601.546118	1944602.252939	7.423552e-01	5	none	NaN	NaN
141	5	27	48	bathroom	sun_aqrpegblszgcoujh.tif	1944603.022582	1944603.281166	1944603.988042	8.424481e-01	38	none	NaN	NaN
141	5	28	18	bathroom	sun_acgyywnybuveqsro.tif	1944604.757633	1944605.016222	1944605.723038	8.174249e-01	8	none	NaN	NaN
141	5	29	60	bathroom	sun_azqyogdvyhahyram.tif	1944606.492682	1944606.751275	1944607.458031	8.007427e-01	50	none	NaN	NaN
141	5	30	46	bathroom	sun_apmqjbnwghzuhhzh.tif	1944608.227737	1944608.486329	1944609.193148	6.756267e-01	36	none	NaN	NaN
141	5	31	30	bathroom	sun_ajlawzvmubibwbpy.tif	1944609.962788	1944610.221378	1944610.928056	6.589445e-01	20	none	NaN	NaN
141	5	32	31	bathroom	sun_akiytfaagpdsphgz.tif	1944611.689498	1944611.948088	1944612.654892	8.424481e-01	21	none	NaN	NaN
141	5	33	16	bathroom	sun_acduarbnmmoglmiv.tif	1944613.424552	1944613.683139	1944614.389884	6.672856e-01	6	none	NaN	NaN
141	5	34	29	bathroom	sun_ahqjwnzgolcaoidx.tif	1944615.159604	1944615.418194	1944616.124918	7.089909e-01	19	37	1944617.946279	0
141	5	35	49	bathroom	sun_asfwthctfqerjvxr.tif	1944618.721463	1944618.980051	1944619.686930	7.673784e-01	39	none	NaN	NaN
141	5	36	43	bathroom	sun_apjevzvycyhuqghb.tif	1944620.456518	1944620.715106	1944621.421791	8.007427e-01	33	none	NaN	NaN
141	5	37	22	bathroom	sun_agguqiubmwhqqunb.tif	1944622.183227	1944622.441819	1944623.148566	7.006499e-01	12	none	NaN	NaN
141	5	38	17	bathroom	sun_acegryoqftbzowsg.tif	1944623.918283	1944624.176871	1944624.883603	6.672856e-01	7	none	NaN	NaN
141	5	39	44	bathroom	sun_apkruvsevgegsdwp.tif	1944625.653333	1944625.911912	1944626.618601	7.757195e-01	34	39	1944628.530330	1
141	5	40	52	bathroom	sun_aunuadmjocsddsrl.tif	1944629.306952	1944629.565538	1944630.272418	8.007427e-01	42	none	NaN	NaN
141	5	41	59	bathroom	sun_axyrejkiiaqiurjk.tif	1944631.042008	1944631.300590	1944632.007261	8.007427e-01	49	none	NaN	NaN
141	5	42	53	bathroom	sun_ausgutylgojavyoq.tif	1944632.768714	1944633.027306	1944633.734069	7.089909e-01	43	none	NaN	NaN
141	5	43	12	bathroom	sun_aapitsgbtktqubfy.tif	1944634.503765	1944634.762359	1944635.469151	6.589445e-01	2	none	NaN	NaN
141	5	44	25	bathroom	sun_agyqfjcfkdcydepw.tif	1944636.238818	1944636.497409	1944637.204229	7.673784e-01	15	none	NaN	NaN
141	5	45	14	bathroom	sun_abapwbhyhkfixyex.tif	1944637.973870	1944638.232459	1944638.939236	7.590374e-01	4	none	NaN	NaN
141	5	46	54	bathroom	sun_auzqhkafidnkrwmo.tif	1944639.708918	1944639.967515	1944640.674349	8.090838e-01	44	none	NaN	NaN
141	5	47	39	bathroom	sun_anryaplzeujmzfkd.tif	1944641.443976	1944641.702564	1944642.409319	7.840606e-01	29	none	NaN	NaN
141	5	48	38	bathroom	sun_anhioqovhscjqqwb.tif	1944643.170683	1944643.429276	1944644.135939	6.756267e-01	28	none	NaN	NaN
141	5	49	57	bathroom	sun_axldvoqbuvuggfmq.tif	1944644.897396	1944645.155983	1944645.862993	7.757195e-01	47	none	NaN	NaN
141	5	50	50	bathroom	sun_aspsyogrekjtfozg.tif	1944646.632448	1944646.891037	1944647.597746	8.090838e-01	40	none	NaN	NaN
141	5	51	50	bathroom	sun_aspsyogrekjtfozg.tif	1944648.359159	1944648.617746	1944649.324574	7.673784e-01	40	none	NaN	NaN
141	5	52	58	bathroom	sun_axxbkopsgyouuebh.tif	1944650.094213	1944650.352800	1944651.059588	8.257659e-01	48	none	NaN	NaN
141	5	53	13	bathroom	sun_aavhrsfjbserjtht.tif	1944651.829262	1944652.087849	1944652.794713	8.257659e-01	3	none	NaN	NaN
141	5	54	28	bathroom	sun_ahijqszoswveeyji.tif	1944653.564315	1944653.822904	1944654.529650	7.423552e-01	18	none	NaN	NaN
141	5	55	31	bathroom	sun_akiytfaagpdsphgz.tif	1944655.299367	1944655.557958	1944656.264650	7.590374e-01	21	none	NaN	NaN
141	5	56	14	bathroom	sun_abapwbhyhkfixyex.tif	1944657.034416	1944657.293009	1944657.999684	8.341070e-01	4	none	NaN	NaN
141	5	57	26	bathroom	sun_ahaulkltgpkeeemi.tif	1944658.761132	1944659.019714	1944659.726401	7.340142e-01	16	none	NaN	NaN
141	5	58	45	bathroom	sun_apkxzenqapsujocq.tif	1944660.487839	1944660.746429	1944661.453251	8.257659e-01	35	none	NaN	NaN
141	5	59	52	bathroom	sun_aunuadmjocsddsrl.tif	1944662.222892	1944662.481482	1944663.188276	7.840606e-01	42	none	NaN	NaN
141	5	60	15	bathroom	sun_abjtwfukuwddzted.tif	1944663.957941	1944664.216534	1944664.923247	8.424481e-01	5	none	NaN	NaN
141	5	61	42	bathroom	sun_apeeialkgkuxddgh.tif	1944665.692991	1944665.951584	1944666.658349	8.341070e-01	32	none	NaN	NaN
141	5	62	32	bathroom	sun_aleqenyvunhactkl.tif	1944667.419729	1944667.678296	1944668.385093	8.341070e-01	22	none	NaN	NaN
141	5	63	34	bathroom	sun_alkosphxlxwjwgjd.tif	1944669.154760	1944669.413345	1944670.120152	7.757195e-01	24	none	NaN	NaN
141	5	64	16	bathroom	sun_acduarbnmmoglmiv.tif	1944670.889808	1944671.148396	1944671.855074	8.257659e-01	6	none	NaN	NaN
141	5	65	44	bathroom	sun_apkruvsevgegsdwp.tif	1944672.624864	1944672.883453	1944673.590162	7.590374e-01	34	none	NaN	NaN
141	5	66	36	bathroom	sun_ambriybtogmepttm.tif	1944674.359911	1944674.618507	1944675.325316	7.506963e-01	26	none	NaN	NaN
141	5	67	27	bathroom	sun_ahcvzmoyaycdoftf.tif	1944676.086625	1944676.345218	1944677.052066	6.839677e-01	17	none	NaN	NaN
141	5	68	33	bathroom	sun_aljolscmmzydegqp.tif	1944677.821678	1944678.080265	1944678.787047	8.174249e-01	23	39	1944680.162103	1
141	5	69	49	bathroom	sun_asfwthctfqerjvxr.tif	1944680.933087	1944681.191681	1944681.898524	6.923088e-01	39	none	NaN	NaN
141	5	70	46	bathroom	sun_apmqjbnwghzuhhzh.tif	1944682.668148	1944682.926734	1944683.633546	6.589445e-01	36	39	1944684.562369	1
141	5	71	60	bathroom	sun_azqyogdvyhahyram.tif	1944685.337452	1944685.596039	1944686.302916	6.923088e-01	50	37	1944687.074138	1
141	5	72	56	bathroom	sun_awnqiikzaispgmwo.tif	1944687.848271	1944688.106861	1944688.813674	8.341070e-01	46	none	NaN	NaN
141	5	73	53	bathroom	sun_ausgutylgojavyoq.tif	1944689.583329	1944689.841910	1944690.548650	7.924016e-01	43	none	NaN	NaN
141	5	74	12	bathroom	sun_aapitsgbtktqubfy.tif	1944691.318377	1944691.576969	1944692.283819	7.924016e-01	2	none	NaN	NaN
141	5	75	38	bathroom	sun_anhioqovhscjqqwb.tif	1944693.053435	1944693.312017	1944694.018841	6.923088e-01	28	none	NaN	NaN
141	5	76	47	bathroom	sun_apynckhmoftszqoq.tif	1944694.788482	1944695.047076	1944695.753876	6.923088e-01	37	none	NaN	NaN
141	5	77	55	bathroom	sun_avhrdrntsqrjzccq.tif	1944696.523532	1944696.782125	1944697.488905	6.839677e-01	45	none	NaN	NaN
141	5	78	29	bathroom	sun_ahqjwnzgolcaoidx.tif	1944698.258587	1944698.517179	1944699.223905	8.424481e-01	19	none	NaN	NaN
141	5	79	20	bathroom	sun_afcoljnjfoxjtgja.tif	1944699.993643	1944700.252231	1944700.958931	7.840606e-01	10	37	1944701.738469	1
141	5	80	59	bathroom	sun_axyrejkiiaqiurjk.tif	1944702.512803	1944702.771391	1944703.478270	6.506035e-01	49	none	NaN	NaN
141	5	81	39	bathroom	sun_anryaplzeujmzfkd.tif	1944704.247852	1944704.506446	1944705.213197	7.256731e-01	29	none	NaN	NaN
141	5	82	18	bathroom	sun_acgyywnybuveqsro.tif	1944705.982908	1944706.241495	1944706.948319	7.340142e-01	8	none	NaN	NaN
141	5	83	21	bathroom	sun_aggnnqpdorgxpvce.tif	1944707.717958	1944707.976551	1944708.683379	7.089909e-01	11	none	NaN	NaN
141	5	84	37	bathroom	sun_amzlamotzwfkwjco.tif	1944709.453009	1944709.711604	1944710.418350	7.173320e-01	27	39	1944711.274459	1
141	5	85	11	bathroom	labelme_sfxiulhjbhlyiyt.tif	1944712.047241	1944712.305835	1944713.012570	7.340142e-01	1	37	1944715.122429	1
141	5	86	35	bathroom	sun_alotolagknyrgtsk.tif	1944715.892724	1944716.151312	1944716.858192	7.506963e-01	25	37	1944717.498335	1
141	5	87	30	bathroom	sun_ajlawzvmubibwbpy.tif	1944718.270083	1944718.528670	1944719.235536	7.673784e-01	20	none	NaN	NaN
141	5	88	57	bathroom	sun_axldvoqbuvuggfmq.tif	1944720.005129	1944720.263721	1944720.970493	6.839677e-01	47	none	NaN	NaN
141	5	89	22	bathroom	sun_agguqiubmwhqqunb.tif	1944721.740205	1944721.998770	1944722.705544	6.756267e-01	12	none	NaN	NaN
141	5	90	19	bathroom	sun_aclfzgynxzxlbepz.tif	1944723.475235	1944723.733826	1944724.440689	7.340142e-01	9	none	NaN	NaN
141	5	91	25	bathroom	sun_agyqfjcfkdcydepw.tif	1944725.210284	1944725.468881	1944726.175570	6.672856e-01	15	37	1944726.874345	1
141	5	92	43	bathroom	sun_apjevzvycyhuqghb.tif	1944727.646029	1944727.904622	1944728.611340	6.672856e-01	33	none	NaN	NaN
141	5	93	54	bathroom	sun_auzqhkafidnkrwmo.tif	1944729.381083	1944729.639671	1944730.346534	7.757195e-01	44	none	NaN	NaN
141	5	94	51	bathroom	sun_atstyziqcmkahyxk.tif	1944731.116139	1944731.374721	1944732.081568	7.423552e-01	41	none	NaN	NaN
141	5	95	24	bathroom	sun_agrwbmhcpmfuwmsg.tif	1944732.851189	1944733.109778	1944733.816609	6.839677e-01	14	none	NaN	NaN
141	5	96	23	bathroom	sun_aghyqhbptboemmoq.tif	1944734.586241	1944734.844829	1944735.551496	6.923088e-01	13	39	1944736.354291	1
141	5	97	40	bathroom	sun_aofnryafpsjimzsb.tif	1944737.130430	1944737.389015	1944738.095809	6.506035e-01	30	none	NaN	NaN
141	5	98	41	bathroom	sun_aoybiabnpadelefl.tif	1944738.865480	1944739.124069	1944739.830858	7.506963e-01	31	none	NaN	NaN
141	5	99	48	bathroom	sun_aqrpegblszgcoujh.tif	1944740.600530	1944740.859123	1944741.565788	7.924016e-01	38	none	NaN	NaN
141	5	100	17	bathroom	sun_acegryoqftbzowsg.tif	1944742.327242	1944742.585832	1944743.292504	8.257659e-01	7	none	NaN	NaN
141	6	1	64	kitchen	sun_aadbddgrdsjugojn.tif	1944750.134975	1944750.393564	1944751.133641	8.424481e-01	54	none	NaN	NaN
141	6	2	81	kitchen	sun_aehawpgmrlhlvcow.tif	1944751.903398	1944752.161982	1944752.902046	7.089909e-01	71	none	NaN	NaN
141	6	3	108	kitchen	sun_aymvwlarqodbwuoc.tif	1944753.671817	1944753.930406	1944754.670499	6.839677e-01	98	none	NaN	NaN
141	6	4	65	kitchen	sun_aamedkxepzlwuxes.tif	1944755.440230	1944755.698828	1944756.438894	8.257659e-01	55	none	NaN	NaN
141	6	5	87	kitchen	sun_agorklincwxrdtga.tif	1944757.208653	1944757.467237	1944758.207367	8.174249e-01	77	none	NaN	NaN
141	6	6	90	kitchen	sun_ahdycvpopffkzzsu.tif	1944758.977067	1944759.235653	1944759.975744	7.506963e-01	80	none	NaN	NaN
141	6	7	99	kitchen	sun_akcjzhbbjlbogpdi.tif	1944760.745488	1944761.004079	1944761.744211	7.673784e-01	89	39	1944762.578424	1
141	6	8	93	kitchen	sun_ahspylgoovwmwvgk.tif	1944763.356409	1944763.614992	1944764.355182	7.006499e-01	83	none	NaN	NaN
141	6	9	62	kitchen	labelme_kxvouciolcpqplr.tif	1944765.124829	1944765.383415	1944766.123477	6.672856e-01	52	none	NaN	NaN
141	6	10	69	kitchen	sun_abdenxonkemggwsq.tif	1944766.893246	1944767.151837	1944767.891935	6.839677e-01	59	none	NaN	NaN
141	6	11	98	kitchen	sun_akchetnepxlcxhsu.tif	1944768.661664	1944768.920251	1944769.660448	7.840606e-01	88	none	NaN	NaN
141	6	12	106	kitchen	sun_awcpdzzznmweyyhv.tif	1944770.430079	1944770.688669	1944771.428740	7.924016e-01	96	none	NaN	NaN
141	6	13	109	kitchen	sun_aypmqwcualkenuoe.tif	1944772.198499	1944772.457093	1944773.197229	6.923088e-01	99	none	NaN	NaN
141	6	14	100	kitchen	sun_amjjdeyrggfqgmom.tif	1944773.966915	1944774.225510	1944774.965606	7.173320e-01	90	none	NaN	NaN
141	6	15	89	kitchen	sun_agzzivivdpnawacl.tif	1944775.735338	1944775.993928	1944776.734079	8.257659e-01	79	none	NaN	NaN
141	6	16	103	kitchen	sun_aunzlwrbjumxhwdj.tif	1944777.503755	1944777.762344	1944778.502406	6.923088e-01	93	none	NaN	NaN
141	6	17	78	kitchen	sun_adgqasybjyktddhj.tif	1944779.263833	1944779.522422	1944780.262504	8.341070e-01	68	none	NaN	NaN
141	6	18	68	kitchen	sun_aaxxjlsuzvqlgylf.tif	1944781.032249	1944781.290842	1944782.030936	8.257659e-01	58	none	NaN	NaN
141	6	19	71	kitchen	sun_abftihopvusyfakt.tif	1944782.800672	1944783.059255	1944783.799405	7.089909e-01	61	none	NaN	NaN
141	6	20	105	kitchen	sun_avszsnwsbuqfgzbn.tif	1944784.569089	1944784.827676	1944785.567918	6.506035e-01	95	37	1944786.330444	0
141	6	21	73	kitchen	sun_abrcnpqqhmjwekyf.tif	1944787.104928	1944787.363525	1944788.103621	7.590374e-01	63	none	NaN	NaN
141	6	22	67	kitchen	sun_aarfiyshqohlwkmo.tif	1944788.873349	1944789.131940	1944789.872013	7.757195e-01	57	none	NaN	NaN
141	6	23	86	kitchen	sun_aggjlwcdjsjcaemh.tif	1944790.633426	1944790.892018	1944791.632132	8.007427e-01	76	none	NaN	NaN
141	6	24	74	kitchen	sun_acfmftudsenhrfhy.tif	1944792.401848	1944792.660436	1944793.400580	6.589445e-01	64	none	NaN	NaN
141	6	25	66	kitchen	sun_aapllqyqlykszopd.tif	1944794.170268	1944794.428855	1944795.169085	7.173320e-01	56	none	NaN	NaN
141	6	26	95	kitchen	sun_aixorpehvfykdynp.tif	1944795.938682	1944796.197271	1944796.937461	7.590374e-01	85	none	NaN	NaN
141	6	27	70	kitchen	sun_abdxkyyxwfskuaqb.tif	1944797.707097	1944797.965692	1944798.705790	8.341070e-01	60	39	1944799.434328	1
141	6	28	75	kitchen	sun_acgtpgfybqjmzeyw.tif	1944800.209584	1944800.468171	1944801.208261	8.424481e-01	65	none	NaN	NaN
141	6	29	94	kitchen	sun_ahywdevtimnqcsln.tif	1944801.977999	1944802.236586	1944802.976710	7.423552e-01	84	none	NaN	NaN
141	6	30	85	kitchen	sun_afuyedyxivkhecmu.tif	1944803.746419	1944804.005003	1944804.745070	7.840606e-01	75	none	NaN	NaN
141	6	31	107	kitchen	sun_axyyrmzcupyhlivc.tif	1944805.514836	1944805.773422	1944806.513608	8.174249e-01	97	none	NaN	NaN
141	6	32	91	kitchen	sun_ahljzhgcdpomplvg.tif	1944807.283253	1944807.541842	1944808.281918	7.256731e-01	81	none	NaN	NaN
141	6	33	96	kitchen	sun_ajcbwwvdlsvjyzje.tif	1944809.051672	1944809.310261	1944810.050302	7.757195e-01	86	39	1944810.938415	1
141	6	34	82	kitchen	sun_aenotlpyftoioydp.tif	1944811.712644	1944811.971230	1944812.711423	7.590374e-01	72	39	1944814.026400	0
141	6	35	102	kitchen	sun_auaiucuqpdausiva.tif	1944814.799033	1944815.057624	1944815.797738	8.007427e-01	92	37	1944816.490122	1
141	6	36	72	kitchen	sun_abpwyqmlzafvklqo.tif	1944817.268147	1944817.526733	1944818.266956	7.256731e-01	62	none	NaN	NaN
141	6	37	84	kitchen	sun_aexklacwqwezaorf.tif	1944819.036566	1944819.295156	1944820.035305	7.673784e-01	74	39	1944820.914455	1
141	6	38	101	kitchen	sun_aqeaevwwwjoqhzvl.tif	1944821.689190	1944821.947781	1944822.687880	7.673784e-01	91	none	NaN	NaN
141	6	39	110	kitchen	sun_azmutvzbxypaceni.tif	1944823.457611	1944823.716200	1944824.456436	6.589445e-01	100	none	NaN	NaN
141	6	40	83	kitchen	sun_aeqdocilnnpuvuhx.tif	1944825.226029	1944825.484620	1944826.224701	8.007427e-01	73	none	NaN	NaN
141	6	41	77	kitchen	sun_acxkpeoqbwcxfvip.tif	1944826.994445	1944827.253038	1944827.993093	8.257659e-01	67	none	NaN	NaN
141	6	42	63	kitchen	labelme_rykdqxenmhulbdn.tif	1944828.762863	1944829.021454	1944829.761528	6.506035e-01	53	none	NaN	NaN
141	6	43	80	kitchen	sun_aegoxogugdkwpmpj.tif	1944830.531283	1944830.789872	1944831.529957	7.089909e-01	70	none	NaN	NaN
141	6	44	79	kitchen	sun_admlmbcdswaszruo.tif	1944832.299704	1944832.558293	1944833.298443	7.924016e-01	69	37	1944834.018148	1
141	6	45	61	kitchen	labelme_brsyyvweiuaazfr.tif	1944834.793839	1944835.052430	1944835.792471	7.006499e-01	51	none	NaN	NaN
141	6	46	97	kitchen	sun_ajkqhtgcbgpcwrwn.tif	1944836.562257	1944836.820851	1944837.560957	7.089909e-01	87	none	NaN	NaN
141	6	47	88	kitchen	sun_agubuxuukhzyzpdp.tif	1944838.330678	1944838.589269	1944839.329392	7.340142e-01	78	none	NaN	NaN
141	6	48	104	kitchen	sun_auticobqsbwgoppi.tif	1944840.099095	1944840.357687	1944841.097769	7.757195e-01	94	none	NaN	NaN
141	6	49	76	kitchen	sun_acwjdupvyjsugpay.tif	1944841.867515	1944842.126101	1944842.866268	7.590374e-01	66	none	NaN	NaN
141	6	50	92	kitchen	sun_ahpczsiumwwocjkv.tif	1944843.635934	1944843.894522	1944844.634550	7.173320e-01	82	none	NaN	NaN
141	6	51	105	kitchen	sun_avszsnwsbuqfgzbn.tif	1944845.396008	1944845.654598	1944846.394636	8.257659e-01	95	none	NaN	NaN
141	6	52	92	kitchen	sun_ahpczsiumwwocjkv.tif	1944847.156086	1944847.414676	1944848.154776	8.341070e-01	82	none	NaN	NaN
141	6	53	83	kitchen	sun_aeqdocilnnpuvuhx.tif	1944848.924505	1944849.183098	1944849.923255	7.340142e-01	73	none	NaN	NaN
141	6	54	94	kitchen	sun_ahywdevtimnqcsln.tif	1944850.692924	1944850.951515	1944851.691765	8.090838e-01	84	none	NaN	NaN
141	6	55	101	kitchen	sun_aqeaevwwwjoqhzvl.tif	1944852.461339	1944852.719931	1944853.460027	7.006499e-01	91	none	NaN	NaN
141	6	56	81	kitchen	sun_aehawpgmrlhlvcow.tif	1944854.229764	1944854.488351	1944855.228408	6.839677e-01	71	none	NaN	NaN
141	6	57	87	kitchen	sun_agorklincwxrdtga.tif	1944855.998181	1944856.256770	1944856.996851	8.090838e-01	77	none	NaN	NaN
141	6	58	89	kitchen	sun_agzzivivdpnawacl.tif	1944857.766601	1944858.025187	1944858.765385	7.256731e-01	79	none	NaN	NaN
141	6	59	74	kitchen	sun_acfmftudsenhrfhy.tif	1944859.535015	1944859.793603	1944860.533793	8.007427e-01	64	none	NaN	NaN
141	6	60	67	kitchen	sun_aarfiyshqohlwkmo.tif	1944861.303433	1944861.562023	1944862.302148	6.923088e-01	57	none	NaN	NaN
141	6	61	63	kitchen	labelme_rykdqxenmhulbdn.tif	1944863.071858	1944863.330443	1944864.070564	6.672856e-01	53	none	NaN	NaN
141	6	62	84	kitchen	sun_aexklacwqwezaorf.tif	1944864.840271	1944865.098859	1944865.838971	6.589445e-01	74	none	NaN	NaN
141	6	63	103	kitchen	sun_aunzlwrbjumxhwdj.tif	1944866.608690	1944866.867278	1944867.607509	6.923088e-01	93	37	1944868.418364	1
141	6	64	91	kitchen	sun_ahljzhgcdpomplvg.tif	1944869.194588	1944869.453174	1944870.193398	6.923088e-01	81	none	NaN	NaN
141	6	65	62	kitchen	labelme_kxvouciolcpqplr.tif	1944870.963002	1944871.221592	1944871.961719	7.423552e-01	52	39	1944872.890381	1
141	6	66	106	kitchen	sun_awcpdzzznmweyyhv.tif	1944873.665683	1944873.924269	1944874.664481	6.672856e-01	96	none	NaN	NaN
141	6	67	68	kitchen	sun_aaxxjlsuzvqlgylf.tif	1944875.434100	1944875.692687	1944876.432913	7.506963e-01	58	none	NaN	NaN
141	6	68	65	kitchen	sun_aamedkxepzlwuxes.tif	1944877.202518	1944877.461108	1944878.201201	7.340142e-01	55	none	NaN	NaN
141	6	69	96	kitchen	sun_ajcbwwvdlsvjyzje.tif	1944878.970934	1944879.229524	1944879.969759	7.006499e-01	86	none	NaN	NaN
141	6	70	110	kitchen	sun_azmutvzbxypaceni.tif	1944880.739353	1944880.997940	1944881.738164	8.424481e-01	100	none	NaN	NaN
141	6	71	77	kitchen	sun_acxkpeoqbwcxfvip.tif	1944882.507774	1944882.766362	1944883.506566	8.507891e-01	67	39	1944884.418279	1
141	6	72	86	kitchen	sun_aggjlwcdjsjcaemh.tif	1944885.193767	1944885.452357	1944886.192480	7.924016e-01	76	none	NaN	NaN
141	6	73	64	kitchen	sun_aadbddgrdsjugojn.tif	1944886.962183	1944887.220774	1944887.960822	6.756267e-01	54	none	NaN	NaN
141	6	74	76	kitchen	sun_acwjdupvyjsugpay.tif	1944888.730603	1944888.989190	1944889.729241	8.174249e-01	66	none	NaN	NaN
141	6	75	104	kitchen	sun_auticobqsbwgoppi.tif	1944890.490679	1944890.749271	1944891.489348	8.507891e-01	94	none	NaN	NaN
141	6	76	95	kitchen	sun_aixorpehvfykdynp.tif	1944892.259096	1944892.517685	1944893.257909	7.506963e-01	85	none	NaN	NaN
141	6	77	109	kitchen	sun_aypmqwcualkenuoe.tif	1944894.027518	1944894.286103	1944895.026305	8.341070e-01	99	none	NaN	NaN
141	6	78	108	kitchen	sun_aymvwlarqodbwuoc.tif	1944895.795936	1944896.054530	1944896.794560	6.756267e-01	98	37	1944897.538453	1
141	6	79	100	kitchen	sun_amjjdeyrggfqgmom.tif	1944898.315093	1944898.573689	1944899.313830	7.590374e-01	90	none	NaN	NaN
141	6	80	99	kitchen	sun_akcjzhbbjlbogpdi.tif	1944900.083518	1944900.342100	1944901.082173	6.589445e-01	89	none	NaN	NaN
141	6	81	70	kitchen	sun_abdxkyyxwfskuaqb.tif	1944901.843592	1944902.102183	1944902.842331	7.173320e-01	60	none	NaN	NaN
141	6	82	75	kitchen	sun_acgtpgfybqjmzeyw.tif	1944903.612013	1944903.870598	1944904.610843	6.672856e-01	65	37	1944905.290335	1
141	6	83	90	kitchen	sun_ahdycvpopffkzzsu.tif	1944906.064440	1944906.323029	1944907.063259	6.756267e-01	80	none	NaN	NaN
141	6	84	97	kitchen	sun_ajkqhtgcbgpcwrwn.tif	1944907.832856	1944908.091448	1944908.831559	6.839677e-01	87	none	NaN	NaN
141	6	85	88	kitchen	sun_agubuxuukhzyzpdp.tif	1944909.601276	1944909.859872	1944910.600082	6.506035e-01	78	none	NaN	NaN
141	6	86	80	kitchen	sun_aegoxogugdkwpmpj.tif	1944911.369697	1944911.628284	1944912.368334	8.090838e-01	70	none	NaN	NaN
141	6	87	82	kitchen	sun_aenotlpyftoioydp.tif	1944913.129770	1944913.388365	1944914.128463	7.256731e-01	72	none	NaN	NaN
141	6	88	102	kitchen	sun_auaiucuqpdausiva.tif	1944914.889852	1944915.148440	1944915.888623	7.924016e-01	92	39	1944917.226398	1
141	6	89	66	kitchen	sun_aapllqyqlykszopd.tif	1944918.001262	1944918.259852	1944919.000085	7.840606e-01	56	none	NaN	NaN
141	6	90	78	kitchen	sun_adgqasybjyktddhj.tif	1944919.769684	1944920.028272	1944920.768427	8.090838e-01	68	none	NaN	NaN
141	6	91	61	kitchen	labelme_brsyyvweiuaazfr.tif	1944921.538100	1944921.796687	1944922.536862	8.174249e-01	51	none	NaN	NaN
141	6	92	79	kitchen	sun_admlmbcdswaszruo.tif	1944923.306522	1944923.565114	1944924.305174	8.424481e-01	69	37	1944925.122478	1
141	6	93	73	kitchen	sun_abrcnpqqhmjwekyf.tif	1944925.900756	1944926.159347	1944926.899525	7.673784e-01	63	none	NaN	NaN
141	6	94	69	kitchen	sun_abdenxonkemggwsq.tif	1944927.669177	1944927.927767	1944928.667979	6.756267e-01	59	none	NaN	NaN
141	6	95	98	kitchen	sun_akchetnepxlcxhsu.tif	1944929.437596	1944929.696184	1944930.436258	7.757195e-01	88	none	NaN	NaN
141	6	96	107	kitchen	sun_axyyrmzcupyhlivc.tif	1944931.206015	1944931.464600	1944932.204811	7.840606e-01	97	none	NaN	NaN
141	6	97	71	kitchen	sun_abftihopvusyfakt.tif	1944932.974431	1944933.233024	1944933.973183	7.506963e-01	61	none	NaN	NaN
141	6	98	85	kitchen	sun_afuyedyxivkhecmu.tif	1944934.742852	1944935.001439	1944935.741671	7.340142e-01	75	none	NaN	NaN
141	6	99	93	kitchen	sun_ahspylgoovwmwvgk.tif	1944936.511268	1944936.769856	1944937.510006	7.423552e-01	83	none	NaN	NaN
141	6	100	72	kitchen	sun_abpwyqmlzafvklqo.tif	1944938.279690	1944938.538278	1944939.278521	7.423552e-01	62	none	NaN	NaN
141	7	1	30	bathroom	sun_ajlawzvmubibwbpy.tif	1944952.568840	1944952.827429	1944953.517541	6.672856e-01	20	37	1944954.298503	1
141	7	2	24	bathroom	sun_agrwbmhcpmfuwmsg.tif	1944955.071319	1944955.329912	1944956.019921	7.423552e-01	14	none	NaN	NaN
141	7	3	18	bathroom	sun_acgyywnybuveqsro.tif	1944956.789689	1944957.048279	1944957.738417	7.673784e-01	8	none	NaN	NaN
141	7	4	11	bathroom	labelme_sfxiulhjbhlyiyt.tif	1944958.508057	1944958.766645	1944959.456846	7.506963e-01	1	none	NaN	NaN
141	7	5	36	bathroom	sun_ambriybtogmepttm.tif	1944960.226430	1944960.485016	1944961.175022	7.840606e-01	26	none	NaN	NaN
141	7	6	59	bathroom	sun_axyrejkiiaqiurjk.tif	1944961.944797	1944962.203383	1944962.893495	8.007427e-01	49	39	1944964.002438	1
141	7	7	41	bathroom	sun_aoybiabnpadelefl.tif	1944964.780937	1944965.039534	1944965.729707	7.006499e-01	31	none	NaN	NaN
141	7	8	27	bathroom	sun_ahcvzmoyaycdoftf.tif	1944966.499306	1944966.757898	1944967.448049	7.340142e-01	17	none	NaN	NaN
141	7	9	33	bathroom	sun_aljolscmmzydegqp.tif	1944968.217679	1944968.476265	1944969.166388	7.423552e-01	23	none	NaN	NaN
141	7	10	19	bathroom	sun_aclfzgynxzxlbepz.tif	1944969.936048	1944970.194632	1944970.884652	6.756267e-01	9	none	NaN	NaN
141	7	11	50	bathroom	sun_aspsyogrekjtfozg.tif	1944971.646072	1944971.904658	1944972.594667	7.506963e-01	40	none	NaN	NaN
141	7	12	25	bathroom	sun_agyqfjcfkdcydepw.tif	1944973.364452	1944973.623029	1944974.313137	6.506035e-01	15	37	1944975.226262	1
141	7	13	48	bathroom	sun_aqrpegblszgcoujh.tif	1944976.000386	1944976.258978	1944976.949140	8.007427e-01	38	none	NaN	NaN
141	7	14	52	bathroom	sun_aunuadmjocsddsrl.tif	1944977.718752	1944977.977346	1944978.667505	8.341070e-01	42	none	NaN	NaN
141	7	15	45	bathroom	sun_apkxzenqapsujocq.tif	1944979.437119	1944979.695714	1944980.385875	7.924016e-01	35	none	NaN	NaN
141	7	16	54	bathroom	sun_auzqhkafidnkrwmo.tif	1944981.155490	1944981.414081	1944982.104109	6.839677e-01	44	none	NaN	NaN
141	7	17	43	bathroom	sun_apjevzvycyhuqghb.tif	1944982.873859	1944983.132452	1944983.822580	6.923088e-01	33	37	1944984.474333	1
141	7	18	23	bathroom	sun_aghyqhbptboemmoq.tif	1944985.251214	1944985.509804	1944986.199834	7.590374e-01	13	none	NaN	NaN
141	7	19	57	bathroom	sun_axldvoqbuvuggfmq.tif	1944986.969585	1944987.228172	1944987.918346	7.506963e-01	47	none	NaN	NaN
141	7	20	13	bathroom	sun_aavhrsfjbserjtht.tif	1944988.687953	1944988.946542	1944989.636622	8.174249e-01	3	none	NaN	NaN
141	7	21	28	bathroom	sun_ahijqszoswveeyji.tif	1944990.406324	1944990.664918	1944991.355103	7.340142e-01	18	39	1944992.362274	1
141	7	22	51	bathroom	sun_atstyziqcmkahyxk.tif	1944993.134026	1944993.392613	1944994.082798	7.256731e-01	41	none	NaN	NaN
141	7	23	55	bathroom	sun_avhrdrntsqrjzccq.tif	1944994.844056	1944995.102642	1944995.792705	7.089909e-01	45	none	NaN	NaN
141	7	24	40	bathroom	sun_aofnryafpsjimzsb.tif	1944996.562420	1944996.821011	1944997.511054	6.923088e-01	30	none	NaN	NaN
141	7	25	44	bathroom	sun_apkruvsevgegsdwp.tif	1944998.280791	1944998.539375	1944999.229432	8.090838e-01	34	none	NaN	NaN
141	7	26	42	bathroom	sun_apeeialkgkuxddgh.tif	1944999.999158	1945000.257752	1945000.947842	8.174249e-01	32	none	NaN	NaN
141	7	27	20	bathroom	sun_afcoljnjfoxjtgja.tif	1945001.717528	1945001.976118	1945002.666278	7.173320e-01	10	none	NaN	NaN
141	7	28	17	bathroom	sun_acegryoqftbzowsg.tif	1945003.435900	1945003.694489	1945004.384551	8.257659e-01	7	none	NaN	NaN
141	7	29	37	bathroom	sun_amzlamotzwfkwjco.tif	1945005.154262	1945005.412857	1945006.102843	6.923088e-01	27	none	NaN	NaN
141	7	30	16	bathroom	sun_acduarbnmmoglmiv.tif	1945006.864292	1945007.122886	1945007.813013	6.839677e-01	6	none	NaN	NaN
141	7	31	34	bathroom	sun_alkosphxlxwjwgjd.tif	1945008.582658	1945008.841252	1945009.531407	8.341070e-01	24	none	NaN	NaN
141	7	32	49	bathroom	sun_asfwthctfqerjvxr.tif	1945010.301034	1945010.559622	1945011.249774	7.673784e-01	39	none	NaN	NaN
141	7	33	31	bathroom	sun_akiytfaagpdsphgz.tif	1945012.019399	1945012.277991	1945012.968049	7.924016e-01	21	none	NaN	NaN
141	7	34	53	bathroom	sun_ausgutylgojavyoq.tif	1945013.737768	1945013.996363	1945014.686380	7.089909e-01	43	39	1945015.874292	1
141	7	35	39	bathroom	sun_anryaplzeujmzfkd.tif	1945016.648987	1945016.907578	1945017.597612	8.424481e-01	29	none	NaN	NaN
141	7	36	21	bathroom	sun_aggnnqpdorgxpvce.tif	1945018.367357	1945018.625948	1945019.316047	7.924016e-01	11	39	1945020.194245	1
141	7	37	56	bathroom	sun_awnqiikzaispgmwo.tif	1945020.969933	1945021.228518	1945021.918717	7.340142e-01	46	none	NaN	NaN
141	7	38	14	bathroom	sun_abapwbhyhkfixyex.tif	1945022.688301	1945022.946883	1945023.636912	8.174249e-01	4	none	NaN	NaN
141	7	39	60	bathroom	sun_azqyogdvyhahyram.tif	1945024.406670	1945024.665267	1945025.355430	7.590374e-01	50	none	NaN	NaN
141	7	40	38	bathroom	sun_anhioqovhscjqqwb.tif	1945026.125038	1945026.383630	1945027.073650	8.257659e-01	28	none	NaN	NaN
141	7	41	47	bathroom	sun_apynckhmoftszqoq.tif	1945027.843408	1945028.101996	1945028.792045	6.506035e-01	37	none	NaN	NaN
141	7	42	12	bathroom	sun_aapitsgbtktqubfy.tif	1945029.561777	1945029.820367	1945030.510477	8.007427e-01	2	none	NaN	NaN
141	7	43	22	bathroom	sun_agguqiubmwhqqunb.tif	1945031.280147	1945031.538736	1945032.228817	7.423552e-01	12	37	1945032.858289	1
141	7	44	46	bathroom	sun_apmqjbnwghzuhhzh.tif	1945033.632477	1945033.891064	1945034.581231	8.341070e-01	36	none	NaN	NaN
141	7	45	58	bathroom	sun_axxbkopsgyouuebh.tif	1945035.350845	1945035.609436	1945036.299616	8.257659e-01	48	none	NaN	NaN
141	7	46	35	bathroom	sun_alotolagknyrgtsk.tif	1945037.069211	1945037.327809	1945038.017972	8.424481e-01	25	none	NaN	NaN
141	7	47	26	bathroom	sun_ahaulkltgpkeeemi.tif	1945038.787581	1945039.046166	1945039.736312	8.090838e-01	16	none	NaN	NaN
141	7	48	29	bathroom	sun_ahqjwnzgolcaoidx.tif	1945040.497610	1945040.756198	1945041.446337	6.672856e-01	19	none	NaN	NaN
141	7	49	32	bathroom	sun_aleqenyvunhactkl.tif	1945042.215983	1945042.474566	1945043.164758	7.590374e-01	22	none	NaN	NaN
141	7	50	15	bathroom	sun_abjtwfukuwddzted.tif	1945043.934346	1945044.192936	1945044.883060	6.589445e-01	5	none	NaN	NaN
141	7	51	16	bathroom	sun_acduarbnmmoglmiv.tif	1945045.652717	1945045.911311	1945046.601465	7.173320e-01	6	none	NaN	NaN
141	7	52	53	bathroom	sun_ausgutylgojavyoq.tif	1945047.371089	1945047.629681	1945048.319863	8.341070e-01	43	none	NaN	NaN
141	7	53	23	bathroom	sun_aghyqhbptboemmoq.tif	1945049.089456	1945049.348041	1945050.038195	7.757195e-01	13	none	NaN	NaN
141	7	54	17	bathroom	sun_acegryoqftbzowsg.tif	1945050.807826	1945051.066416	1945051.756577	6.672856e-01	7	none	NaN	NaN
141	7	55	32	bathroom	sun_aleqenyvunhactkl.tif	1945052.526193	1945052.784780	1945053.474962	8.424481e-01	22	37	1945055.666440	1
141	7	56	37	bathroom	sun_amzlamotzwfkwjco.tif	1945056.438403	1945056.696987	1945057.387029	8.090838e-01	27	none	NaN	NaN
141	7	57	59	bathroom	sun_axyrejkiiaqiurjk.tif	1945058.156770	1945058.415363	1945059.105426	7.506963e-01	49	39	1945060.282338	1
141	7	58	41	bathroom	sun_aoybiabnpadelefl.tif	1945061.059645	1945061.318232	1945062.008236	7.006499e-01	31	none	NaN	NaN
141	7	59	26	bathroom	sun_ahaulkltgpkeeemi.tif	1945062.769674	1945063.028263	1945063.718359	8.090838e-01	16	none	NaN	NaN
141	7	60	55	bathroom	sun_avhrdrntsqrjzccq.tif	1945064.488037	1945064.746636	1945065.436744	6.756267e-01	45	none	NaN	NaN
141	7	61	40	bathroom	sun_aofnryafpsjimzsb.tif	1945066.206402	1945066.464999	1945067.155163	7.340142e-01	30	none	NaN	NaN
141	7	62	33	bathroom	sun_aljolscmmzydegqp.tif	1945067.924780	1945068.183327	1945068.873371	6.923088e-01	23	none	NaN	NaN
141	7	63	24	bathroom	sun_agrwbmhcpmfuwmsg.tif	1945069.634809	1945069.893397	1945070.583539	7.590374e-01	14	none	NaN	NaN
141	7	64	39	bathroom	sun_anryaplzeujmzfkd.tif	1945071.353176	1945071.611765	1945072.301824	8.507891e-01	29	none	NaN	NaN
141	7	65	38	bathroom	sun_anhioqovhscjqqwb.tif	1945073.071544	1945073.330135	1945074.020225	6.589445e-01	28	none	NaN	NaN
141	7	66	15	bathroom	sun_abjtwfukuwddzted.tif	1945074.789915	1945075.048504	1945075.738656	6.756267e-01	5	none	NaN	NaN
141	7	67	42	bathroom	sun_apeeialkgkuxddgh.tif	1945076.508277	1945076.766872	1945077.457021	7.840606e-01	32	none	NaN	NaN
141	7	68	11	bathroom	labelme_sfxiulhjbhlyiyt.tif	1945078.226655	1945078.485242	1945079.175301	8.507891e-01	1	none	NaN	NaN
141	7	69	12	bathroom	sun_aapitsgbtktqubfy.tif	1945079.945028	1945080.203611	1945080.893630	6.839677e-01	2	none	NaN	NaN
141	7	70	43	bathroom	sun_apjevzvycyhuqghb.tif	1945081.655048	1945081.913632	1945082.603777	7.256731e-01	33	none	NaN	NaN
141	7	71	47	bathroom	sun_apynckhmoftszqoq.tif	1945083.373417	1945083.632008	1945084.322177	8.007427e-01	37	37	1945085.866242	1
141	7	72	34	bathroom	sun_alkosphxlxwjwgjd.tif	1945086.643322	1945086.901910	1945087.592066	7.590374e-01	24	none	NaN	NaN
141	7	73	30	bathroom	sun_ajlawzvmubibwbpy.tif	1945088.361695	1945088.620282	1945089.310314	7.173320e-01	20	none	NaN	NaN
141	7	74	56	bathroom	sun_awnqiikzaispgmwo.tif	1945090.080059	1945090.338650	1945091.028710	6.589445e-01	46	none	NaN	NaN
141	7	75	36	bathroom	sun_ambriybtogmepttm.tif	1945091.798431	1945092.057023	1945092.747192	8.174249e-01	26	none	NaN	NaN
141	7	76	46	bathroom	sun_apmqjbnwghzuhhzh.tif	1945093.516797	1945093.775387	1945094.465374	6.672856e-01	36	none	NaN	NaN
141	7	77	14	bathroom	sun_abapwbhyhkfixyex.tif	1945095.226827	1945095.485411	1945096.175504	7.757195e-01	4	none	NaN	NaN
141	7	78	19	bathroom	sun_aclfzgynxzxlbepz.tif	1945096.945195	1945097.203788	1945097.893862	6.923088e-01	9	none	NaN	NaN
141	7	79	25	bathroom	sun_agyqfjcfkdcydepw.tif	1945098.663565	1945098.922151	1945099.612311	7.006499e-01	15	none	NaN	NaN
141	7	80	13	bathroom	sun_aavhrsfjbserjtht.tif	1945100.381930	1945100.640522	1945101.330695	7.256731e-01	3	none	NaN	NaN
141	7	81	60	bathroom	sun_azqyogdvyhahyram.tif	1945102.100299	1945102.358892	1945103.048904	7.423552e-01	50	none	NaN	NaN
141	7	82	50	bathroom	sun_aspsyogrekjtfozg.tif	1945103.818670	1945104.077257	1945104.767271	6.506035e-01	40	39	1945106.338321	1
141	7	83	22	bathroom	sun_agguqiubmwhqqunb.tif	1945107.113602	1945107.372192	1945108.062233	6.589445e-01	12	none	NaN	NaN
141	7	84	20	bathroom	sun_afcoljnjfoxjtgja.tif	1945108.831968	1945109.090556	1945109.780712	8.257659e-01	10	none	NaN	NaN
141	7	85	18	bathroom	sun_acgyywnybuveqsro.tif	1945110.550341	1945110.808927	1945111.498990	6.756267e-01	8	none	NaN	NaN
141	7	86	58	bathroom	sun_axxbkopsgyouuebh.tif	1945112.268708	1945112.527297	1945113.217294	7.757195e-01	48	none	NaN	NaN
141	7	87	35	bathroom	sun_alotolagknyrgtsk.tif	1945113.978735	1945114.237323	1945114.927338	7.256731e-01	25	none	NaN	NaN
141	7	88	44	bathroom	sun_apkruvsevgegsdwp.tif	1945115.697106	1945115.955693	1945116.645683	7.006499e-01	34	none	NaN	NaN
141	7	89	48	bathroom	sun_aqrpegblszgcoujh.tif	1945117.407132	1945117.665720	1945118.355765	7.840606e-01	38	none	NaN	NaN
141	7	90	45	bathroom	sun_apkxzenqapsujocq.tif	1945119.125498	1945119.384084	1945120.074095	7.840606e-01	35	none	NaN	NaN
141	7	91	57	bathroom	sun_axldvoqbuvuggfmq.tif	1945120.843863	1945121.102454	1945121.792585	7.089909e-01	47	39	1945123.066472	1
141	7	92	51	bathroom	sun_atstyziqcmkahyxk.tif	1945123.838496	1945124.097087	1945124.787264	7.173320e-01	41	none	NaN	NaN
141	7	93	31	bathroom	sun_akiytfaagpdsphgz.tif	1945125.556873	1945125.815472	1945126.505566	7.924016e-01	21	none	NaN	NaN
141	7	94	29	bathroom	sun_ahqjwnzgolcaoidx.tif	1945127.275239	1945127.533829	1945128.223855	8.257659e-01	19	none	NaN	NaN
141	7	95	54	bathroom	sun_auzqhkafidnkrwmo.tif	1945128.993604	1945129.252197	1945129.942381	8.424481e-01	44	37	1945130.722288	1
141	7	96	49	bathroom	sun_asfwthctfqerjvxr.tif	1945131.496092	1945131.754675	1945132.444750	7.757195e-01	39	none	NaN	NaN
141	7	97	52	bathroom	sun_aunuadmjocsddsrl.tif	1945133.214457	1945133.473047	1945134.163240	7.673784e-01	42	none	NaN	NaN
141	7	98	28	bathroom	sun_ahijqszoswveeyji.tif	1945134.932821	1945135.191416	1945135.881526	6.839677e-01	18	none	NaN	NaN
141	7	99	21	bathroom	sun_aggnnqpdorgxpvce.tif	1945136.651186	1945136.909782	1945137.599801	7.089909e-01	11	37	1945138.202349	1
141	7	100	27	bathroom	sun_ahcvzmoyaycdoftf.tif	1945138.978498	1945139.237090	1945139.927075	7.673784e-01	17	none	NaN	NaN
141	8	1	66	kitchen	sun_aapllqyqlykszopd.tif	1945185.958374	1945186.216961	1945186.898658	6.756267e-01	56	none	NaN	NaN
141	8	2	91	kitchen	sun_ahljzhgcdpomplvg.tif	1945187.668398	1945187.926989	1945188.608690	7.590374e-01	81	37	1945189.250393	1
141	8	3	104	kitchen	sun_auticobqsbwgoppi.tif	1945190.020724	1945190.279319	1945190.961137	8.507891e-01	94	none	NaN	NaN
141	8	4	109	kitchen	sun_aypmqwcualkenuoe.tif	1945191.730757	1945191.989345	1945192.671039	7.757195e-01	99	none	NaN	NaN
141	8	5	81	kitchen	sun_aehawpgmrlhlvcow.tif	1945193.440780	1945193.699369	1945194.381220	7.089909e-01	71	37	1945195.082386	1
141	8	6	101	kitchen	sun_aqeaevwwwjoqhzvl.tif	1945195.859847	1945196.118439	1945196.800154	7.256731e-01	91	none	NaN	NaN
141	8	7	85	kitchen	sun_afuyedyxivkhecmu.tif	1945197.569872	1945197.828463	1945198.510240	8.257659e-01	75	none	NaN	NaN
141	8	8	83	kitchen	sun_aeqdocilnnpuvuhx.tif	1945199.279904	1945199.538491	1945200.220215	6.923088e-01	73	none	NaN	NaN
141	8	9	80	kitchen	sun_aegoxogugdkwpmpj.tif	1945200.989925	1945201.248518	1945201.930372	8.090838e-01	70	none	NaN	NaN
141	8	10	86	kitchen	sun_aggjlwcdjsjcaemh.tif	1945202.699956	1945202.958545	1945203.640189	6.672856e-01	76	39	1945204.346182	1
141	8	11	65	kitchen	sun_aamedkxepzlwuxes.tif	1945205.119018	1945205.377604	1945206.059396	7.006499e-01	55	none	NaN	NaN
141	8	12	98	kitchen	sun_akchetnepxlcxhsu.tif	1945206.829040	1945207.087637	1945207.769421	7.006499e-01	88	none	NaN	NaN
141	8	13	77	kitchen	sun_acxkpeoqbwcxfvip.tif	1945208.539075	1945208.797659	1945209.479303	8.007427e-01	67	none	NaN	NaN
141	8	14	96	kitchen	sun_ajcbwwvdlsvjyzje.tif	1945210.240758	1945210.499351	1945211.181126	8.257659e-01	86	none	NaN	NaN
141	8	15	84	kitchen	sun_aexklacwqwezaorf.tif	1945211.950788	1945212.209376	1945212.891224	7.256731e-01	74	39	1945213.682266	1
141	8	16	79	kitchen	sun_admlmbcdswaszruo.tif	1945214.453266	1945214.711852	1945215.393986	7.506963e-01	69	none	NaN	NaN
141	8	17	89	kitchen	sun_agzzivivdpnawacl.tif	1945216.163287	1945216.421883	1945217.103623	8.424481e-01	79	37	1945218.034210	1
141	8	18	92	kitchen	sun_ahpczsiumwwocjkv.tif	1945218.807577	1945219.066173	1945219.747910	8.424481e-01	82	none	NaN	NaN
141	8	19	93	kitchen	sun_ahspylgoovwmwvgk.tif	1945220.517604	1945220.776192	1945221.457973	7.757195e-01	83	39	1945222.146268	1
141	8	20	87	kitchen	sun_agorklincwxrdtga.tif	1945222.919982	1945223.178574	1945223.860351	7.840606e-01	77	37	1945224.626276	1
141	8	21	68	kitchen	sun_aaxxjlsuzvqlgylf.tif	1945225.397443	1945225.656027	1945226.337881	6.839677e-01	58	none	NaN	NaN
141	8	22	76	kitchen	sun_acwjdupvyjsugpay.tif	1945227.107468	1945227.366056	1945228.047820	6.589445e-01	66	none	NaN	NaN
141	8	23	67	kitchen	sun_aarfiyshqohlwkmo.tif	1945228.817492	1945229.076084	1945229.757889	6.589445e-01	57	none	NaN	NaN
141	8	24	97	kitchen	sun_ajkqhtgcbgpcwrwn.tif	1945230.527522	1945230.786114	1945231.467838	7.506963e-01	87	none	NaN	NaN
141	8	25	110	kitchen	sun_azmutvzbxypaceni.tif	1945232.237549	1945232.496133	1945233.177865	7.173320e-01	100	none	NaN	NaN
141	8	26	105	kitchen	sun_avszsnwsbuqfgzbn.tif	1945233.947577	1945234.206169	1945234.887892	7.840606e-01	95	none	NaN	NaN
141	8	27	70	kitchen	sun_abdxkyyxwfskuaqb.tif	1945235.657604	1945235.916188	1945236.597977	8.507891e-01	60	none	NaN	NaN
141	8	28	69	kitchen	sun_abdenxonkemggwsq.tif	1945237.367628	1945237.626223	1945238.307944	7.506963e-01	59	none	NaN	NaN
141	8	29	64	kitchen	sun_aadbddgrdsjugojn.tif	1945239.077656	1945239.336247	1945240.017889	8.424481e-01	54	none	NaN	NaN
141	8	30	72	kitchen	sun_abpwyqmlzafvklqo.tif	1945240.779344	1945241.037933	1945241.719603	7.673784e-01	62	none	NaN	NaN
141	8	31	71	kitchen	sun_abftihopvusyfakt.tif	1945242.481031	1945242.739620	1945243.421390	7.590374e-01	61	none	NaN	NaN
141	8	32	108	kitchen	sun_aymvwlarqodbwuoc.tif	1945244.191056	1945244.449651	1945245.131367	8.341070e-01	98	none	NaN	NaN
141	8	33	102	kitchen	sun_auaiucuqpdausiva.tif	1945245.901086	1945246.159672	1945246.841443	7.340142e-01	92	none	NaN	NaN
141	8	34	75	kitchen	sun_acgtpgfybqjmzeyw.tif	1945247.611113	1945247.869732	1945248.551420	7.924016e-01	65	none	NaN	NaN
141	8	35	100	kitchen	sun_amjjdeyrggfqgmom.tif	1945249.321140	1945249.579724	1945250.261447	8.257659e-01	90	none	NaN	NaN
141	8	36	74	kitchen	sun_acfmftudsenhrfhy.tif	1945251.031166	1945251.289754	1945251.971545	7.673784e-01	64	none	NaN	NaN
141	8	37	73	kitchen	sun_abrcnpqqhmjwekyf.tif	1945252.741190	1945252.999782	1945253.681476	8.007427e-01	63	none	NaN	NaN
141	8	38	94	kitchen	sun_ahywdevtimnqcsln.tif	1945254.451222	1945254.709809	1945255.391467	8.174249e-01	84	none	NaN	NaN
141	8	39	106	kitchen	sun_awcpdzzznmweyyhv.tif	1945256.161240	1945256.419838	1945257.101634	6.923088e-01	96	none	NaN	NaN
141	8	40	103	kitchen	sun_aunzlwrbjumxhwdj.tif	1945257.871275	1945258.129865	1945258.811599	7.173320e-01	93	none	NaN	NaN
141	8	41	99	kitchen	sun_akcjzhbbjlbogpdi.tif	1945259.581305	1945259.839888	1945260.521674	7.423552e-01	89	none	NaN	NaN
141	8	42	63	kitchen	labelme_rykdqxenmhulbdn.tif	1945261.291326	1945261.549950	1945262.231655	8.257659e-01	53	none	NaN	NaN
141	8	43	61	kitchen	labelme_brsyyvweiuaazfr.tif	1945263.001356	1945263.259951	1945263.941688	7.506963e-01	51	none	NaN	NaN
141	8	44	88	kitchen	sun_agubuxuukhzyzpdp.tif	1945264.711385	1945264.969974	1945265.651741	7.590374e-01	78	none	NaN	NaN
141	8	45	95	kitchen	sun_aixorpehvfykdynp.tif	1945266.421411	1945266.680000	1945267.361693	7.089909e-01	85	none	NaN	NaN
141	8	46	62	kitchen	labelme_kxvouciolcpqplr.tif	1945268.131439	1945268.390029	1945269.071772	7.840606e-01	52	none	NaN	NaN
141	8	47	78	kitchen	sun_adgqasybjyktddhj.tif	1945269.841463	1945270.100058	1945270.781784	8.424481e-01	68	none	NaN	NaN
141	8	48	82	kitchen	sun_aenotlpyftoioydp.tif	1945271.551496	1945271.810082	1945272.491797	6.756267e-01	72	37	1945273.066069	1
141	8	49	90	kitchen	sun_ahdycvpopffkzzsu.tif	1945273.837088	1945274.095684	1945274.777457	7.423552e-01	80	none	NaN	NaN
141	8	50	107	kitchen	sun_axyyrmzcupyhlivc.tif	1945275.547134	1945275.805707	1945276.487522	6.839677e-01	97	none	NaN	NaN
141	8	51	109	kitchen	sun_aypmqwcualkenuoe.tif	1945277.257145	1945277.515738	1945278.197389	7.757195e-01	99	none	NaN	NaN
141	8	52	75	kitchen	sun_acgtpgfybqjmzeyw.tif	1945278.967174	1945279.225757	1945279.907473	7.173320e-01	65	none	NaN	NaN
141	8	53	76	kitchen	sun_acwjdupvyjsugpay.tif	1945280.677169	1945280.935788	1945281.617530	6.756267e-01	66	none	NaN	NaN
141	8	54	66	kitchen	sun_aapllqyqlykszopd.tif	1945282.387229	1945282.645821	1945283.327607	6.506035e-01	56	none	NaN	NaN
141	8	55	107	kitchen	sun_axyyrmzcupyhlivc.tif	1945284.097255	1945284.355845	1945285.037550	7.006499e-01	97	37	1945285.738301	1
141	8	56	64	kitchen	sun_aadbddgrdsjugojn.tif	1945286.516319	1945286.774905	1945287.456725	8.257659e-01	54	37	1945288.106205	1
141	8	57	101	kitchen	sun_aqeaevwwwjoqhzvl.tif	1945288.876991	1945289.135583	1945289.817250	6.923088e-01	91	none	NaN	NaN
141	8	58	79	kitchen	sun_admlmbcdswaszruo.tif	1945290.587021	1945290.845610	1945291.527339	7.256731e-01	69	none	NaN	NaN
141	8	59	61	kitchen	labelme_brsyyvweiuaazfr.tif	1945292.297049	1945292.555635	1945293.237316	7.590374e-01	51	none	NaN	NaN
141	8	60	92	kitchen	sun_ahpczsiumwwocjkv.tif	1945294.007077	1945294.265662	1945294.947388	7.590374e-01	82	none	NaN	NaN
141	8	61	63	kitchen	labelme_rykdqxenmhulbdn.tif	1945295.717101	1945295.975686	1945296.657464	7.340142e-01	53	none	NaN	NaN
141	8	62	93	kitchen	sun_ahspylgoovwmwvgk.tif	1945297.427122	1945297.685718	1945298.367507	7.256731e-01	83	none	NaN	NaN
141	8	63	106	kitchen	sun_awcpdzzznmweyyhv.tif	1945299.137152	1945299.395741	1945300.077561	6.923088e-01	96	none	NaN	NaN
141	8	64	83	kitchen	sun_aeqdocilnnpuvuhx.tif	1945300.847178	1945301.105769	1945301.787443	6.839677e-01	73	none	NaN	NaN
141	8	65	70	kitchen	sun_abdxkyyxwfskuaqb.tif	1945302.557209	1945302.815799	1945303.497554	7.006499e-01	60	none	NaN	NaN
141	8	66	84	kitchen	sun_aexklacwqwezaorf.tif	1945304.267234	1945304.525823	1945305.207486	7.757195e-01	74	none	NaN	NaN
141	8	67	78	kitchen	sun_adgqasybjyktddhj.tif	1945305.977266	1945306.235856	1945306.917554	7.924016e-01	68	none	NaN	NaN
141	8	68	77	kitchen	sun_acxkpeoqbwcxfvip.tif	1945307.687286	1945307.945878	1945308.627659	7.840606e-01	67	none	NaN	NaN
141	8	69	74	kitchen	sun_acfmftudsenhrfhy.tif	1945309.397319	1945309.655909	1945310.337749	8.090838e-01	64	none	NaN	NaN
141	8	70	94	kitchen	sun_ahywdevtimnqcsln.tif	1945311.107347	1945311.365932	1945312.047641	7.089909e-01	84	39	1945312.866377	1
141	8	71	95	kitchen	sun_aixorpehvfykdynp.tif	1945313.643188	1945313.901779	1945314.583545	6.672856e-01	85	39	1945315.658081	1
141	8	72	73	kitchen	sun_abrcnpqqhmjwekyf.tif	1945316.429280	1945316.687874	1945317.369733	8.007427e-01	63	37	1945318.090333	1
141	8	73	88	kitchen	sun_agubuxuukhzyzpdp.tif	1945318.865028	1945319.123615	1945319.805436	8.174249e-01	78	none	NaN	NaN
141	8	74	98	kitchen	sun_akchetnepxlcxhsu.tif	1945320.575054	1945320.833645	1945321.515356	8.007427e-01	88	none	NaN	NaN
141	8	75	80	kitchen	sun_aegoxogugdkwpmpj.tif	1945322.285087	1945322.543673	1945323.225342	6.672856e-01	70	39	1945323.978362	1
141	8	76	65	kitchen	sun_aamedkxepzlwuxes.tif	1945324.754201	1945325.012790	1945325.694599	7.673784e-01	55	none	NaN	NaN
141	8	77	103	kitchen	sun_aunzlwrbjumxhwdj.tif	1945326.464230	1945326.722815	1945327.404494	7.423552e-01	93	none	NaN	NaN
141	8	78	86	kitchen	sun_aggjlwcdjsjcaemh.tif	1945328.174254	1945328.432843	1945329.114606	8.090838e-01	76	none	NaN	NaN
141	8	79	71	kitchen	sun_abftihopvusyfakt.tif	1945329.884277	1945330.142872	1945330.824666	7.423552e-01	61	none	NaN	NaN
141	8	80	81	kitchen	sun_aehawpgmrlhlvcow.tif	1945331.594305	1945331.852899	1945332.534684	8.341070e-01	71	none	NaN	NaN
141	8	81	96	kitchen	sun_ajcbwwvdlsvjyzje.tif	1945333.304331	1945333.562920	1945334.244757	6.589445e-01	86	none	NaN	NaN
141	8	82	102	kitchen	sun_auaiucuqpdausiva.tif	1945335.014364	1945335.272957	1945335.954748	6.923088e-01	92	none	NaN	NaN
141	8	83	62	kitchen	labelme_kxvouciolcpqplr.tif	1945336.724386	1945336.982980	1945337.664813	7.340142e-01	52	none	NaN	NaN
141	8	84	108	kitchen	sun_aymvwlarqodbwuoc.tif	1945338.434411	1945338.693004	1945339.374694	6.589445e-01	98	none	NaN	NaN
141	8	85	72	kitchen	sun_abpwyqmlzafvklqo.tif	1945340.144444	1945340.403032	1945341.084868	8.174249e-01	62	none	NaN	NaN
141	8	86	87	kitchen	sun_agorklincwxrdtga.tif	1945341.854470	1945342.113062	1945342.794713	7.340142e-01	77	none	NaN	NaN
141	8	87	90	kitchen	sun_ahdycvpopffkzzsu.tif	1945343.556159	1945343.814752	1945344.496590	7.924016e-01	80	none	NaN	NaN
141	8	88	82	kitchen	sun_aenotlpyftoioydp.tif	1945345.266181	1945345.524775	1945346.206461	6.839677e-01	72	none	NaN	NaN
141	8	89	100	kitchen	sun_amjjdeyrggfqgmom.tif	1945346.976213	1945347.234802	1945347.916630	7.173320e-01	90	39	1945348.706374	1
141	8	90	67	kitchen	sun_aarfiyshqohlwkmo.tif	1945349.478691	1945349.737274	1945350.419104	7.089909e-01	57	none	NaN	NaN
141	8	91	104	kitchen	sun_auticobqsbwgoppi.tif	1945351.188712	1945351.447306	1945352.128949	8.090838e-01	94	none	NaN	NaN
141	8	92	110	kitchen	sun_azmutvzbxypaceni.tif	1945352.898747	1945353.157329	1945353.839057	7.673784e-01	100	none	NaN	NaN
141	8	93	105	kitchen	sun_avszsnwsbuqfgzbn.tif	1945354.608772	1945354.867362	1945355.549119	8.174249e-01	95	none	NaN	NaN
141	8	94	97	kitchen	sun_ajkqhtgcbgpcwrwn.tif	1945356.318796	1945356.577390	1945357.259107	8.341070e-01	87	none	NaN	NaN
141	8	95	85	kitchen	sun_afuyedyxivkhecmu.tif	1945358.028825	1945358.287415	1945358.969207	8.341070e-01	75	none	NaN	NaN
141	8	96	89	kitchen	sun_agzzivivdpnawacl.tif	1945359.738856	1945359.997443	1945360.679196	7.924016e-01	79	none	NaN	NaN
141	8	97	91	kitchen	sun_ahljzhgcdpomplvg.tif	1945361.448879	1945361.707472	1945362.389193	6.672856e-01	81	none	NaN	NaN
141	8	98	99	kitchen	sun_akcjzhbbjlbogpdi.tif	1945363.158909	1945363.417496	1945364.099146	6.506035e-01	89	none	NaN	NaN
141	8	99	68	kitchen	sun_aaxxjlsuzvqlgylf.tif	1945364.860596	1945365.119183	1945365.800943	6.756267e-01	58	none	NaN	NaN
141	8	100	69	kitchen	sun_abdenxonkemggwsq.tif	1945366.570624	1945366.829214	1945367.510885	6.506035e-01	59	none	NaN	NaN
141	9	1	11	bathroom	labelme_sfxiulhjbhlyiyt.tif	1945378.991263	1945379.249849	1945379.898348	7.757195e-01	1	none	NaN	NaN
141	9	2	24	bathroom	sun_agrwbmhcpmfuwmsg.tif	1945380.667918	1945380.926509	1945381.574837	8.507891e-01	14	none	NaN	NaN
141	9	3	60	bathroom	sun_azqyogdvyhahyram.tif	1945382.344579	1945382.603170	1945383.251546	7.006499e-01	50	none	NaN	NaN
141	9	4	19	bathroom	sun_aclfzgynxzxlbepz.tif	1945384.021243	1945384.279833	1945384.928245	7.924016e-01	9	none	NaN	NaN
141	9	5	14	bathroom	sun_abapwbhyhkfixyex.tif	1945385.697893	1945385.956491	1945386.604790	8.174249e-01	4	none	NaN	NaN
141	9	6	15	bathroom	sun_abjtwfukuwddzted.tif	1945387.374567	1945387.633153	1945388.281514	6.923088e-01	5	39	1945389.234390	1
141	9	7	21	bathroom	sun_aggnnqpdorgxpvce.tif	1945390.010505	1945390.269100	1945390.917537	7.506963e-01	11	none	NaN	NaN
141	9	8	38	bathroom	sun_anhioqovhscjqqwb.tif	1945391.687163	1945391.945761	1945392.594077	6.506035e-01	28	none	NaN	NaN
141	9	9	44	bathroom	sun_apkruvsevgegsdwp.tif	1945393.363829	1945393.622419	1945394.270713	6.589445e-01	34	none	NaN	NaN
141	9	10	56	bathroom	sun_awnqiikzaispgmwo.tif	1945395.040487	1945395.299078	1945395.947555	6.589445e-01	46	none	NaN	NaN
141	9	11	16	bathroom	sun_acduarbnmmoglmiv.tif	1945396.717150	1945396.975744	1945397.624224	8.257659e-01	6	none	NaN	NaN
141	9	12	45	bathroom	sun_apkxzenqapsujocq.tif	1945398.393810	1945398.652403	1945399.300699	8.007427e-01	35	none	NaN	NaN
141	9	13	18	bathroom	sun_acgyywnybuveqsro.tif	1945400.070472	1945400.329063	1945400.977460	8.424481e-01	8	none	NaN	NaN
141	9	14	20	bathroom	sun_afcoljnjfoxjtgja.tif	1945401.747132	1945402.005722	1945402.654042	7.757195e-01	10	37	1945403.258246	1
141	9	15	49	bathroom	sun_asfwthctfqerjvxr.tif	1945404.032730	1945404.291320	1945404.939699	8.090838e-01	39	none	NaN	NaN
141	9	16	31	bathroom	sun_akiytfaagpdsphgz.tif	1945405.709393	1945405.968012	1945406.616389	7.590374e-01	21	none	NaN	NaN
141	9	17	17	bathroom	sun_acegryoqftbzowsg.tif	1945407.386057	1945407.644645	1945408.292944	7.423552e-01	7	none	NaN	NaN
141	9	18	54	bathroom	sun_auzqhkafidnkrwmo.tif	1945409.054378	1945409.312965	1945409.961348	8.507891e-01	44	none	NaN	NaN
141	9	19	50	bathroom	sun_aspsyogrekjtfozg.tif	1945410.731037	1945410.989654	1945411.637907	8.174249e-01	40	none	NaN	NaN
141	9	20	34	bathroom	sun_alkosphxlxwjwgjd.tif	1945412.407693	1945412.666287	1945413.314671	7.340142e-01	24	37	1945414.026062	1
141	9	21	53	bathroom	sun_ausgutylgojavyoq.tif	1945414.801732	1945415.060321	1945415.708702	6.839677e-01	43	none	NaN	NaN
141	9	22	13	bathroom	sun_aavhrsfjbserjtht.tif	1945416.478397	1945416.736989	1945417.385300	6.672856e-01	3	none	NaN	NaN
141	9	23	52	bathroom	sun_aunuadmjocsddsrl.tif	1945418.155057	1945418.413648	1945419.061983	6.506035e-01	42	none	NaN	NaN
141	9	24	12	bathroom	sun_aapitsgbtktqubfy.tif	1945419.831718	1945420.090304	1945420.738731	7.590374e-01	2	none	NaN	NaN
141	9	25	39	bathroom	sun_anryaplzeujmzfkd.tif	1945421.508378	1945421.766963	1945422.415417	7.340142e-01	29	none	NaN	NaN
141	9	26	29	bathroom	sun_ahqjwnzgolcaoidx.tif	1945423.185035	1945423.443628	1945424.091915	7.089909e-01	19	none	NaN	NaN
141	9	27	26	bathroom	sun_ahaulkltgpkeeemi.tif	1945424.853358	1945425.111943	1945425.760247	6.672856e-01	16	37	1945426.402281	1
141	9	28	51	bathroom	sun_atstyziqcmkahyxk.tif	1945427.180662	1945427.439250	1945428.087645	7.089909e-01	41	none	NaN	NaN
141	9	29	41	bathroom	sun_aoybiabnpadelefl.tif	1945428.857320	1945429.115911	1945429.764356	7.840606e-01	31	none	NaN	NaN
141	9	30	28	bathroom	sun_ahijqszoswveeyji.tif	1945430.533985	1945430.792572	1945431.440996	7.423552e-01	18	none	NaN	NaN
141	9	31	57	bathroom	sun_axldvoqbuvuggfmq.tif	1945432.210645	1945432.469234	1945433.117662	7.924016e-01	47	none	NaN	NaN
141	9	32	32	bathroom	sun_aleqenyvunhactkl.tif	1945433.887304	1945434.145895	1945434.794215	6.923088e-01	22	39	1945435.538376	1
141	9	33	25	bathroom	sun_agyqfjcfkdcydepw.tif	1945436.314715	1945436.573298	1945437.221695	8.007427e-01	15	none	NaN	NaN
141	9	34	30	bathroom	sun_ajlawzvmubibwbpy.tif	1945437.991371	1945438.249965	1945438.898318	8.257659e-01	20	none	NaN	NaN
141	9	35	58	bathroom	sun_axxbkopsgyouuebh.tif	1945439.668030	1945439.926625	1945440.575051	7.506963e-01	48	none	NaN	NaN
141	9	36	48	bathroom	sun_aqrpegblszgcoujh.tif	1945441.344695	1945441.603280	1945442.251581	7.673784e-01	38	none	NaN	NaN
141	9	37	36	bathroom	sun_ambriybtogmepttm.tif	1945443.021354	1945443.279948	1945443.928318	8.257659e-01	26	none	NaN	NaN
141	9	38	33	bathroom	sun_aljolscmmzydegqp.tif	1945444.698019	1945444.956601	1945445.605070	7.673784e-01	23	none	NaN	NaN
141	9	39	42	bathroom	sun_apeeialkgkuxddgh.tif	1945446.374676	1945446.633263	1945447.281574	7.840606e-01	32	none	NaN	NaN
141	9	40	55	bathroom	sun_avhrdrntsqrjzccq.tif	1945448.043002	1945448.301585	1945448.949936	6.756267e-01	45	37	1945450.450374	1
141	9	41	46	bathroom	sun_apmqjbnwghzuhhzh.tif	1945451.221141	1945451.479735	1945452.128131	6.839677e-01	36	none	NaN	NaN
141	9	42	22	bathroom	sun_agguqiubmwhqqunb.tif	1945452.897808	1945453.156391	1945453.804816	6.589445e-01	12	none	NaN	NaN
141	9	43	27	bathroom	sun_ahcvzmoyaycdoftf.tif	1945454.574468	1945454.833058	1945455.481421	6.756267e-01	17	none	NaN	NaN
141	9	44	47	bathroom	sun_apynckhmoftszqoq.tif	1945456.251126	1945456.509715	1945457.158142	6.839677e-01	37	none	NaN	NaN
141	9	45	59	bathroom	sun_axyrejkiiaqiurjk.tif	1945457.927791	1945458.186378	1945458.834773	7.423552e-01	49	none	NaN	NaN
141	9	46	35	bathroom	sun_alotolagknyrgtsk.tif	1945459.604451	1945459.863039	1945460.511359	6.672856e-01	25	37	1945461.194243	1
141	9	47	40	bathroom	sun_aofnryafpsjimzsb.tif	1945461.965121	1945462.223710	1945462.872140	7.089909e-01	30	37	1945464.922290	0
141	9	48	23	bathroom	sun_aghyqhbptboemmoq.tif	1945465.693815	1945465.952402	1945466.600795	7.840606e-01	13	none	NaN	NaN
141	9	49	43	bathroom	sun_apjevzvycyhuqghb.tif	1945467.370477	1945467.629064	1945468.277388	6.672856e-01	33	none	NaN	NaN
141	9	50	37	bathroom	sun_amzlamotzwfkwjco.tif	1945469.047137	1945469.305723	1945469.954018	8.090838e-01	27	none	NaN	NaN
141	9	51	26	bathroom	sun_ahaulkltgpkeeemi.tif	1945470.715447	1945470.974044	1945471.622433	7.590374e-01	16	none	NaN	NaN
141	9	52	56	bathroom	sun_awnqiikzaispgmwo.tif	1945472.392118	1945472.650707	1945473.299044	8.007427e-01	46	none	NaN	NaN
141	9	53	15	bathroom	sun_abjtwfukuwddzted.tif	1945474.068776	1945474.327362	1945474.975814	8.090838e-01	5	39	1945476.810216	1
141	9	54	14	bathroom	sun_abapwbhyhkfixyex.tif	1945477.580588	1945477.839176	1945478.487600	7.924016e-01	4	none	NaN	NaN
141	9	55	58	bathroom	sun_axxbkopsgyouuebh.tif	1945479.257248	1945479.515837	1945480.164132	7.256731e-01	48	none	NaN	NaN
141	9	56	53	bathroom	sun_ausgutylgojavyoq.tif	1945480.925566	1945481.184159	1945481.832610	7.590374e-01	43	none	NaN	NaN
141	9	57	50	bathroom	sun_aspsyogrekjtfozg.tif	1945482.602228	1945482.860821	1945483.509291	8.424481e-01	40	none	NaN	NaN
141	9	58	19	bathroom	sun_aclfzgynxzxlbepz.tif	1945484.278893	1945484.537479	1945485.185769	8.341070e-01	9	none	NaN	NaN
141	9	59	46	bathroom	sun_apmqjbnwghzuhhzh.tif	1945485.947214	1945486.205803	1945486.854249	7.673784e-01	36	none	NaN	NaN
141	9	60	18	bathroom	sun_acgyywnybuveqsro.tif	1945487.623868	1945487.882452	1945488.530930	7.006499e-01	8	none	NaN	NaN
141	9	61	16	bathroom	sun_acduarbnmmoglmiv.tif	1945489.300532	1945489.559125	1945490.207497	7.924016e-01	6	none	NaN	NaN
141	9	62	49	bathroom	sun_asfwthctfqerjvxr.tif	1945490.977192	1945491.235783	1945491.884101	7.256731e-01	39	none	NaN	NaN
141	9	63	28	bathroom	sun_ahijqszoswveeyji.tif	1945492.653851	1945492.912444	1945493.560869	7.506963e-01	18	none	NaN	NaN
141	9	64	33	bathroom	sun_aljolscmmzydegqp.tif	1945494.330517	1945494.589104	1945495.237499	8.341070e-01	23	none	NaN	NaN
141	9	65	34	bathroom	sun_alkosphxlxwjwgjd.tif	1945496.007176	1945496.265768	1945496.914107	7.173320e-01	24	none	NaN	NaN
141	9	66	45	bathroom	sun_apkxzenqapsujocq.tif	1945497.683838	1945497.942426	1945498.590858	7.340142e-01	35	none	NaN	NaN
141	9	67	35	bathroom	sun_alotolagknyrgtsk.tif	1945499.360494	1945499.619084	1945500.267560	8.341070e-01	25	none	NaN	NaN
141	9	68	24	bathroom	sun_agrwbmhcpmfuwmsg.tif	1945501.037160	1945501.295751	1945501.944186	8.424481e-01	14	none	NaN	NaN
141	9	69	52	bathroom	sun_aunuadmjocsddsrl.tif	1945502.713822	1945502.972417	1945503.620791	7.256731e-01	42	none	NaN	NaN
141	9	70	43	bathroom	sun_apjevzvycyhuqghb.tif	1945504.390478	1945504.649070	1945505.297542	7.173320e-01	33	none	NaN	NaN
141	9	71	29	bathroom	sun_ahqjwnzgolcaoidx.tif	1945506.067140	1945506.325738	1945506.974025	7.173320e-01	19	none	NaN	NaN
141	9	72	20	bathroom	sun_afcoljnjfoxjtgja.tif	1945507.743800	1945508.002392	1945508.650781	7.840606e-01	10	39	1945510.074239	1
141	9	73	27	bathroom	sun_ahcvzmoyaycdoftf.tif	1945510.846854	1945511.105466	1945511.753731	8.007427e-01	17	none	NaN	NaN
141	9	74	32	bathroom	sun_aleqenyvunhactkl.tif	1945512.515196	1945512.773787	1945513.422150	8.174249e-01	22	none	NaN	NaN
141	9	75	37	bathroom	sun_amzlamotzwfkwjco.tif	1945514.191860	1945514.450449	1945515.098853	8.341070e-01	27	none	NaN	NaN
141	9	76	40	bathroom	sun_aofnryafpsjimzsb.tif	1945515.868518	1945516.127105	1945516.775448	7.006499e-01	30	none	NaN	NaN
141	9	77	30	bathroom	sun_ajlawzvmubibwbpy.tif	1945517.545177	1945517.803773	1945518.452107	6.756267e-01	20	none	NaN	NaN
141	9	78	13	bathroom	sun_aavhrsfjbserjtht.tif	1945519.221842	1945519.480429	1945520.128827	7.506963e-01	3	none	NaN	NaN
141	9	79	21	bathroom	sun_aggnnqpdorgxpvce.tif	1945520.898499	1945521.157090	1945521.805389	6.923088e-01	11	none	NaN	NaN
141	9	80	54	bathroom	sun_auzqhkafidnkrwmo.tif	1945522.575155	1945522.833751	1945523.482157	8.257659e-01	44	37	1945524.178059	1
141	9	81	48	bathroom	sun_aqrpegblszgcoujh.tif	1945524.952521	1945525.211104	1945525.859560	6.923088e-01	38	none	NaN	NaN
141	9	82	39	bathroom	sun_anryaplzeujmzfkd.tif	1945526.629177	1945526.887767	1945527.536257	7.340142e-01	29	none	NaN	NaN
141	9	83	31	bathroom	sun_akiytfaagpdsphgz.tif	1945528.305840	1945528.564430	1945529.212719	6.923088e-01	21	none	NaN	NaN
141	9	84	57	bathroom	sun_axldvoqbuvuggfmq.tif	1945529.982503	1945530.241090	1945530.889395	6.589445e-01	47	none	NaN	NaN
141	9	85	51	bathroom	sun_atstyziqcmkahyxk.tif	1945531.650820	1945531.909407	1945532.557814	7.256731e-01	41	none	NaN	NaN
141	9	86	42	bathroom	sun_apeeialkgkuxddgh.tif	1945533.327483	1945533.586073	1945534.234541	7.757195e-01	32	37	1945534.802445	0
141	9	87	38	bathroom	sun_anhioqovhscjqqwb.tif	1945535.579707	1945535.838300	1945536.486642	7.590374e-01	28	none	NaN	NaN
141	9	88	47	bathroom	sun_apynckhmoftszqoq.tif	1945537.256373	1945537.514959	1945538.163421	8.090838e-01	37	37	1945538.698380	1
141	9	89	55	bathroom	sun_avhrdrntsqrjzccq.tif	1945539.475240	1945539.733822	1945540.382937	7.423552e-01	45	none	NaN	NaN
141	9	90	12	bathroom	sun_aapitsgbtktqubfy.tif	1945541.151901	1945541.410488	1945542.058789	7.173320e-01	2	none	NaN	NaN
141	9	91	11	bathroom	labelme_sfxiulhjbhlyiyt.tif	1945542.820220	1945543.078802	1945543.727153	7.757195e-01	1	none	NaN	NaN
141	9	92	22	bathroom	sun_agguqiubmwhqqunb.tif	1945544.496875	1945544.755473	1945545.403956	6.839677e-01	12	none	NaN	NaN
141	9	93	36	bathroom	sun_ambriybtogmepttm.tif	1945546.173540	1945546.432131	1945547.080443	8.174249e-01	26	none	NaN	NaN
141	9	94	41	bathroom	sun_aoybiabnpadelefl.tif	1945547.850202	1945548.108791	1945548.757192	8.424481e-01	31	none	NaN	NaN
141	9	95	60	bathroom	sun_azqyogdvyhahyram.tif	1945549.526859	1945549.785451	1945550.433812	8.257659e-01	50	none	NaN	NaN
141	9	96	59	bathroom	sun_axyrejkiiaqiurjk.tif	1945551.203518	1945551.462112	1945552.110532	6.506035e-01	49	39	1945552.954205	1
141	9	97	17	bathroom	sun_acegryoqftbzowsg.tif	1945553.731025	1945553.989615	1945554.638073	7.006499e-01	7	none	NaN	NaN
141	9	98	23	bathroom	sun_aghyqhbptboemmoq.tif	1945555.407686	1945555.666275	1945556.314603	7.673784e-01	13	none	NaN	NaN
141	9	99	25	bathroom	sun_agyqfjcfkdcydepw.tif	1945557.084346	1945557.342937	1945557.991317	6.756267e-01	15	none	NaN	NaN
141	9	100	44	bathroom	sun_apkruvsevgegsdwp.tif	1945558.761004	1945559.019592	1945559.668073	7.089909e-01	34	39	1945560.370556	1
141	10	1	73	kitchen	sun_abrcnpqqhmjwekyf.tif	1945588.240211	1945588.498804	1945589.322242	8.174249e-01	63	none	NaN	NaN
141	10	2	62	kitchen	labelme_kxvouciolcpqplr.tif	1945590.092043	1945590.350638	1945591.174218	7.256731e-01	52	none	NaN	NaN
141	10	3	99	kitchen	sun_akcjzhbbjlbogpdi.tif	1945591.943877	1945592.202470	1945593.025944	8.007427e-01	89	none	NaN	NaN
141	10	4	70	kitchen	sun_abdxkyyxwfskuaqb.tif	1945593.795716	1945594.054304	1945594.877821	7.757195e-01	60	37	1945595.522474	1
141	10	5	95	kitchen	sun_aixorpehvfykdynp.tif	1945596.298195	1945596.556784	1945597.380404	6.672856e-01	85	39	1945598.482221	1
141	10	6	97	kitchen	sun_ajkqhtgcbgpcwrwn.tif	1945599.259460	1945599.518044	1945600.341641	7.757195e-01	87	none	NaN	NaN
141	10	7	82	kitchen	sun_aenotlpyftoioydp.tif	1945601.111294	1945601.369888	1945602.193426	7.089909e-01	72	none	NaN	NaN
141	10	8	110	kitchen	sun_azmutvzbxypaceni.tif	1945602.963129	1945603.221717	1945604.045393	6.756267e-01	100	none	NaN	NaN
141	10	9	69	kitchen	sun_abdenxonkemggwsq.tif	1945604.814964	1945605.073553	1945605.897063	6.506035e-01	59	none	NaN	NaN
141	10	10	67	kitchen	sun_aarfiyshqohlwkmo.tif	1945606.666797	1945606.925384	1945607.749016	8.341070e-01	57	none	NaN	NaN
141	10	11	103	kitchen	sun_aunzlwrbjumxhwdj.tif	1945608.518631	1945608.777221	1945609.600694	7.590374e-01	93	none	NaN	NaN
141	10	12	66	kitchen	sun_aapllqyqlykszopd.tif	1945610.362123	1945610.620716	1945611.444292	8.507891e-01	56	none	NaN	NaN
141	10	13	78	kitchen	sun_adgqasybjyktddhj.tif	1945612.213960	1945612.472552	1945613.296146	8.341070e-01	68	none	NaN	NaN
141	10	14	107	kitchen	sun_axyyrmzcupyhlivc.tif	1945614.065794	1945614.324387	1945615.147959	7.506963e-01	97	39	1945615.906376	1
141	10	15	96	kitchen	sun_ajcbwwvdlsvjyzje.tif	1945616.676710	1945616.935307	1945617.758794	6.923088e-01	86	none	NaN	NaN
141	10	16	94	kitchen	sun_ahywdevtimnqcsln.tif	1945618.528546	1945618.787140	1945619.610705	6.839677e-01	84	none	NaN	NaN
141	10	17	109	kitchen	sun_aypmqwcualkenuoe.tif	1945620.372043	1945620.630633	1945621.454216	8.257659e-01	99	none	NaN	NaN
141	10	18	105	kitchen	sun_avszsnwsbuqfgzbn.tif	1945622.223882	1945622.482465	1945623.306037	7.006499e-01	95	none	NaN	NaN
141	10	19	83	kitchen	sun_aeqdocilnnpuvuhx.tif	1945624.075708	1945624.334300	1945625.157749	7.423552e-01	73	none	NaN	NaN
141	10	20	86	kitchen	sun_aggjlwcdjsjcaemh.tif	1945625.919205	1945626.177794	1945627.001262	6.756267e-01	76	none	NaN	NaN
141	10	21	85	kitchen	sun_afuyedyxivkhecmu.tif	1945627.771038	1945628.029630	1945628.853182	7.506963e-01	75	39	1945630.346209	1
141	10	22	65	kitchen	sun_aamedkxepzlwuxes.tif	1945631.124360	1945631.382951	1945632.206492	7.840606e-01	55	none	NaN	NaN
141	10	23	74	kitchen	sun_acfmftudsenhrfhy.tif	1945632.976195	1945633.234782	1945634.058349	8.174249e-01	64	39	1945637.434040	1
141	10	24	88	kitchen	sun_agubuxuukhzyzpdp.tif	1945638.206375	1945638.464965	1945639.288539	8.090838e-01	78	none	NaN	NaN
141	10	25	92	kitchen	sun_ahpczsiumwwocjkv.tif	1945640.058205	1945640.316801	1945641.140230	6.839677e-01	82	none	NaN	NaN
141	10	26	81	kitchen	sun_aehawpgmrlhlvcow.tif	1945641.901706	1945642.160290	1945642.983814	7.006499e-01	71	none	NaN	NaN
141	10	27	101	kitchen	sun_aqeaevwwwjoqhzvl.tif	1945643.753537	1945644.012126	1945644.835587	7.673784e-01	91	none	NaN	NaN
141	10	28	90	kitchen	sun_ahdycvpopffkzzsu.tif	1945645.605372	1945645.863952	1945646.687608	8.341070e-01	80	none	NaN	NaN
141	10	29	76	kitchen	sun_acwjdupvyjsugpay.tif	1945647.457204	1945647.715790	1945648.539321	6.923088e-01	66	none	NaN	NaN
141	10	30	87	kitchen	sun_agorklincwxrdtga.tif	1945649.309037	1945649.567628	1945650.391275	7.173320e-01	77	none	NaN	NaN
141	10	31	100	kitchen	sun_amjjdeyrggfqgmom.tif	1945651.160875	1945651.419460	1945652.243118	7.089909e-01	90	39	1945652.842373	1
141	10	32	63	kitchen	labelme_rykdqxenmhulbdn.tif	1945653.613305	1945653.871889	1945654.695448	8.424481e-01	53	37	1945655.426212	1
141	10	33	89	kitchen	sun_agzzivivdpnawacl.tif	1945656.199197	1945656.457792	1945657.281279	7.673784e-01	79	none	NaN	NaN
141	10	34	84	kitchen	sun_aexklacwqwezaorf.tif	1945658.051037	1945658.309623	1945659.133115	6.672856e-01	74	none	NaN	NaN
141	10	35	71	kitchen	sun_abftihopvusyfakt.tif	1945659.902867	1945660.161460	1945660.984965	6.839677e-01	61	37	1945661.586284	1
141	10	36	80	kitchen	sun_aegoxogugdkwpmpj.tif	1945662.363634	1945662.622230	1945663.445849	8.257659e-01	70	none	NaN	NaN
141	10	37	77	kitchen	sun_acxkpeoqbwcxfvip.tif	1945664.215475	1945664.474062	1945665.297694	6.672856e-01	67	none	NaN	NaN
141	10	38	64	kitchen	sun_aadbddgrdsjugojn.tif	1945666.067308	1945666.325896	1945667.149460	8.507891e-01	54	none	NaN	NaN
141	10	39	106	kitchen	sun_awcpdzzznmweyyhv.tif	1945667.910796	1945668.169392	1945668.993105	6.923088e-01	96	none	NaN	NaN
141	10	40	68	kitchen	sun_aaxxjlsuzvqlgylf.tif	1945669.762632	1945670.021219	1945670.844786	7.173320e-01	58	none	NaN	NaN
141	10	41	61	kitchen	labelme_brsyyvweiuaazfr.tif	1945671.614469	1945671.873054	1945672.696495	7.840606e-01	51	none	NaN	NaN
141	10	42	91	kitchen	sun_ahljzhgcdpomplvg.tif	1945673.466303	1945673.724891	1945674.548536	8.257659e-01	81	none	NaN	NaN
141	10	43	75	kitchen	sun_acgtpgfybqjmzeyw.tif	1945675.318138	1945675.576731	1945676.400310	7.423552e-01	65	37	1945676.978019	1
141	10	44	102	kitchen	sun_auaiucuqpdausiva.tif	1945677.753884	1945678.012468	1945678.836012	7.673784e-01	92	none	NaN	NaN
141	10	45	98	kitchen	sun_akchetnepxlcxhsu.tif	1945679.605720	1945679.864310	1945680.687945	7.506963e-01	88	none	NaN	NaN
141	10	46	104	kitchen	sun_auticobqsbwgoppi.tif	1945681.457551	1945681.716138	1945682.539739	7.757195e-01	94	none	NaN	NaN
141	10	47	108	kitchen	sun_aymvwlarqodbwuoc.tif	1945683.309390	1945683.567977	1945684.391637	8.257659e-01	98	none	NaN	NaN
141	10	48	93	kitchen	sun_ahspylgoovwmwvgk.tif	1945685.161219	1945685.419814	1945686.243465	8.090838e-01	83	none	NaN	NaN
141	10	49	79	kitchen	sun_admlmbcdswaszruo.tif	1945687.013057	1945687.271647	1945688.095268	6.589445e-01	69	37	1945688.682337	1
141	10	50	72	kitchen	sun_abpwyqmlzafvklqo.tif	1945689.457145	1945689.715729	1945690.539239	7.006499e-01	62	none	NaN	NaN
141	10	51	96	kitchen	sun_ajcbwwvdlsvjyzje.tif	1945691.308978	1945691.567569	1945692.391066	8.090838e-01	86	none	NaN	NaN
141	10	52	75	kitchen	sun_acgtpgfybqjmzeyw.tif	1945693.160815	1945693.419402	1945694.242847	7.590374e-01	65	none	NaN	NaN
141	10	53	81	kitchen	sun_aehawpgmrlhlvcow.tif	1945695.004307	1945695.262896	1945696.086381	6.756267e-01	71	37	1945696.642226	1
141	10	54	86	kitchen	sun_aggjlwcdjsjcaemh.tif	1945697.415030	1945697.673615	1945698.497143	8.090838e-01	76	none	NaN	NaN
141	10	55	103	kitchen	sun_aunzlwrbjumxhwdj.tif	1945699.266865	1945699.525452	1945700.349023	7.256731e-01	93	none	NaN	NaN
141	10	56	77	kitchen	sun_acxkpeoqbwcxfvip.tif	1945701.118696	1945701.377288	1945702.200849	7.089909e-01	67	none	NaN	NaN
141	10	57	62	kitchen	labelme_kxvouciolcpqplr.tif	1945702.970527	1945703.229111	1945704.052602	7.840606e-01	52	none	NaN	NaN
141	10	58	64	kitchen	sun_aadbddgrdsjugojn.tif	1945704.822359	1945705.080956	1945705.904442	7.340142e-01	54	none	NaN	NaN
141	10	59	98	kitchen	sun_akchetnepxlcxhsu.tif	1945706.674201	1945706.932787	1945707.756375	6.672856e-01	88	none	NaN	NaN
141	10	60	70	kitchen	sun_abdxkyyxwfskuaqb.tif	1945708.526037	1945708.784621	1945709.608212	7.590374e-01	60	none	NaN	NaN
141	10	61	94	kitchen	sun_ahywdevtimnqcsln.tif	1945710.377866	1945710.636461	1945711.460066	7.256731e-01	84	37	1945712.114398	1
141	10	62	102	kitchen	sun_auaiucuqpdausiva.tif	1945712.888689	1945713.147277	1945713.970899	7.340142e-01	92	none	NaN	NaN
141	10	63	95	kitchen	sun_aixorpehvfykdynp.tif	1945714.740526	1945714.999117	1945715.822754	8.424481e-01	85	none	NaN	NaN
141	10	64	97	kitchen	sun_ajkqhtgcbgpcwrwn.tif	1945716.592358	1945716.850947	1945717.674390	6.506035e-01	87	none	NaN	NaN
141	10	65	78	kitchen	sun_adgqasybjyktddhj.tif	1945718.435854	1945718.694441	1945719.518050	7.423552e-01	68	none	NaN	NaN
141	10	66	83	kitchen	sun_aeqdocilnnpuvuhx.tif	1945720.287686	1945720.546275	1945721.369809	6.589445e-01	73	none	NaN	NaN
141	10	67	109	kitchen	sun_aypmqwcualkenuoe.tif	1945722.139512	1945722.398114	1945723.221606	7.673784e-01	99	none	NaN	NaN
141	10	68	79	kitchen	sun_admlmbcdswaszruo.tif	1945723.991355	1945724.249948	1945725.073587	7.006499e-01	69	none	NaN	NaN
141	10	69	105	kitchen	sun_avszsnwsbuqfgzbn.tif	1945725.843190	1945726.101780	1945726.925287	7.924016e-01	95	none	NaN	NaN
141	10	70	85	kitchen	sun_afuyedyxivkhecmu.tif	1945727.695026	1945727.953616	1945728.777083	7.924016e-01	75	none	NaN	NaN
141	10	71	76	kitchen	sun_acwjdupvyjsugpay.tif	1945729.546860	1945729.805449	1945730.628900	8.007427e-01	66	none	NaN	NaN
141	10	72	65	kitchen	sun_aamedkxepzlwuxes.tif	1945731.398694	1945731.657282	1945732.480843	7.089909e-01	55	none	NaN	NaN
141	10	73	61	kitchen	labelme_brsyyvweiuaazfr.tif	1945733.250520	1945733.509118	1945734.332744	8.424481e-01	51	none	NaN	NaN
141	10	74	90	kitchen	sun_ahdycvpopffkzzsu.tif	1945735.102366	1945735.360949	1945736.184466	6.756267e-01	80	none	NaN	NaN
141	10	75	82	kitchen	sun_aenotlpyftoioydp.tif	1945736.954200	1945737.212785	1945738.036365	7.506963e-01	72	none	NaN	NaN
141	10	76	108	kitchen	sun_aymvwlarqodbwuoc.tif	1945738.806023	1945739.064618	1945739.888161	7.423552e-01	98	none	NaN	NaN
141	10	77	68	kitchen	sun_aaxxjlsuzvqlgylf.tif	1945740.657863	1945740.916458	1945741.739967	8.341070e-01	58	none	NaN	NaN
141	10	78	101	kitchen	sun_aqeaevwwwjoqhzvl.tif	1945742.509701	1945742.768283	1945743.591762	6.589445e-01	91	none	NaN	NaN
141	10	79	106	kitchen	sun_awcpdzzznmweyyhv.tif	1945744.361532	1945744.620119	1945745.443607	8.257659e-01	96	none	NaN	NaN
141	10	80	92	kitchen	sun_ahpczsiumwwocjkv.tif	1945746.213368	1945746.471957	1945747.295543	6.923088e-01	82	none	NaN	NaN
141	10	81	110	kitchen	sun_azmutvzbxypaceni.tif	1945748.065202	1945748.323791	1945749.147258	7.757195e-01	100	none	NaN	NaN
141	10	82	73	kitchen	sun_abrcnpqqhmjwekyf.tif	1945749.908697	1945750.167285	1945750.990887	8.007427e-01	63	none	NaN	NaN
141	10	83	99	kitchen	sun_akcjzhbbjlbogpdi.tif	1945751.760528	1945752.019117	1945752.842650	6.923088e-01	89	none	NaN	NaN
141	10	84	100	kitchen	sun_amjjdeyrggfqgmom.tif	1945753.612369	1945753.870952	1945754.694458	8.007427e-01	90	none	NaN	NaN
141	10	85	74	kitchen	sun_acfmftudsenhrfhy.tif	1945755.464199	1945755.722787	1945756.546394	6.589445e-01	64	none	NaN	NaN
141	10	86	71	kitchen	sun_abftihopvusyfakt.tif	1945757.316035	1945757.574618	1945758.398211	7.924016e-01	61	37	1945759.098033	1
141	10	87	93	kitchen	sun_ahspylgoovwmwvgk.tif	1945759.868560	1945760.127150	1945760.950706	7.340142e-01	83	none	NaN	NaN
141	10	88	91	kitchen	sun_ahljzhgcdpomplvg.tif	1945761.720394	1945761.978988	1945762.802607	7.590374e-01	81	none	NaN	NaN
141	10	89	84	kitchen	sun_aexklacwqwezaorf.tif	1945763.572232	1945763.830819	1945764.654423	8.424481e-01	74	none	NaN	NaN
141	10	90	88	kitchen	sun_agubuxuukhzyzpdp.tif	1945765.424067	1945765.682656	1945766.506119	7.590374e-01	78	39	1945767.242210	1
141	10	91	80	kitchen	sun_aegoxogugdkwpmpj.tif	1945768.018296	1945768.276892	1945769.100561	7.840606e-01	70	none	NaN	NaN
141	10	92	63	kitchen	labelme_rykdqxenmhulbdn.tif	1945769.870133	1945770.128725	1945770.952193	8.174249e-01	53	none	NaN	NaN
141	10	93	69	kitchen	sun_abdenxonkemggwsq.tif	1945771.713629	1945771.972216	1945772.795686	7.924016e-01	59	none	NaN	NaN
141	10	94	89	kitchen	sun_agzzivivdpnawacl.tif	1945773.557119	1945773.815708	1945774.639164	8.174249e-01	79	none	NaN	NaN
141	10	95	87	kitchen	sun_agorklincwxrdtga.tif	1945775.400614	1945775.659203	1945776.482680	6.506035e-01	77	39	1945777.314182	1
141	10	96	72	kitchen	sun_abpwyqmlzafvklqo.tif	1945778.086609	1945778.345200	1945779.168712	7.340142e-01	62	none	NaN	NaN
141	10	97	66	kitchen	sun_aapllqyqlykszopd.tif	1945779.938442	1945780.197035	1945781.020570	6.839677e-01	56	none	NaN	NaN
141	10	98	107	kitchen	sun_axyyrmzcupyhlivc.tif	1945781.790281	1945782.048862	1945782.872448	7.173320e-01	97	none	NaN	NaN
141	10	99	104	kitchen	sun_auticobqsbwgoppi.tif	1945783.642110	1945783.900700	1945784.724202	7.173320e-01	94	none	NaN	NaN
141	10	100	67	kitchen	sun_aarfiyshqohlwkmo.tif	1945785.493947	1945785.752532	1945786.576004	7.256731e-01	57	none	NaN	NaN
141	11	1	17	bathroom	sun_acegryoqftbzowsg.tif	1945896.812555	1945897.071140	1945897.769564	8.507891e-01	7	none	NaN	NaN
141	11	2	12	bathroom	sun_aapitsgbtktqubfy.tif	1945898.539266	1945898.797855	1945899.496205	7.590374e-01	2	none	NaN	NaN
141	11	3	27	bathroom	sun_ahcvzmoyaycdoftf.tif	1945900.265979	1945900.524568	1945901.223070	7.673784e-01	17	none	NaN	NaN
141	11	4	39	bathroom	sun_anryaplzeujmzfkd.tif	1945901.992691	1945902.251276	1945902.949698	8.090838e-01	29	39	1945903.994012	1
141	11	5	51	bathroom	sun_atstyziqcmkahyxk.tif	1945904.770440	1945905.029028	1945905.727538	7.924016e-01	41	none	NaN	NaN
141	11	6	53	bathroom	sun_ausgutylgojavyoq.tif	1945906.497149	1945906.755741	1945907.454197	7.757195e-01	43	none	NaN	NaN
141	11	7	55	bathroom	sun_avhrdrntsqrjzccq.tif	1945908.223857	1945908.482450	1945909.180792	7.673784e-01	45	none	NaN	NaN
141	11	8	36	bathroom	sun_ambriybtogmepttm.tif	1945909.950569	1945910.209157	1945910.907517	8.090838e-01	26	none	NaN	NaN
141	11	9	22	bathroom	sun_agguqiubmwhqqunb.tif	1945911.677279	1945911.935868	1945912.634330	6.672856e-01	12	39	1945913.482367	1
141	11	10	35	bathroom	sun_alotolagknyrgtsk.tif	1945914.254831	1945914.513422	1945915.211761	6.589445e-01	25	none	NaN	NaN
141	11	11	28	bathroom	sun_ahijqszoswveeyji.tif	1945915.973199	1945916.231794	1945916.930205	7.089909e-01	18	none	NaN	NaN
141	11	12	30	bathroom	sun_ajlawzvmubibwbpy.tif	1945917.699910	1945917.958500	1945918.656980	7.423552e-01	20	none	NaN	NaN
141	11	13	25	bathroom	sun_agyqfjcfkdcydepw.tif	1945919.426622	1945919.685213	1945920.383743	7.506963e-01	15	none	NaN	NaN
141	11	14	11	bathroom	labelme_sfxiulhjbhlyiyt.tif	1945921.153330	1945921.411925	1945922.110297	8.341070e-01	1	none	NaN	NaN
141	11	15	49	bathroom	sun_asfwthctfqerjvxr.tif	1945922.880049	1945923.138638	1945923.837028	8.257659e-01	39	none	NaN	NaN
141	11	16	56	bathroom	sun_awnqiikzaispgmwo.tif	1945924.606756	1945924.865351	1945925.563841	8.257659e-01	46	none	NaN	NaN
141	11	17	29	bathroom	sun_ahqjwnzgolcaoidx.tif	1945926.333468	1945926.592054	1945927.290521	6.506035e-01	19	none	NaN	NaN
141	11	18	34	bathroom	sun_alkosphxlxwjwgjd.tif	1945928.060177	1945928.318767	1945929.017245	7.340142e-01	24	none	NaN	NaN
141	11	19	54	bathroom	sun_auzqhkafidnkrwmo.tif	1945929.786891	1945930.045477	1945930.743899	7.673784e-01	44	none	NaN	NaN
141	11	20	48	bathroom	sun_aqrpegblszgcoujh.tif	1945931.513601	1945931.772191	1945932.470545	7.256731e-01	38	none	NaN	NaN
141	11	21	33	bathroom	sun_aljolscmmzydegqp.tif	1945933.231971	1945933.490560	1945934.189007	8.090838e-01	23	none	NaN	NaN
141	11	22	52	bathroom	sun_aunuadmjocsddsrl.tif	1945934.958678	1945935.217211	1945935.915614	7.757195e-01	42	none	NaN	NaN
141	11	23	41	bathroom	sun_aoybiabnpadelefl.tif	1945936.677045	1945936.935628	1945937.633979	8.341070e-01	31	none	NaN	NaN
141	11	24	15	bathroom	sun_abjtwfukuwddzted.tif	1945938.403757	1945938.662339	1945939.360883	6.756267e-01	5	none	NaN	NaN
141	11	25	13	bathroom	sun_aavhrsfjbserjtht.tif	1945940.130466	1945940.389059	1945941.087404	6.923088e-01	3	37	1945941.754208	1
141	11	26	40	bathroom	sun_aofnryafpsjimzsb.tif	1945942.524510	1945942.783097	1945943.481616	8.257659e-01	30	37	1945944.194022	1
141	11	27	16	bathroom	sun_acduarbnmmoglmiv.tif	1945944.968597	1945945.227184	1945945.925724	8.424481e-01	6	none	NaN	NaN
141	11	28	18	bathroom	sun_acgyywnybuveqsro.tif	1945946.695306	1945946.953886	1945947.652434	8.341070e-01	8	none	NaN	NaN
141	11	29	45	bathroom	sun_apkxzenqapsujocq.tif	1945948.422014	1945948.680607	1945949.378990	6.589445e-01	35	37	1945950.018186	1
141	11	30	60	bathroom	sun_azqyogdvyhahyram.tif	1945950.791030	1945951.049618	1945951.748031	6.589445e-01	50	37	1945952.442380	1
141	11	31	38	bathroom	sun_anhioqovhscjqqwb.tif	1945953.218431	1945953.477022	1945954.175534	8.007427e-01	28	none	NaN	NaN
141	11	32	44	bathroom	sun_apkruvsevgegsdwp.tif	1945954.945149	1945955.203732	1945955.902230	7.173320e-01	34	none	NaN	NaN
141	11	33	26	bathroom	sun_ahaulkltgpkeeemi.tif	1945956.671855	1945956.930442	1945957.628927	6.506035e-01	16	none	NaN	NaN
141	11	34	37	bathroom	sun_amzlamotzwfkwjco.tif	1945958.398560	1945958.657151	1945959.355665	8.424481e-01	27	none	NaN	NaN
141	11	35	43	bathroom	sun_apjevzvycyhuqghb.tif	1945960.125276	1945960.383863	1945961.082307	6.672856e-01	33	none	NaN	NaN
141	11	36	14	bathroom	sun_abapwbhyhkfixyex.tif	1945961.851986	1945962.110576	1945962.808948	7.924016e-01	4	37	1945963.362230	1
141	11	37	21	bathroom	sun_aggnnqpdorgxpvce.tif	1945964.137586	1945964.396175	1945965.094635	7.590374e-01	11	none	NaN	NaN
141	11	38	31	bathroom	sun_akiytfaagpdsphgz.tif	1945965.864294	1945966.122885	1945966.821269	8.007427e-01	21	none	NaN	NaN
141	11	39	57	bathroom	sun_axldvoqbuvuggfmq.tif	1945967.591008	1945967.849594	1945968.548093	7.173320e-01	47	none	NaN	NaN
141	11	40	59	bathroom	sun_axyrejkiiaqiurjk.tif	1945969.317717	1945969.576302	1945970.274734	6.839677e-01	49	39	1945971.802173	1
141	11	41	50	bathroom	sun_aspsyogrekjtfozg.tif	1945972.579282	1945972.837873	1945973.536279	7.256731e-01	40	none	NaN	NaN
141	11	42	32	bathroom	sun_aleqenyvunhactkl.tif	1945974.305988	1945974.564581	1945975.263083	8.507891e-01	22	none	NaN	NaN
141	11	43	42	bathroom	sun_apeeialkgkuxddgh.tif	1945976.032702	1945976.291292	1945976.989658	6.589445e-01	32	37	1945977.682183	1
141	11	44	20	bathroom	sun_afcoljnjfoxjtgja.tif	1945978.460101	1945978.718694	1945979.417154	7.006499e-01	10	none	NaN	NaN
141	11	45	24	bathroom	sun_agrwbmhcpmfuwmsg.tif	1945980.186813	1945980.445405	1945981.143942	7.840606e-01	14	37	1945981.666211	1
141	11	46	23	bathroom	sun_aghyqhbptboemmoq.tif	1945982.439046	1945982.697635	1945983.396126	7.840606e-01	13	none	NaN	NaN
141	11	47	58	bathroom	sun_axxbkopsgyouuebh.tif	1945984.165757	1945984.424347	1945985.122757	6.923088e-01	48	none	NaN	NaN
141	11	48	19	bathroom	sun_aclfzgynxzxlbepz.tif	1945985.892466	1945986.151059	1945986.849482	7.006499e-01	9	none	NaN	NaN
141	11	49	46	bathroom	sun_apmqjbnwghzuhhzh.tif	1945987.619176	1945987.877769	1945988.576221	7.423552e-01	36	none	NaN	NaN
141	11	50	47	bathroom	sun_apynckhmoftszqoq.tif	1945989.345891	1945989.604478	1945990.302957	6.923088e-01	37	none	NaN	NaN
141	11	51	39	bathroom	sun_anryaplzeujmzfkd.tif	1945991.072599	1945991.331191	1945992.029712	7.423552e-01	29	none	NaN	NaN
141	11	52	17	bathroom	sun_acegryoqftbzowsg.tif	1945992.799310	1945993.057901	1945993.756406	6.839677e-01	7	37	1945994.490025	1
141	11	53	16	bathroom	sun_acduarbnmmoglmiv.tif	1945995.268420	1945995.527009	1945996.225537	7.340142e-01	6	none	NaN	NaN
141	11	54	38	bathroom	sun_anhioqovhscjqqwb.tif	1945996.995131	1945997.253720	1945997.952190	7.006499e-01	28	none	NaN	NaN
141	11	55	13	bathroom	sun_aavhrsfjbserjtht.tif	1945998.721846	1945998.980433	1945999.678832	7.590374e-01	3	none	NaN	NaN
141	11	56	46	bathroom	sun_apmqjbnwghzuhhzh.tif	1946000.448558	1946000.707149	1946001.405680	7.173320e-01	36	none	NaN	NaN
141	11	57	53	bathroom	sun_ausgutylgojavyoq.tif	1946002.175264	1946002.433853	1946003.132367	7.340142e-01	43	none	NaN	NaN
141	11	58	19	bathroom	sun_aclfzgynxzxlbepz.tif	1946003.901977	1946004.160565	1946004.859014	7.924016e-01	9	none	NaN	NaN
141	11	59	57	bathroom	sun_axldvoqbuvuggfmq.tif	1946005.628687	1946005.887279	1946006.585785	6.756267e-01	47	39	1946007.314153	1
141	11	60	31	bathroom	sun_akiytfaagpdsphgz.tif	1946008.089460	1946008.348047	1946009.046551	6.756267e-01	21	none	NaN	NaN
141	11	61	55	bathroom	sun_avhrdrntsqrjzccq.tif	1946009.816165	1946010.074753	1946010.773278	7.590374e-01	45	none	NaN	NaN
141	11	62	34	bathroom	sun_alkosphxlxwjwgjd.tif	1946011.542880	1946011.801467	1946012.499981	7.006499e-01	24	none	NaN	NaN
141	11	63	24	bathroom	sun_agrwbmhcpmfuwmsg.tif	1946013.269592	1946013.528179	1946014.226641	6.756267e-01	14	none	NaN	NaN
141	11	64	12	bathroom	sun_aapitsgbtktqubfy.tif	1946014.996296	1946015.254888	1946015.953288	8.341070e-01	2	none	NaN	NaN
141	11	65	36	bathroom	sun_ambriybtogmepttm.tif	1946016.723010	1946016.981599	1946017.680077	8.007427e-01	26	none	NaN	NaN
141	11	66	45	bathroom	sun_apkxzenqapsujocq.tif	1946018.449720	1946018.708310	1946019.406834	7.673784e-01	35	none	NaN	NaN
141	11	67	23	bathroom	sun_aghyqhbptboemmoq.tif	1946020.176431	1946020.435019	1946021.133443	8.174249e-01	13	none	NaN	NaN
141	11	68	44	bathroom	sun_apkruvsevgegsdwp.tif	1946021.903139	1946022.161732	1946022.860076	6.672856e-01	34	none	NaN	NaN
141	11	69	14	bathroom	sun_abapwbhyhkfixyex.tif	1946023.629854	1946023.888447	1946024.586801	7.423552e-01	4	none	NaN	NaN
141	11	70	56	bathroom	sun_awnqiikzaispgmwo.tif	1946025.356564	1946025.615152	1946026.313655	6.923088e-01	46	none	NaN	NaN
141	11	71	41	bathroom	sun_aoybiabnpadelefl.tif	1946027.083275	1946027.341863	1946028.040373	7.590374e-01	31	none	NaN	NaN
141	11	72	37	bathroom	sun_amzlamotzwfkwjco.tif	1946028.809983	1946029.068572	1946029.767101	8.424481e-01	27	none	NaN	NaN
141	11	73	58	bathroom	sun_axxbkopsgyouuebh.tif	1946030.536695	1946030.795284	1946031.493719	7.840606e-01	48	none	NaN	NaN
141	11	74	60	bathroom	sun_azqyogdvyhahyram.tif	1946032.263406	1946032.521994	1946033.220508	8.257659e-01	50	none	NaN	NaN
141	11	75	35	bathroom	sun_alotolagknyrgtsk.tif	1946033.990118	1946034.248710	1946034.947029	8.174249e-01	25	none	NaN	NaN
141	11	76	11	bathroom	labelme_sfxiulhjbhlyiyt.tif	1946035.708486	1946035.967072	1946036.665418	6.839677e-01	1	none	NaN	NaN
141	11	77	42	bathroom	sun_apeeialkgkuxddgh.tif	1946037.435190	1946037.693778	1946038.392312	8.090838e-01	32	none	NaN	NaN
141	11	78	29	bathroom	sun_ahqjwnzgolcaoidx.tif	1946039.161908	1946039.420495	1946040.119033	7.089909e-01	19	none	NaN	NaN
141	11	79	51	bathroom	sun_atstyziqcmkahyxk.tif	1946040.888616	1946041.147206	1946041.845530	6.506035e-01	41	none	NaN	NaN
141	11	80	27	bathroom	sun_ahcvzmoyaycdoftf.tif	1946042.606989	1946042.865578	1946043.563947	7.757195e-01	17	none	NaN	NaN
141	11	81	59	bathroom	sun_axyrejkiiaqiurjk.tif	1946044.333695	1946044.592285	1946045.290749	8.424481e-01	49	none	NaN	NaN
141	11	82	52	bathroom	sun_aunuadmjocsddsrl.tif	1946046.060406	1946046.318994	1946047.017511	6.839677e-01	42	none	NaN	NaN
141	11	83	20	bathroom	sun_afcoljnjfoxjtgja.tif	1946047.787119	1946048.045706	1946048.744156	8.174249e-01	10	39	1946049.618308	1
141	11	84	15	bathroom	sun_abjtwfukuwddzted.tif	1946050.389696	1946050.648285	1946051.346636	7.173320e-01	5	none	NaN	NaN
141	11	85	49	bathroom	sun_asfwthctfqerjvxr.tif	1946052.116404	1946052.374997	1946053.073518	7.924016e-01	39	39	1946053.898253	1
141	11	86	21	bathroom	sun_aggnnqpdorgxpvce.tif	1946054.668932	1946054.927526	1946055.625954	6.923088e-01	11	none	NaN	NaN
141	11	87	32	bathroom	sun_aleqenyvunhactkl.tif	1946056.395646	1946056.654233	1946057.352724	7.506963e-01	22	none	NaN	NaN
141	11	88	43	bathroom	sun_apjevzvycyhuqghb.tif	1946058.122353	1946058.380943	1946059.079322	7.256731e-01	33	none	NaN	NaN
141	11	89	40	bathroom	sun_aofnryafpsjimzsb.tif	1946059.849070	1946060.107656	1946060.806054	7.340142e-01	30	none	NaN	NaN
141	11	90	26	bathroom	sun_ahaulkltgpkeeemi.tif	1946061.575778	1946061.834372	1946062.532796	7.089909e-01	16	none	NaN	NaN
141	11	91	54	bathroom	sun_auzqhkafidnkrwmo.tif	1946063.302485	1946063.561076	1946064.259579	8.007427e-01	44	none	NaN	NaN
141	11	92	18	bathroom	sun_acgyywnybuveqsro.tif	1946065.029197	1946065.287785	1946065.986146	8.174249e-01	8	none	NaN	NaN
141	11	93	47	bathroom	sun_apynckhmoftszqoq.tif	1946066.755909	1946067.014499	1946067.712996	7.506963e-01	37	none	NaN	NaN
141	11	94	25	bathroom	sun_agyqfjcfkdcydepw.tif	1946068.482620	1946068.741209	1946069.439696	7.256731e-01	15	none	NaN	NaN
141	11	95	28	bathroom	sun_ahijqszoswveeyji.tif	1946070.209330	1946070.467918	1946071.166323	8.257659e-01	18	none	NaN	NaN
141	11	96	48	bathroom	sun_aqrpegblszgcoujh.tif	1946071.936037	1946072.194625	1946072.893162	7.506963e-01	38	none	NaN	NaN
141	11	97	50	bathroom	sun_aspsyogrekjtfozg.tif	1946073.662774	1946073.921339	1946074.619699	7.089909e-01	40	none	NaN	NaN
141	11	98	22	bathroom	sun_agguqiubmwhqqunb.tif	1946075.389460	1946075.648050	1946076.346439	6.672856e-01	12	none	NaN	NaN
141	11	99	33	bathroom	sun_aljolscmmzydegqp.tif	1946077.116167	1946077.374760	1946078.073214	7.840606e-01	23	39	1946078.762301	1
141	11	100	30	bathroom	sun_ajlawzvmubibwbpy.tif	1946079.535233	1946079.793826	1946080.492311	7.757195e-01	20	none	NaN	NaN
141	12	1	75	kitchen	sun_acgtpgfybqjmzeyw.tif	1946087.676656	1946087.935221	1946088.625422	7.173320e-01	65	none	NaN	NaN
141	12	2	65	kitchen	sun_aamedkxepzlwuxes.tif	1946089.395002	1946089.653593	1946090.343771	7.256731e-01	55	none	NaN	NaN
141	12	3	82	kitchen	sun_aenotlpyftoioydp.tif	1946091.113366	1946091.371955	1946092.062029	7.757195e-01	72	none	NaN	NaN
141	12	4	68	kitchen	sun_aaxxjlsuzvqlgylf.tif	1946092.831741	1946093.090330	1946093.780391	8.174249e-01	58	39	1946094.554302	1
141	12	5	110	kitchen	sun_azmutvzbxypaceni.tif	1946095.325876	1946095.584464	1946096.274604	7.089909e-01	100	39	1946097.034295	1
141	12	6	84	kitchen	sun_aexklacwqwezaorf.tif	1946097.811672	1946098.070264	1946098.760257	6.589445e-01	74	none	NaN	NaN
141	12	7	83	kitchen	sun_aeqdocilnnpuvuhx.tif	1946099.530041	1946099.788634	1946100.478661	7.256731e-01	73	none	NaN	NaN
141	12	8	70	kitchen	sun_abdxkyyxwfskuaqb.tif	1946101.248410	1946101.507005	1946102.197107	7.924016e-01	60	none	NaN	NaN
141	12	9	61	kitchen	labelme_brsyyvweiuaazfr.tif	1946102.958437	1946103.217026	1946103.907090	8.174249e-01	51	none	NaN	NaN
141	12	10	80	kitchen	sun_aegoxogugdkwpmpj.tif	1946104.676806	1946104.935399	1946105.625511	7.006499e-01	70	none	NaN	NaN
141	12	11	103	kitchen	sun_aunzlwrbjumxhwdj.tif	1946106.395175	1946106.653765	1946107.343877	7.840606e-01	93	none	NaN	NaN
141	12	12	63	kitchen	labelme_rykdqxenmhulbdn.tif	1946108.113544	1946108.372128	1946109.062287	7.006499e-01	53	none	NaN	NaN
141	12	13	71	kitchen	sun_abftihopvusyfakt.tif	1946109.831885	1946110.090503	1946110.780461	6.923088e-01	61	none	NaN	NaN
141	12	14	89	kitchen	sun_agzzivivdpnawacl.tif	1946111.541940	1946111.800527	1946112.490572	7.590374e-01	79	37	1946113.242310	1
141	12	15	85	kitchen	sun_afuyedyxivkhecmu.tif	1946114.019395	1946114.277982	1946114.968067	8.090838e-01	75	37	1946115.754152	1
141	12	16	92	kitchen	sun_ahpczsiumwwocjkv.tif	1946116.530214	1946116.788803	1946117.478787	7.340142e-01	82	none	NaN	NaN
141	12	17	93	kitchen	sun_ahspylgoovwmwvgk.tif	1946118.240247	1946118.498833	1946119.188898	7.173320e-01	83	none	NaN	NaN
141	12	18	108	kitchen	sun_aymvwlarqodbwuoc.tif	1946119.958614	1946120.217199	1946120.907350	6.923088e-01	98	none	NaN	NaN
141	12	19	101	kitchen	sun_aqeaevwwwjoqhzvl.tif	1946121.676979	1946121.935573	1946122.625718	6.672856e-01	91	none	NaN	NaN
141	12	20	99	kitchen	sun_akcjzhbbjlbogpdi.tif	1946123.395350	1946123.653936	1946124.344120	6.756267e-01	89	none	NaN	NaN
141	12	21	105	kitchen	sun_avszsnwsbuqfgzbn.tif	1946125.113716	1946125.372305	1946126.062411	6.672856e-01	95	none	NaN	NaN
141	12	22	106	kitchen	sun_awcpdzzznmweyyhv.tif	1946126.832092	1946127.090676	1946127.780840	7.423552e-01	96	none	NaN	NaN
141	12	23	100	kitchen	sun_amjjdeyrggfqgmom.tif	1946128.550456	1946128.809044	1946129.499137	7.840606e-01	90	39	1946130.426297	1
141	12	24	107	kitchen	sun_axyyrmzcupyhlivc.tif	1946131.203083	1946131.461675	1946132.151824	6.923088e-01	97	none	NaN	NaN
141	12	25	109	kitchen	sun_aypmqwcualkenuoe.tif	1946132.921454	1946133.180038	1946133.870113	8.341070e-01	99	none	NaN	NaN
141	12	26	87	kitchen	sun_agorklincwxrdtga.tif	1946134.639819	1946134.898385	1946135.588455	7.089909e-01	77	none	NaN	NaN
141	12	27	78	kitchen	sun_adgqasybjyktddhj.tif	1946136.358190	1946136.616784	1946137.306928	7.590374e-01	68	none	NaN	NaN
141	12	28	76	kitchen	sun_acwjdupvyjsugpay.tif	1946138.076563	1946138.335146	1946139.025139	6.589445e-01	66	none	NaN	NaN
141	12	29	64	kitchen	sun_aadbddgrdsjugojn.tif	1946139.786586	1946140.045175	1946140.735345	7.256731e-01	54	none	NaN	NaN
141	12	30	77	kitchen	sun_acxkpeoqbwcxfvip.tif	1946141.504953	1946141.763548	1946142.453705	7.423552e-01	67	none	NaN	NaN
141	12	31	72	kitchen	sun_abpwyqmlzafvklqo.tif	1946143.223328	1946143.481920	1946144.171898	8.007427e-01	62	none	NaN	NaN
141	12	32	95	kitchen	sun_aixorpehvfykdynp.tif	1946144.933351	1946145.191943	1946145.882104	6.839677e-01	85	none	NaN	NaN
141	12	33	86	kitchen	sun_aggjlwcdjsjcaemh.tif	1946146.651722	1946146.910312	1946147.600334	7.173320e-01	76	none	NaN	NaN
141	12	34	91	kitchen	sun_ahljzhgcdpomplvg.tif	1946148.370090	1946148.628681	1946149.318704	7.673784e-01	81	39	1946150.130402	1
141	12	35	90	kitchen	sun_ahdycvpopffkzzsu.tif	1946150.905936	1946151.164528	1946151.854590	7.673784e-01	80	none	NaN	NaN
141	12	36	62	kitchen	labelme_kxvouciolcpqplr.tif	1946152.624304	1946152.882894	1946153.572884	7.173320e-01	52	none	NaN	NaN
141	12	37	81	kitchen	sun_aehawpgmrlhlvcow.tif	1946154.334329	1946154.592920	1946155.283069	7.590374e-01	71	none	NaN	NaN
141	12	38	97	kitchen	sun_ajkqhtgcbgpcwrwn.tif	1946156.052694	1946156.311293	1946157.001280	6.672856e-01	87	none	NaN	NaN
141	12	39	79	kitchen	sun_admlmbcdswaszruo.tif	1946157.762731	1946158.021317	1946158.711488	6.506035e-01	69	none	NaN	NaN
141	12	40	88	kitchen	sun_agubuxuukhzyzpdp.tif	1946159.481099	1946159.739686	1946160.429679	7.924016e-01	78	none	NaN	NaN
141	12	41	98	kitchen	sun_akchetnepxlcxhsu.tif	1946161.199463	1946161.458055	1946162.148138	6.923088e-01	88	none	NaN	NaN
141	12	42	74	kitchen	sun_acfmftudsenhrfhy.tif	1946162.917836	1946163.176425	1946163.866623	6.756267e-01	64	none	NaN	NaN
141	12	43	67	kitchen	sun_aarfiyshqohlwkmo.tif	1946164.636206	1946164.894798	1946165.584969	7.506963e-01	57	39	1946166.721997	1
141	12	44	66	kitchen	sun_aapllqyqlykszopd.tif	1946167.497374	1946167.755960	1946168.446008	7.924016e-01	56	none	NaN	NaN
141	12	45	73	kitchen	sun_abrcnpqqhmjwekyf.tif	1946169.215743	1946169.474328	1946170.164448	6.756267e-01	63	37	1946171.042213	1
141	12	46	96	kitchen	sun_ajcbwwvdlsvjyzje.tif	1946171.818318	1946172.076912	1946172.767022	8.424481e-01	86	none	NaN	NaN
141	12	47	69	kitchen	sun_abdenxonkemggwsq.tif	1946173.536687	1946173.795269	1946174.485255	8.257659e-01	59	none	NaN	NaN
141	12	48	104	kitchen	sun_auticobqsbwgoppi.tif	1946175.255055	1946175.513644	1946176.203761	7.423552e-01	94	none	NaN	NaN
141	12	49	94	kitchen	sun_ahywdevtimnqcsln.tif	1946176.973423	1946177.232018	1946177.922105	6.839677e-01	84	none	NaN	NaN
141	12	50	102	kitchen	sun_auaiucuqpdausiva.tif	1946178.683458	1946178.942040	1946179.632053	8.090838e-01	92	none	NaN	NaN
141	12	51	106	kitchen	sun_awcpdzzznmweyyhv.tif	1946180.401819	1946180.660410	1946181.350506	8.424481e-01	96	none	NaN	NaN
141	12	52	109	kitchen	sun_aypmqwcualkenuoe.tif	1946182.120190	1946182.378781	1946183.068836	8.424481e-01	99	39	1946183.890261	1
141	12	53	64	kitchen	sun_aadbddgrdsjugojn.tif	1946184.664380	1946184.922972	1946185.613163	7.423552e-01	54	none	NaN	NaN
141	12	54	89	kitchen	sun_agzzivivdpnawacl.tif	1946186.382749	1946186.641338	1946187.331390	7.757195e-01	79	none	NaN	NaN
141	12	55	70	kitchen	sun_abdxkyyxwfskuaqb.tif	1946188.101115	1946188.359710	1946189.049756	8.257659e-01	60	none	NaN	NaN
141	12	56	67	kitchen	sun_aarfiyshqohlwkmo.tif	1946189.819480	1946190.078077	1946190.768144	6.506035e-01	57	37	1946191.378344	1
141	12	57	87	kitchen	sun_agorklincwxrdtga.tif	1946192.155132	1946192.413724	1946193.103763	7.256731e-01	77	none	NaN	NaN
141	12	58	61	kitchen	labelme_brsyyvweiuaazfr.tif	1946193.873500	1946194.132091	1946194.822287	6.589445e-01	51	none	NaN	NaN
141	12	59	73	kitchen	sun_abrcnpqqhmjwekyf.tif	1946195.591871	1946195.850456	1946196.540463	7.006499e-01	63	none	NaN	NaN
141	12	60	85	kitchen	sun_afuyedyxivkhecmu.tif	1946197.301893	1946197.560487	1946198.250613	6.506035e-01	75	none	NaN	NaN
141	12	61	66	kitchen	sun_aapllqyqlykszopd.tif	1946199.020270	1946199.278856	1946199.969004	7.673784e-01	56	none	NaN	NaN
141	12	62	74	kitchen	sun_acfmftudsenhrfhy.tif	1946200.738633	1946200.997224	1946201.687229	7.757195e-01	64	none	NaN	NaN
141	12	63	100	kitchen	sun_amjjdeyrggfqgmom.tif	1946202.457000	1946202.715586	1946203.405792	7.089909e-01	90	none	NaN	NaN
141	12	64	65	kitchen	sun_aamedkxepzlwuxes.tif	1946204.175372	1946204.433961	1946205.123953	8.257659e-01	55	none	NaN	NaN
141	12	65	99	kitchen	sun_akcjzhbbjlbogpdi.tif	1946205.885398	1946206.143992	1946206.833967	7.924016e-01	89	none	NaN	NaN
141	12	66	98	kitchen	sun_akchetnepxlcxhsu.tif	1946207.595427	1946207.854017	1946208.544040	8.341070e-01	88	37	1946209.194269	1
141	12	67	102	kitchen	sun_auaiucuqpdausiva.tif	1946209.964442	1946210.223033	1946210.913107	7.590374e-01	92	none	NaN	NaN
141	12	68	69	kitchen	sun_abdenxonkemggwsq.tif	1946211.682808	1946211.941399	1946212.631421	7.506963e-01	59	none	NaN	NaN
141	12	69	82	kitchen	sun_aenotlpyftoioydp.tif	1946213.401178	1946213.659771	1946214.349930	6.839677e-01	72	37	1946215.034136	1
141	12	70	94	kitchen	sun_ahywdevtimnqcsln.tif	1946215.811901	1946216.070490	1946216.760506	7.506963e-01	84	none	NaN	NaN
141	12	71	78	kitchen	sun_adgqasybjyktddhj.tif	1946217.530267	1946217.788859	1946218.479041	7.089909e-01	68	none	NaN	NaN
141	12	72	83	kitchen	sun_aeqdocilnnpuvuhx.tif	1946219.248635	1946219.507227	1946220.197270	8.507891e-01	73	none	NaN	NaN
141	12	73	76	kitchen	sun_acwjdupvyjsugpay.tif	1946220.967008	1946221.225596	1946221.915597	7.840606e-01	66	none	NaN	NaN
141	12	74	77	kitchen	sun_acxkpeoqbwcxfvip.tif	1946222.677031	1946222.935620	1946223.625608	7.506963e-01	67	none	NaN	NaN
141	12	75	68	kitchen	sun_aaxxjlsuzvqlgylf.tif	1946224.387064	1946224.645653	1946225.335805	8.007427e-01	58	39	1946226.066296	1
141	12	76	71	kitchen	sun_abftihopvusyfakt.tif	1946226.839486	1946227.098081	1946227.788158	7.590374e-01	61	none	NaN	NaN
141	12	77	88	kitchen	sun_agubuxuukhzyzpdp.tif	1946228.557862	1946228.816448	1946229.506457	8.174249e-01	78	37	1946230.202206	1
141	12	78	81	kitchen	sun_aehawpgmrlhlvcow.tif	1946230.976918	1946231.235513	1946231.925646	8.341070e-01	71	none	NaN	NaN
141	12	79	80	kitchen	sun_aegoxogugdkwpmpj.tif	1946232.695295	1946232.953884	1946233.643891	7.757195e-01	70	none	NaN	NaN
141	12	80	97	kitchen	sun_ajkqhtgcbgpcwrwn.tif	1946234.413662	1946234.672250	1946235.362259	6.839677e-01	87	none	NaN	NaN
141	12	81	63	kitchen	labelme_rykdqxenmhulbdn.tif	1946236.132029	1946236.390619	1946237.080735	6.923088e-01	53	none	NaN	NaN
141	12	82	91	kitchen	sun_ahljzhgcdpomplvg.tif	1946237.850397	1946238.108986	1946238.799019	6.589445e-01	81	none	NaN	NaN
141	12	83	75	kitchen	sun_acgtpgfybqjmzeyw.tif	1946239.568768	1946239.827356	1946240.517437	8.341070e-01	65	none	NaN	NaN
141	12	84	110	kitchen	sun_azmutvzbxypaceni.tif	1946241.287138	1946241.545730	1946242.235800	7.340142e-01	100	none	NaN	NaN
141	12	85	90	kitchen	sun_ahdycvpopffkzzsu.tif	1946243.005503	1946243.264099	1946243.954175	8.174249e-01	80	none	NaN	NaN
141	12	86	95	kitchen	sun_aixorpehvfykdynp.tif	1946244.723876	1946244.982465	1946245.672648	6.756267e-01	85	none	NaN	NaN
141	12	87	105	kitchen	sun_avszsnwsbuqfgzbn.tif	1946246.442246	1946246.700829	1946247.390939	8.257659e-01	95	39	1946248.257999	1
141	12	88	62	kitchen	labelme_kxvouciolcpqplr.tif	1946249.036479	1946249.295071	1946249.985082	6.672856e-01	52	none	NaN	NaN
141	12	89	72	kitchen	sun_abpwyqmlzafvklqo.tif	1946250.746510	1946251.005097	1946251.695409	7.340142e-01	62	none	NaN	NaN
141	12	90	104	kitchen	sun_auticobqsbwgoppi.tif	1946252.464874	1946252.723468	1946253.413609	8.090838e-01	94	none	NaN	NaN
141	12	91	92	kitchen	sun_ahpczsiumwwocjkv.tif	1946254.183244	1946254.441834	1946255.131970	7.006499e-01	82	none	NaN	NaN
141	12	92	84	kitchen	sun_aexklacwqwezaorf.tif	1946255.901612	1946256.160202	1946256.850341	8.424481e-01	74	none	NaN	NaN
141	12	93	79	kitchen	sun_admlmbcdswaszruo.tif	1946257.619985	1946257.878575	1946258.568677	8.090838e-01	69	none	NaN	NaN
141	12	94	107	kitchen	sun_axyyrmzcupyhlivc.tif	1946259.338351	1946259.596940	1946260.287080	7.840606e-01	97	none	NaN	NaN
141	12	95	108	kitchen	sun_aymvwlarqodbwuoc.tif	1946261.056722	1946261.315308	1946262.005490	7.340142e-01	98	none	NaN	NaN
141	12	96	96	kitchen	sun_ajcbwwvdlsvjyzje.tif	1946262.775090	1946263.033681	1946263.723716	8.007427e-01	86	none	NaN	NaN
141	12	97	93	kitchen	sun_ahspylgoovwmwvgk.tif	1946264.493461	1946264.752049	1946265.442114	8.007427e-01	83	none	NaN	NaN
141	12	98	86	kitchen	sun_aggjlwcdjsjcaemh.tif	1946266.211827	1946266.470420	1946267.160557	8.257659e-01	76	none	NaN	NaN
141	12	99	103	kitchen	sun_aunzlwrbjumxhwdj.tif	1946267.930195	1946268.188784	1946268.878819	7.673784e-01	93	none	NaN	NaN
141	12	100	101	kitchen	sun_aqeaevwwwjoqhzvl.tif	1946269.648559	1946269.907153	1946270.597169	8.507891e-01	91	none	NaN	NaN
141	13	1	47	bathroom	sun_apynckhmoftszqoq.tif	1946282.019157	1946282.277740	1946283.034514	7.924016e-01	37	37	1946283.681995	1
141	13	2	39	bathroom	sun_anryaplzeujmzfkd.tif	1946284.454899	1946284.713488	1946285.470238	7.006499e-01	29	none	NaN	NaN
141	13	3	29	bathroom	sun_ahqjwnzgolcaoidx.tif	1946286.240002	1946286.498592	1946287.255477	6.839677e-01	19	none	NaN	NaN
141	13	4	35	bathroom	sun_alotolagknyrgtsk.tif	1946288.025107	1946288.283694	1946289.040418	7.340142e-01	25	none	NaN	NaN
141	13	5	21	bathroom	sun_aggnnqpdorgxpvce.tif	1946289.801865	1946290.060450	1946290.817299	7.506963e-01	11	none	NaN	NaN
141	13	6	23	bathroom	sun_aghyqhbptboemmoq.tif	1946291.586965	1946291.845553	1946292.602365	6.672856e-01	13	39	1946293.450396	1
141	13	7	36	bathroom	sun_ambriybtogmepttm.tif	1946294.222909	1946294.481496	1946295.238227	7.340142e-01	26	none	NaN	NaN
141	13	8	60	bathroom	sun_azqyogdvyhahyram.tif	1946296.008014	1946296.266605	1946297.023495	7.006499e-01	50	none	NaN	NaN
141	13	9	42	bathroom	sun_apeeialkgkuxddgh.tif	1946297.793112	1946298.051704	1946298.808606	8.424481e-01	32	none	NaN	NaN
141	13	10	32	bathroom	sun_aleqenyvunhactkl.tif	1946299.578218	1946299.836801	1946300.593659	7.173320e-01	22	none	NaN	NaN
141	13	11	12	bathroom	sun_aapitsgbtktqubfy.tif	1946301.363313	1946301.621908	1946302.378689	7.840606e-01	2	none	NaN	NaN
141	13	12	54	bathroom	sun_auzqhkafidnkrwmo.tif	1946303.148420	1946303.407005	1946304.163923	8.174249e-01	44	none	NaN	NaN
141	13	13	48	bathroom	sun_aqrpegblszgcoujh.tif	1946304.933522	1946305.192114	1946305.948913	7.673784e-01	38	none	NaN	NaN
141	13	14	56	bathroom	sun_awnqiikzaispgmwo.tif	1946306.718620	1946306.977215	1946307.734131	6.756267e-01	46	none	NaN	NaN
141	13	15	27	bathroom	sun_ahcvzmoyaycdoftf.tif	1946308.503722	1946308.762311	1946309.519215	7.673784e-01	17	39	1946310.425984	1
141	13	16	51	bathroom	sun_atstyziqcmkahyxk.tif	1946311.198061	1946311.456646	1946312.213365	8.007427e-01	41	none	NaN	NaN
141	13	17	22	bathroom	sun_agguqiubmwhqqunb.tif	1946312.974817	1946313.233410	1946313.990150	7.506963e-01	12	none	NaN	NaN
141	13	18	33	bathroom	sun_aljolscmmzydegqp.tif	1946314.759923	1946315.018509	1946315.775260	8.090838e-01	23	none	NaN	NaN
141	13	19	50	bathroom	sun_aspsyogrekjtfozg.tif	1946316.536683	1946316.795267	1946317.551984	7.173320e-01	40	none	NaN	NaN
141	13	20	28	bathroom	sun_ahijqszoswveeyji.tif	1946318.313442	1946318.572027	1946319.328903	6.672856e-01	18	none	NaN	NaN
141	13	21	30	bathroom	sun_ajlawzvmubibwbpy.tif	1946320.098540	1946320.357131	1946321.114035	7.423552e-01	20	none	NaN	NaN
141	13	22	25	bathroom	sun_agyqfjcfkdcydepw.tif	1946321.883646	1946322.142235	1946322.898975	8.257659e-01	15	none	NaN	NaN
141	13	23	57	bathroom	sun_axldvoqbuvuggfmq.tif	1946323.668742	1946323.927336	1946324.684104	8.507891e-01	47	none	NaN	NaN
141	13	24	16	bathroom	sun_acduarbnmmoglmiv.tif	1946325.453845	1946325.712434	1946326.469262	7.757195e-01	6	none	NaN	NaN
141	13	25	55	bathroom	sun_avhrdrntsqrjzccq.tif	1946327.238950	1946327.497540	1946328.254414	7.089909e-01	45	39	1946329.338344	1
141	13	26	45	bathroom	sun_apkxzenqapsujocq.tif	1946330.108454	1946330.367050	1946331.123895	7.590374e-01	35	none	NaN	NaN
141	13	27	44	bathroom	sun_apkruvsevgegsdwp.tif	1946331.893565	1946332.152148	1946332.909063	6.756267e-01	34	none	NaN	NaN
141	13	28	58	bathroom	sun_axxbkopsgyouuebh.tif	1946333.678663	1946333.937254	1946334.694148	8.090838e-01	48	none	NaN	NaN
141	13	29	17	bathroom	sun_acegryoqftbzowsg.tif	1946335.463765	1946335.722357	1946336.479270	8.174249e-01	7	none	NaN	NaN
141	13	30	37	bathroom	sun_amzlamotzwfkwjco.tif	1946337.248866	1946337.507453	1946338.264224	6.672856e-01	27	none	NaN	NaN
141	13	31	19	bathroom	sun_aclfzgynxzxlbepz.tif	1946339.033966	1946339.292557	1946340.049279	8.341070e-01	9	none	NaN	NaN
141	13	32	43	bathroom	sun_apjevzvycyhuqghb.tif	1946340.810728	1946341.069320	1946341.826169	6.589445e-01	33	none	NaN	NaN
141	13	33	26	bathroom	sun_ahaulkltgpkeeemi.tif	1946342.595832	1946342.854423	1946343.611216	6.756267e-01	16	37	1946344.314208	1
141	13	34	52	bathroom	sun_aunuadmjocsddsrl.tif	1946345.089970	1946345.348554	1946346.105404	6.923088e-01	42	none	NaN	NaN
141	13	35	49	bathroom	sun_asfwthctfqerjvxr.tif	1946346.875071	1946347.133657	1946347.890573	7.423552e-01	39	none	NaN	NaN
141	13	36	20	bathroom	sun_afcoljnjfoxjtgja.tif	1946348.660171	1946348.918757	1946349.675682	6.589445e-01	10	none	NaN	NaN
141	13	37	40	bathroom	sun_aofnryafpsjimzsb.tif	1946350.445273	1946350.703864	1946351.460758	6.839677e-01	30	none	NaN	NaN
141	13	38	59	bathroom	sun_axyrejkiiaqiurjk.tif	1946352.230372	1946352.488966	1946353.245690	7.423552e-01	49	none	NaN	NaN
141	13	39	18	bathroom	sun_acgyywnybuveqsro.tif	1946354.015475	1946354.274062	1946355.030959	6.506035e-01	8	none	NaN	NaN
141	13	40	11	bathroom	labelme_sfxiulhjbhlyiyt.tif	1946355.800575	1946356.059167	1946356.816084	8.341070e-01	1	none	NaN	NaN
141	13	41	41	bathroom	sun_aoybiabnpadelefl.tif	1946357.585676	1946357.844270	1946358.600991	6.756267e-01	31	37	1946359.322267	1
141	13	42	13	bathroom	sun_aavhrsfjbserjtht.tif	1946360.096497	1946360.355085	1946361.111794	7.590374e-01	3	none	NaN	NaN
141	13	43	24	bathroom	sun_agrwbmhcpmfuwmsg.tif	1946361.873264	1946362.131847	1946362.888656	8.507891e-01	14	none	NaN	NaN
141	13	44	38	bathroom	sun_anhioqovhscjqqwb.tif	1946363.658358	1946363.916948	1946364.673777	8.090838e-01	28	none	NaN	NaN
141	13	45	34	bathroom	sun_alkosphxlxwjwgjd.tif	1946365.443465	1946365.702054	1946366.458875	7.506963e-01	24	none	NaN	NaN
141	13	46	53	bathroom	sun_ausgutylgojavyoq.tif	1946367.228561	1946367.487151	1946368.243936	8.341070e-01	43	none	NaN	NaN
141	13	47	31	bathroom	sun_akiytfaagpdsphgz.tif	1946369.013667	1946369.272255	1946370.029176	8.007427e-01	21	none	NaN	NaN
141	13	48	46	bathroom	sun_apmqjbnwghzuhhzh.tif	1946370.798770	1946371.057359	1946371.814104	7.089909e-01	36	none	NaN	NaN
141	13	49	14	bathroom	sun_abapwbhyhkfixyex.tif	1946372.583868	1946372.842460	1946373.599269	7.590374e-01	4	none	NaN	NaN
141	13	50	15	bathroom	sun_abjtwfukuwddzted.tif	1946374.368967	1946374.627561	1946375.384420	7.256731e-01	5	39	1946376.146240	1
141	13	51	22	bathroom	sun_agguqiubmwhqqunb.tif	1946376.921498	1946377.180091	1946377.936979	6.923088e-01	12	none	NaN	NaN
141	13	52	57	bathroom	sun_axldvoqbuvuggfmq.tif	1946378.706605	1946378.965191	1946379.721996	8.257659e-01	47	none	NaN	NaN
141	13	53	54	bathroom	sun_auzqhkafidnkrwmo.tif	1946380.491704	1946380.750295	1946381.507144	7.757195e-01	44	none	NaN	NaN
141	13	54	14	bathroom	sun_abapwbhyhkfixyex.tif	1946382.276807	1946382.535392	1946383.292246	7.423552e-01	4	none	NaN	NaN
141	13	55	32	bathroom	sun_aleqenyvunhactkl.tif	1946384.061903	1946384.320496	1946385.077348	8.257659e-01	22	none	NaN	NaN
141	13	56	53	bathroom	sun_ausgutylgojavyoq.tif	1946385.847006	1946386.105600	1946386.862387	7.673784e-01	43	37	1946387.482359	1
141	13	57	43	bathroom	sun_apjevzvycyhuqghb.tif	1946388.257729	1946388.516321	1946389.273040	7.590374e-01	33	none	NaN	NaN
141	13	58	37	bathroom	sun_amzlamotzwfkwjco.tif	1946390.042829	1946390.301412	1946391.058321	6.923088e-01	27	none	NaN	NaN
141	13	59	13	bathroom	sun_aavhrsfjbserjtht.tif	1946391.827930	1946392.086515	1946392.843346	7.173320e-01	3	none	NaN	NaN
141	13	60	50	bathroom	sun_aspsyogrekjtfozg.tif	1946393.613035	1946393.871618	1946394.628501	7.924016e-01	40	none	NaN	NaN
141	13	61	25	bathroom	sun_agyqfjcfkdcydepw.tif	1946395.398134	1946395.656723	1946396.413485	7.089909e-01	15	none	NaN	NaN
141	13	62	16	bathroom	sun_acduarbnmmoglmiv.tif	1946397.183236	1946397.441828	1946398.198644	7.924016e-01	6	none	NaN	NaN
141	13	63	46	bathroom	sun_apmqjbnwghzuhhzh.tif	1946398.968337	1946399.226928	1946399.983845	7.590374e-01	36	none	NaN	NaN
141	13	64	26	bathroom	sun_ahaulkltgpkeeemi.tif	1946400.753443	1946401.012031	1946401.768930	6.923088e-01	16	none	NaN	NaN
141	13	65	56	bathroom	sun_awnqiikzaispgmwo.tif	1946402.538542	1946402.797125	1946403.553940	8.174249e-01	46	none	NaN	NaN
141	13	66	45	bathroom	sun_apkxzenqapsujocq.tif	1946404.323647	1946404.582235	1946405.338977	7.340142e-01	35	37	1946405.994234	1
141	13	67	35	bathroom	sun_alotolagknyrgtsk.tif	1946406.767732	1946407.026328	1946407.783222	6.839677e-01	25	39	1946408.602459	1
141	13	68	38	bathroom	sun_anhioqovhscjqqwb.tif	1946409.378654	1946409.637242	1946410.394056	8.090838e-01	28	none	NaN	NaN
141	13	69	19	bathroom	sun_aclfzgynxzxlbepz.tif	1946411.163757	1946411.422341	1946412.179067	8.424481e-01	9	37	1946412.906259	1
141	13	70	15	bathroom	sun_abjtwfukuwddzted.tif	1946413.682912	1946413.941505	1946414.698283	6.589445e-01	5	none	NaN	NaN
141	13	71	58	bathroom	sun_axxbkopsgyouuebh.tif	1946415.468015	1946415.726608	1946416.483330	8.007427e-01	48	none	NaN	NaN
141	13	72	48	bathroom	sun_aqrpegblszgcoujh.tif	1946417.244775	1946417.503367	1946418.260093	7.506963e-01	38	none	NaN	NaN
141	13	73	34	bathroom	sun_alkosphxlxwjwgjd.tif	1946419.021539	1946419.280125	1946420.036839	8.257659e-01	24	none	NaN	NaN
141	13	74	24	bathroom	sun_agrwbmhcpmfuwmsg.tif	1946420.806638	1946421.065229	1946421.821959	6.506035e-01	14	37	1946422.426201	1
141	13	75	47	bathroom	sun_apynckhmoftszqoq.tif	1946423.200677	1946423.459267	1946424.216113	7.173320e-01	37	none	NaN	NaN
141	13	76	42	bathroom	sun_apeeialkgkuxddgh.tif	1946424.985781	1946425.244390	1946426.001211	7.840606e-01	32	none	NaN	NaN
141	13	77	27	bathroom	sun_ahcvzmoyaycdoftf.tif	1946426.770882	1946427.029475	1946427.786348	7.340142e-01	17	none	NaN	NaN
141	13	78	31	bathroom	sun_akiytfaagpdsphgz.tif	1946428.555983	1946428.814569	1946429.571393	7.256731e-01	21	39	1946430.321983	1
141	13	79	60	bathroom	sun_azqyogdvyhahyram.tif	1946431.100171	1946431.358758	1946432.115663	6.672856e-01	50	none	NaN	NaN
141	13	80	12	bathroom	sun_aapitsgbtktqubfy.tif	1946432.885272	1946433.143863	1946433.900787	7.256731e-01	2	none	NaN	NaN
141	13	81	21	bathroom	sun_aggnnqpdorgxpvce.tif	1946434.670371	1946434.928961	1946435.685834	6.839677e-01	11	none	NaN	NaN
141	13	82	40	bathroom	sun_aofnryafpsjimzsb.tif	1946436.455475	1946436.714063	1946437.470837	8.341070e-01	30	none	NaN	NaN
141	13	83	20	bathroom	sun_afcoljnjfoxjtgja.tif	1946438.240576	1946438.499168	1946439.255882	7.757195e-01	10	none	NaN	NaN
141	13	84	39	bathroom	sun_anryaplzeujmzfkd.tif	1946440.017335	1946440.275928	1946441.032768	7.006499e-01	29	none	NaN	NaN
141	13	85	59	bathroom	sun_axyrejkiiaqiurjk.tif	1946441.802435	1946442.061025	1946442.817778	7.006499e-01	49	none	NaN	NaN
141	13	86	52	bathroom	sun_aunuadmjocsddsrl.tif	1946443.587539	1946443.846128	1946444.602897	7.840606e-01	42	none	NaN	NaN
141	13	87	18	bathroom	sun_acgyywnybuveqsro.tif	1946445.372640	1946445.631235	1946446.388088	8.424481e-01	8	none	NaN	NaN
141	13	88	11	bathroom	labelme_sfxiulhjbhlyiyt.tif	1946447.157747	1946447.416331	1946448.173235	7.089909e-01	1	none	NaN	NaN
141	13	89	28	bathroom	sun_ahijqszoswveeyji.tif	1946448.942844	1946449.201434	1946449.958162	7.673784e-01	18	none	NaN	NaN
141	13	90	44	bathroom	sun_apkruvsevgegsdwp.tif	1946450.727951	1946450.986540	1946451.743300	6.589445e-01	34	none	NaN	NaN
141	13	91	23	bathroom	sun_aghyqhbptboemmoq.tif	1946452.513049	1946452.771636	1946453.528547	8.424481e-01	13	39	1946454.233947	1
141	13	92	51	bathroom	sun_atstyziqcmkahyxk.tif	1946455.007191	1946455.265783	1946456.022640	7.924016e-01	41	none	NaN	NaN
141	13	93	36	bathroom	sun_ambriybtogmepttm.tif	1946456.792286	1946457.050878	1946457.807646	7.757195e-01	26	none	NaN	NaN
141	13	94	30	bathroom	sun_ajlawzvmubibwbpy.tif	1946458.577391	1946458.835979	1946459.592779	6.923088e-01	20	39	1946460.330282	1
141	13	95	33	bathroom	sun_aljolscmmzydegqp.tif	1946461.104895	1946461.363482	1946462.120349	7.840606e-01	23	none	NaN	NaN
141	13	96	17	bathroom	sun_acegryoqftbzowsg.tif	1946462.889993	1946463.148583	1946463.905406	8.174249e-01	7	none	NaN	NaN
141	13	97	41	bathroom	sun_aoybiabnpadelefl.tif	1946464.675097	1946464.933686	1946465.690605	8.257659e-01	31	none	NaN	NaN
141	13	98	55	bathroom	sun_avhrdrntsqrjzccq.tif	1946466.460198	1946466.718790	1946467.475662	7.256731e-01	45	none	NaN	NaN
141	13	99	49	bathroom	sun_asfwthctfqerjvxr.tif	1946468.245300	1946468.503889	1946469.260795	6.506035e-01	39	none	NaN	NaN
141	13	100	29	bathroom	sun_ahqjwnzgolcaoidx.tif	1946470.030407	1946470.288995	1946471.045752	8.007427e-01	19	none	NaN	NaN
141	14	1	74	kitchen	sun_acfmftudsenhrfhy.tif	1946493.436924	1946493.695513	1946494.343905	6.672856e-01	64	none	NaN	NaN
141	14	2	64	kitchen	sun_aadbddgrdsjugojn.tif	1946495.113584	1946495.372177	1946496.020630	7.840606e-01	54	none	NaN	NaN
141	14	3	104	kitchen	sun_auticobqsbwgoppi.tif	1946496.790248	1946497.048835	1946497.697276	8.424481e-01	94	none	NaN	NaN
141	14	4	94	kitchen	sun_ahywdevtimnqcsln.tif	1946498.466908	1946498.725494	1946499.373972	8.507891e-01	84	none	NaN	NaN
141	14	5	92	kitchen	sun_ahpczsiumwwocjkv.tif	1946500.143568	1946500.402153	1946501.050606	6.923088e-01	82	none	NaN	NaN
141	14	6	82	kitchen	sun_aenotlpyftoioydp.tif	1946501.820229	1946502.078821	1946502.727098	7.423552e-01	72	none	NaN	NaN
141	14	7	89	kitchen	sun_agzzivivdpnawacl.tif	1946503.496885	1946503.755477	1946504.403907	6.506035e-01	79	none	NaN	NaN
141	14	8	100	kitchen	sun_amjjdeyrggfqgmom.tif	1946505.173550	1946505.432142	1946506.080505	7.924016e-01	90	none	NaN	NaN
141	14	9	76	kitchen	sun_acwjdupvyjsugpay.tif	1946506.850214	1946507.108801	1946507.757262	7.173320e-01	66	39	1946508.458305	1
141	14	10	70	kitchen	sun_abdxkyyxwfskuaqb.tif	1946509.235904	1946509.494498	1946510.142809	7.089909e-01	60	none	NaN	NaN
141	14	11	86	kitchen	sun_aggjlwcdjsjcaemh.tif	1946510.912571	1946511.171156	1946511.819627	8.424481e-01	76	none	NaN	NaN
141	14	12	107	kitchen	sun_axyyrmzcupyhlivc.tif	1946512.589230	1946512.847824	1946513.496253	7.256731e-01	97	none	NaN	NaN
141	14	13	83	kitchen	sun_aeqdocilnnpuvuhx.tif	1946514.265889	1946514.524477	1946515.172959	6.589445e-01	73	none	NaN	NaN
141	14	14	65	kitchen	sun_aamedkxepzlwuxes.tif	1946515.942551	1946516.201139	1946516.849606	6.589445e-01	55	none	NaN	NaN
141	14	15	105	kitchen	sun_avszsnwsbuqfgzbn.tif	1946517.619213	1946517.877797	1946518.526288	7.340142e-01	95	none	NaN	NaN
141	14	16	68	kitchen	sun_aaxxjlsuzvqlgylf.tif	1946519.295868	1946519.554462	1946520.202863	7.006499e-01	58	37	1946520.946262	1
141	14	17	90	kitchen	sun_ahdycvpopffkzzsu.tif	1946521.723279	1946521.981866	1946522.630271	7.590374e-01	80	none	NaN	NaN
141	14	18	72	kitchen	sun_abpwyqmlzafvklqo.tif	1946523.399938	1946523.658528	1946524.306994	6.923088e-01	62	none	NaN	NaN
141	14	19	101	kitchen	sun_aqeaevwwwjoqhzvl.tif	1946525.076601	1946525.335188	1946525.983545	7.590374e-01	91	none	NaN	NaN
141	14	20	103	kitchen	sun_aunzlwrbjumxhwdj.tif	1946526.753255	1946527.011847	1946527.660192	8.341070e-01	93	none	NaN	NaN
141	14	21	78	kitchen	sun_adgqasybjyktddhj.tif	1946528.429924	1946528.688504	1946529.336822	8.257659e-01	68	none	NaN	NaN
141	14	22	97	kitchen	sun_ajkqhtgcbgpcwrwn.tif	1946530.106579	1946530.365172	1946531.013484	6.506035e-01	87	none	NaN	NaN
141	14	23	99	kitchen	sun_akcjzhbbjlbogpdi.tif	1946531.783245	1946532.041834	1946532.690172	8.424481e-01	89	none	NaN	NaN
141	14	24	108	kitchen	sun_aymvwlarqodbwuoc.tif	1946533.459905	1946533.718495	1946534.366969	7.840606e-01	98	none	NaN	NaN
141	14	25	84	kitchen	sun_aexklacwqwezaorf.tif	1946535.136563	1946535.395153	1946536.043515	8.007427e-01	74	none	NaN	NaN
141	14	26	67	kitchen	sun_aarfiyshqohlwkmo.tif	1946536.813225	1946537.071817	1946537.720272	6.839677e-01	57	37	1946538.514208	1
141	14	27	61	kitchen	labelme_brsyyvweiuaazfr.tif	1946539.290679	1946539.549271	1946540.197579	7.173320e-01	51	none	NaN	NaN
141	14	28	73	kitchen	sun_abrcnpqqhmjwekyf.tif	1946540.967344	1946541.225930	1946541.874306	6.672856e-01	63	none	NaN	NaN
141	14	29	69	kitchen	sun_abdenxonkemggwsq.tif	1946542.644006	1946542.902599	1946543.551029	7.423552e-01	59	none	NaN	NaN
141	14	30	88	kitchen	sun_agubuxuukhzyzpdp.tif	1946544.320660	1946544.579248	1946545.227679	6.589445e-01	78	none	NaN	NaN
141	14	31	85	kitchen	sun_afuyedyxivkhecmu.tif	1946545.997325	1946546.255916	1946546.904235	7.506963e-01	75	none	NaN	NaN
141	14	32	75	kitchen	sun_acgtpgfybqjmzeyw.tif	1946547.673985	1946547.932557	1946548.580999	6.756267e-01	65	none	NaN	NaN
141	14	33	87	kitchen	sun_agorklincwxrdtga.tif	1946549.350649	1946549.609242	1946550.257708	8.090838e-01	77	none	NaN	NaN
141	14	34	102	kitchen	sun_auaiucuqpdausiva.tif	1946551.027307	1946551.285900	1946551.934320	7.006499e-01	92	none	NaN	NaN
141	14	35	95	kitchen	sun_aixorpehvfykdynp.tif	1946552.703968	1946552.962553	1946553.610920	8.090838e-01	85	none	NaN	NaN
141	14	36	109	kitchen	sun_aypmqwcualkenuoe.tif	1946554.380631	1946554.639220	1946555.287527	7.089909e-01	99	none	NaN	NaN
141	14	37	96	kitchen	sun_ajcbwwvdlsvjyzje.tif	1946556.057294	1946556.315882	1946556.964222	6.839677e-01	86	none	NaN	NaN
141	14	38	93	kitchen	sun_ahspylgoovwmwvgk.tif	1946557.733948	1946557.992540	1946558.640875	6.506035e-01	83	none	NaN	NaN
141	14	39	79	kitchen	sun_admlmbcdswaszruo.tif	1946559.402269	1946559.660864	1946560.309175	8.424481e-01	69	39	1946561.058235	1
141	14	40	80	kitchen	sun_aegoxogugdkwpmpj.tif	1946561.829674	1946562.088264	1946562.736684	7.423552e-01	70	none	NaN	NaN
141	14	41	62	kitchen	labelme_kxvouciolcpqplr.tif	1946563.506333	1946563.764926	1946564.413260	7.673784e-01	52	39	1946565.282226	1
141	14	42	71	kitchen	sun_abftihopvusyfakt.tif	1946566.058860	1946566.317453	1946566.965883	8.341070e-01	61	none	NaN	NaN
141	14	43	63	kitchen	labelme_rykdqxenmhulbdn.tif	1946567.735528	1946567.994113	1946568.642478	7.006499e-01	53	37	1946569.682231	1
141	14	44	81	kitchen	sun_aehawpgmrlhlvcow.tif	1946570.454883	1946570.713473	1946571.361865	6.923088e-01	71	none	NaN	NaN
141	14	45	91	kitchen	sun_ahljzhgcdpomplvg.tif	1946572.131544	1946572.390139	1946573.038433	8.174249e-01	81	none	NaN	NaN
141	14	46	77	kitchen	sun_acxkpeoqbwcxfvip.tif	1946573.808209	1946574.066800	1946574.715192	7.340142e-01	67	none	NaN	NaN
141	14	47	110	kitchen	sun_azmutvzbxypaceni.tif	1946575.484868	1946575.743458	1946576.391740	8.257659e-01	100	37	1946577.026096	1
141	14	48	66	kitchen	sun_aapllqyqlykszopd.tif	1946577.803832	1946578.062426	1946578.710827	7.673784e-01	56	none	NaN	NaN
141	14	49	98	kitchen	sun_akchetnepxlcxhsu.tif	1946579.480496	1946579.739081	1946580.387475	8.090838e-01	88	none	NaN	NaN
141	14	50	106	kitchen	sun_awcpdzzznmweyyhv.tif	1946581.157154	1946581.415745	1946582.064132	7.590374e-01	96	none	NaN	NaN
141	14	51	92	kitchen	sun_ahpczsiumwwocjkv.tif	1946582.833819	1946583.092402	1946583.740880	8.257659e-01	82	none	NaN	NaN
141	14	52	80	kitchen	sun_aegoxogugdkwpmpj.tif	1946584.510476	1946584.769070	1946585.417417	7.506963e-01	70	none	NaN	NaN
141	14	53	94	kitchen	sun_ahywdevtimnqcsln.tif	1946586.187138	1946586.445725	1946587.094112	8.174249e-01	84	none	NaN	NaN
141	14	54	89	kitchen	sun_agzzivivdpnawacl.tif	1946587.863797	1946588.122390	1946588.770827	6.756267e-01	79	none	NaN	NaN
141	14	55	97	kitchen	sun_ajkqhtgcbgpcwrwn.tif	1946589.540465	1946589.799051	1946590.447474	7.173320e-01	87	none	NaN	NaN
141	14	56	108	kitchen	sun_aymvwlarqodbwuoc.tif	1946591.217116	1946591.475706	1946592.124132	7.757195e-01	98	37	1946593.034284	1
141	14	57	67	kitchen	sun_aarfiyshqohlwkmo.tif	1946593.811356	1946594.069950	1946594.718339	7.089909e-01	57	none	NaN	NaN
141	14	58	75	kitchen	sun_acgtpgfybqjmzeyw.tif	1946595.488016	1946595.746607	1946596.394920	7.757195e-01	65	none	NaN	NaN
141	14	59	63	kitchen	labelme_rykdqxenmhulbdn.tif	1946597.164679	1946597.423268	1946598.071679	7.506963e-01	53	none	NaN	NaN
141	14	60	73	kitchen	sun_abrcnpqqhmjwekyf.tif	1946598.841347	1946599.099929	1946599.748295	7.340142e-01	63	none	NaN	NaN
141	14	61	76	kitchen	sun_acwjdupvyjsugpay.tif	1946600.518001	1946600.776586	1946601.425065	7.924016e-01	66	none	NaN	NaN
141	14	62	82	kitchen	sun_aenotlpyftoioydp.tif	1946602.194664	1946602.453247	1946603.101672	8.007427e-01	72	none	NaN	NaN
141	14	63	61	kitchen	labelme_brsyyvweiuaazfr.tif	1946603.871325	1946604.129913	1946604.778214	8.007427e-01	51	none	NaN	NaN
141	14	64	64	kitchen	sun_aadbddgrdsjugojn.tif	1946605.547985	1946605.806569	1946606.454869	7.256731e-01	54	none	NaN	NaN
141	14	65	62	kitchen	labelme_kxvouciolcpqplr.tif	1946607.224647	1946607.483239	1946608.131514	8.090838e-01	52	39	1946608.890162	1
141	14	66	86	kitchen	sun_aggjlwcdjsjcaemh.tif	1946609.660391	1946609.918985	1946610.567301	7.840606e-01	76	none	NaN	NaN
141	14	67	91	kitchen	sun_ahljzhgcdpomplvg.tif	1946611.337056	1946611.595643	1946612.244099	8.341070e-01	81	none	NaN	NaN
141	14	68	66	kitchen	sun_aapllqyqlykszopd.tif	1946613.013714	1946613.272303	1946613.920781	8.174249e-01	56	none	NaN	NaN
141	14	69	81	kitchen	sun_aehawpgmrlhlvcow.tif	1946614.690374	1946614.948959	1946615.597341	7.924016e-01	71	none	NaN	NaN
141	14	70	104	kitchen	sun_auticobqsbwgoppi.tif	1946616.367028	1946616.625629	1946617.274000	7.423552e-01	94	none	NaN	NaN
141	14	71	87	kitchen	sun_agorklincwxrdtga.tif	1946618.043699	1946618.302287	1946618.950699	7.840606e-01	77	none	NaN	NaN
141	14	72	78	kitchen	sun_adgqasybjyktddhj.tif	1946619.720360	1946619.978949	1946620.627313	7.256731e-01	68	none	NaN	NaN
141	14	73	99	kitchen	sun_akcjzhbbjlbogpdi.tif	1946621.397017	1946621.655609	1946622.303971	8.007427e-01	89	none	NaN	NaN
141	14	74	105	kitchen	sun_avszsnwsbuqfgzbn.tif	1946623.073675	1946623.332268	1946623.980663	6.839677e-01	95	none	NaN	NaN
141	14	75	77	kitchen	sun_acxkpeoqbwcxfvip.tif	1946624.750340	1946625.008934	1946625.657333	7.673784e-01	67	none	NaN	NaN
141	14	76	69	kitchen	sun_abdenxonkemggwsq.tif	1946626.427000	1946626.685596	1946627.334064	8.341070e-01	59	none	NaN	NaN
141	14	77	88	kitchen	sun_agubuxuukhzyzpdp.tif	1946628.103664	1946628.362247	1946629.010719	6.923088e-01	78	none	NaN	NaN
141	14	78	68	kitchen	sun_aaxxjlsuzvqlgylf.tif	1946629.780324	1946630.038913	1946630.687256	7.506963e-01	58	none	NaN	NaN
141	14	79	96	kitchen	sun_ajcbwwvdlsvjyzje.tif	1946631.456985	1946631.715567	1946632.363918	6.756267e-01	86	none	NaN	NaN
141	14	80	83	kitchen	sun_aeqdocilnnpuvuhx.tif	1946633.133644	1946633.392233	1946634.040570	6.672856e-01	73	37	1946636.170288	0
141	14	81	98	kitchen	sun_akchetnepxlcxhsu.tif	1946636.945751	1946637.204337	1946637.852737	7.006499e-01	88	none	NaN	NaN
141	14	82	74	kitchen	sun_acfmftudsenhrfhy.tif	1946638.622410	1946638.881004	1946639.529318	8.257659e-01	64	none	NaN	NaN
141	14	83	100	kitchen	sun_amjjdeyrggfqgmom.tif	1946640.299078	1946640.557666	1946641.206070	7.924016e-01	90	none	NaN	NaN
141	14	84	90	kitchen	sun_ahdycvpopffkzzsu.tif	1946641.975738	1946642.234328	1946642.882648	8.507891e-01	80	none	NaN	NaN
141	14	85	84	kitchen	sun_aexklacwqwezaorf.tif	1946643.652398	1946643.910987	1946644.559468	7.757195e-01	74	37	1946645.346279	1
141	14	86	71	kitchen	sun_abftihopvusyfakt.tif	1946646.121510	1946646.380100	1946647.028566	6.589445e-01	61	37	1946647.770180	1
141	14	87	72	kitchen	sun_abpwyqmlzafvklqo.tif	1946648.540571	1946648.799167	1946649.447483	7.256731e-01	62	none	NaN	NaN
141	14	88	107	kitchen	sun_axyyrmzcupyhlivc.tif	1946650.217235	1946650.475824	1946651.124266	6.672856e-01	97	37	1946651.650135	1
141	14	89	85	kitchen	sun_afuyedyxivkhecmu.tif	1946652.427757	1946652.686338	1946653.334725	7.089909e-01	75	none	NaN	NaN
141	14	90	109	kitchen	sun_aypmqwcualkenuoe.tif	1946654.104418	1946654.363008	1946655.011440	6.923088e-01	99	none	NaN	NaN
141	14	91	103	kitchen	sun_aunzlwrbjumxhwdj.tif	1946655.781082	1946656.039668	1946656.688104	7.673784e-01	93	none	NaN	NaN
141	14	92	95	kitchen	sun_aixorpehvfykdynp.tif	1946657.457760	1946657.716326	1946658.364658	6.839677e-01	85	none	NaN	NaN
141	14	93	79	kitchen	sun_admlmbcdswaszruo.tif	1946659.134405	1946659.392989	1946660.041392	6.756267e-01	69	39	1946660.858319	1
141	14	94	70	kitchen	sun_abdxkyyxwfskuaqb.tif	1946661.628544	1946661.887130	1946662.535507	7.757195e-01	60	none	NaN	NaN
141	14	95	106	kitchen	sun_awcpdzzznmweyyhv.tif	1946663.305202	1946663.563790	1946664.212344	7.173320e-01	96	39	1946665.554149	1
141	14	96	101	kitchen	sun_aqeaevwwwjoqhzvl.tif	1946666.324860	1946666.583447	1946667.231756	8.174249e-01	91	none	NaN	NaN
141	14	97	93	kitchen	sun_ahspylgoovwmwvgk.tif	1946668.001522	1946668.260111	1946668.908548	7.340142e-01	83	none	NaN	NaN
141	14	98	110	kitchen	sun_azmutvzbxypaceni.tif	1946669.678178	1946669.936771	1946670.585152	7.590374e-01	100	none	NaN	NaN
141	14	99	102	kitchen	sun_auaiucuqpdausiva.tif	1946671.354839	1946671.613431	1946672.261854	7.590374e-01	92	none	NaN	NaN
141	14	100	65	kitchen	sun_aamedkxepzlwuxes.tif	1946673.031504	1946673.290089	1946673.938458	8.257659e-01	55	none	NaN	NaN
141	15	1	55	bathroom	sun_avhrdrntsqrjzccq.tif	1946699.332559	1946699.591144	1946700.281186	6.672856e-01	45	none	NaN	NaN
141	15	2	58	bathroom	sun_axxbkopsgyouuebh.tif	1946701.050928	1946701.309515	1946701.999503	6.506035e-01	48	none	NaN	NaN
141	15	3	29	bathroom	sun_ahqjwnzgolcaoidx.tif	1946702.760948	1946703.019541	1946703.709730	8.090838e-01	19	none	NaN	NaN
141	15	4	28	bathroom	sun_ahijqszoswveeyji.tif	1946704.479324	1946704.737916	1946705.428092	7.673784e-01	18	none	NaN	NaN
141	15	5	13	bathroom	sun_aavhrsfjbserjtht.tif	1946706.197689	1946706.456279	1946707.146332	8.090838e-01	3	none	NaN	NaN
141	15	6	52	bathroom	sun_aunuadmjocsddsrl.tif	1946707.916063	1946708.174652	1946708.864726	7.423552e-01	42	none	NaN	NaN
141	15	7	53	bathroom	sun_ausgutylgojavyoq.tif	1946709.634426	1946709.893020	1946710.583102	7.757195e-01	43	none	NaN	NaN
141	15	8	51	bathroom	sun_atstyziqcmkahyxk.tif	1946711.352801	1946711.611389	1946712.301586	7.006499e-01	41	none	NaN	NaN
141	15	9	37	bathroom	sun_amzlamotzwfkwjco.tif	1946713.071168	1946713.329756	1946714.019801	7.590374e-01	27	none	NaN	NaN
141	15	10	19	bathroom	sun_aclfzgynxzxlbepz.tif	1946714.789536	1946715.048127	1946715.738313	7.924016e-01	9	none	NaN	NaN
141	15	11	57	bathroom	sun_axldvoqbuvuggfmq.tif	1946716.507906	1946716.766498	1946717.456618	7.340142e-01	47	none	NaN	NaN
141	15	12	39	bathroom	sun_anryaplzeujmzfkd.tif	1946718.226271	1946718.484865	1946719.174927	6.756267e-01	29	none	NaN	NaN
141	15	13	27	bathroom	sun_ahcvzmoyaycdoftf.tif	1946719.944646	1946720.203235	1946720.893217	7.590374e-01	17	none	NaN	NaN
141	15	14	12	bathroom	sun_aapitsgbtktqubfy.tif	1946721.654668	1946721.913263	1946722.603271	6.839677e-01	2	none	NaN	NaN
141	15	15	30	bathroom	sun_ajlawzvmubibwbpy.tif	1946723.373038	1946723.631627	1946724.321758	7.006499e-01	20	none	NaN	NaN
141	15	16	26	bathroom	sun_ahaulkltgpkeeemi.tif	1946725.091407	1946725.349999	1946726.040172	8.257659e-01	16	none	NaN	NaN
141	15	17	20	bathroom	sun_afcoljnjfoxjtgja.tif	1946726.809774	1946727.068371	1946727.758462	6.672856e-01	10	37	1946728.410236	1
141	15	18	22	bathroom	sun_agguqiubmwhqqunb.tif	1946729.187131	1946729.445720	1946730.135765	8.341070e-01	12	none	NaN	NaN
141	15	19	15	bathroom	sun_abjtwfukuwddzted.tif	1946730.905502	1946731.164090	1946731.854264	8.424481e-01	5	none	NaN	NaN
141	15	20	41	bathroom	sun_aoybiabnpadelefl.tif	1946732.623871	1946732.882463	1946733.572529	7.340142e-01	31	none	NaN	NaN
141	15	21	18	bathroom	sun_acgyywnybuveqsro.tif	1946734.342243	1946734.600834	1946735.290895	7.840606e-01	8	none	NaN	NaN
141	15	22	17	bathroom	sun_acegryoqftbzowsg.tif	1946736.060605	1946736.319197	1946737.009307	8.341070e-01	7	none	NaN	NaN
141	15	23	14	bathroom	sun_abapwbhyhkfixyex.tif	1946737.778978	1946738.037568	1946738.727613	7.757195e-01	4	39	1946739.506304	1
141	15	24	44	bathroom	sun_apkruvsevgegsdwp.tif	1946740.281455	1946740.540047	1946741.230199	8.174249e-01	34	none	NaN	NaN
141	15	25	32	bathroom	sun_aleqenyvunhactkl.tif	1946741.999827	1946742.258415	1946742.948480	6.839677e-01	22	39	1946743.834263	1
141	15	26	49	bathroom	sun_asfwthctfqerjvxr.tif	1946744.610747	1946744.869335	1946745.559399	7.089909e-01	39	none	NaN	NaN
141	15	27	48	bathroom	sun_aqrpegblszgcoujh.tif	1946746.320775	1946746.579359	1946747.269418	7.924016e-01	38	none	NaN	NaN
141	15	28	50	bathroom	sun_aspsyogrekjtfozg.tif	1946748.039138	1946748.297730	1946748.987810	7.089909e-01	40	none	NaN	NaN
141	15	29	47	bathroom	sun_apynckhmoftszqoq.tif	1946749.757509	1946750.016097	1946750.706273	7.924016e-01	37	none	NaN	NaN
141	15	30	60	bathroom	sun_azqyogdvyhahyram.tif	1946751.475880	1946751.734468	1946752.424667	8.257659e-01	50	none	NaN	NaN
141	15	31	38	bathroom	sun_anhioqovhscjqqwb.tif	1946753.194248	1946753.452838	1946754.142932	8.257659e-01	28	none	NaN	NaN
141	15	32	34	bathroom	sun_alkosphxlxwjwgjd.tif	1946754.912615	1946755.171204	1946755.861254	7.423552e-01	24	none	NaN	NaN
141	15	33	56	bathroom	sun_awnqiikzaispgmwo.tif	1946756.622642	1946756.881236	1946757.571214	8.507891e-01	46	none	NaN	NaN
141	15	34	35	bathroom	sun_alotolagknyrgtsk.tif	1946758.332673	1946758.591258	1946759.281385	7.673784e-01	25	none	NaN	NaN
141	15	35	16	bathroom	sun_acduarbnmmoglmiv.tif	1946760.051038	1946760.309629	1946760.999621	7.256731e-01	6	none	NaN	NaN
141	15	36	42	bathroom	sun_apeeialkgkuxddgh.tif	1946761.761066	1946762.019661	1946762.709688	6.923088e-01	32	none	NaN	NaN
141	15	37	40	bathroom	sun_aofnryafpsjimzsb.tif	1946763.479439	1946763.738024	1946764.428086	8.424481e-01	30	none	NaN	NaN
141	15	38	45	bathroom	sun_apkxzenqapsujocq.tif	1946765.197804	1946765.456396	1946766.146483	7.089909e-01	35	37	1946766.722274	1
141	15	39	59	bathroom	sun_axyrejkiiaqiurjk.tif	1946767.500085	1946767.758678	1946768.448760	7.173320e-01	49	none	NaN	NaN
141	15	40	46	bathroom	sun_apmqjbnwghzuhhzh.tif	1946769.218455	1946769.477047	1946770.167185	6.923088e-01	36	39	1946770.921953	1
141	15	41	43	bathroom	sun_apjevzvycyhuqghb.tif	1946771.695908	1946771.954503	1946772.644633	8.341070e-01	33	none	NaN	NaN
141	15	42	54	bathroom	sun_auzqhkafidnkrwmo.tif	1946773.414275	1946773.672872	1946774.362898	7.006499e-01	44	37	1946775.210133	1
141	15	43	23	bathroom	sun_aghyqhbptboemmoq.tif	1946775.983491	1946776.242080	1946776.932165	8.007427e-01	13	none	NaN	NaN
141	15	44	33	bathroom	sun_aljolscmmzydegqp.tif	1946777.701859	1946777.960449	1946778.650482	7.840606e-01	23	none	NaN	NaN
141	15	45	25	bathroom	sun_agyqfjcfkdcydepw.tif	1946779.420228	1946779.678819	1946780.369006	8.174249e-01	15	none	NaN	NaN
141	15	46	11	bathroom	labelme_sfxiulhjbhlyiyt.tif	1946781.138597	1946781.397189	1946782.087231	7.173320e-01	1	none	NaN	NaN
141	15	47	24	bathroom	sun_agrwbmhcpmfuwmsg.tif	1946782.856969	1946783.115554	1946783.805741	7.340142e-01	14	none	NaN	NaN
141	15	48	21	bathroom	sun_aggnnqpdorgxpvce.tif	1946784.575334	1946784.833920	1946785.523997	8.341070e-01	11	none	NaN	NaN
141	15	49	36	bathroom	sun_ambriybtogmepttm.tif	1946786.285363	1946786.543955	1946787.234022	7.506963e-01	26	39	1946787.978246	1
141	15	50	31	bathroom	sun_akiytfaagpdsphgz.tif	1946788.754472	1946789.013067	1946789.703138	7.924016e-01	21	none	NaN	NaN
141	15	51	51	bathroom	sun_atstyziqcmkahyxk.tif	1946790.472846	1946790.731433	1946791.421450	6.756267e-01	41	none	NaN	NaN
141	15	52	34	bathroom	sun_alkosphxlxwjwgjd.tif	1946792.191211	1946792.449801	1946793.139883	6.672856e-01	24	37	1946793.802166	1
141	15	53	20	bathroom	sun_afcoljnjfoxjtgja.tif	1946794.576911	1946794.835500	1946795.525511	7.256731e-01	10	39	1946796.234082	1
141	15	54	52	bathroom	sun_aunuadmjocsddsrl.tif	1946797.004312	1946797.262909	1946797.953006	7.256731e-01	42	39	1946798.994284	1
141	15	55	22	bathroom	sun_agguqiubmwhqqunb.tif	1946799.765386	1946800.023973	1946800.714168	7.673784e-01	12	none	NaN	NaN
141	15	56	33	bathroom	sun_aljolscmmzydegqp.tif	1946801.483755	1946801.742342	1946802.432468	6.923088e-01	23	none	NaN	NaN
141	15	57	41	bathroom	sun_aoybiabnpadelefl.tif	1946803.202119	1946803.460710	1946804.150822	8.174249e-01	31	none	NaN	NaN
141	15	58	13	bathroom	sun_aavhrsfjbserjtht.tif	1946804.920495	1946805.179081	1946805.869256	6.589445e-01	3	none	NaN	NaN
141	15	59	57	bathroom	sun_axldvoqbuvuggfmq.tif	1946806.638862	1946806.897448	1946807.587596	8.424481e-01	47	none	NaN	NaN
141	15	60	50	bathroom	sun_aspsyogrekjtfozg.tif	1946808.357231	1946808.615820	1946809.305959	6.923088e-01	40	none	NaN	NaN
141	15	61	37	bathroom	sun_amzlamotzwfkwjco.tif	1946810.075599	1946810.334191	1946811.024381	6.506035e-01	27	none	NaN	NaN
141	15	62	32	bathroom	sun_aleqenyvunhactkl.tif	1946811.793966	1946812.052557	1946812.742656	6.589445e-01	22	none	NaN	NaN
141	15	63	19	bathroom	sun_aclfzgynxzxlbepz.tif	1946813.512335	1946813.770927	1946814.461067	7.506963e-01	9	none	NaN	NaN
141	15	64	43	bathroom	sun_apjevzvycyhuqghb.tif	1946815.230700	1946815.489292	1946816.179434	7.423552e-01	33	none	NaN	NaN
141	15	65	42	bathroom	sun_apeeialkgkuxddgh.tif	1946816.949073	1946817.207662	1946817.897797	6.756267e-01	32	none	NaN	NaN
141	15	66	12	bathroom	sun_aapitsgbtktqubfy.tif	1946818.667443	1946818.926033	1946819.616135	7.173320e-01	2	none	NaN	NaN
141	15	67	46	bathroom	sun_apmqjbnwghzuhhzh.tif	1946820.385811	1946820.644399	1946821.334565	6.672856e-01	36	none	NaN	NaN
141	15	68	15	bathroom	sun_abjtwfukuwddzted.tif	1946822.104181	1946822.362768	1946823.052949	7.006499e-01	5	none	NaN	NaN
141	15	69	60	bathroom	sun_azqyogdvyhahyram.tif	1946823.822553	1946824.081143	1946824.771183	7.256731e-01	50	none	NaN	NaN
141	15	70	21	bathroom	sun_aggnnqpdorgxpvce.tif	1946825.540916	1946825.799507	1946826.489491	8.424481e-01	11	none	NaN	NaN
141	15	71	53	bathroom	sun_ausgutylgojavyoq.tif	1946827.250949	1946827.509536	1946828.199673	7.840606e-01	43	37	1946828.873931	1
141	15	72	58	bathroom	sun_axxbkopsgyouuebh.tif	1946829.644985	1946829.903571	1946830.593606	7.340142e-01	48	none	NaN	NaN
141	15	73	27	bathroom	sun_ahcvzmoyaycdoftf.tif	1946831.355009	1946831.613601	1946832.303639	8.174249e-01	17	none	NaN	NaN
141	15	74	18	bathroom	sun_acgyywnybuveqsro.tif	1946833.073381	1946833.331970	1946834.022101	7.590374e-01	8	none	NaN	NaN
141	15	75	30	bathroom	sun_ajlawzvmubibwbpy.tif	1946834.791748	1946835.050341	1946835.740362	6.839677e-01	20	none	NaN	NaN
141	15	76	24	bathroom	sun_agrwbmhcpmfuwmsg.tif	1946836.510115	1946836.768714	1946837.458872	8.090838e-01	14	none	NaN	NaN
141	15	77	54	bathroom	sun_auzqhkafidnkrwmo.tif	1946838.228487	1946838.487076	1946839.177059	6.756267e-01	44	none	NaN	NaN
141	15	78	48	bathroom	sun_aqrpegblszgcoujh.tif	1946839.946858	1946840.205448	1946840.895443	7.506963e-01	38	none	NaN	NaN
141	15	79	25	bathroom	sun_agyqfjcfkdcydepw.tif	1946841.656885	1946841.915470	1946842.605671	7.673784e-01	15	none	NaN	NaN
141	15	80	38	bathroom	sun_anhioqovhscjqqwb.tif	1946843.375251	1946843.633843	1946844.323873	7.423552e-01	28	none	NaN	NaN
141	15	81	44	bathroom	sun_apkruvsevgegsdwp.tif	1946845.093622	1946845.352211	1946846.042300	8.257659e-01	34	none	NaN	NaN
141	15	82	55	bathroom	sun_avhrdrntsqrjzccq.tif	1946846.811992	1946847.070584	1946847.760744	8.007427e-01	45	none	NaN	NaN
141	15	83	28	bathroom	sun_ahijqszoswveeyji.tif	1946848.530361	1946848.788955	1946849.479000	8.007427e-01	18	none	NaN	NaN
141	15	84	47	bathroom	sun_apynckhmoftszqoq.tif	1946850.248730	1946850.507319	1946851.197422	7.506963e-01	37	none	NaN	NaN
141	15	85	36	bathroom	sun_ambriybtogmepttm.tif	1946851.967101	1946852.225686	1946852.915718	7.089909e-01	26	none	NaN	NaN
141	15	86	14	bathroom	sun_abapwbhyhkfixyex.tif	1946853.685467	1946853.944056	1946854.634643	7.173320e-01	4	39	1946856.369926	0
141	15	87	26	bathroom	sun_ahaulkltgpkeeemi.tif	1946857.147231	1946857.405818	1946858.095963	7.590374e-01	16	39	1946859.114224	1
141	15	88	23	bathroom	sun_aghyqhbptboemmoq.tif	1946859.891616	1946860.150200	1946860.840205	7.840606e-01	13	none	NaN	NaN
141	15	89	45	bathroom	sun_apkxzenqapsujocq.tif	1946861.601642	1946861.860237	1946862.550390	6.506035e-01	35	none	NaN	NaN
141	15	90	16	bathroom	sun_acduarbnmmoglmiv.tif	1946863.320012	1946863.578602	1946864.268733	8.507891e-01	6	39	1946865.034111	1
141	15	91	17	bathroom	sun_acegryoqftbzowsg.tif	1946865.805801	1946866.064392	1946866.754440	6.589445e-01	7	none	NaN	NaN
141	15	92	29	bathroom	sun_ahqjwnzgolcaoidx.tif	1946867.524176	1946867.782767	1946868.472922	6.839677e-01	19	none	NaN	NaN
141	15	93	40	bathroom	sun_aofnryafpsjimzsb.tif	1946869.242548	1946869.501131	1946870.191220	8.257659e-01	30	none	NaN	NaN
141	15	94	56	bathroom	sun_awnqiikzaispgmwo.tif	1946870.960916	1946871.219500	1946871.909573	8.090838e-01	46	none	NaN	NaN
141	15	95	31	bathroom	sun_akiytfaagpdsphgz.tif	1946872.679286	1946872.937867	1946873.628021	8.007427e-01	21	none	NaN	NaN
141	15	96	35	bathroom	sun_alotolagknyrgtsk.tif	1946874.397651	1946874.656240	1946875.346241	7.757195e-01	25	37	1946876.242235	1
141	15	97	49	bathroom	sun_asfwthctfqerjvxr.tif	1946877.016914	1946877.275503	1946877.965534	7.757195e-01	39	none	NaN	NaN
141	15	98	39	bathroom	sun_anryaplzeujmzfkd.tif	1946878.735278	1946878.993866	1946879.684031	7.590374e-01	29	none	NaN	NaN
141	15	99	59	bathroom	sun_axyrejkiiaqiurjk.tif	1946880.453648	1946880.712243	1946881.402360	6.589445e-01	49	none	NaN	NaN
141	15	100	11	bathroom	labelme_sfxiulhjbhlyiyt.tif	1946882.163674	1946882.422269	1946883.112422	6.923088e-01	1	none	NaN	NaN
141	16	1	100	kitchen	sun_amjjdeyrggfqgmom.tif	1946902.342002	1946902.600592	1946903.323973	6.756267e-01	90	39	1946904.378147	1
141	16	2	86	kitchen	sun_aggjlwcdjsjcaemh.tif	1946905.153114	1946905.411714	1946906.135105	8.341070e-01	76	none	NaN	NaN
141	16	3	64	kitchen	sun_aadbddgrdsjugojn.tif	1946906.904854	1946907.163447	1946907.886896	8.090838e-01	54	none	NaN	NaN
141	16	4	93	kitchen	sun_ahspylgoovwmwvgk.tif	1946908.656593	1946908.915178	1946909.638743	8.341070e-01	83	none	NaN	NaN
141	16	5	69	kitchen	sun_abdenxonkemggwsq.tif	1946910.408326	1946910.666914	1946911.390364	7.006499e-01	59	none	NaN	NaN
141	16	6	91	kitchen	sun_ahljzhgcdpomplvg.tif	1946912.160060	1946912.418647	1946913.142101	8.174249e-01	81	none	NaN	NaN
141	16	7	72	kitchen	sun_abpwyqmlzafvklqo.tif	1946913.911793	1946914.170380	1946914.893941	7.506963e-01	62	none	NaN	NaN
141	16	8	81	kitchen	sun_aehawpgmrlhlvcow.tif	1946915.663530	1946915.922119	1946916.645567	8.257659e-01	71	none	NaN	NaN
141	16	9	103	kitchen	sun_aunzlwrbjumxhwdj.tif	1946917.415270	1946917.673857	1946918.397299	7.590374e-01	93	none	NaN	NaN
141	16	10	74	kitchen	sun_acfmftudsenhrfhy.tif	1946919.167003	1946919.425584	1946920.149012	7.006499e-01	64	none	NaN	NaN
141	16	11	68	kitchen	sun_aaxxjlsuzvqlgylf.tif	1946920.918739	1946921.177323	1946921.900688	7.423552e-01	58	none	NaN	NaN
141	16	12	107	kitchen	sun_axyyrmzcupyhlivc.tif	1946922.662127	1946922.920718	1946923.644201	7.006499e-01	97	none	NaN	NaN
141	16	13	79	kitchen	sun_admlmbcdswaszruo.tif	1946924.413866	1946924.672455	1946925.396015	6.756267e-01	69	none	NaN	NaN
141	16	14	110	kitchen	sun_azmutvzbxypaceni.tif	1946926.165603	1946926.424187	1946927.147713	7.590374e-01	100	none	NaN	NaN
141	16	15	66	kitchen	sun_aapllqyqlykszopd.tif	1946927.917338	1946928.175931	1946928.899461	7.757195e-01	56	none	NaN	NaN
141	16	16	61	kitchen	labelme_brsyyvweiuaazfr.tif	1946929.669075	1946929.927662	1946930.651145	7.340142e-01	51	none	NaN	NaN
141	16	17	106	kitchen	sun_awcpdzzznmweyyhv.tif	1946931.420806	1946931.679395	1946932.402748	7.506963e-01	96	none	NaN	NaN
141	16	18	75	kitchen	sun_acgtpgfybqjmzeyw.tif	1946933.164204	1946933.422790	1946934.146210	7.340142e-01	65	none	NaN	NaN
141	16	19	99	kitchen	sun_akcjzhbbjlbogpdi.tif	1946934.915940	1946935.174526	1946935.897875	6.672856e-01	89	none	NaN	NaN
141	16	20	108	kitchen	sun_aymvwlarqodbwuoc.tif	1946936.667672	1946936.926260	1946937.649626	6.589445e-01	98	none	NaN	NaN
141	16	21	76	kitchen	sun_acwjdupvyjsugpay.tif	1946938.419407	1946938.677997	1946939.401522	7.924016e-01	66	none	NaN	NaN
141	16	22	85	kitchen	sun_afuyedyxivkhecmu.tif	1946940.171143	1946940.429729	1946941.153249	8.257659e-01	75	none	NaN	NaN
141	16	23	105	kitchen	sun_avszsnwsbuqfgzbn.tif	1946941.922879	1946942.181460	1946942.904821	8.007427e-01	95	none	NaN	NaN
141	16	24	65	kitchen	sun_aamedkxepzlwuxes.tif	1946943.666271	1946943.924862	1946944.648301	7.173320e-01	55	none	NaN	NaN
141	16	25	95	kitchen	sun_aixorpehvfykdynp.tif	1946945.418008	1946945.676597	1946946.400051	8.424481e-01	85	none	NaN	NaN
141	16	26	80	kitchen	sun_aegoxogugdkwpmpj.tif	1946947.169740	1946947.428331	1946948.151706	8.174249e-01	70	none	NaN	NaN
141	16	27	78	kitchen	sun_adgqasybjyktddhj.tif	1946948.921476	1946949.180066	1946949.903431	8.341070e-01	68	37	1946950.722142	1
141	16	28	96	kitchen	sun_ajcbwwvdlsvjyzje.tif	1946951.499035	1946951.757624	1946952.481098	7.340142e-01	86	none	NaN	NaN
141	16	29	84	kitchen	sun_aexklacwqwezaorf.tif	1946953.250769	1946953.509379	1946954.232877	7.673784e-01	74	none	NaN	NaN
141	16	30	62	kitchen	labelme_kxvouciolcpqplr.tif	1946955.002503	1946955.261095	1946955.984565	6.589445e-01	52	none	NaN	NaN
141	16	31	88	kitchen	sun_agubuxuukhzyzpdp.tif	1946956.754183	1946957.012832	1946957.736139	6.756267e-01	78	none	NaN	NaN
141	16	32	63	kitchen	labelme_rykdqxenmhulbdn.tif	1946958.497632	1946958.756222	1946959.479716	6.672856e-01	53	none	NaN	NaN
141	16	33	71	kitchen	sun_abftihopvusyfakt.tif	1946960.249364	1946960.507952	1946961.231473	8.257659e-01	61	none	NaN	NaN
141	16	34	83	kitchen	sun_aeqdocilnnpuvuhx.tif	1946962.001098	1946962.259688	1946962.983110	6.839677e-01	73	none	NaN	NaN
141	16	35	104	kitchen	sun_auticobqsbwgoppi.tif	1946963.752838	1946964.011428	1946964.734826	7.256731e-01	94	none	NaN	NaN
141	16	36	92	kitchen	sun_ahpczsiumwwocjkv.tif	1946965.504574	1946965.763158	1946966.486561	7.757195e-01	82	none	NaN	NaN
141	16	37	97	kitchen	sun_ajkqhtgcbgpcwrwn.tif	1946967.256306	1946967.514899	1946968.238360	7.256731e-01	87	37	1946969.018305	1
141	16	38	94	kitchen	sun_ahywdevtimnqcsln.tif	1946969.792154	1946970.050738	1946970.774258	8.174249e-01	84	none	NaN	NaN
141	16	39	67	kitchen	sun_aarfiyshqohlwkmo.tif	1946971.543888	1946971.802481	1946972.526036	7.924016e-01	57	39	1946973.418205	0
141	16	40	98	kitchen	sun_akchetnepxlcxhsu.tif	1946974.196517	1946974.455107	1946975.178582	7.506963e-01	88	none	NaN	NaN
141	16	41	77	kitchen	sun_acxkpeoqbwcxfvip.tif	1946975.948251	1946976.206842	1946976.930295	8.007427e-01	67	none	NaN	NaN
141	16	42	73	kitchen	sun_abrcnpqqhmjwekyf.tif	1946977.699990	1946977.958578	1946978.682118	6.839677e-01	63	37	1946979.305933	1
141	16	43	87	kitchen	sun_agorklincwxrdtga.tif	1946980.077342	1946980.335932	1946981.059297	6.506035e-01	77	none	NaN	NaN
141	16	44	89	kitchen	sun_agzzivivdpnawacl.tif	1946981.820734	1946982.079327	1946982.802774	8.507891e-01	79	none	NaN	NaN
141	16	45	101	kitchen	sun_aqeaevwwwjoqhzvl.tif	1946983.572473	1946983.831062	1946984.554442	7.840606e-01	91	none	NaN	NaN
141	16	46	90	kitchen	sun_ahdycvpopffkzzsu.tif	1946985.324207	1946985.582793	1946986.306269	6.923088e-01	80	none	NaN	NaN
141	16	47	102	kitchen	sun_auaiucuqpdausiva.tif	1946987.075942	1946987.334529	1946988.057926	7.506963e-01	92	none	NaN	NaN
141	16	48	82	kitchen	sun_aenotlpyftoioydp.tif	1946988.819339	1946989.077927	1946989.801298	7.673784e-01	72	none	NaN	NaN
141	16	49	70	kitchen	sun_abdxkyyxwfskuaqb.tif	1946990.571072	1946990.829662	1946991.553070	7.757195e-01	60	none	NaN	NaN
141	16	50	109	kitchen	sun_aypmqwcualkenuoe.tif	1946992.322804	1946992.581395	1946993.304767	7.089909e-01	99	none	NaN	NaN
141	16	51	62	kitchen	labelme_kxvouciolcpqplr.tif	1946994.074544	1946994.333125	1946995.056646	7.840606e-01	52	none	NaN	NaN
141	16	52	73	kitchen	sun_abrcnpqqhmjwekyf.tif	1946995.826275	1946996.084867	1946996.808423	7.757195e-01	63	39	1946997.394177	1
141	16	53	99	kitchen	sun_akcjzhbbjlbogpdi.tif	1946998.170263	1946998.428855	1946999.152202	7.924016e-01	89	none	NaN	NaN
141	16	54	87	kitchen	sun_agorklincwxrdtga.tif	1946999.913632	1947000.172255	1947000.895580	7.673784e-01	77	none	NaN	NaN
141	16	55	102	kitchen	sun_auaiucuqpdausiva.tif	1947001.657052	1947001.915642	1947002.639037	7.423552e-01	92	none	NaN	NaN
141	16	56	81	kitchen	sun_aehawpgmrlhlvcow.tif	1947003.408790	1947003.667378	1947004.390905	6.756267e-01	71	37	1947005.034249	1
141	16	57	106	kitchen	sun_awcpdzzznmweyyhv.tif	1947005.811174	1947006.069758	1947006.793135	6.923088e-01	96	39	1947007.714117	1
141	16	58	86	kitchen	sun_aggjlwcdjsjcaemh.tif	1947008.488818	1947008.747406	1947009.470853	7.089909e-01	76	none	NaN	NaN
141	16	59	82	kitchen	sun_aenotlpyftoioydp.tif	1947010.240557	1947010.499149	1947011.222653	6.672856e-01	72	none	NaN	NaN
141	16	60	64	kitchen	sun_aadbddgrdsjugojn.tif	1947011.992287	1947012.250880	1947012.974234	7.840606e-01	54	37	1947013.730055	1
141	16	61	95	kitchen	sun_aixorpehvfykdynp.tif	1947014.503113	1947014.761704	1947015.485212	6.923088e-01	85	none	NaN	NaN
141	16	62	85	kitchen	sun_afuyedyxivkhecmu.tif	1947016.254847	1947016.513435	1947017.236828	8.090838e-01	75	none	NaN	NaN
141	16	63	61	kitchen	labelme_brsyyvweiuaazfr.tif	1947018.006585	1947018.265172	1947018.988571	7.340142e-01	51	none	NaN	NaN
141	16	64	104	kitchen	sun_auticobqsbwgoppi.tif	1947019.758318	1947020.016909	1947020.740392	7.173320e-01	94	none	NaN	NaN
141	16	65	84	kitchen	sun_aexklacwqwezaorf.tif	1947021.510053	1947021.768643	1947022.492166	8.174249e-01	74	none	NaN	NaN
141	16	66	94	kitchen	sun_ahywdevtimnqcsln.tif	1947023.261791	1947023.520383	1947024.243847	7.423552e-01	84	none	NaN	NaN
141	16	67	88	kitchen	sun_agubuxuukhzyzpdp.tif	1947025.013523	1947025.272115	1947025.995633	6.589445e-01	78	none	NaN	NaN
141	16	68	67	kitchen	sun_aarfiyshqohlwkmo.tif	1947026.765261	1947027.023844	1947027.747377	8.257659e-01	57	none	NaN	NaN
141	16	69	71	kitchen	sun_abftihopvusyfakt.tif	1947028.508657	1947028.767241	1947029.490699	6.923088e-01	61	none	NaN	NaN
141	16	70	93	kitchen	sun_ahspylgoovwmwvgk.tif	1947030.260386	1947030.518976	1947031.242392	6.923088e-01	83	none	NaN	NaN
141	16	71	76	kitchen	sun_acwjdupvyjsugpay.tif	1947032.012122	1947032.270714	1947032.994214	8.007427e-01	66	39	1947033.921925	1
141	16	72	77	kitchen	sun_acxkpeoqbwcxfvip.tif	1947034.698119	1947034.956711	1947035.680231	8.424481e-01	67	none	NaN	NaN
141	16	73	89	kitchen	sun_agzzivivdpnawacl.tif	1947036.449848	1947036.708443	1947037.431852	7.089909e-01	79	39	1947038.162235	1
141	16	74	66	kitchen	sun_aapllqyqlykszopd.tif	1947038.935649	1947039.194239	1947039.917675	6.506035e-01	56	none	NaN	NaN
141	16	75	100	kitchen	sun_amjjdeyrggfqgmom.tif	1947040.687385	1947040.945975	1947041.669359	7.423552e-01	90	39	1947042.521917	1
141	16	76	63	kitchen	labelme_rykdqxenmhulbdn.tif	1947043.298307	1947043.556893	1947044.280252	7.924016e-01	53	none	NaN	NaN
141	16	77	108	kitchen	sun_aymvwlarqodbwuoc.tif	1947045.041696	1947045.300285	1947046.023644	8.090838e-01	98	none	NaN	NaN
141	16	78	105	kitchen	sun_avszsnwsbuqfgzbn.tif	1947046.785095	1947047.043683	1947047.767147	7.590374e-01	95	39	1947048.578158	1
141	16	79	75	kitchen	sun_acgtpgfybqjmzeyw.tif	1947049.354306	1947049.612896	1947050.336238	7.173320e-01	65	37	1947051.218074	1
141	16	80	79	kitchen	sun_admlmbcdswaszruo.tif	1947051.990247	1947052.248842	1947052.972261	8.341070e-01	69	none	NaN	NaN
141	16	81	68	kitchen	sun_aaxxjlsuzvqlgylf.tif	1947053.741987	1947054.000572	1947054.724102	8.424481e-01	58	none	NaN	NaN
141	16	82	83	kitchen	sun_aeqdocilnnpuvuhx.tif	1947055.493718	1947055.752306	1947056.475696	7.173320e-01	73	none	NaN	NaN
141	16	83	78	kitchen	sun_adgqasybjyktddhj.tif	1947057.245455	1947057.504040	1947058.227574	6.589445e-01	68	none	NaN	NaN
141	16	84	74	kitchen	sun_acfmftudsenhrfhy.tif	1947058.997192	1947059.255776	1947059.979125	8.090838e-01	64	39	1947060.641909	1
141	16	85	90	kitchen	sun_ahdycvpopffkzzsu.tif	1947061.416259	1947061.674842	1947062.398209	8.424481e-01	80	none	NaN	NaN
141	16	86	65	kitchen	sun_aamedkxepzlwuxes.tif	1947063.167985	1947063.426579	1947064.150073	8.257659e-01	55	none	NaN	NaN
141	16	87	98	kitchen	sun_akchetnepxlcxhsu.tif	1947064.919718	1947065.178311	1947065.901869	7.089909e-01	88	none	NaN	NaN
141	16	88	80	kitchen	sun_aegoxogugdkwpmpj.tif	1947066.671460	1947066.930051	1947067.653525	7.256731e-01	70	none	NaN	NaN
141	16	89	70	kitchen	sun_abdxkyyxwfskuaqb.tif	1947068.423193	1947068.681783	1947069.405261	7.590374e-01	60	none	NaN	NaN
141	16	90	96	kitchen	sun_ajcbwwvdlsvjyzje.tif	1947070.174929	1947070.433523	1947071.156914	6.839677e-01	86	none	NaN	NaN
141	16	91	91	kitchen	sun_ahljzhgcdpomplvg.tif	1947071.926667	1947072.185257	1947072.908656	7.590374e-01	81	none	NaN	NaN
141	16	92	110	kitchen	sun_azmutvzbxypaceni.tif	1947073.678401	1947073.936987	1947074.660518	6.672856e-01	100	none	NaN	NaN
141	16	93	97	kitchen	sun_ajkqhtgcbgpcwrwn.tif	1947075.430135	1947075.688725	1947076.412268	7.840606e-01	87	none	NaN	NaN
141	16	94	109	kitchen	sun_aypmqwcualkenuoe.tif	1947077.181875	1947077.440463	1947078.163914	6.839677e-01	99	none	NaN	NaN
141	16	95	101	kitchen	sun_aqeaevwwwjoqhzvl.tif	1947078.933607	1947079.192199	1947079.915667	6.506035e-01	91	none	NaN	NaN
141	16	96	72	kitchen	sun_abpwyqmlzafvklqo.tif	1947080.685342	1947080.943931	1947081.667386	8.507891e-01	62	none	NaN	NaN
141	16	97	107	kitchen	sun_axyyrmzcupyhlivc.tif	1947082.437078	1947082.695663	1947083.419072	7.006499e-01	97	none	NaN	NaN
141	16	98	92	kitchen	sun_ahpczsiumwwocjkv.tif	1947084.188812	1947084.447404	1947085.170939	7.673784e-01	82	none	NaN	NaN
141	16	99	69	kitchen	sun_abdenxonkemggwsq.tif	1947085.940547	1947086.199138	1947086.922502	7.256731e-01	59	none	NaN	NaN
141	16	100	103	kitchen	sun_aunzlwrbjumxhwdj.tif	1947087.683938	1947087.942534	1947088.665924	8.007427e-01	93	none	NaN	NaN
141	17	1	19	bathroom	sun_aclfzgynxzxlbepz.tif	1947120.725011	1947120.983595	1947121.798714	8.174249e-01	9	none	NaN	NaN
141	17	2	25	bathroom	sun_agyqfjcfkdcydepw.tif	1947122.560162	1947122.818744	1947123.633956	8.257659e-01	15	none	NaN	NaN
141	17	3	38	bathroom	sun_anhioqovhscjqqwb.tif	1947124.403655	1947124.662242	1947125.477368	7.006499e-01	28	none	NaN	NaN
141	17	4	22	bathroom	sun_agguqiubmwhqqunb.tif	1947126.247144	1947126.505732	1947127.320888	7.506963e-01	12	none	NaN	NaN
141	17	5	14	bathroom	sun_abapwbhyhkfixyex.tif	1947128.090639	1947128.349227	1947129.164477	7.924016e-01	4	none	NaN	NaN
141	17	6	52	bathroom	sun_aunuadmjocsddsrl.tif	1947129.934128	1947130.192719	1947131.007833	7.924016e-01	42	none	NaN	NaN
141	17	7	44	bathroom	sun_apkruvsevgegsdwp.tif	1947131.769281	1947132.027870	1947132.843114	6.589445e-01	34	none	NaN	NaN
141	17	8	48	bathroom	sun_aqrpegblszgcoujh.tif	1947133.612773	1947133.871365	1947134.686497	6.839677e-01	38	none	NaN	NaN
141	17	9	58	bathroom	sun_axxbkopsgyouuebh.tif	1947135.456268	1947135.714856	1947136.530117	8.090838e-01	48	none	NaN	NaN
141	17	10	36	bathroom	sun_ambriybtogmepttm.tif	1947137.299759	1947137.558349	1947138.373557	7.256731e-01	26	none	NaN	NaN
141	17	11	37	bathroom	sun_amzlamotzwfkwjco.tif	1947139.143255	1947139.401844	1947140.216992	6.839677e-01	27	37	1947140.802176	1
141	17	12	46	bathroom	sun_apmqjbnwghzuhhzh.tif	1947141.579000	1947141.837582	1947142.653548	7.506963e-01	36	39	1947143.402220	1
141	17	13	13	bathroom	sun_aavhrsfjbserjtht.tif	1947144.173236	1947144.431827	1947145.246991	7.340142e-01	3	none	NaN	NaN
141	17	14	41	bathroom	sun_aoybiabnpadelefl.tif	1947146.016733	1947146.275321	1947147.090425	8.341070e-01	31	none	NaN	NaN
141	17	15	30	bathroom	sun_ajlawzvmubibwbpy.tif	1947147.851881	1947148.110470	1947148.925709	8.174249e-01	20	none	NaN	NaN
141	17	16	40	bathroom	sun_aofnryafpsjimzsb.tif	1947149.695372	1947149.953966	1947150.769072	7.006499e-01	30	none	NaN	NaN
141	17	17	11	bathroom	labelme_sfxiulhjbhlyiyt.tif	1947151.530525	1947151.789116	1947152.604423	8.257659e-01	1	none	NaN	NaN
141	17	18	31	bathroom	sun_akiytfaagpdsphgz.tif	1947153.374015	1947153.632608	1947154.447780	7.924016e-01	21	none	NaN	NaN
141	17	19	20	bathroom	sun_afcoljnjfoxjtgja.tif	1947155.217513	1947155.476104	1947156.291277	7.757195e-01	10	none	NaN	NaN
141	17	20	33	bathroom	sun_aljolscmmzydegqp.tif	1947157.061005	1947157.319590	1947158.134877	7.423552e-01	23	none	NaN	NaN
141	17	21	35	bathroom	sun_alotolagknyrgtsk.tif	1947158.904498	1947159.163090	1947159.978280	8.257659e-01	25	none	NaN	NaN
141	17	22	49	bathroom	sun_asfwthctfqerjvxr.tif	1947160.747985	1947161.006574	1947161.821726	7.506963e-01	39	37	1947162.474164	1
141	17	23	29	bathroom	sun_ahqjwnzgolcaoidx.tif	1947163.250464	1947163.509057	1947164.324310	7.340142e-01	19	none	NaN	NaN
141	17	24	12	bathroom	sun_aapitsgbtktqubfy.tif	1947165.093956	1947165.352552	1947166.167761	7.173320e-01	2	none	NaN	NaN
141	17	25	45	bathroom	sun_apkxzenqapsujocq.tif	1947166.937455	1947167.196045	1947168.011211	8.424481e-01	35	none	NaN	NaN
141	17	26	27	bathroom	sun_ahcvzmoyaycdoftf.tif	1947168.780949	1947169.039533	1947169.854736	8.007427e-01	17	none	NaN	NaN
141	17	27	32	bathroom	sun_aleqenyvunhactkl.tif	1947170.624440	1947170.883032	1947171.698190	7.089909e-01	22	none	NaN	NaN
141	17	28	43	bathroom	sun_apjevzvycyhuqghb.tif	1947172.467933	1947172.726522	1947173.541758	6.839677e-01	33	39	1947174.442266	1
141	17	29	18	bathroom	sun_acgyywnybuveqsro.tif	1947175.220659	1947175.479250	1947176.294462	6.589445e-01	8	none	NaN	NaN
141	17	30	28	bathroom	sun_ahijqszoswveeyji.tif	1947177.064156	1947177.322742	1947178.137991	7.924016e-01	18	none	NaN	NaN
141	17	31	17	bathroom	sun_acegryoqftbzowsg.tif	1947178.907644	1947179.166233	1947179.981455	8.007427e-01	7	none	NaN	NaN
141	17	32	26	bathroom	sun_ahaulkltgpkeeemi.tif	1947180.751137	1947181.009725	1947181.824922	7.590374e-01	16	none	NaN	NaN
141	17	33	16	bathroom	sun_acduarbnmmoglmiv.tif	1947182.594633	1947182.853227	1947183.668494	7.423552e-01	6	none	NaN	NaN
141	17	34	54	bathroom	sun_auzqhkafidnkrwmo.tif	1947184.438122	1947184.696711	1947185.511838	7.340142e-01	44	none	NaN	NaN
141	17	35	47	bathroom	sun_apynckhmoftszqoq.tif	1947186.281617	1947186.540206	1947187.355354	6.756267e-01	37	none	NaN	NaN
141	17	36	39	bathroom	sun_anryaplzeujmzfkd.tif	1947188.125109	1947188.383702	1947189.198855	7.590374e-01	29	none	NaN	NaN
141	17	37	55	bathroom	sun_avhrdrntsqrjzccq.tif	1947189.968604	1947190.227193	1947191.042423	8.090838e-01	45	39	1947191.737899	1
141	17	38	56	bathroom	sun_awnqiikzaispgmwo.tif	1947192.512789	1947192.771380	1947193.586558	8.257659e-01	46	none	NaN	NaN
141	17	39	59	bathroom	sun_axyrejkiiaqiurjk.tif	1947194.356281	1947194.614875	1947195.429981	6.506035e-01	49	none	NaN	NaN
141	17	40	15	bathroom	sun_abjtwfukuwddzted.tif	1947196.199777	1947196.458366	1947197.273656	7.256731e-01	5	none	NaN	NaN
141	17	41	34	bathroom	sun_alkosphxlxwjwgjd.tif	1947198.043266	1947198.301859	1947199.117134	6.672856e-01	24	none	NaN	NaN
141	17	42	51	bathroom	sun_atstyziqcmkahyxk.tif	1947199.886764	1947200.145352	1947200.960460	7.590374e-01	41	none	NaN	NaN
141	17	43	42	bathroom	sun_apeeialkgkuxddgh.tif	1947201.721914	1947201.980501	1947202.795647	6.923088e-01	32	37	1947203.290345	1
141	17	44	60	bathroom	sun_azqyogdvyhahyram.tif	1947204.065899	1947204.324487	1947205.139668	7.089909e-01	50	none	NaN	NaN
141	17	45	23	bathroom	sun_aghyqhbptboemmoq.tif	1947205.909391	1947206.167983	1947206.983103	7.757195e-01	13	none	NaN	NaN
141	17	46	24	bathroom	sun_agrwbmhcpmfuwmsg.tif	1947207.744545	1947208.003131	1947208.818376	6.672856e-01	14	none	NaN	NaN
141	17	47	57	bathroom	sun_axldvoqbuvuggfmq.tif	1947209.588039	1947209.846625	1947210.661791	8.007427e-01	47	none	NaN	NaN
141	17	48	50	bathroom	sun_aspsyogrekjtfozg.tif	1947211.431532	1947211.690119	1947212.505273	6.756267e-01	40	none	NaN	NaN
141	17	49	21	bathroom	sun_aggnnqpdorgxpvce.tif	1947213.275024	1947213.533617	1947214.348725	7.673784e-01	11	none	NaN	NaN
141	17	50	53	bathroom	sun_ausgutylgojavyoq.tif	1947215.118516	1947215.377104	1947216.192386	6.506035e-01	43	none	NaN	NaN
141	17	51	26	bathroom	sun_ahaulkltgpkeeemi.tif	1947216.962009	1947217.220597	1947218.035749	6.672856e-01	16	none	NaN	NaN
141	17	52	12	bathroom	sun_aapitsgbtktqubfy.tif	1947218.805503	1947219.064094	1947219.879226	8.090838e-01	2	none	NaN	NaN
141	17	53	44	bathroom	sun_apkruvsevgegsdwp.tif	1947220.640652	1947220.899243	1947221.714428	7.840606e-01	34	none	NaN	NaN
141	17	54	19	bathroom	sun_aclfzgynxzxlbepz.tif	1947222.484147	1947222.742733	1947223.557963	8.507891e-01	9	none	NaN	NaN
141	17	55	56	bathroom	sun_awnqiikzaispgmwo.tif	1947224.327639	1947224.586231	1947225.401412	6.923088e-01	46	none	NaN	NaN
141	17	56	35	bathroom	sun_alotolagknyrgtsk.tif	1947226.171132	1947226.429723	1947227.245002	8.174249e-01	25	none	NaN	NaN
141	17	57	24	bathroom	sun_agrwbmhcpmfuwmsg.tif	1947228.014627	1947228.273216	1947229.088520	7.256731e-01	14	37	1947229.874098	1
141	17	58	48	bathroom	sun_aqrpegblszgcoujh.tif	1947230.650566	1947230.909159	1947231.724319	7.256731e-01	38	none	NaN	NaN
141	17	59	17	bathroom	sun_acegryoqftbzowsg.tif	1947232.494066	1947232.752656	1947233.567899	8.257659e-01	7	none	NaN	NaN
141	17	60	23	bathroom	sun_aghyqhbptboemmoq.tif	1947234.337555	1947234.596146	1947235.411415	8.341070e-01	13	none	NaN	NaN
141	17	61	41	bathroom	sun_aoybiabnpadelefl.tif	1947236.181053	1947236.439640	1947237.254849	8.174249e-01	31	39	1947238.122193	1
141	17	62	32	bathroom	sun_aleqenyvunhactkl.tif	1947238.900415	1947239.159000	1947239.974225	7.340142e-01	22	none	NaN	NaN
141	17	63	42	bathroom	sun_apeeialkgkuxddgh.tif	1947240.743903	1947241.002493	1947241.817762	7.757195e-01	32	none	NaN	NaN
141	17	64	31	bathroom	sun_akiytfaagpdsphgz.tif	1947242.587396	1947242.845986	1947243.661094	7.089909e-01	21	none	NaN	NaN
141	17	65	33	bathroom	sun_aljolscmmzydegqp.tif	1947244.422548	1947244.681137	1947245.496279	7.590374e-01	23	none	NaN	NaN
141	17	66	40	bathroom	sun_aofnryafpsjimzsb.tif	1947246.266040	1947246.524632	1947247.339792	6.839677e-01	30	39	1947248.209902	1
141	17	67	13	bathroom	sun_aavhrsfjbserjtht.tif	1947248.985399	1947249.243988	1947250.059191	8.424481e-01	3	none	NaN	NaN
141	17	68	14	bathroom	sun_abapwbhyhkfixyex.tif	1947250.828894	1947251.087480	1947251.902611	6.923088e-01	4	none	NaN	NaN
141	17	69	45	bathroom	sun_apkxzenqapsujocq.tif	1947252.664045	1947252.922637	1947253.737854	7.173320e-01	35	none	NaN	NaN
141	17	70	46	bathroom	sun_apmqjbnwghzuhhzh.tif	1947254.507540	1947254.766128	1947255.581245	6.923088e-01	36	none	NaN	NaN
141	17	71	16	bathroom	sun_acduarbnmmoglmiv.tif	1947256.342686	1947256.601280	1947257.416455	8.341070e-01	6	none	NaN	NaN
141	17	72	55	bathroom	sun_avhrdrntsqrjzccq.tif	1947258.186209	1947258.444768	1947259.260021	7.590374e-01	45	none	NaN	NaN
141	17	73	51	bathroom	sun_atstyziqcmkahyxk.tif	1947260.029678	1947260.288264	1947261.103470	8.424481e-01	41	none	NaN	NaN
141	17	74	15	bathroom	sun_abjtwfukuwddzted.tif	1947261.873167	1947262.131757	1947262.946914	6.506035e-01	5	none	NaN	NaN
141	17	75	52	bathroom	sun_aunuadmjocsddsrl.tif	1947263.716659	1947263.975253	1947264.790427	7.506963e-01	42	none	NaN	NaN
141	17	76	49	bathroom	sun_asfwthctfqerjvxr.tif	1947265.560154	1947265.818738	1947266.634006	7.006499e-01	39	none	NaN	NaN
141	17	77	20	bathroom	sun_afcoljnjfoxjtgja.tif	1947267.403647	1947267.662238	1947268.477458	6.756267e-01	10	none	NaN	NaN
141	17	78	21	bathroom	sun_aggnnqpdorgxpvce.tif	1947269.247140	1947269.505729	1947270.320912	7.423552e-01	11	none	NaN	NaN
141	17	79	47	bathroom	sun_apynckhmoftszqoq.tif	1947271.082296	1947271.340881	1947272.156148	7.423552e-01	37	none	NaN	NaN
141	17	80	36	bathroom	sun_ambriybtogmepttm.tif	1947272.925783	1947273.184369	1947273.999518	7.173320e-01	26	37	1947274.570174	1
141	17	81	38	bathroom	sun_anhioqovhscjqqwb.tif	1947275.344845	1947275.603433	1947276.418708	7.840606e-01	28	none	NaN	NaN
141	17	82	58	bathroom	sun_axxbkopsgyouuebh.tif	1947277.188338	1947277.446930	1947278.262042	8.090838e-01	48	37	1947278.882176	1
141	17	83	34	bathroom	sun_alkosphxlxwjwgjd.tif	1947279.657448	1947279.916045	1947280.731247	6.589445e-01	24	none	NaN	NaN
141	17	84	43	bathroom	sun_apjevzvycyhuqghb.tif	1947281.500944	1947281.759531	1947282.574697	7.673784e-01	33	none	NaN	NaN
141	17	85	59	bathroom	sun_axyrejkiiaqiurjk.tif	1947283.344440	1947283.603024	1947284.418133	6.589445e-01	49	39	1947285.170026	1
141	17	86	28	bathroom	sun_ahijqszoswveeyji.tif	1947285.947019	1947286.205607	1947287.020773	7.673784e-01	18	none	NaN	NaN
141	17	87	39	bathroom	sun_anryaplzeujmzfkd.tif	1947287.790508	1947288.049098	1947288.864399	8.007427e-01	29	37	1947290.041897	1
141	17	88	27	bathroom	sun_ahcvzmoyaycdoftf.tif	1947290.818510	1947291.077100	1947291.892197	7.006499e-01	17	none	NaN	NaN
141	17	89	60	bathroom	sun_azqyogdvyhahyram.tif	1947292.653655	1947292.912243	1947293.727357	6.672856e-01	50	none	NaN	NaN
141	17	90	11	bathroom	labelme_sfxiulhjbhlyiyt.tif	1947294.488813	1947294.747398	1947295.562680	8.341070e-01	1	none	NaN	NaN
141	17	91	54	bathroom	sun_auzqhkafidnkrwmo.tif	1947296.332319	1947296.590892	1947297.406280	8.424481e-01	44	none	NaN	NaN
141	17	92	37	bathroom	sun_amzlamotzwfkwjco.tif	1947298.175797	1947298.434389	1947299.249688	7.089909e-01	27	none	NaN	NaN
141	17	93	57	bathroom	sun_axldvoqbuvuggfmq.tif	1947300.019294	1947300.277872	1947301.093121	7.757195e-01	47	none	NaN	NaN
141	17	94	29	bathroom	sun_ahqjwnzgolcaoidx.tif	1947301.862783	1947302.121372	1947302.936512	7.673784e-01	19	none	NaN	NaN
141	17	95	25	bathroom	sun_agyqfjcfkdcydepw.tif	1947303.706281	1947303.964869	1947304.780130	6.756267e-01	15	39	1947305.562136	1
141	17	96	30	bathroom	sun_ajlawzvmubibwbpy.tif	1947306.333879	1947306.592469	1947307.407719	7.173320e-01	20	none	NaN	NaN
141	17	97	22	bathroom	sun_agguqiubmwhqqunb.tif	1947308.177373	1947308.435963	1947309.251230	7.840606e-01	12	37	1947310.050115	1
141	17	98	50	bathroom	sun_aspsyogrekjtfozg.tif	1947310.821657	1947311.080246	1947311.895452	6.923088e-01	40	none	NaN	NaN
141	17	99	18	bathroom	sun_acgyywnybuveqsro.tif	1947312.665155	1947312.923740	1947313.739042	7.840606e-01	8	none	NaN	NaN
141	17	100	53	bathroom	sun_ausgutylgojavyoq.tif	1947314.508644	1947314.767230	1947315.582538	8.507891e-01	43	none	NaN	NaN
141	18	1	101	kitchen	sun_aqeaevwwwjoqhzvl.tif	1947341.468685	1947341.727275	1947342.400571	7.673784e-01	91	none	NaN	NaN
141	18	2	105	kitchen	sun_avszsnwsbuqfgzbn.tif	1947343.162029	1947343.420620	1947344.094093	6.839677e-01	95	none	NaN	NaN
141	18	3	110	kitchen	sun_azmutvzbxypaceni.tif	1947344.863715	1947345.122309	1947345.795792	6.923088e-01	100	none	NaN	NaN
141	18	4	74	kitchen	sun_acfmftudsenhrfhy.tif	1947346.565401	1947346.823988	1947347.497434	7.173320e-01	64	37	1947348.306029	0
141	18	5	70	kitchen	sun_abdxkyyxwfskuaqb.tif	1947349.076220	1947349.334808	1947350.008317	8.174249e-01	60	none	NaN	NaN
141	18	6	104	kitchen	sun_auticobqsbwgoppi.tif	1947350.777910	1947351.036494	1947351.709951	7.673784e-01	94	39	1947352.658118	1
141	18	7	109	kitchen	sun_aypmqwcualkenuoe.tif	1947353.430532	1947353.689130	1947354.362528	6.923088e-01	99	none	NaN	NaN
141	18	8	75	kitchen	sun_acgtpgfybqjmzeyw.tif	1947355.132222	1947355.390810	1947356.064281	8.341070e-01	65	none	NaN	NaN
141	18	9	64	kitchen	sun_aadbddgrdsjugojn.tif	1947356.833856	1947357.092498	1947357.765745	7.340142e-01	54	none	NaN	NaN
141	18	10	96	kitchen	sun_ajcbwwvdlsvjyzje.tif	1947358.527249	1947358.785840	1947359.459148	7.006499e-01	86	39	1947360.346223	1
141	18	11	85	kitchen	sun_afuyedyxivkhecmu.tif	1947361.121486	1947361.380074	1947362.053446	8.424481e-01	75	none	NaN	NaN
141	18	12	79	kitchen	sun_admlmbcdswaszruo.tif	1947362.823174	1947363.081759	1947363.755200	7.256731e-01	69	none	NaN	NaN
141	18	13	89	kitchen	sun_agzzivivdpnawacl.tif	1947364.524861	1947364.783452	1947365.456888	6.672856e-01	79	none	NaN	NaN
141	18	14	108	kitchen	sun_aymvwlarqodbwuoc.tif	1947366.226546	1947366.485132	1947367.158521	7.173320e-01	98	none	NaN	NaN
141	18	15	69	kitchen	sun_abdenxonkemggwsq.tif	1947367.928229	1947368.186821	1947368.860143	8.007427e-01	59	none	NaN	NaN
141	18	16	106	kitchen	sun_awcpdzzznmweyyhv.tif	1947369.629920	1947369.888506	1947370.561912	8.424481e-01	96	none	NaN	NaN
141	18	17	92	kitchen	sun_ahpczsiumwwocjkv.tif	1947371.331600	1947371.590197	1947372.263517	6.756267e-01	82	none	NaN	NaN
141	18	18	76	kitchen	sun_acwjdupvyjsugpay.tif	1947373.033288	1947373.291875	1947373.965299	6.839677e-01	66	none	NaN	NaN
141	18	19	93	kitchen	sun_ahspylgoovwmwvgk.tif	1947374.734975	1947374.993560	1947375.666946	7.757195e-01	83	37	1947376.322169	1
141	18	20	91	kitchen	sun_ahljzhgcdpomplvg.tif	1947377.095648	1947377.354237	1947378.027653	8.257659e-01	81	none	NaN	NaN
141	18	21	82	kitchen	sun_aenotlpyftoioydp.tif	1947378.797335	1947379.055922	1947379.729371	8.424481e-01	72	none	NaN	NaN
141	18	22	87	kitchen	sun_agorklincwxrdtga.tif	1947380.490673	1947380.749279	1947381.422670	7.340142e-01	77	none	NaN	NaN
141	18	23	62	kitchen	labelme_kxvouciolcpqplr.tif	1947382.192363	1947382.450952	1947383.124286	7.506963e-01	52	none	NaN	NaN
141	18	24	99	kitchen	sun_akcjzhbbjlbogpdi.tif	1947383.894050	1947384.152635	1947384.826124	7.924016e-01	89	none	NaN	NaN
141	18	25	103	kitchen	sun_aunzlwrbjumxhwdj.tif	1947385.595734	1947385.854323	1947386.527774	7.590374e-01	93	none	NaN	NaN
141	18	26	95	kitchen	sun_aixorpehvfykdynp.tif	1947387.297419	1947387.556013	1947388.229410	7.590374e-01	85	37	1947389.026297	1
141	18	27	100	kitchen	sun_amjjdeyrggfqgmom.tif	1947389.799894	1947390.058487	1947390.731910	8.007427e-01	90	none	NaN	NaN
141	18	28	71	kitchen	sun_abftihopvusyfakt.tif	1947391.501583	1947391.760172	1947392.433629	8.341070e-01	61	none	NaN	NaN
141	18	29	98	kitchen	sun_akchetnepxlcxhsu.tif	1947393.203273	1947393.461860	1947394.135159	8.257659e-01	88	39	1947395.274034	1
141	18	30	61	kitchen	labelme_brsyyvweiuaazfr.tif	1947396.047751	1947396.306340	1947396.979644	7.757195e-01	51	none	NaN	NaN
141	18	31	80	kitchen	sun_aegoxogugdkwpmpj.tif	1947397.741099	1947397.999685	1947398.673050	7.006499e-01	70	39	1947399.466254	1
141	18	32	67	kitchen	sun_aarfiyshqohlwkmo.tif	1947400.243582	1947400.502168	1947401.175639	7.173320e-01	57	39	1947402.010121	1
141	18	33	88	kitchen	sun_agubuxuukhzyzpdp.tif	1947402.787765	1947403.046351	1947403.719759	7.506963e-01	78	none	NaN	NaN
141	18	34	77	kitchen	sun_acxkpeoqbwcxfvip.tif	1947404.489450	1947404.748038	1947405.421391	8.507891e-01	67	none	NaN	NaN
141	18	35	102	kitchen	sun_auaiucuqpdausiva.tif	1947406.191137	1947406.449727	1947407.123119	8.341070e-01	92	none	NaN	NaN
141	18	36	81	kitchen	sun_aehawpgmrlhlvcow.tif	1947407.892824	1947408.151413	1947408.824768	6.672856e-01	71	none	NaN	NaN
141	18	37	97	kitchen	sun_ajkqhtgcbgpcwrwn.tif	1947409.594508	1947409.853095	1947410.526534	7.089909e-01	87	none	NaN	NaN
141	18	38	73	kitchen	sun_abrcnpqqhmjwekyf.tif	1947411.296194	1947411.554778	1947412.228262	6.506035e-01	63	none	NaN	NaN
141	18	39	66	kitchen	sun_aapllqyqlykszopd.tif	1947412.997878	1947413.256471	1947413.929793	6.839677e-01	56	none	NaN	NaN
141	18	40	83	kitchen	sun_aeqdocilnnpuvuhx.tif	1947414.691221	1947414.949809	1947415.623309	8.424481e-01	73	37	1947416.394139	1
141	18	41	90	kitchen	sun_ahdycvpopffkzzsu.tif	1947417.168677	1947417.427270	1947418.100572	6.589445e-01	80	none	NaN	NaN
141	18	42	84	kitchen	sun_aexklacwqwezaorf.tif	1947418.862021	1947419.120611	1947419.793959	7.423552e-01	74	none	NaN	NaN
141	18	43	94	kitchen	sun_ahywdevtimnqcsln.tif	1947420.563709	1947420.822299	1947421.495601	8.007427e-01	84	none	NaN	NaN
141	18	44	72	kitchen	sun_abpwyqmlzafvklqo.tif	1947422.257050	1947422.515637	1947423.189043	7.340142e-01	62	none	NaN	NaN
141	18	45	65	kitchen	sun_aamedkxepzlwuxes.tif	1947423.958735	1947424.217327	1947424.890708	7.506963e-01	55	none	NaN	NaN
141	18	46	78	kitchen	sun_adgqasybjyktddhj.tif	1947425.660424	1947425.919010	1947426.592430	6.506035e-01	68	none	NaN	NaN
141	18	47	63	kitchen	labelme_rykdqxenmhulbdn.tif	1947427.362107	1947427.620700	1947428.294120	8.257659e-01	53	none	NaN	NaN
141	18	48	86	kitchen	sun_aggjlwcdjsjcaemh.tif	1947429.063791	1947429.322382	1947429.995894	7.089909e-01	76	none	NaN	NaN
141	18	49	68	kitchen	sun_aaxxjlsuzvqlgylf.tif	1947430.765483	1947431.024058	1947431.697567	6.589445e-01	58	none	NaN	NaN
141	18	50	107	kitchen	sun_axyyrmzcupyhlivc.tif	1947432.467166	1947432.725753	1947433.399204	6.756267e-01	97	none	NaN	NaN
141	18	51	66	kitchen	sun_aapllqyqlykszopd.tif	1947434.168850	1947434.427440	1947435.100860	7.006499e-01	56	none	NaN	NaN
141	18	52	82	kitchen	sun_aenotlpyftoioydp.tif	1947435.870535	1947436.129131	1947436.802555	8.174249e-01	72	none	NaN	NaN
141	18	53	103	kitchen	sun_aunzlwrbjumxhwdj.tif	1947437.572222	1947437.830811	1947438.504137	7.089909e-01	93	none	NaN	NaN
141	18	54	95	kitchen	sun_aixorpehvfykdynp.tif	1947439.265565	1947439.524161	1947440.197484	6.923088e-01	85	37	1947440.898176	1
141	18	55	99	kitchen	sun_akcjzhbbjlbogpdi.tif	1947441.676286	1947441.934882	1947442.608257	6.672856e-01	89	none	NaN	NaN
141	18	56	86	kitchen	sun_aggjlwcdjsjcaemh.tif	1947443.377976	1947443.636563	1947444.309937	8.257659e-01	76	none	NaN	NaN
141	18	57	89	kitchen	sun_agzzivivdpnawacl.tif	1947445.079664	1947445.338250	1947446.011592	8.174249e-01	79	none	NaN	NaN
141	18	58	100	kitchen	sun_amjjdeyrggfqgmom.tif	1947446.781342	1947447.039937	1947447.713252	6.923088e-01	90	none	NaN	NaN
141	18	59	110	kitchen	sun_azmutvzbxypaceni.tif	1947448.474693	1947448.733281	1947449.406692	6.672856e-01	100	37	1947450.065985	1
141	18	60	105	kitchen	sun_avszsnwsbuqfgzbn.tif	1947450.843706	1947451.102295	1947451.775713	7.757195e-01	95	none	NaN	NaN
141	18	61	63	kitchen	labelme_rykdqxenmhulbdn.tif	1947452.545387	1947452.803979	1947453.477307	6.589445e-01	53	37	1947455.122375	1
141	18	62	104	kitchen	sun_auticobqsbwgoppi.tif	1947455.898711	1947456.157301	1947456.830746	6.506035e-01	94	none	NaN	NaN
141	18	63	78	kitchen	sun_adgqasybjyktddhj.tif	1947457.600398	1947457.858984	1947458.532489	7.256731e-01	68	none	NaN	NaN
141	18	64	70	kitchen	sun_abdxkyyxwfskuaqb.tif	1947459.302083	1947459.560668	1947460.234125	7.256731e-01	60	none	NaN	NaN
141	18	65	88	kitchen	sun_agubuxuukhzyzpdp.tif	1947461.003770	1947461.262359	1947461.935719	8.090838e-01	78	none	NaN	NaN
141	18	66	61	kitchen	labelme_brsyyvweiuaazfr.tif	1947462.705455	1947462.964048	1947463.637538	7.673784e-01	51	none	NaN	NaN
141	18	67	102	kitchen	sun_auaiucuqpdausiva.tif	1947464.407142	1947464.665730	1947465.339217	8.090838e-01	92	none	NaN	NaN
141	18	68	87	kitchen	sun_agorklincwxrdtga.tif	1947466.108825	1947466.367415	1947467.040798	7.924016e-01	77	none	NaN	NaN
141	18	69	101	kitchen	sun_aqeaevwwwjoqhzvl.tif	1947467.810507	1947468.069100	1947468.742475	7.673784e-01	91	none	NaN	NaN
141	18	70	97	kitchen	sun_ajkqhtgcbgpcwrwn.tif	1947469.512199	1947469.770790	1947470.444091	7.089909e-01	87	none	NaN	NaN
141	18	71	106	kitchen	sun_awcpdzzznmweyyhv.tif	1947471.213885	1947471.472471	1947472.145836	6.756267e-01	96	none	NaN	NaN
141	18	72	84	kitchen	sun_aexklacwqwezaorf.tif	1947472.915573	1947473.174160	1947473.847557	7.840606e-01	74	none	NaN	NaN
141	18	73	77	kitchen	sun_acxkpeoqbwcxfvip.tif	1947474.617253	1947474.875846	1947475.549261	7.256731e-01	67	none	NaN	NaN
141	18	74	98	kitchen	sun_akchetnepxlcxhsu.tif	1947476.318941	1947476.577532	1947477.250911	7.423552e-01	88	none	NaN	NaN
141	18	75	73	kitchen	sun_abrcnpqqhmjwekyf.tif	1947478.020627	1947478.279218	1947478.952526	8.174249e-01	63	none	NaN	NaN
141	18	76	85	kitchen	sun_afuyedyxivkhecmu.tif	1947479.713972	1947479.972555	1947480.646011	7.590374e-01	75	none	NaN	NaN
141	18	77	75	kitchen	sun_acgtpgfybqjmzeyw.tif	1947481.415657	1947481.674247	1947482.347577	7.173320e-01	65	none	NaN	NaN
141	18	78	69	kitchen	sun_abdenxonkemggwsq.tif	1947483.109001	1947483.367590	1947484.041088	7.423552e-01	59	none	NaN	NaN
141	18	79	91	kitchen	sun_ahljzhgcdpomplvg.tif	1947484.810685	1947485.069280	1947485.742622	7.340142e-01	81	39	1947486.466237	1
141	18	80	94	kitchen	sun_ahywdevtimnqcsln.tif	1947487.238090	1947487.496681	1947488.170090	7.924016e-01	84	none	NaN	NaN
141	18	81	81	kitchen	sun_aehawpgmrlhlvcow.tif	1947488.939778	1947489.198365	1947489.871678	6.756267e-01	71	none	NaN	NaN
141	18	82	71	kitchen	sun_abftihopvusyfakt.tif	1947490.633120	1947490.891713	1947491.565011	8.007427e-01	61	none	NaN	NaN
141	18	83	76	kitchen	sun_acwjdupvyjsugpay.tif	1947492.326464	1947492.585004	1947493.258480	7.590374e-01	66	none	NaN	NaN
141	18	84	68	kitchen	sun_aaxxjlsuzvqlgylf.tif	1947494.028145	1947494.286734	1947494.960216	7.840606e-01	58	none	NaN	NaN
141	18	85	80	kitchen	sun_aegoxogugdkwpmpj.tif	1947495.729839	1947495.988423	1947496.661800	7.423552e-01	70	none	NaN	NaN
141	18	86	108	kitchen	sun_aymvwlarqodbwuoc.tif	1947497.431525	1947497.690134	1947498.363559	7.006499e-01	98	none	NaN	NaN
141	18	87	72	kitchen	sun_abpwyqmlzafvklqo.tif	1947499.133205	1947499.391799	1947500.065206	6.923088e-01	62	37	1947501.234176	1
141	18	88	67	kitchen	sun_aarfiyshqohlwkmo.tif	1947502.011058	1947502.269646	1947502.943132	7.757195e-01	57	none	NaN	NaN
141	18	89	96	kitchen	sun_ajcbwwvdlsvjyzje.tif	1947503.712749	1947503.971334	1947504.644781	8.341070e-01	86	none	NaN	NaN
141	18	90	93	kitchen	sun_ahspylgoovwmwvgk.tif	1947505.414433	1947505.673018	1947506.346459	6.589445e-01	83	none	NaN	NaN
141	18	91	90	kitchen	sun_ahdycvpopffkzzsu.tif	1947507.116117	1947507.374705	1947508.048070	7.590374e-01	80	none	NaN	NaN
141	18	92	109	kitchen	sun_aypmqwcualkenuoe.tif	1947508.817800	1947509.076389	1947509.749808	8.090838e-01	99	none	NaN	NaN
141	18	93	62	kitchen	labelme_kxvouciolcpqplr.tif	1947510.519482	1947510.778074	1947511.451562	7.924016e-01	52	none	NaN	NaN
141	18	94	107	kitchen	sun_axyyrmzcupyhlivc.tif	1947512.221171	1947512.479764	1947513.153200	8.507891e-01	97	none	NaN	NaN
141	18	95	92	kitchen	sun_ahpczsiumwwocjkv.tif	1947513.922859	1947514.181444	1947514.854816	7.506963e-01	82	none	NaN	NaN
141	18	96	83	kitchen	sun_aeqdocilnnpuvuhx.tif	1947515.624545	1947515.883133	1947516.556565	7.840606e-01	73	none	NaN	NaN
141	18	97	64	kitchen	sun_aadbddgrdsjugojn.tif	1947517.326234	1947517.584819	1947518.258302	6.839677e-01	54	none	NaN	NaN
141	18	98	79	kitchen	sun_admlmbcdswaszruo.tif	1947519.027920	1947519.286504	1947519.959964	7.840606e-01	69	none	NaN	NaN
141	18	99	74	kitchen	sun_acfmftudsenhrfhy.tif	1947520.729602	1947520.988195	1947521.661617	8.257659e-01	64	37	1947522.330079	1
141	18	100	65	kitchen	sun_aamedkxepzlwuxes.tif	1947523.106953	1947523.365544	1947524.038885	8.090838e-01	55	none	NaN	NaN
141	19	1	53	bathroom	sun_ausgutylgojavyoq.tif	1947538.422133	1947538.680719	1947539.495942	6.839677e-01	43	39	1947540.314014	1
141	19	2	51	bathroom	sun_atstyziqcmkahyxk.tif	1947541.091438	1947541.350031	1947542.165335	8.341070e-01	41	none	NaN	NaN
141	19	3	48	bathroom	sun_aqrpegblszgcoujh.tif	1947542.934936	1947543.193527	1947544.008831	8.341070e-01	38	none	NaN	NaN
141	19	4	41	bathroom	sun_aoybiabnpadelefl.tif	1947544.778427	1947545.037017	1947545.852187	7.173320e-01	31	none	NaN	NaN
141	19	5	52	bathroom	sun_aunuadmjocsddsrl.tif	1947546.621920	1947546.880506	1947547.695624	7.673784e-01	42	none	NaN	NaN
141	19	6	16	bathroom	sun_acduarbnmmoglmiv.tif	1947548.457070	1947548.715661	1947549.530958	8.007427e-01	6	none	NaN	NaN
141	19	7	11	bathroom	labelme_sfxiulhjbhlyiyt.tif	1947550.300565	1947550.559156	1947551.374294	7.089909e-01	1	none	NaN	NaN
141	19	8	25	bathroom	sun_agyqfjcfkdcydepw.tif	1947552.144054	1947552.402644	1947553.217829	7.173320e-01	15	none	NaN	NaN
141	19	9	14	bathroom	sun_abapwbhyhkfixyex.tif	1947553.987551	1947554.246137	1947555.061415	7.673784e-01	4	none	NaN	NaN
141	19	10	27	bathroom	sun_ahcvzmoyaycdoftf.tif	1947555.831043	1947556.089631	1947556.904803	7.757195e-01	17	none	NaN	NaN
141	19	11	46	bathroom	sun_apmqjbnwghzuhhzh.tif	1947557.674537	1947557.933126	1947558.748377	7.340142e-01	36	none	NaN	NaN
141	19	12	56	bathroom	sun_awnqiikzaispgmwo.tif	1947559.518028	1947559.776617	1947560.591777	7.506963e-01	46	none	NaN	NaN
141	19	13	21	bathroom	sun_aggnnqpdorgxpvce.tif	1947561.361539	1947561.620111	1947562.435334	8.090838e-01	11	none	NaN	NaN
141	19	14	24	bathroom	sun_agrwbmhcpmfuwmsg.tif	1947563.205011	1947563.463603	1947564.278704	8.424481e-01	14	none	NaN	NaN
141	19	15	13	bathroom	sun_aavhrsfjbserjtht.tif	1947565.040168	1947565.298755	1947566.114018	6.923088e-01	3	none	NaN	NaN
141	19	16	37	bathroom	sun_amzlamotzwfkwjco.tif	1947566.883657	1947567.142245	1947567.957514	8.257659e-01	27	none	NaN	NaN
141	19	17	39	bathroom	sun_anryaplzeujmzfkd.tif	1947568.727148	1947568.985742	1947569.800894	7.173320e-01	29	none	NaN	NaN
141	19	18	15	bathroom	sun_abjtwfukuwddzted.tif	1947570.570647	1947570.829233	1947571.644426	8.174249e-01	5	none	NaN	NaN
141	19	19	45	bathroom	sun_apkxzenqapsujocq.tif	1947572.414132	1947572.672724	1947573.487851	8.257659e-01	35	37	1947574.130233	1
141	19	20	57	bathroom	sun_axldvoqbuvuggfmq.tif	1947574.908277	1947575.166866	1947575.982001	8.257659e-01	47	none	NaN	NaN
141	19	21	31	bathroom	sun_akiytfaagpdsphgz.tif	1947576.751767	1947577.010356	1947577.825538	8.341070e-01	21	none	NaN	NaN
141	19	22	29	bathroom	sun_ahqjwnzgolcaoidx.tif	1947578.595259	1947578.853849	1947579.668973	7.840606e-01	19	none	NaN	NaN
141	19	23	59	bathroom	sun_axyrejkiiaqiurjk.tif	1947580.438751	1947580.697344	1947581.512639	7.173320e-01	49	none	NaN	NaN
141	19	24	26	bathroom	sun_ahaulkltgpkeeemi.tif	1947582.282246	1947582.540795	1947583.355991	6.839677e-01	16	none	NaN	NaN
141	19	25	28	bathroom	sun_ahijqszoswveeyji.tif	1947584.125737	1947584.384328	1947585.199568	7.256731e-01	18	37	1947585.858333	1
141	19	26	47	bathroom	sun_apynckhmoftszqoq.tif	1947586.636561	1947586.895153	1947587.710306	7.256731e-01	37	none	NaN	NaN
141	19	27	23	bathroom	sun_aghyqhbptboemmoq.tif	1947588.480051	1947588.738643	1947589.553941	7.590374e-01	13	none	NaN	NaN
141	19	28	22	bathroom	sun_agguqiubmwhqqunb.tif	1947590.323538	1947590.582138	1947591.397265	6.672856e-01	12	none	NaN	NaN
141	19	29	43	bathroom	sun_apjevzvycyhuqghb.tif	1947592.167035	1947592.425622	1947593.240842	8.507891e-01	33	none	NaN	NaN
141	19	30	44	bathroom	sun_apkruvsevgegsdwp.tif	1947594.010530	1947594.269118	1947595.084384	7.590374e-01	34	none	NaN	NaN
141	19	31	55	bathroom	sun_avhrdrntsqrjzccq.tif	1947595.854022	1947596.112612	1947596.927918	8.424481e-01	45	none	NaN	NaN
141	19	32	34	bathroom	sun_alkosphxlxwjwgjd.tif	1947597.697514	1947597.956108	1947598.771355	7.840606e-01	24	37	1947599.354245	1
141	19	33	35	bathroom	sun_alotolagknyrgtsk.tif	1947600.124918	1947600.383512	1947601.198602	8.007427e-01	25	none	NaN	NaN
141	19	34	20	bathroom	sun_afcoljnjfoxjtgja.tif	1947601.960067	1947602.218663	1947603.033775	7.423552e-01	10	none	NaN	NaN
141	19	35	36	bathroom	sun_ambriybtogmepttm.tif	1947603.795222	1947604.053815	1947604.869001	7.924016e-01	26	none	NaN	NaN
141	19	36	17	bathroom	sun_acegryoqftbzowsg.tif	1947605.638717	1947605.897307	1947606.712435	7.006499e-01	7	none	NaN	NaN
141	19	37	30	bathroom	sun_ajlawzvmubibwbpy.tif	1947607.482211	1947607.740800	1947608.556013	7.840606e-01	20	none	NaN	NaN
141	19	38	42	bathroom	sun_apeeialkgkuxddgh.tif	1947609.325702	1947609.584292	1947610.399565	7.089909e-01	32	none	NaN	NaN
141	19	39	40	bathroom	sun_aofnryafpsjimzsb.tif	1947611.169198	1947611.427787	1947612.242937	7.423552e-01	30	none	NaN	NaN
141	19	40	50	bathroom	sun_aspsyogrekjtfozg.tif	1947613.012683	1947613.271279	1947614.086443	7.256731e-01	40	none	NaN	NaN
141	19	41	38	bathroom	sun_anhioqovhscjqqwb.tif	1947614.856179	1947615.114771	1947615.929971	7.006499e-01	28	none	NaN	NaN
141	19	42	12	bathroom	sun_aapitsgbtktqubfy.tif	1947616.699673	1947616.958268	1947617.773535	7.089909e-01	2	none	NaN	NaN
141	19	43	33	bathroom	sun_aljolscmmzydegqp.tif	1947618.543164	1947618.801758	1947619.616914	6.506035e-01	23	none	NaN	NaN
141	19	44	18	bathroom	sun_acgyywnybuveqsro.tif	1947620.386659	1947620.645246	1947621.460401	8.090838e-01	8	none	NaN	NaN
141	19	45	49	bathroom	sun_asfwthctfqerjvxr.tif	1947622.230155	1947622.488745	1947623.303856	6.672856e-01	39	none	NaN	NaN
141	19	46	58	bathroom	sun_axxbkopsgyouuebh.tif	1947624.073643	1947624.332230	1947625.147481	7.340142e-01	48	none	NaN	NaN
141	19	47	32	bathroom	sun_aleqenyvunhactkl.tif	1947625.917140	1947626.175730	1947626.990999	6.756267e-01	22	none	NaN	NaN
141	19	48	60	bathroom	sun_azqyogdvyhahyram.tif	1947627.760633	1947628.019222	1947628.834363	7.340142e-01	50	none	NaN	NaN
141	19	49	19	bathroom	sun_aclfzgynxzxlbepz.tif	1947629.595785	1947629.854373	1947630.669642	8.174249e-01	9	none	NaN	NaN
141	19	50	54	bathroom	sun_auzqhkafidnkrwmo.tif	1947631.439272	1947631.697864	1947632.513059	7.590374e-01	44	37	1947633.162046	1
141	19	51	20	bathroom	sun_afcoljnjfoxjtgja.tif	1947633.933407	1947634.192003	1947635.007180	7.590374e-01	10	none	NaN	NaN
141	19	52	45	bathroom	sun_apkxzenqapsujocq.tif	1947635.776909	1947636.035497	1947636.850636	8.341070e-01	35	39	1947637.666277	1
141	19	53	54	bathroom	sun_auzqhkafidnkrwmo.tif	1947638.437874	1947638.696466	1947639.511757	8.257659e-01	44	none	NaN	NaN
141	19	54	55	bathroom	sun_avhrdrntsqrjzccq.tif	1947640.281366	1947640.539958	1947641.355085	8.507891e-01	45	none	NaN	NaN
141	19	55	60	bathroom	sun_azqyogdvyhahyram.tif	1947642.124865	1947642.383449	1947643.198763	8.424481e-01	50	none	NaN	NaN
141	19	56	33	bathroom	sun_aljolscmmzydegqp.tif	1947643.968355	1947644.226941	1947645.042067	6.923088e-01	23	none	NaN	NaN
141	19	57	11	bathroom	labelme_sfxiulhjbhlyiyt.tif	1947645.811845	1947646.070436	1947646.885728	8.007427e-01	1	none	NaN	NaN
141	19	58	38	bathroom	sun_anhioqovhscjqqwb.tif	1947647.655342	1947647.913929	1947648.729137	7.673784e-01	28	none	NaN	NaN
141	19	59	29	bathroom	sun_ahqjwnzgolcaoidx.tif	1947649.498830	1947649.757426	1947650.572647	7.840606e-01	19	none	NaN	NaN
141	19	60	34	bathroom	sun_alkosphxlxwjwgjd.tif	1947651.342325	1947651.600916	1947652.416109	8.007427e-01	24	none	NaN	NaN
141	19	61	22	bathroom	sun_agguqiubmwhqqunb.tif	1947653.185817	1947653.444411	1947654.259709	7.423552e-01	12	none	NaN	NaN
141	19	62	56	bathroom	sun_awnqiikzaispgmwo.tif	1947655.029309	1947655.287896	1947656.103086	7.506963e-01	46	none	NaN	NaN
141	19	63	47	bathroom	sun_apynckhmoftszqoq.tif	1947656.872801	1947657.131396	1947657.946585	7.590374e-01	37	none	NaN	NaN
141	19	64	36	bathroom	sun_ambriybtogmepttm.tif	1947658.716295	1947658.974891	1947659.790118	7.256731e-01	26	39	1947660.466104	1
141	19	65	57	bathroom	sun_axldvoqbuvuggfmq.tif	1947661.243799	1947661.502387	1947662.317567	7.006499e-01	47	none	NaN	NaN
141	19	66	48	bathroom	sun_aqrpegblszgcoujh.tif	1947663.087297	1947663.345886	1947664.161017	7.757195e-01	38	none	NaN	NaN
141	19	67	50	bathroom	sun_aspsyogrekjtfozg.tif	1947664.930787	1947665.189380	1947666.004649	7.506963e-01	40	none	NaN	NaN
141	19	68	28	bathroom	sun_ahijqszoswveeyji.tif	1947666.774280	1947667.032868	1947667.848021	7.423552e-01	18	none	NaN	NaN
141	19	69	58	bathroom	sun_axxbkopsgyouuebh.tif	1947668.617772	1947668.876360	1947669.691593	7.506963e-01	48	none	NaN	NaN
141	19	70	40	bathroom	sun_aofnryafpsjimzsb.tif	1947670.461267	1947670.719851	1947671.535069	7.340142e-01	30	none	NaN	NaN
141	19	71	43	bathroom	sun_apjevzvycyhuqghb.tif	1947672.304759	1947672.563349	1947673.378527	6.672856e-01	33	none	NaN	NaN
141	19	72	53	bathroom	sun_ausgutylgojavyoq.tif	1947674.148251	1947674.406844	1947675.222128	7.006499e-01	43	none	NaN	NaN
141	19	73	30	bathroom	sun_ajlawzvmubibwbpy.tif	1947675.991742	1947676.250331	1947677.065508	7.673784e-01	20	none	NaN	NaN
141	19	74	32	bathroom	sun_aleqenyvunhactkl.tif	1947677.835237	1947678.093826	1947678.909056	6.589445e-01	22	39	1947679.993878	1
141	19	75	19	bathroom	sun_aclfzgynxzxlbepz.tif	1947680.771480	1947681.030063	1947681.845378	6.589445e-01	9	none	NaN	NaN
141	19	76	46	bathroom	sun_apmqjbnwghzuhhzh.tif	1947682.614966	1947682.873562	1947683.688793	6.839677e-01	36	none	NaN	NaN
141	19	77	18	bathroom	sun_acgyywnybuveqsro.tif	1947684.458467	1947684.717056	1947685.532241	7.757195e-01	8	none	NaN	NaN
141	19	78	27	bathroom	sun_ahcvzmoyaycdoftf.tif	1947686.301962	1947686.560548	1947687.375771	6.756267e-01	17	none	NaN	NaN
141	19	79	51	bathroom	sun_atstyziqcmkahyxk.tif	1947688.145453	1947688.404036	1947689.219155	8.424481e-01	41	none	NaN	NaN
141	19	80	41	bathroom	sun_aoybiabnpadelefl.tif	1947689.988940	1947690.247532	1947691.062664	7.924016e-01	31	none	NaN	NaN
141	19	81	16	bathroom	sun_acduarbnmmoglmiv.tif	1947691.832438	1947692.091026	1947692.906195	8.174249e-01	6	39	1947693.650157	1
141	19	82	42	bathroom	sun_apeeialkgkuxddgh.tif	1947694.426669	1947694.685260	1947695.500464	6.923088e-01	32	none	NaN	NaN
141	19	83	12	bathroom	sun_aapitsgbtktqubfy.tif	1947696.270165	1947696.528757	1947697.343876	6.506035e-01	2	none	NaN	NaN
141	19	84	23	bathroom	sun_aghyqhbptboemmoq.tif	1947698.113658	1947698.372248	1947699.187347	6.506035e-01	13	39	1947700.042234	1
141	19	85	49	bathroom	sun_asfwthctfqerjvxr.tif	1947700.816334	1947701.074922	1947701.890060	6.756267e-01	39	none	NaN	NaN
141	19	86	31	bathroom	sun_akiytfaagpdsphgz.tif	1947702.651490	1947702.910073	1947703.725336	7.924016e-01	21	none	NaN	NaN
141	19	87	26	bathroom	sun_ahaulkltgpkeeemi.tif	1947704.494980	1947704.753569	1947705.568683	7.757195e-01	16	none	NaN	NaN
141	19	88	59	bathroom	sun_axyrejkiiaqiurjk.tif	1947706.338476	1947706.597066	1947707.412304	8.090838e-01	49	none	NaN	NaN
141	19	89	21	bathroom	sun_aggnnqpdorgxpvce.tif	1947708.181965	1947708.440580	1947709.255865	6.923088e-01	11	37	1947709.946045	1
141	19	90	37	bathroom	sun_amzlamotzwfkwjco.tif	1947710.717812	1947710.976404	1947711.791527	6.839677e-01	27	37	1947712.362019	1
141	19	91	25	bathroom	sun_agyqfjcfkdcydepw.tif	1947713.136872	1947713.395460	1947714.210680	8.257659e-01	15	none	NaN	NaN
141	19	92	44	bathroom	sun_apkruvsevgegsdwp.tif	1947714.980365	1947715.238960	1947716.054075	6.923088e-01	34	37	1947716.658045	1
141	19	93	13	bathroom	sun_aavhrsfjbserjtht.tif	1947717.432796	1947717.691389	1947718.506637	8.174249e-01	3	none	NaN	NaN
141	19	94	14	bathroom	sun_abapwbhyhkfixyex.tif	1947719.276292	1947719.534879	1947720.350028	7.924016e-01	4	none	NaN	NaN
141	19	95	15	bathroom	sun_abjtwfukuwddzted.tif	1947721.119785	1947721.378373	1947722.193585	6.672856e-01	5	none	NaN	NaN
141	19	96	17	bathroom	sun_acegryoqftbzowsg.tif	1947722.963279	1947723.221868	1947724.037024	8.090838e-01	7	none	NaN	NaN
141	19	97	39	bathroom	sun_anryaplzeujmzfkd.tif	1947724.806772	1947725.065358	1947725.880582	7.089909e-01	29	39	1947726.650096	1
141	19	98	24	bathroom	sun_agrwbmhcpmfuwmsg.tif	1947727.426030	1947727.684620	1947728.499763	6.589445e-01	14	none	NaN	NaN
141	19	99	52	bathroom	sun_aunuadmjocsddsrl.tif	1947729.269526	1947729.528112	1947730.343297	6.589445e-01	42	39	1947732.314058	1
141	19	100	35	bathroom	sun_alotolagknyrgtsk.tif	1947733.089973	1947733.348566	1947734.163715	6.756267e-01	25	none	NaN	NaN
141	20	1	65	kitchen	sun_aamedkxepzlwuxes.tif	1947750.740795	1947750.999380	1947751.806171	7.256731e-01	55	none	NaN	NaN
141	20	2	76	kitchen	sun_acwjdupvyjsugpay.tif	1947752.575943	1947752.834538	1947753.641434	6.923088e-01	66	none	NaN	NaN
141	20	3	94	kitchen	sun_ahywdevtimnqcsln.tif	1947754.411088	1947754.669683	1947755.476584	8.424481e-01	84	none	NaN	NaN
141	20	4	77	kitchen	sun_acxkpeoqbwcxfvip.tif	1947756.246249	1947756.504838	1947757.311804	7.340142e-01	67	none	NaN	NaN
141	20	5	110	kitchen	sun_azmutvzbxypaceni.tif	1947758.081390	1947758.339989	1947759.146824	6.839677e-01	100	none	NaN	NaN
141	20	6	107	kitchen	sun_axyyrmzcupyhlivc.tif	1947759.916550	1947760.175139	1947760.982001	7.423552e-01	97	none	NaN	NaN
141	20	7	84	kitchen	sun_aexklacwqwezaorf.tif	1947761.751702	1947762.010291	1947762.817258	7.673784e-01	74	37	1947763.490159	1
141	20	8	70	kitchen	sun_abdxkyyxwfskuaqb.tif	1947764.262522	1947764.521107	1947765.327943	6.839677e-01	60	none	NaN	NaN
141	20	9	79	kitchen	sun_admlmbcdswaszruo.tif	1947766.097671	1947766.356260	1947767.163172	8.257659e-01	69	none	NaN	NaN
141	20	10	80	kitchen	sun_aegoxogugdkwpmpj.tif	1947767.932825	1947768.191415	1947768.998352	6.756267e-01	70	none	NaN	NaN
141	20	11	105	kitchen	sun_avszsnwsbuqfgzbn.tif	1947769.767976	1947770.026566	1947770.833528	8.174249e-01	95	none	NaN	NaN
141	20	12	99	kitchen	sun_akcjzhbbjlbogpdi.tif	1947771.603129	1947771.861717	1947772.668584	7.423552e-01	89	none	NaN	NaN
141	20	13	93	kitchen	sun_ahspylgoovwmwvgk.tif	1947773.438279	1947773.696865	1947774.503641	6.923088e-01	83	none	NaN	NaN
141	20	14	71	kitchen	sun_abftihopvusyfakt.tif	1947775.265091	1947775.523676	1947776.330574	6.756267e-01	61	39	1947777.570105	1
141	20	15	100	kitchen	sun_amjjdeyrggfqgmom.tif	1947778.343138	1947778.601726	1947779.408604	7.757195e-01	90	none	NaN	NaN
141	20	16	103	kitchen	sun_aunzlwrbjumxhwdj.tif	1947780.178289	1947780.436880	1947781.243838	7.256731e-01	93	37	1947781.802119	1
141	20	17	97	kitchen	sun_ajkqhtgcbgpcwrwn.tif	1947782.572329	1947782.830913	1947783.637714	7.924016e-01	87	none	NaN	NaN
141	20	18	67	kitchen	sun_aarfiyshqohlwkmo.tif	1947784.407481	1947784.666068	1947785.473004	7.506963e-01	57	37	1947786.098245	1
141	20	19	104	kitchen	sun_auticobqsbwgoppi.tif	1947786.876607	1947787.135177	1947787.942050	7.924016e-01	94	none	NaN	NaN
141	20	20	89	kitchen	sun_agzzivivdpnawacl.tif	1947788.711740	1947788.970332	1947789.777175	8.174249e-01	79	none	NaN	NaN
141	20	21	96	kitchen	sun_ajcbwwvdlsvjyzje.tif	1947790.546898	1947790.805486	1947791.612259	6.506035e-01	86	none	NaN	NaN
141	20	22	86	kitchen	sun_aggjlwcdjsjcaemh.tif	1947792.382043	1947792.640632	1947793.447579	6.839677e-01	76	none	NaN	NaN
141	20	23	90	kitchen	sun_ahdycvpopffkzzsu.tif	1947794.217199	1947794.475787	1947795.282708	6.672856e-01	80	37	1947795.786233	1
141	20	24	98	kitchen	sun_akchetnepxlcxhsu.tif	1947796.561187	1947796.819780	1947797.626718	6.589445e-01	88	none	NaN	NaN
141	20	25	68	kitchen	sun_aaxxjlsuzvqlgylf.tif	1947798.396334	1947798.654927	1947799.461866	7.590374e-01	58	none	NaN	NaN
141	20	26	102	kitchen	sun_auaiucuqpdausiva.tif	1947800.231491	1947800.490079	1947801.297009	7.173320e-01	92	none	NaN	NaN
141	20	27	83	kitchen	sun_aeqdocilnnpuvuhx.tif	1947802.066642	1947802.325230	1947803.132047	6.506035e-01	73	none	NaN	NaN
141	20	28	106	kitchen	sun_awcpdzzznmweyyhv.tif	1947803.901791	1947804.160375	1947804.967250	8.341070e-01	96	none	NaN	NaN
141	20	29	61	kitchen	labelme_brsyyvweiuaazfr.tif	1947805.736939	1947805.995528	1947806.802339	6.589445e-01	51	39	1947807.569865	1
141	20	30	108	kitchen	sun_aymvwlarqodbwuoc.tif	1947808.347860	1947808.606448	1947809.413213	7.673784e-01	98	none	NaN	NaN
141	20	31	101	kitchen	sun_aqeaevwwwjoqhzvl.tif	1947810.183011	1947810.441603	1947811.248469	6.672856e-01	91	none	NaN	NaN
141	20	32	87	kitchen	sun_agorklincwxrdtga.tif	1947812.018164	1947812.276754	1947813.083686	8.007427e-01	77	37	1947813.794152	1
141	20	33	92	kitchen	sun_ahpczsiumwwocjkv.tif	1947814.570720	1947814.829278	1947815.636221	6.672856e-01	82	none	NaN	NaN
141	20	34	69	kitchen	sun_abdenxonkemggwsq.tif	1947816.405843	1947816.664434	1947817.471186	6.589445e-01	59	none	NaN	NaN
141	20	35	91	kitchen	sun_ahljzhgcdpomplvg.tif	1947818.232651	1947818.491246	1947819.298066	7.089909e-01	81	none	NaN	NaN
141	20	36	66	kitchen	sun_aapllqyqlykszopd.tif	1947820.067801	1947820.326395	1947821.133257	8.090838e-01	56	none	NaN	NaN
141	20	37	72	kitchen	sun_abpwyqmlzafvklqo.tif	1947821.902957	1947822.161550	1947822.968401	7.089909e-01	62	none	NaN	NaN
141	20	38	78	kitchen	sun_adgqasybjyktddhj.tif	1947823.738107	1947823.996693	1947824.803536	6.923088e-01	68	none	NaN	NaN
141	20	39	85	kitchen	sun_afuyedyxivkhecmu.tif	1947825.573254	1947825.831850	1947826.638739	8.174249e-01	75	none	NaN	NaN
141	20	40	95	kitchen	sun_aixorpehvfykdynp.tif	1947827.408411	1947827.667001	1947828.473820	7.506963e-01	85	none	NaN	NaN
141	20	41	75	kitchen	sun_acgtpgfybqjmzeyw.tif	1947829.243559	1947829.502147	1947830.308925	7.506963e-01	65	none	NaN	NaN
141	20	42	73	kitchen	sun_abrcnpqqhmjwekyf.tif	1947831.078715	1947831.337303	1947832.144261	7.673784e-01	63	none	NaN	NaN
141	20	43	64	kitchen	sun_aadbddgrdsjugojn.tif	1947832.913864	1947833.172456	1947833.979266	7.673784e-01	54	none	NaN	NaN
141	20	44	109	kitchen	sun_aypmqwcualkenuoe.tif	1947834.749019	1947835.007606	1947835.814583	8.007427e-01	99	none	NaN	NaN
141	20	45	88	kitchen	sun_agubuxuukhzyzpdp.tif	1947836.584167	1947836.842758	1947837.649604	8.090838e-01	78	none	NaN	NaN
141	20	46	74	kitchen	sun_acfmftudsenhrfhy.tif	1947838.419319	1947838.677908	1947839.484683	8.424481e-01	64	none	NaN	NaN
141	20	47	81	kitchen	sun_aehawpgmrlhlvcow.tif	1947840.246128	1947840.504717	1947841.311526	7.840606e-01	71	none	NaN	NaN
141	20	48	63	kitchen	labelme_rykdqxenmhulbdn.tif	1947842.081281	1947842.339868	1947843.146742	7.006499e-01	53	none	NaN	NaN
141	20	49	62	kitchen	labelme_kxvouciolcpqplr.tif	1947843.916435	1947844.175019	1947844.981790	7.757195e-01	52	none	NaN	NaN
141	20	50	82	kitchen	sun_aenotlpyftoioydp.tif	1947845.743240	1947846.001832	1947846.808739	8.507891e-01	72	none	NaN	NaN
141	20	51	103	kitchen	sun_aunzlwrbjumxhwdj.tif	1947847.578388	1947847.836981	1947848.643879	7.256731e-01	93	none	NaN	NaN
141	20	52	72	kitchen	sun_abpwyqmlzafvklqo.tif	1947849.413542	1947849.672132	1947850.479001	8.007427e-01	62	none	NaN	NaN
141	20	53	91	kitchen	sun_ahljzhgcdpomplvg.tif	1947851.248697	1947851.507285	1947852.314221	7.840606e-01	81	none	NaN	NaN
141	20	54	80	kitchen	sun_aegoxogugdkwpmpj.tif	1947853.083842	1947853.342434	1947854.149284	8.257659e-01	70	none	NaN	NaN
141	20	55	99	kitchen	sun_akcjzhbbjlbogpdi.tif	1947854.918998	1947855.177584	1947855.984376	6.672856e-01	89	39	1947856.738043	1
141	20	56	100	kitchen	sun_amjjdeyrggfqgmom.tif	1947857.513233	1947857.771822	1947858.578699	7.757195e-01	90	none	NaN	NaN
141	20	57	104	kitchen	sun_auticobqsbwgoppi.tif	1947859.348384	1947859.606976	1947860.413736	7.590374e-01	94	none	NaN	NaN
141	20	58	96	kitchen	sun_ajcbwwvdlsvjyzje.tif	1947861.175197	1947861.433782	1947862.240567	7.590374e-01	86	none	NaN	NaN
141	20	59	94	kitchen	sun_ahywdevtimnqcsln.tif	1947863.002001	1947863.260591	1947864.067345	8.007427e-01	84	39	1947864.834025	1
141	20	60	89	kitchen	sun_agzzivivdpnawacl.tif	1947865.604579	1947865.863170	1947866.669940	7.089909e-01	79	37	1947867.361994	1
141	20	61	98	kitchen	sun_akchetnepxlcxhsu.tif	1947868.140425	1947868.399018	1947869.205915	8.257659e-01	88	none	NaN	NaN
141	20	62	78	kitchen	sun_adgqasybjyktddhj.tif	1947869.975573	1947870.234169	1947871.041020	6.756267e-01	68	none	NaN	NaN
141	20	63	93	kitchen	sun_ahspylgoovwmwvgk.tif	1947871.810733	1947872.069317	1947872.876119	7.089909e-01	83	none	NaN	NaN
141	20	64	95	kitchen	sun_aixorpehvfykdynp.tif	1947873.645883	1947873.904463	1947874.711399	8.257659e-01	85	none	NaN	NaN
141	20	65	85	kitchen	sun_afuyedyxivkhecmu.tif	1947875.481034	1947875.739621	1947876.546508	6.923088e-01	75	none	NaN	NaN
141	20	66	77	kitchen	sun_acxkpeoqbwcxfvip.tif	1947877.316185	1947877.574774	1947878.381548	7.173320e-01	67	none	NaN	NaN
141	20	67	62	kitchen	labelme_kxvouciolcpqplr.tif	1947879.142996	1947879.401583	1947880.208473	8.257659e-01	52	39	1947881.042096	1
141	20	68	110	kitchen	sun_azmutvzbxypaceni.tif	1947881.820649	1947882.079237	1947882.886086	7.590374e-01	100	none	NaN	NaN
141	20	69	69	kitchen	sun_abdenxonkemggwsq.tif	1947883.655795	1947883.914387	1947884.721328	7.340142e-01	59	none	NaN	NaN
141	20	70	76	kitchen	sun_acwjdupvyjsugpay.tif	1947885.490949	1947885.749535	1947886.556301	7.423552e-01	66	none	NaN	NaN
141	20	71	71	kitchen	sun_abftihopvusyfakt.tif	1947887.317759	1947887.576348	1947888.383208	7.506963e-01	61	none	NaN	NaN
141	20	72	70	kitchen	sun_abdxkyyxwfskuaqb.tif	1947889.152907	1947889.411496	1947890.218268	7.006499e-01	60	37	1947890.930049	1
141	20	73	106	kitchen	sun_awcpdzzznmweyyhv.tif	1947891.705442	1947891.964025	1947892.770921	8.090838e-01	96	none	NaN	NaN
141	20	74	87	kitchen	sun_agorklincwxrdtga.tif	1947893.540590	1947893.799184	1947894.606031	7.924016e-01	77	none	NaN	NaN
141	20	75	79	kitchen	sun_admlmbcdswaszruo.tif	1947895.375745	1947895.634331	1947896.441282	7.340142e-01	69	none	NaN	NaN
141	20	76	108	kitchen	sun_aymvwlarqodbwuoc.tif	1947897.210894	1947897.469482	1947898.276305	8.341070e-01	98	none	NaN	NaN
141	20	77	66	kitchen	sun_aapllqyqlykszopd.tif	1947899.046045	1947899.304635	1947900.111496	7.173320e-01	56	none	NaN	NaN
141	20	78	90	kitchen	sun_ahdycvpopffkzzsu.tif	1947900.881194	1947901.139783	1947901.946684	8.424481e-01	80	none	NaN	NaN
141	20	79	74	kitchen	sun_acfmftudsenhrfhy.tif	1947902.716341	1947902.974938	1947903.781758	6.839677e-01	64	none	NaN	NaN
141	20	80	81	kitchen	sun_aehawpgmrlhlvcow.tif	1947904.543160	1947904.801742	1947905.608664	6.506035e-01	71	none	NaN	NaN
141	20	81	68	kitchen	sun_aaxxjlsuzvqlgylf.tif	1947906.378301	1947906.636893	1947907.443834	8.424481e-01	58	none	NaN	NaN
141	20	82	88	kitchen	sun_agubuxuukhzyzpdp.tif	1947908.213463	1947908.472049	1947909.279024	6.589445e-01	78	none	NaN	NaN
141	20	83	67	kitchen	sun_aarfiyshqohlwkmo.tif	1947910.048610	1947910.307198	1947911.114034	7.256731e-01	57	none	NaN	NaN
141	20	84	92	kitchen	sun_ahpczsiumwwocjkv.tif	1947911.883760	1947912.142350	1947912.949302	7.840606e-01	82	none	NaN	NaN
141	20	85	86	kitchen	sun_aggjlwcdjsjcaemh.tif	1947913.718909	1947913.977506	1947914.784371	7.423552e-01	76	none	NaN	NaN
141	20	86	73	kitchen	sun_abrcnpqqhmjwekyf.tif	1947915.554065	1947915.812655	1947916.619523	7.757195e-01	63	39	1947918.258016	1
141	20	87	61	kitchen	labelme_brsyyvweiuaazfr.tif	1947919.032506	1947919.291099	1947920.098000	8.341070e-01	51	none	NaN	NaN
141	20	88	101	kitchen	sun_aqeaevwwwjoqhzvl.tif	1947920.867660	1947921.126251	1947921.933203	7.006499e-01	91	none	NaN	NaN
141	20	89	109	kitchen	sun_aypmqwcualkenuoe.tif	1947922.702809	1947922.961401	1947923.768225	8.341070e-01	99	none	NaN	NaN
141	20	90	75	kitchen	sun_acgtpgfybqjmzeyw.tif	1947924.537957	1947924.796551	1947925.603360	7.173320e-01	65	39	1947926.722036	1
141	20	91	63	kitchen	labelme_rykdqxenmhulbdn.tif	1947927.499229	1947927.757817	1947928.564639	8.090838e-01	53	none	NaN	NaN
141	20	92	65	kitchen	sun_aamedkxepzlwuxes.tif	1947929.334386	1947929.592975	1947930.399838	7.924016e-01	55	none	NaN	NaN
141	20	93	64	kitchen	sun_aadbddgrdsjugojn.tif	1947931.169534	1947931.428125	1947932.234962	7.840606e-01	54	none	NaN	NaN
141	20	94	102	kitchen	sun_auaiucuqpdausiva.tif	1947933.004678	1947933.263274	1947934.070211	6.756267e-01	92	none	NaN	NaN
141	20	95	84	kitchen	sun_aexklacwqwezaorf.tif	1947934.839834	1947935.098422	1947935.905381	7.590374e-01	74	none	NaN	NaN
141	20	96	105	kitchen	sun_avszsnwsbuqfgzbn.tif	1947936.674984	1947936.933576	1947937.740523	8.507891e-01	95	none	NaN	NaN
141	20	97	83	kitchen	sun_aeqdocilnnpuvuhx.tif	1947938.510137	1947938.768732	1947939.575553	7.006499e-01	73	none	NaN	NaN
141	20	98	97	kitchen	sun_ajkqhtgcbgpcwrwn.tif	1947940.345287	1947940.603879	1947941.410848	8.174249e-01	87	none	NaN	NaN
141	20	99	107	kitchen	sun_axyyrmzcupyhlivc.tif	1947942.180440	1947942.439033	1947943.245901	7.340142e-01	97	none	NaN	NaN
141	20	100	82	kitchen	sun_aenotlpyftoioydp.tif	1947944.015594	1947944.274182	1947945.081140	6.923088e-01	72	37	1947946.402073	1
