subject	block	trial	texture	category	image	trialOnset	itiOnset	trialEnd	iti	EEGtrigger	responseKey	responseTime	accuracy
127	1	1	13	bathroom	sun_aavhrsfjbserjtht.tif	720400.348538	720400.607133	720401.347463	7.508912e-01	3	none	NaN	NaN
127	1	2	49	bathroom	sun_asfwthctfqerjvxr.tif	720402.116953	720402.375546	720403.115955	8.426668e-01	39	none	NaN	NaN
127	1	3	25	bathroom	sun_agyqfjcfkdcydepw.tif	720403.885378	720404.143964	720404.884311	6.591156e-01	15	39	720406.085491	1
127	1	4	38	bathroom	sun_anhioqovhscjqqwb.tif	720406.863325	720407.121913	720407.862314	7.842642e-01	28	none	NaN	NaN
127	1	5	37	bathroom	sun_amzlamotzwfkwjco.tif	720408.631742	720408.890336	720409.630608	7.175183e-01	27	none	NaN	NaN
127	1	6	16	bathroom	sun_acduarbnmmoglmiv.tif	720410.400165	720410.658752	720411.399306	6.924886e-01	6	none	NaN	NaN
127	1	7	41	bathroom	sun_aoybiabnpadelefl.tif	720412.168585	720412.427175	720413.167536	6.924886e-01	31	39	720414.061645	1
127	1	8	55	bathroom	sun_avhrdrntsqrjzccq.tif	720414.837897	720415.096485	720415.836785	6.924886e-01	45	none	NaN	NaN
127	1	9	60	bathroom	sun_azqyogdvyhahyram.tif	720416.606312	720416.864905	720417.605279	7.425480e-01	50	37	720418.941813	1
127	1	10	29	bathroom	sun_ahqjwnzgolcaoidx.tif	720419.717730	720419.976319	720420.716751	7.342048e-01	19	none	NaN	NaN
127	1	11	15	bathroom	sun_abjtwfukuwddzted.tif	720421.486145	720421.744739	720422.485157	8.343236e-01	5	37	720423.293526	1
127	1	12	39	bathroom	sun_anryaplzeujmzfkd.tif	720424.072045	720424.330638	720425.070942	6.758021e-01	29	none	NaN	NaN
127	1	13	17	bathroom	sun_acegryoqftbzowsg.tif	720425.840464	720426.099052	720426.839329	8.092939e-01	7	none	NaN	NaN
127	1	14	30	bathroom	sun_ajlawzvmubibwbpy.tif	720427.608879	720427.867472	720428.607871	8.176371e-01	20	none	NaN	NaN
127	1	15	23	bathroom	sun_aghyqhbptboemmoq.tif	720429.377314	720429.635888	720430.376153	7.842642e-01	13	none	NaN	NaN
127	1	16	53	bathroom	sun_ausgutylgojavyoq.tif	720431.145720	720431.404317	720432.144682	7.508912e-01	43	none	NaN	NaN
127	1	17	59	bathroom	sun_axyrejkiiaqiurjk.tif	720432.914142	720433.172731	720433.912990	7.425480e-01	49	none	NaN	NaN
127	1	18	58	bathroom	sun_axxbkopsgyouuebh.tif	720434.674021	720434.924271	720435.673004	7.342048e-01	48	none	NaN	NaN
127	1	19	14	bathroom	sun_abapwbhyhkfixyex.tif	720436.434074	720436.684428	720437.432883	7.091751e-01	4	none	NaN	NaN
127	1	20	33	bathroom	sun_aljolscmmzydegqp.tif	720438.194367	720438.452959	720439.193256	6.924886e-01	23	none	NaN	NaN
127	1	21	46	bathroom	sun_apmqjbnwghzuhhzh.tif	720439.962790	720440.221380	720440.961645	7.342048e-01	36	39	720442.317791	1
127	1	22	18	bathroom	sun_acgyywnybuveqsro.tif	720443.090888	720443.349477	720444.089832	6.758021e-01	8	none	NaN	NaN
127	1	23	19	bathroom	sun_aclfzgynxzxlbepz.tif	720444.859308	720445.117896	720445.858289	7.759209e-01	9	none	NaN	NaN
127	1	24	11	bathroom	labelme_sfxiulhjbhlyiyt.tif	720446.627722	720446.886316	720447.626638	6.674589e-01	1	39	720448.733713	1
127	1	25	27	bathroom	sun_ahcvzmoyaycdoftf.tif	720449.505573	720449.764163	720450.504578	8.259804e-01	17	none	NaN	NaN
127	1	26	21	bathroom	sun_aggnnqpdorgxpvce.tif	720451.273995	720451.532589	720452.272990	7.592345e-01	11	none	NaN	NaN
127	1	27	42	bathroom	sun_apeeialkgkuxddgh.tif	720453.042416	720453.301008	720454.041238	7.592345e-01	32	none	NaN	NaN
127	1	28	56	bathroom	sun_awnqiikzaispgmwo.tif	720454.810831	720455.069422	720455.809682	8.176371e-01	46	none	NaN	NaN
127	1	29	44	bathroom	sun_apkruvsevgegsdwp.tif	720456.579249	720456.837842	720457.578179	7.425480e-01	34	none	NaN	NaN
127	1	30	20	bathroom	sun_afcoljnjfoxjtgja.tif	720458.347671	720458.606258	720459.346526	7.175183e-01	10	none	NaN	NaN
127	1	31	28	bathroom	sun_ahijqszoswveeyji.tif	720460.116088	720460.374671	720461.115039	8.426668e-01	18	none	NaN	NaN
127	1	32	26	bathroom	sun_ahaulkltgpkeeemi.tif	720461.884506	720462.143097	720462.883505	7.675777e-01	16	none	NaN	NaN
127	1	33	22	bathroom	sun_agguqiubmwhqqunb.tif	720463.652927	720463.911512	720464.651768	6.924886e-01	12	none	NaN	NaN
127	1	34	47	bathroom	sun_apynckhmoftszqoq.tif	720465.421347	720465.679936	720466.420370	7.592345e-01	37	none	NaN	NaN
127	1	35	45	bathroom	sun_apkxzenqapsujocq.tif	720467.189765	720467.448351	720468.188754	8.176371e-01	35	none	NaN	NaN
127	1	36	34	bathroom	sun_alkosphxlxwjwgjd.tif	720468.958180	720469.216771	720469.957043	8.343236e-01	24	none	NaN	NaN
127	1	37	12	bathroom	sun_aapitsgbtktqubfy.tif	720470.726600	720470.985192	720471.725478	8.092939e-01	2	none	NaN	NaN
127	1	38	52	bathroom	sun_aunuadmjocsddsrl.tif	720472.495023	720472.753609	720473.493884	7.091751e-01	42	none	NaN	NaN
127	1	39	50	bathroom	sun_aspsyogrekjtfozg.tif	720474.263442	720474.522029	720475.262666	7.926074e-01	40	none	NaN	NaN
127	1	40	54	bathroom	sun_auzqhkafidnkrwmo.tif	720476.031859	720476.290445	720477.030827	6.507724e-01	44	none	NaN	NaN
127	1	41	31	bathroom	sun_akiytfaagpdsphgz.tif	720477.800273	720478.058865	720478.799301	6.591156e-01	21	39	720479.765675	1
127	1	42	48	bathroom	sun_aqrpegblszgcoujh.tif	720480.544662	720480.803250	720481.543590	8.092939e-01	38	none	NaN	NaN
127	1	43	35	bathroom	sun_alotolagknyrgtsk.tif	720482.313083	720482.571673	720483.311958	8.009507e-01	25	none	NaN	NaN
127	1	44	24	bathroom	sun_agrwbmhcpmfuwmsg.tif	720484.081496	720484.340091	720485.080350	7.258615e-01	14	none	NaN	NaN
127	1	45	40	bathroom	sun_aofnryafpsjimzsb.tif	720485.849917	720486.108511	720486.848819	7.842642e-01	30	none	NaN	NaN
127	1	46	36	bathroom	sun_ambriybtogmepttm.tif	720487.618338	720487.876928	720488.617230	7.759209e-01	26	none	NaN	NaN
127	1	47	57	bathroom	sun_axldvoqbuvuggfmq.tif	720489.386760	720489.645347	720490.385705	8.259804e-01	47	none	NaN	NaN
127	1	48	43	bathroom	sun_apjevzvycyhuqghb.tif	720491.155173	720491.413765	720492.153985	6.507724e-01	33	none	NaN	NaN
127	1	49	32	bathroom	sun_aleqenyvunhactkl.tif	720492.923594	720493.182184	720493.922568	7.008318e-01	22	none	NaN	NaN
127	1	50	51	bathroom	sun_atstyziqcmkahyxk.tif	720494.692011	720494.950599	720495.690848	8.009507e-01	41	none	NaN	NaN
127	1	51	59	bathroom	sun_axyrejkiiaqiurjk.tif	720496.460435	720496.719018	720497.459244	7.008318e-01	49	none	NaN	NaN
127	1	52	11	bathroom	labelme_sfxiulhjbhlyiyt.tif	720498.228850	720498.487437	720499.227738	7.342048e-01	1	none	NaN	NaN
127	1	53	25	bathroom	sun_agyqfjcfkdcydepw.tif	720499.997269	720500.255854	720500.996121	7.508912e-01	15	none	NaN	NaN
127	1	54	16	bathroom	sun_acduarbnmmoglmiv.tif	720501.765684	720502.024276	720502.764654	7.175183e-01	6	none	NaN	NaN
127	1	55	21	bathroom	sun_aggnnqpdorgxpvce.tif	720503.534108	720503.792692	720504.533020	7.508912e-01	11	none	NaN	NaN
127	1	56	51	bathroom	sun_atstyziqcmkahyxk.tif	720505.302527	720505.561111	720506.301540	7.926074e-01	41	none	NaN	NaN
127	1	57	32	bathroom	sun_aleqenyvunhactkl.tif	720507.070944	720507.329532	720508.069899	7.926074e-01	22	none	NaN	NaN
127	1	58	33	bathroom	sun_aljolscmmzydegqp.tif	720508.839364	720509.097951	720509.838367	7.675777e-01	23	none	NaN	NaN
127	1	59	18	bathroom	sun_acgyywnybuveqsro.tif	720510.607778	720510.866369	720511.606708	7.091751e-01	8	none	NaN	NaN
127	1	60	36	bathroom	sun_ambriybtogmepttm.tif	720512.376201	720512.634789	720513.375083	7.842642e-01	26	none	NaN	NaN
127	1	61	13	bathroom	sun_aavhrsfjbserjtht.tif	720514.144620	720514.403207	720515.143605	8.510101e-01	3	none	NaN	NaN
127	1	62	56	bathroom	sun_awnqiikzaispgmwo.tif	720515.913035	720516.171624	720516.911888	7.759209e-01	46	39	720518.285878	1
127	1	63	14	bathroom	sun_abapwbhyhkfixyex.tif	720519.057817	720519.316409	720520.056673	6.591156e-01	4	none	NaN	NaN
127	1	64	45	bathroom	sun_apkxzenqapsujocq.tif	720520.826238	720521.084827	720521.825050	8.092939e-01	35	none	NaN	NaN
127	1	65	38	bathroom	sun_anhioqovhscjqqwb.tif	720522.594654	720522.853248	720523.593540	8.259804e-01	28	39	720525.037490	0
127	1	66	44	bathroom	sun_apkruvsevgegsdwp.tif	720525.814510	720526.073098	720526.813357	8.009507e-01	34	37	720528.829681	1
127	1	67	35	bathroom	sun_alotolagknyrgtsk.tif	720529.601595	720529.860189	720530.600442	6.674589e-01	25	none	NaN	NaN
127	1	68	55	bathroom	sun_avhrdrntsqrjzccq.tif	720531.370016	720531.628605	720532.368851	6.758021e-01	45	39	720533.301794	1
127	1	69	22	bathroom	sun_agguqiubmwhqqunb.tif	720534.072697	720534.331282	720535.071632	6.841454e-01	12	none	NaN	NaN
127	1	70	24	bathroom	sun_agrwbmhcpmfuwmsg.tif	720535.841113	720536.099704	720536.840018	7.425480e-01	14	none	NaN	NaN
127	1	71	47	bathroom	sun_apynckhmoftszqoq.tif	720537.609529	720537.868118	720538.608398	8.343236e-01	37	none	NaN	NaN
127	1	72	53	bathroom	sun_ausgutylgojavyoq.tif	720539.377951	720539.636539	720540.376964	7.592345e-01	43	none	NaN	NaN
127	1	73	15	bathroom	sun_abjtwfukuwddzted.tif	720541.146371	720541.404962	720542.145380	8.009507e-01	5	none	NaN	NaN
127	1	74	28	bathroom	sun_ahijqszoswveeyji.tif	720542.914789	720543.173376	720543.913785	7.258615e-01	18	none	NaN	NaN
127	1	75	26	bathroom	sun_ahaulkltgpkeeemi.tif	720544.683209	720544.941793	720545.682159	8.176371e-01	16	37	720546.773684	1
127	1	76	58	bathroom	sun_axxbkopsgyouuebh.tif	720547.544371	720547.802963	720548.543378	6.841454e-01	48	none	NaN	NaN
127	1	77	17	bathroom	sun_acegryoqftbzowsg.tif	720549.312796	720549.571384	720550.311737	6.841454e-01	7	39	720551.933718	0
127	1	78	54	bathroom	sun_auzqhkafidnkrwmo.tif	720552.707822	720552.966409	720553.706666	8.343236e-01	44	none	NaN	NaN
127	1	79	30	bathroom	sun_ajlawzvmubibwbpy.tif	720554.476243	720554.734825	720555.475178	7.175183e-01	20	none	NaN	NaN
127	1	80	19	bathroom	sun_aclfzgynxzxlbepz.tif	720556.244664	720556.503250	720557.243599	8.176371e-01	9	none	NaN	NaN
127	1	81	60	bathroom	sun_azqyogdvyhahyram.tif	720558.013080	720558.271666	720559.012028	7.258615e-01	50	none	NaN	NaN
127	1	82	50	bathroom	sun_aspsyogrekjtfozg.tif	720559.781500	720560.040081	720560.780372	7.759209e-01	40	none	NaN	NaN
127	1	83	42	bathroom	sun_apeeialkgkuxddgh.tif	720561.549918	720561.808508	720562.548868	7.008318e-01	32	none	NaN	NaN
127	1	84	49	bathroom	sun_asfwthctfqerjvxr.tif	720563.318337	720563.576926	720564.317212	7.675777e-01	39	none	NaN	NaN
127	1	85	27	bathroom	sun_ahcvzmoyaycdoftf.tif	720565.086750	720565.345348	720566.085587	7.008318e-01	17	none	NaN	NaN
127	1	86	12	bathroom	sun_aapitsgbtktqubfy.tif	720566.855169	720567.113761	720567.854112	7.258615e-01	2	none	NaN	NaN
127	1	87	23	bathroom	sun_aghyqhbptboemmoq.tif	720568.623590	720568.882178	720569.622450	6.507724e-01	13	39	720570.829900	1
127	1	88	20	bathroom	sun_afcoljnjfoxjtgja.tif	720571.601536	720571.860131	720572.600409	8.426668e-01	10	none	NaN	NaN
127	1	89	40	bathroom	sun_aofnryafpsjimzsb.tif	720573.369958	720573.628549	720574.368884	6.591156e-01	30	none	NaN	NaN
127	1	90	39	bathroom	sun_anryaplzeujmzfkd.tif	720575.138376	720575.396970	720576.137395	6.841454e-01	29	none	NaN	NaN
127	1	91	43	bathroom	sun_apjevzvycyhuqghb.tif	720576.906797	720577.165382	720577.905606	8.259804e-01	33	none	NaN	NaN
127	1	92	34	bathroom	sun_alkosphxlxwjwgjd.tif	720578.675215	720578.933805	720579.674069	6.674589e-01	24	none	NaN	NaN
127	1	93	41	bathroom	sun_aoybiabnpadelefl.tif	720580.443637	720580.702226	720581.442652	8.426668e-01	31	none	NaN	NaN
127	1	94	46	bathroom	sun_apmqjbnwghzuhhzh.tif	720582.212050	720582.470641	720583.210903	6.758021e-01	36	none	NaN	NaN
127	1	95	57	bathroom	sun_axldvoqbuvuggfmq.tif	720583.980474	720584.239031	720584.979410	8.510101e-01	47	none	NaN	NaN
127	1	96	31	bathroom	sun_akiytfaagpdsphgz.tif	720585.748889	720586.007484	720586.747863	7.508912e-01	21	39	720588.493742	0
127	1	97	37	bathroom	sun_amzlamotzwfkwjco.tif	720589.269046	720589.527633	720590.268053	7.091751e-01	27	none	NaN	NaN
127	1	98	29	bathroom	sun_ahqjwnzgolcaoidx.tif	720591.037464	720591.296051	720592.036335	7.675777e-01	19	none	NaN	NaN
127	1	99	52	bathroom	sun_aunuadmjocsddsrl.tif	720592.805880	720593.064472	720593.804797	7.926074e-01	42	none	NaN	NaN
127	1	100	48	bathroom	sun_aqrpegblszgcoujh.tif	720594.574303	720594.832891	720595.573162	6.674589e-01	38	none	NaN	NaN
127	2	1	62	kitchen	labelme_kxvouciolcpqplr.tif	720600.963965	720601.222552	720601.912883	8.259804e-01	52	none	NaN	NaN
127	2	2	82	kitchen	sun_aenotlpyftoioydp.tif	720602.682333	720602.940923	720603.631201	7.008318e-01	72	none	NaN	NaN
127	2	3	80	kitchen	sun_aegoxogugdkwpmpj.tif	720604.400703	720604.659296	720605.349574	8.259804e-01	70	none	NaN	NaN
127	2	4	84	kitchen	sun_aexklacwqwezaorf.tif	720606.119071	720606.377655	720607.067979	7.508912e-01	74	none	NaN	NaN
127	2	5	88	kitchen	sun_agubuxuukhzyzpdp.tif	720607.837441	720608.096030	720608.786305	7.425480e-01	78	none	NaN	NaN
127	2	6	85	kitchen	sun_afuyedyxivkhecmu.tif	720609.555810	720609.814398	720610.504614	7.926074e-01	75	39	720611.565777	0
127	2	7	73	kitchen	sun_abrcnpqqhmjwekyf.tif	720612.341900	720612.600491	720613.290728	7.592345e-01	63	none	NaN	NaN
127	2	8	99	kitchen	sun_akcjzhbbjlbogpdi.tif	720614.060276	720614.318862	720615.009152	7.258615e-01	89	none	NaN	NaN
127	2	9	75	kitchen	sun_acgtpgfybqjmzeyw.tif	720615.778643	720616.037236	720616.727408	7.592345e-01	65	none	NaN	NaN
127	2	10	92	kitchen	sun_ahpczsiumwwocjkv.tif	720617.497013	720617.755604	720618.445935	7.592345e-01	82	none	NaN	NaN
127	2	11	67	kitchen	sun_aarfiyshqohlwkmo.tif	720619.215377	720619.473971	720620.164133	7.508912e-01	57	39	720621.133658	0
127	2	12	89	kitchen	sun_agzzivivdpnawacl.tif	720621.909712	720622.168299	720622.858649	7.091751e-01	79	none	NaN	NaN
127	2	13	87	kitchen	sun_agorklincwxrdtga.tif	720623.628082	720623.886675	720624.576974	8.343236e-01	77	none	NaN	NaN
127	2	14	70	kitchen	sun_abdxkyyxwfskuaqb.tif	720625.346460	720625.605044	720626.295300	7.008318e-01	60	none	NaN	NaN
127	2	15	69	kitchen	sun_abdenxonkemggwsq.tif	720627.064823	720627.323413	720628.013615	6.507724e-01	59	none	NaN	NaN
127	2	16	66	kitchen	sun_aapllqyqlykszopd.tif	720628.783190	720629.041777	720629.731950	7.342048e-01	56	39	720630.813503	1
127	2	17	104	kitchen	sun_auticobqsbwgoppi.tif	720631.585968	720631.844554	720632.534863	8.009507e-01	94	none	NaN	NaN
127	2	18	90	kitchen	sun_ahdycvpopffkzzsu.tif	720633.304338	720633.562929	720634.253290	6.841454e-01	80	none	NaN	NaN
127	2	19	96	kitchen	sun_ajcbwwvdlsvjyzje.tif	720635.022708	720635.281295	720635.971568	6.924886e-01	86	none	NaN	NaN
127	2	20	65	kitchen	sun_aamedkxepzlwuxes.tif	720636.741070	720636.999665	720637.689899	7.091751e-01	55	none	NaN	NaN
127	2	21	106	kitchen	sun_awcpdzzznmweyyhv.tif	720638.459443	720638.718034	720639.408335	7.675777e-01	96	none	NaN	NaN
127	2	22	83	kitchen	sun_aeqdocilnnpuvuhx.tif	720640.177817	720640.436405	720641.126681	8.426668e-01	73	none	NaN	NaN
127	2	23	64	kitchen	sun_aadbddgrdsjugojn.tif	720641.896183	720642.154771	720642.844968	7.842642e-01	54	none	NaN	NaN
127	2	24	61	kitchen	labelme_brsyyvweiuaazfr.tif	720643.614550	720643.873138	720644.563447	7.175183e-01	51	none	NaN	NaN
127	2	25	107	kitchen	sun_axyyrmzcupyhlivc.tif	720645.332921	720645.591513	720646.281849	7.342048e-01	97	none	NaN	NaN
127	2	26	91	kitchen	sun_ahljzhgcdpomplvg.tif	720647.051288	720647.309876	720648.000237	6.591156e-01	81	none	NaN	NaN
127	2	27	94	kitchen	sun_ahywdevtimnqcsln.tif	720648.769657	720649.028249	720649.718504	7.508912e-01	84	none	NaN	NaN
127	2	28	78	kitchen	sun_adgqasybjyktddhj.tif	720650.488025	720650.746621	720651.436974	7.258615e-01	68	none	NaN	NaN
127	2	29	102	kitchen	sun_auaiucuqpdausiva.tif	720652.206395	720652.464986	720653.155185	6.924886e-01	92	none	NaN	NaN
127	2	30	95	kitchen	sun_aixorpehvfykdynp.tif	720653.924762	720654.183356	720654.873707	6.674589e-01	85	none	NaN	NaN
127	2	31	81	kitchen	sun_aehawpgmrlhlvcow.tif	720655.643137	720655.901722	720656.592003	7.008318e-01	71	39	720657.397735	1
127	2	32	74	kitchen	sun_acfmftudsenhrfhy.tif	720658.170636	720658.429176	720659.119418	8.343236e-01	64	39	720660.309472	0
127	2	33	72	kitchen	sun_abpwyqmlzafvklqo.tif	720661.081851	720661.340436	720662.030624	7.091751e-01	62	none	NaN	NaN
127	2	34	109	kitchen	sun_aypmqwcualkenuoe.tif	720662.800222	720663.058815	720663.749015	7.175183e-01	99	39	720664.637693	0
127	2	35	63	kitchen	labelme_rykdqxenmhulbdn.tif	720665.411141	720665.669731	720666.359902	7.759209e-01	53	none	NaN	NaN
127	2	36	105	kitchen	sun_avszsnwsbuqfgzbn.tif	720667.129514	720667.388102	720668.078423	7.091751e-01	95	none	NaN	NaN
127	2	37	98	kitchen	sun_akchetnepxlcxhsu.tif	720668.847885	720669.106476	720669.796743	8.092939e-01	88	none	NaN	NaN
127	2	38	86	kitchen	sun_aggjlwcdjsjcaemh.tif	720670.566253	720670.824843	720671.515049	6.674589e-01	76	none	NaN	NaN
127	2	39	68	kitchen	sun_aaxxjlsuzvqlgylf.tif	720672.284616	720672.543209	720673.233531	7.508912e-01	58	none	NaN	NaN
127	2	40	71	kitchen	sun_abftihopvusyfakt.tif	720674.002991	720674.261582	720674.951916	8.426668e-01	61	none	NaN	NaN
127	2	41	93	kitchen	sun_ahspylgoovwmwvgk.tif	720675.721358	720675.979952	720676.670283	7.675777e-01	83	39	720677.469816	1
127	2	42	100	kitchen	sun_amjjdeyrggfqgmom.tif	720678.240522	720678.499109	720679.189455	8.176371e-01	90	none	NaN	NaN
127	2	43	108	kitchen	sun_aymvwlarqodbwuoc.tif	720679.958889	720680.217477	720680.907771	6.758021e-01	98	none	NaN	NaN
127	2	44	76	kitchen	sun_acwjdupvyjsugpay.tif	720681.677260	720681.935851	720682.626203	7.842642e-01	66	none	NaN	NaN
127	2	45	97	kitchen	sun_ajkqhtgcbgpcwrwn.tif	720683.395627	720683.654215	720684.344555	7.759209e-01	87	none	NaN	NaN
127	2	46	79	kitchen	sun_admlmbcdswaszruo.tif	720685.113998	720685.372585	720686.062840	8.259804e-01	69	none	NaN	NaN
127	2	47	77	kitchen	sun_acxkpeoqbwcxfvip.tif	720686.832367	720687.090958	720687.781289	7.926074e-01	67	none	NaN	NaN
127	2	48	103	kitchen	sun_aunzlwrbjumxhwdj.tif	720688.550736	720688.809323	720689.499620	7.842642e-01	93	none	NaN	NaN
127	2	49	110	kitchen	sun_azmutvzbxypaceni.tif	720690.269104	720690.527699	720691.218045	8.009507e-01	100	none	NaN	NaN
127	2	50	101	kitchen	sun_aqeaevwwwjoqhzvl.tif	720691.987473	720692.246065	720692.936237	7.175183e-01	91	none	NaN	NaN
127	2	51	88	kitchen	sun_agubuxuukhzyzpdp.tif	720693.705842	720693.964436	720694.654873	8.176371e-01	78	none	NaN	NaN
127	2	52	92	kitchen	sun_ahpczsiumwwocjkv.tif	720695.424208	720695.682797	720696.373066	6.924886e-01	82	39	720697.133609	1
127	2	53	66	kitchen	sun_aapllqyqlykszopd.tif	720697.910002	720698.168590	720698.858829	8.092939e-01	56	none	NaN	NaN
127	2	54	102	kitchen	sun_auaiucuqpdausiva.tif	720699.628342	720699.886967	720700.577279	7.926074e-01	92	39	720701.429661	0
127	2	55	78	kitchen	sun_adgqasybjyktddhj.tif	720702.205931	720702.464516	720703.154857	7.926074e-01	68	none	NaN	NaN
127	2	56	68	kitchen	sun_aaxxjlsuzvqlgylf.tif	720703.924292	720704.182892	720704.873210	6.758021e-01	58	none	NaN	NaN
127	2	57	62	kitchen	labelme_kxvouciolcpqplr.tif	720705.642664	720705.901254	720706.591509	6.591156e-01	52	none	NaN	NaN
127	2	58	100	kitchen	sun_amjjdeyrggfqgmom.tif	720707.361037	720707.619626	720708.309794	6.924886e-01	90	none	NaN	NaN
127	2	59	74	kitchen	sun_acfmftudsenhrfhy.tif	720709.079404	720709.337998	720710.028179	7.175183e-01	64	none	NaN	NaN
127	2	60	109	kitchen	sun_aypmqwcualkenuoe.tif	720710.797776	720711.056363	720711.746668	8.426668e-01	99	none	NaN	NaN
127	2	61	105	kitchen	sun_avszsnwsbuqfgzbn.tif	720712.516143	720712.774725	720713.464987	7.592345e-01	95	none	NaN	NaN
127	2	62	67	kitchen	sun_aarfiyshqohlwkmo.tif	720714.234511	720714.493102	720715.183287	6.841454e-01	57	none	NaN	NaN
127	2	63	83	kitchen	sun_aeqdocilnnpuvuhx.tif	720715.952883	720716.211473	720716.901827	6.674589e-01	73	none	NaN	NaN
127	2	64	90	kitchen	sun_ahdycvpopffkzzsu.tif	720717.671250	720717.929842	720718.620057	6.758021e-01	80	none	NaN	NaN
127	2	65	75	kitchen	sun_acgtpgfybqjmzeyw.tif	720719.389619	720719.648210	720720.338566	7.759209e-01	65	none	NaN	NaN
127	2	66	101	kitchen	sun_aqeaevwwwjoqhzvl.tif	720721.107993	720721.366581	720722.056766	7.759209e-01	91	none	NaN	NaN
127	2	67	82	kitchen	sun_aenotlpyftoioydp.tif	720722.826358	720723.084949	720723.775147	6.841454e-01	72	39	720724.685678	1
127	2	68	97	kitchen	sun_ajkqhtgcbgpcwrwn.tif	720725.462305	720725.720892	720726.411075	7.008318e-01	87	none	NaN	NaN
127	2	69	77	kitchen	sun_acxkpeoqbwcxfvip.tif	720727.180674	720727.439262	720728.129516	7.342048e-01	67	none	NaN	NaN
127	2	70	63	kitchen	labelme_rykdqxenmhulbdn.tif	720728.899045	720729.157627	720729.847979	7.425480e-01	53	none	NaN	NaN
127	2	71	87	kitchen	sun_agorklincwxrdtga.tif	720730.617407	720730.875996	720731.566259	8.343236e-01	77	none	NaN	NaN
127	2	72	84	kitchen	sun_aexklacwqwezaorf.tif	720732.335781	720732.594368	720733.284563	7.675777e-01	74	none	NaN	NaN
127	2	73	94	kitchen	sun_ahywdevtimnqcsln.tif	720734.054150	720734.312740	720735.003034	6.924886e-01	84	37	720736.205745	1
127	2	74	65	kitchen	sun_aamedkxepzlwuxes.tif	720736.982049	720737.240638	720737.930959	8.510101e-01	55	none	NaN	NaN
127	2	75	96	kitchen	sun_ajcbwwvdlsvjyzje.tif	720738.700421	720738.959006	720739.649197	7.508912e-01	86	39	720740.765458	1
127	2	76	106	kitchen	sun_awcpdzzznmweyyhv.tif	720741.536556	720741.795145	720742.485332	8.009507e-01	96	none	NaN	NaN
127	2	77	80	kitchen	sun_aegoxogugdkwpmpj.tif	720743.254931	720743.513519	720744.203845	8.259804e-01	70	37	720745.525817	1
127	2	78	95	kitchen	sun_aixorpehvfykdynp.tif	720746.299614	720746.558205	720747.248449	7.425480e-01	85	none	NaN	NaN
127	2	79	81	kitchen	sun_aehawpgmrlhlvcow.tif	720748.017977	720748.276573	720748.966859	8.176371e-01	71	none	NaN	NaN
127	2	80	76	kitchen	sun_acwjdupvyjsugpay.tif	720749.736352	720749.994943	720750.685199	6.591156e-01	66	39	720751.941627	1
127	2	81	61	kitchen	labelme_brsyyvweiuaazfr.tif	720752.714300	720752.972892	720753.663209	8.092939e-01	51	none	NaN	NaN
127	2	82	98	kitchen	sun_akchetnepxlcxhsu.tif	720754.432672	720754.691256	720755.381515	8.009507e-01	88	none	NaN	NaN
127	2	83	91	kitchen	sun_ahljzhgcdpomplvg.tif	720756.151039	720756.409634	720757.099900	6.507724e-01	81	none	NaN	NaN
127	2	84	72	kitchen	sun_abpwyqmlzafvklqo.tif	720757.869411	720758.127997	720758.818303	6.591156e-01	62	none	NaN	NaN
127	2	85	107	kitchen	sun_axyyrmzcupyhlivc.tif	720759.587774	720759.846368	720760.536583	7.425480e-01	97	39	720761.709801	1
127	2	86	104	kitchen	sun_auticobqsbwgoppi.tif	720762.482311	720762.740901	720763.431219	6.841454e-01	94	none	NaN	NaN
127	2	87	108	kitchen	sun_aymvwlarqodbwuoc.tif	720764.200682	720764.459268	720765.149449	7.258615e-01	98	none	NaN	NaN
127	2	88	93	kitchen	sun_ahspylgoovwmwvgk.tif	720765.919052	720766.177638	720766.867932	8.176371e-01	83	none	NaN	NaN
127	2	89	86	kitchen	sun_aggjlwcdjsjcaemh.tif	720767.637419	720767.896006	720768.586289	8.176371e-01	76	none	NaN	NaN
127	2	90	103	kitchen	sun_aunzlwrbjumxhwdj.tif	720769.355786	720769.614376	720770.304690	6.507724e-01	93	none	NaN	NaN
127	2	91	73	kitchen	sun_abrcnpqqhmjwekyf.tif	720771.074156	720771.332743	720772.022966	7.342048e-01	63	none	NaN	NaN
127	2	92	89	kitchen	sun_agzzivivdpnawacl.tif	720772.792525	720773.051113	720773.741311	7.675777e-01	79	none	NaN	NaN
127	2	93	71	kitchen	sun_abftihopvusyfakt.tif	720774.510896	720774.769484	720775.459832	6.758021e-01	61	none	NaN	NaN
127	2	94	85	kitchen	sun_afuyedyxivkhecmu.tif	720776.229261	720776.487849	720777.178189	8.510101e-01	75	none	NaN	NaN
127	2	95	64	kitchen	sun_aadbddgrdsjugojn.tif	720777.947629	720778.206223	720778.896589	6.674589e-01	54	none	NaN	NaN
127	2	96	110	kitchen	sun_azmutvzbxypaceni.tif	720779.666003	720779.924593	720780.614927	8.426668e-01	100	none	NaN	NaN
127	2	97	70	kitchen	sun_abdxkyyxwfskuaqb.tif	720781.384372	720781.642953	720782.333326	8.343236e-01	60	none	NaN	NaN
127	2	98	99	kitchen	sun_akcjzhbbjlbogpdi.tif	720783.102742	720783.361329	720784.051555	7.842642e-01	89	none	NaN	NaN
127	2	99	79	kitchen	sun_admlmbcdswaszruo.tif	720784.821109	720785.079702	720785.769958	8.092939e-01	69	none	NaN	NaN
127	2	100	69	kitchen	sun_abdenxonkemggwsq.tif	720786.589529	720786.848110	720787.538481	7.258615e-01	59	none	NaN	NaN
127	3	1	27	bathroom	sun_ahcvzmoyaycdoftf.tif	720794.797662	720795.056248	720795.871747	8.259804e-01	17	none	NaN	NaN
127	3	2	21	bathroom	sun_aggnnqpdorgxpvce.tif	720796.641149	720796.899742	720797.715145	6.924886e-01	11	39	720799.365764	1
127	3	3	19	bathroom	sun_aclfzgynxzxlbepz.tif	720800.136304	720800.394869	720801.210383	8.259804e-01	9	none	NaN	NaN
127	3	4	46	bathroom	sun_apmqjbnwghzuhhzh.tif	720801.979774	720802.238359	720803.053808	7.091751e-01	36	none	NaN	NaN
127	3	5	17	bathroom	sun_acegryoqftbzowsg.tif	720803.823268	720804.081856	720804.897323	8.426668e-01	7	none	NaN	NaN
127	3	6	34	bathroom	sun_alkosphxlxwjwgjd.tif	720805.666760	720805.925351	720806.740847	7.258615e-01	24	none	NaN	NaN
127	3	7	18	bathroom	sun_acgyywnybuveqsro.tif	720807.510254	720807.768847	720808.584203	7.091751e-01	8	none	NaN	NaN
127	3	8	38	bathroom	sun_anhioqovhscjqqwb.tif	720809.353747	720809.612335	720810.427902	6.758021e-01	28	none	NaN	NaN
127	3	9	50	bathroom	sun_aspsyogrekjtfozg.tif	720811.197241	720811.455827	720812.271188	8.426668e-01	40	none	NaN	NaN
127	3	10	29	bathroom	sun_ahqjwnzgolcaoidx.tif	720813.040730	720813.299323	720814.114650	7.091751e-01	19	37	720815.205745	1
127	3	11	53	bathroom	sun_ausgutylgojavyoq.tif	720815.976972	720816.235560	720817.050934	6.591156e-01	43	none	NaN	NaN
127	3	12	59	bathroom	sun_axyrejkiiaqiurjk.tif	720817.820468	720818.079056	720818.894455	7.842642e-01	49	none	NaN	NaN
127	3	13	24	bathroom	sun_agrwbmhcpmfuwmsg.tif	720819.663959	720819.922548	720820.737950	8.009507e-01	14	none	NaN	NaN
127	3	14	58	bathroom	sun_axxbkopsgyouuebh.tif	720821.507453	720821.766042	720822.581382	7.508912e-01	48	none	NaN	NaN
127	3	15	31	bathroom	sun_akiytfaagpdsphgz.tif	720823.350945	720823.609534	720824.424916	6.841454e-01	21	none	NaN	NaN
127	3	16	13	bathroom	sun_aavhrsfjbserjtht.tif	720825.194439	720825.453029	720826.268546	7.592345e-01	3	none	NaN	NaN
127	3	17	54	bathroom	sun_auzqhkafidnkrwmo.tif	720827.037931	720827.296522	720828.111937	8.343236e-01	44	37	720829.173660	1
127	3	18	37	bathroom	sun_amzlamotzwfkwjco.tif	720829.949144	720830.207737	720831.023143	7.342048e-01	27	none	NaN	NaN
127	3	19	49	bathroom	sun_asfwthctfqerjvxr.tif	720831.792644	720832.051234	720832.866754	7.175183e-01	39	none	NaN	NaN
127	3	20	45	bathroom	sun_apkxzenqapsujocq.tif	720833.636132	720833.894715	720834.710035	6.758021e-01	35	none	NaN	NaN
127	3	21	39	bathroom	sun_anryaplzeujmzfkd.tif	720835.479629	720835.738220	720836.553673	6.507724e-01	29	none	NaN	NaN
127	3	22	51	bathroom	sun_atstyziqcmkahyxk.tif	720837.323123	720837.581707	720838.397049	7.675777e-01	41	none	NaN	NaN
127	3	23	30	bathroom	sun_ajlawzvmubibwbpy.tif	720839.166618	720839.425209	720840.240606	6.924886e-01	20	none	NaN	NaN
127	3	24	33	bathroom	sun_aljolscmmzydegqp.tif	720841.010106	720841.268698	720842.084213	7.842642e-01	23	none	NaN	NaN
127	3	25	20	bathroom	sun_afcoljnjfoxjtgja.tif	720842.853602	720843.112189	720843.927681	6.758021e-01	10	none	NaN	NaN
127	3	26	60	bathroom	sun_azqyogdvyhahyram.tif	720844.697095	720844.955685	720845.771014	8.092939e-01	50	none	NaN	NaN
127	3	27	22	bathroom	sun_agguqiubmwhqqunb.tif	720846.540589	720846.799177	720847.614487	7.675777e-01	12	37	720849.277656	0
127	3	28	55	bathroom	sun_avhrdrntsqrjzccq.tif	720850.052400	720850.310987	720851.126398	7.175183e-01	45	none	NaN	NaN
127	3	29	52	bathroom	sun_aunuadmjocsddsrl.tif	720851.895892	720852.154480	720852.969880	7.008318e-01	42	none	NaN	NaN
127	3	30	14	bathroom	sun_abapwbhyhkfixyex.tif	720853.739386	720853.997973	720854.813292	7.926074e-01	4	none	NaN	NaN
127	3	31	35	bathroom	sun_alotolagknyrgtsk.tif	720855.582878	720855.841465	720856.656821	7.759209e-01	25	39	720857.693604	1
127	3	32	11	bathroom	labelme_sfxiulhjbhlyiyt.tif	720858.469063	720858.727664	720859.543150	7.342048e-01	1	none	NaN	NaN
127	3	33	48	bathroom	sun_aqrpegblszgcoujh.tif	720860.312565	720860.571152	720861.386465	8.259804e-01	38	none	NaN	NaN
127	3	34	28	bathroom	sun_ahijqszoswveeyji.tif	720862.156058	720862.414645	720863.229956	7.508912e-01	18	39	720864.149619	1
127	3	35	57	bathroom	sun_axldvoqbuvuggfmq.tif	720864.925465	720865.184053	720865.999453	7.926074e-01	47	none	NaN	NaN
127	3	36	26	bathroom	sun_ahaulkltgpkeeemi.tif	720866.768959	720867.027551	720867.842925	7.258615e-01	16	none	NaN	NaN
127	3	37	23	bathroom	sun_aghyqhbptboemmoq.tif	720868.612451	720868.871041	720869.686547	8.176371e-01	13	none	NaN	NaN
127	3	38	47	bathroom	sun_apynckhmoftszqoq.tif	720870.455948	720870.714538	720871.529951	7.425480e-01	37	none	NaN	NaN
127	3	39	42	bathroom	sun_apeeialkgkuxddgh.tif	720872.299437	720872.558029	720873.373470	7.675777e-01	32	39	720874.261484	1
127	3	40	25	bathroom	sun_agyqfjcfkdcydepw.tif	720875.035478	720875.294072	720876.109431	6.841454e-01	15	none	NaN	NaN
127	3	41	32	bathroom	sun_aleqenyvunhactkl.tif	720876.878977	720877.137563	720877.953074	7.508912e-01	22	39	720879.805967	1
127	3	42	12	bathroom	sun_aapitsgbtktqubfy.tif	720880.582644	720880.841232	720881.656695	8.009507e-01	2	none	NaN	NaN
127	3	43	36	bathroom	sun_ambriybtogmepttm.tif	720882.426138	720882.684727	720883.500995	7.008318e-01	26	none	NaN	NaN
127	3	44	44	bathroom	sun_apkruvsevgegsdwp.tif	720884.269634	720884.528220	720885.343738	8.510101e-01	34	none	NaN	NaN
127	3	45	56	bathroom	sun_awnqiikzaispgmwo.tif	720886.113126	720886.371716	720887.187276	6.758021e-01	46	none	NaN	NaN
127	3	46	15	bathroom	sun_abjtwfukuwddzted.tif	720887.956619	720888.215207	720889.030709	8.426668e-01	5	none	NaN	NaN
127	3	47	16	bathroom	sun_acduarbnmmoglmiv.tif	720889.800110	720890.058696	720890.874220	6.924886e-01	6	none	NaN	NaN
127	3	48	43	bathroom	sun_apjevzvycyhuqghb.tif	720891.643603	720891.902190	720892.717586	7.759209e-01	33	none	NaN	NaN
127	3	49	40	bathroom	sun_aofnryafpsjimzsb.tif	720893.487094	720893.745683	720894.561209	6.674589e-01	30	none	NaN	NaN
127	3	50	41	bathroom	sun_aoybiabnpadelefl.tif	720895.330592	720895.589177	720896.404509	6.674589e-01	31	none	NaN	NaN
127	3	51	27	bathroom	sun_ahcvzmoyaycdoftf.tif	720897.174084	720897.432669	720898.248150	8.343236e-01	17	37	720899.597645	1
127	3	52	36	bathroom	sun_ambriybtogmepttm.tif	720900.368911	720900.627503	720901.442809	8.343236e-01	26	none	NaN	NaN
127	3	53	37	bathroom	sun_amzlamotzwfkwjco.tif	720902.212406	720902.470997	720903.286423	8.092939e-01	27	none	NaN	NaN
127	3	54	14	bathroom	sun_abapwbhyhkfixyex.tif	720904.055899	720904.314486	720905.130000	8.009507e-01	4	none	NaN	NaN
127	3	55	40	bathroom	sun_aofnryafpsjimzsb.tif	720905.899392	720906.157977	720906.973366	7.175183e-01	30	none	NaN	NaN
127	3	56	41	bathroom	sun_aoybiabnpadelefl.tif	720907.742889	720908.001472	720908.817002	6.591156e-01	31	none	NaN	NaN
127	3	57	39	bathroom	sun_anryaplzeujmzfkd.tif	720909.586376	720909.844970	720910.660396	6.841454e-01	29	none	NaN	NaN
127	3	58	43	bathroom	sun_apjevzvycyhuqghb.tif	720911.429869	720911.688457	720912.503979	6.924886e-01	33	none	NaN	NaN
127	3	59	60	bathroom	sun_azqyogdvyhahyram.tif	720913.273367	720913.531953	720914.347381	7.008318e-01	50	39	720915.413708	1
127	3	60	38	bathroom	sun_anhioqovhscjqqwb.tif	720916.184581	720916.443169	720917.258601	7.258615e-01	28	none	NaN	NaN
127	3	61	12	bathroom	sun_aapitsgbtktqubfy.tif	720918.028073	720918.286662	720919.102189	7.425480e-01	2	none	NaN	NaN
127	3	62	11	bathroom	labelme_sfxiulhjbhlyiyt.tif	720919.871568	720920.130156	720920.945566	7.759209e-01	1	none	NaN	NaN
127	3	63	30	bathroom	sun_ajlawzvmubibwbpy.tif	720921.715059	720921.973649	720922.789018	8.176371e-01	20	none	NaN	NaN
127	3	64	28	bathroom	sun_ahijqszoswveeyji.tif	720923.558551	720923.817144	720924.632495	6.507724e-01	18	none	NaN	NaN
127	3	65	48	bathroom	sun_aqrpegblszgcoujh.tif	720925.402048	720925.660637	720926.476134	7.508912e-01	38	none	NaN	NaN
127	3	66	25	bathroom	sun_agyqfjcfkdcydepw.tif	720927.245542	720927.504133	720928.319495	7.425480e-01	15	none	NaN	NaN
127	3	67	23	bathroom	sun_aghyqhbptboemmoq.tif	720929.089030	720929.347622	720930.162963	6.924886e-01	13	none	NaN	NaN
127	3	68	16	bathroom	sun_acduarbnmmoglmiv.tif	720930.932523	720931.191115	720932.006485	7.342048e-01	6	none	NaN	NaN
127	3	69	58	bathroom	sun_axxbkopsgyouuebh.tif	720932.776014	720933.034605	720933.849925	8.259804e-01	48	none	NaN	NaN
127	3	70	21	bathroom	sun_aggnnqpdorgxpvce.tif	720934.619507	720934.878102	720935.693463	8.176371e-01	11	none	NaN	NaN
127	3	71	26	bathroom	sun_ahaulkltgpkeeemi.tif	720936.463002	720936.721592	720937.537087	8.092939e-01	16	none	NaN	NaN
127	3	72	34	bathroom	sun_alkosphxlxwjwgjd.tif	720938.306499	720938.565089	720939.380545	6.507724e-01	24	none	NaN	NaN
127	3	73	52	bathroom	sun_aunuadmjocsddsrl.tif	720940.149988	720940.408582	720941.224059	6.674589e-01	42	none	NaN	NaN
127	3	74	15	bathroom	sun_abjtwfukuwddzted.tif	720941.993481	720942.252076	720943.067445	7.592345e-01	5	none	NaN	NaN
127	3	75	13	bathroom	sun_aavhrsfjbserjtht.tif	720943.836976	720944.095563	720944.910973	7.675777e-01	3	none	NaN	NaN
127	3	76	46	bathroom	sun_apmqjbnwghzuhhzh.tif	720945.680466	720945.939056	720946.754423	8.426668e-01	36	none	NaN	NaN
127	3	77	59	bathroom	sun_axyrejkiiaqiurjk.tif	720947.523958	720947.782551	720948.598016	7.926074e-01	49	none	NaN	NaN
127	3	78	42	bathroom	sun_apeeialkgkuxddgh.tif	720949.367454	720949.626043	720950.441434	7.842642e-01	32	none	NaN	NaN
127	3	79	24	bathroom	sun_agrwbmhcpmfuwmsg.tif	720951.210949	720951.469531	720952.284996	8.009507e-01	14	none	NaN	NaN
127	3	80	35	bathroom	sun_alotolagknyrgtsk.tif	720953.054438	720953.313030	720954.128498	7.175183e-01	25	37	720955.221493	1
127	3	81	57	bathroom	sun_axldvoqbuvuggfmq.tif	720955.999027	720956.257613	720957.072934	8.176371e-01	47	none	NaN	NaN
127	3	82	32	bathroom	sun_aleqenyvunhactkl.tif	720957.842516	720958.101105	720958.916475	7.425480e-01	22	none	NaN	NaN
127	3	83	55	bathroom	sun_avhrdrntsqrjzccq.tif	720959.685966	720959.944599	720960.759873	7.926074e-01	45	37	720962.149718	1
127	3	84	22	bathroom	sun_agguqiubmwhqqunb.tif	720962.922550	720963.181141	720963.996639	6.591156e-01	12	none	NaN	NaN
127	3	85	45	bathroom	sun_apkxzenqapsujocq.tif	720964.766045	720965.024653	720965.840059	7.342048e-01	35	none	NaN	NaN
127	3	86	20	bathroom	sun_afcoljnjfoxjtgja.tif	720966.609539	720966.868128	720967.683626	7.842642e-01	10	37	720968.717733	1
127	3	87	19	bathroom	sun_aclfzgynxzxlbepz.tif	720969.495728	720969.754316	720970.569806	7.508912e-01	9	none	NaN	NaN
127	3	88	31	bathroom	sun_akiytfaagpdsphgz.tif	720971.339223	720971.597807	720972.413248	7.592345e-01	21	none	NaN	NaN
127	3	89	47	bathroom	sun_apynckhmoftszqoq.tif	720973.182716	720973.441300	720974.256744	8.510101e-01	37	none	NaN	NaN
127	3	90	17	bathroom	sun_acegryoqftbzowsg.tif	720975.026205	720975.284795	720976.100243	6.841454e-01	7	none	NaN	NaN
127	3	91	33	bathroom	sun_aljolscmmzydegqp.tif	720976.869701	720977.128290	720977.943672	7.258615e-01	23	none	NaN	NaN
127	3	92	51	bathroom	sun_atstyziqcmkahyxk.tif	720978.713195	720978.971779	720979.787175	6.674589e-01	41	37	720980.749764	1
127	3	93	54	bathroom	sun_auzqhkafidnkrwmo.tif	720981.524309	720981.782899	720982.598238	8.176371e-01	44	none	NaN	NaN
127	3	94	18	bathroom	sun_acgyywnybuveqsro.tif	720983.367803	720983.626395	720984.441916	7.008318e-01	8	none	NaN	NaN
127	3	95	50	bathroom	sun_aspsyogrekjtfozg.tif	720985.211299	720985.469886	720986.285298	7.091751e-01	40	none	NaN	NaN
127	3	96	53	bathroom	sun_ausgutylgojavyoq.tif	720987.054790	720987.313377	720988.128767	7.759209e-01	43	none	NaN	NaN
127	3	97	56	bathroom	sun_awnqiikzaispgmwo.tif	720988.898286	720989.156874	720989.972265	8.092939e-01	46	37	720990.973654	1
127	3	98	49	bathroom	sun_asfwthctfqerjvxr.tif	720991.751110	720992.009700	720992.825157	7.592345e-01	39	none	NaN	NaN
127	3	99	44	bathroom	sun_apkruvsevgegsdwp.tif	720993.594605	720993.853191	720994.668688	6.591156e-01	34	none	NaN	NaN
127	3	100	29	bathroom	sun_ahqjwnzgolcaoidx.tif	720995.438096	720995.696680	720996.512185	8.343236e-01	19	none	NaN	NaN
127	4	1	68	kitchen	sun_aaxxjlsuzvqlgylf.tif	721003.404318	721003.662911	721004.361533	7.258615e-01	58	none	NaN	NaN
127	4	2	77	kitchen	sun_acxkpeoqbwcxfvip.tif	721005.131031	721005.389620	721006.088306	7.008318e-01	67	none	NaN	NaN
127	4	3	79	kitchen	sun_admlmbcdswaszruo.tif	721006.857743	721007.116332	721007.814977	8.176371e-01	69	none	NaN	NaN
127	4	4	86	kitchen	sun_aggjlwcdjsjcaemh.tif	721008.584454	721008.843043	721009.541753	7.091751e-01	76	none	NaN	NaN
127	4	5	94	kitchen	sun_ahywdevtimnqcsln.tif	721010.311161	721010.569751	721011.268462	7.008318e-01	84	none	NaN	NaN
127	4	6	95	kitchen	sun_aixorpehvfykdynp.tif	721012.037877	721012.296462	721012.995145	6.758021e-01	85	none	NaN	NaN
127	4	7	75	kitchen	sun_acgtpgfybqjmzeyw.tif	721013.764586	721014.023175	721014.721706	7.508912e-01	65	none	NaN	NaN
127	4	8	88	kitchen	sun_agubuxuukhzyzpdp.tif	721015.491295	721015.749888	721016.448461	6.591156e-01	78	none	NaN	NaN
127	4	9	85	kitchen	sun_afuyedyxivkhecmu.tif	721017.218007	721017.476598	721018.175306	7.842642e-01	75	37	721019.117465	1
127	4	10	104	kitchen	sun_auticobqsbwgoppi.tif	721019.895659	721020.154245	721020.852759	7.592345e-01	94	39	721022.805452	1
127	4	11	72	kitchen	sun_abpwyqmlzafvklqo.tif	721023.582641	721023.841227	721024.539798	7.926074e-01	62	none	NaN	NaN
127	4	12	66	kitchen	sun_aapllqyqlykszopd.tif	721025.309356	721025.567946	721026.266507	7.258615e-01	56	none	NaN	NaN
127	4	13	69	kitchen	sun_abdenxonkemggwsq.tif	721027.036061	721027.294655	721027.993268	8.092939e-01	59	39	721029.669443	1
127	4	14	108	kitchen	sun_aymvwlarqodbwuoc.tif	721030.447775	721030.706365	721031.405040	6.758021e-01	98	none	NaN	NaN
127	4	15	105	kitchen	sun_avszsnwsbuqfgzbn.tif	721032.174493	721032.433076	721033.131649	7.508912e-01	95	none	NaN	NaN
127	4	16	78	kitchen	sun_adgqasybjyktddhj.tif	721033.901198	721034.159779	721034.858377	8.009507e-01	68	none	NaN	NaN
127	4	17	101	kitchen	sun_aqeaevwwwjoqhzvl.tif	721035.627913	721035.886496	721036.585082	8.510101e-01	91	39	721037.621684	1
127	4	18	99	kitchen	sun_akcjzhbbjlbogpdi.tif	721038.397316	721038.655907	721039.354605	6.841454e-01	89	none	NaN	NaN
127	4	19	90	kitchen	sun_ahdycvpopffkzzsu.tif	721040.124035	721040.382615	721041.081218	7.425480e-01	80	none	NaN	NaN
127	4	20	70	kitchen	sun_abdxkyyxwfskuaqb.tif	721041.850744	721042.109331	721042.808023	8.343236e-01	60	none	NaN	NaN
127	4	21	81	kitchen	sun_aehawpgmrlhlvcow.tif	721043.577448	721043.836043	721044.534662	8.009507e-01	71	37	721045.501774	0
127	4	22	106	kitchen	sun_awcpdzzznmweyyhv.tif	721046.280124	721046.538719	721047.237219	8.092939e-01	96	none	NaN	NaN
127	4	23	93	kitchen	sun_ahspylgoovwmwvgk.tif	721048.006839	721048.265434	721048.964141	6.507724e-01	83	none	NaN	NaN
127	4	24	97	kitchen	sun_ajkqhtgcbgpcwrwn.tif	721049.733547	721049.992136	721050.690806	7.175183e-01	87	none	NaN	NaN
127	4	25	91	kitchen	sun_ahljzhgcdpomplvg.tif	721051.460264	721051.718850	721052.417379	7.258615e-01	81	none	NaN	NaN
127	4	26	96	kitchen	sun_ajcbwwvdlsvjyzje.tif	721053.186972	721053.445560	721054.144074	8.092939e-01	86	none	NaN	NaN
127	4	27	62	kitchen	labelme_kxvouciolcpqplr.tif	721054.913683	721055.172276	721055.870948	7.759209e-01	52	none	NaN	NaN
127	4	28	109	kitchen	sun_aypmqwcualkenuoe.tif	721056.640394	721056.898984	721057.597670	7.759209e-01	99	37	721059.069716	1
127	4	29	76	kitchen	sun_acwjdupvyjsugpay.tif	721059.843565	721060.102156	721060.800810	8.092939e-01	66	none	NaN	NaN
127	4	30	87	kitchen	sun_agorklincwxrdtga.tif	721061.570277	721061.828867	721062.527519	8.426668e-01	77	none	NaN	NaN
127	4	31	102	kitchen	sun_auaiucuqpdausiva.tif	721063.296992	721063.555576	721064.254260	8.343236e-01	92	none	NaN	NaN
127	4	32	110	kitchen	sun_azmutvzbxypaceni.tif	721065.023696	721065.282292	721065.980942	7.675777e-01	100	39	721067.013781	1
127	4	33	98	kitchen	sun_akchetnepxlcxhsu.tif	721067.784760	721068.043358	721068.741911	6.674589e-01	88	none	NaN	NaN
127	4	34	100	kitchen	sun_amjjdeyrggfqgmom.tif	721069.511477	721069.770068	721070.468622	7.342048e-01	90	37	721071.373646	1
127	4	35	107	kitchen	sun_axyyrmzcupyhlivc.tif	721072.147425	721072.406009	721073.104639	7.675777e-01	97	none	NaN	NaN
127	4	36	65	kitchen	sun_aamedkxepzlwuxes.tif	721073.874134	721074.132724	721074.831374	8.176371e-01	55	none	NaN	NaN
127	4	37	64	kitchen	sun_aadbddgrdsjugojn.tif	721075.600841	721075.859431	721076.558103	7.342048e-01	54	37	721077.661818	1
127	4	38	89	kitchen	sun_agzzivivdpnawacl.tif	721078.436985	721078.695580	721079.394294	8.426668e-01	79	none	NaN	NaN
127	4	39	103	kitchen	sun_aunzlwrbjumxhwdj.tif	721080.163714	721080.422287	721081.120944	6.841454e-01	93	none	NaN	NaN
127	4	40	71	kitchen	sun_abftihopvusyfakt.tif	721081.890408	721082.148996	721082.847504	7.425480e-01	61	none	NaN	NaN
127	4	41	83	kitchen	sun_aeqdocilnnpuvuhx.tif	721083.617120	721083.875708	721084.574424	6.507724e-01	73	none	NaN	NaN
127	4	42	73	kitchen	sun_abrcnpqqhmjwekyf.tif	721085.343827	721085.602419	721086.301045	6.507724e-01	63	none	NaN	NaN
127	4	43	84	kitchen	sun_aexklacwqwezaorf.tif	721087.070536	721087.329129	721088.027847	7.175183e-01	74	none	NaN	NaN
127	4	44	92	kitchen	sun_ahpczsiumwwocjkv.tif	721088.797253	721089.055839	721089.754464	7.675777e-01	82	none	NaN	NaN
127	4	45	82	kitchen	sun_aenotlpyftoioydp.tif	721090.523960	721090.782549	721091.481167	8.176371e-01	72	37	721093.549664	0
127	4	46	80	kitchen	sun_aegoxogugdkwpmpj.tif	721094.327726	721094.586319	721095.284948	6.924886e-01	70	none	NaN	NaN
127	4	47	61	kitchen	labelme_brsyyvweiuaazfr.tif	721096.054439	721096.313027	721097.011561	7.091751e-01	51	none	NaN	NaN
127	4	48	63	kitchen	labelme_rykdqxenmhulbdn.tif	721097.781154	721098.039738	721098.738371	8.176371e-01	53	37	721099.525726	1
127	4	49	67	kitchen	sun_aarfiyshqohlwkmo.tif	721100.300313	721100.558903	721101.257420	7.008318e-01	57	none	NaN	NaN
127	4	50	74	kitchen	sun_acfmftudsenhrfhy.tif	721102.027024	721102.285609	721102.984262	7.425480e-01	64	none	NaN	NaN
127	4	51	91	kitchen	sun_ahljzhgcdpomplvg.tif	721103.753734	721104.012324	721104.710918	7.926074e-01	81	none	NaN	NaN
127	4	52	85	kitchen	sun_afuyedyxivkhecmu.tif	721105.480442	721105.739035	721106.437573	8.259804e-01	75	none	NaN	NaN
127	4	53	78	kitchen	sun_adgqasybjyktddhj.tif	721107.207153	721107.465740	721108.164324	6.758021e-01	68	none	NaN	NaN
127	4	54	92	kitchen	sun_ahpczsiumwwocjkv.tif	721108.933865	721109.192455	721109.891028	6.591156e-01	82	none	NaN	NaN
127	4	55	87	kitchen	sun_agorklincwxrdtga.tif	721110.660575	721110.919165	721111.617850	8.259804e-01	77	none	NaN	NaN
127	4	56	102	kitchen	sun_auaiucuqpdausiva.tif	721112.387285	721112.645874	721113.344441	7.258615e-01	92	none	NaN	NaN
127	4	57	66	kitchen	sun_aapllqyqlykszopd.tif	721114.113994	721114.372585	721115.071155	8.009507e-01	56	37	721116.061799	0
127	4	58	106	kitchen	sun_awcpdzzznmweyyhv.tif	721116.833360	721117.091948	721117.790648	7.091751e-01	96	none	NaN	NaN
127	4	59	64	kitchen	sun_aadbddgrdsjugojn.tif	721118.560067	721118.818658	721119.517335	7.091751e-01	54	none	NaN	NaN
127	4	60	80	kitchen	sun_aegoxogugdkwpmpj.tif	721120.286779	721120.545387	721121.243932	6.674589e-01	70	none	NaN	NaN
127	4	61	73	kitchen	sun_abrcnpqqhmjwekyf.tif	721122.013484	721122.272075	721122.970756	7.675777e-01	63	none	NaN	NaN
127	4	62	105	kitchen	sun_avszsnwsbuqfgzbn.tif	721123.740201	721123.998789	721124.697331	7.425480e-01	95	none	NaN	NaN
127	4	63	62	kitchen	labelme_kxvouciolcpqplr.tif	721125.466912	721125.725498	721126.424198	7.175183e-01	52	none	NaN	NaN
127	4	64	89	kitchen	sun_agzzivivdpnawacl.tif	721127.193621	721127.452215	721128.150879	6.674589e-01	79	none	NaN	NaN
127	4	65	103	kitchen	sun_aunzlwrbjumxhwdj.tif	721128.920331	721129.178923	721129.877555	8.259804e-01	93	37	721130.925604	1
127	4	66	108	kitchen	sun_aymvwlarqodbwuoc.tif	721131.698080	721131.956671	721132.655288	8.426668e-01	98	none	NaN	NaN
127	4	67	72	kitchen	sun_abpwyqmlzafvklqo.tif	721133.424792	721133.683385	721134.381985	7.508912e-01	62	none	NaN	NaN
127	4	68	70	kitchen	sun_abdxkyyxwfskuaqb.tif	721135.151505	721135.410093	721136.108708	6.924886e-01	60	none	NaN	NaN
127	4	69	68	kitchen	sun_aaxxjlsuzvqlgylf.tif	721136.878213	721137.136805	721137.835499	6.758021e-01	58	37	721138.621694	1
127	4	70	110	kitchen	sun_azmutvzbxypaceni.tif	721139.397376	721139.655962	721140.354550	7.508912e-01	100	none	NaN	NaN
127	4	71	107	kitchen	sun_axyyrmzcupyhlivc.tif	721141.124085	721141.382679	721142.081262	6.924886e-01	97	none	NaN	NaN
127	4	72	97	kitchen	sun_ajkqhtgcbgpcwrwn.tif	721142.850797	721143.109391	721143.808033	7.342048e-01	87	none	NaN	NaN
127	4	73	65	kitchen	sun_aamedkxepzlwuxes.tif	721144.577509	721144.836098	721145.534653	7.592345e-01	55	37	721146.389638	0
127	4	74	99	kitchen	sun_akcjzhbbjlbogpdi.tif	721147.163401	721147.421991	721148.120693	6.841454e-01	89	none	NaN	NaN
127	4	75	94	kitchen	sun_ahywdevtimnqcsln.tif	721148.890116	721149.148704	721149.847305	7.842642e-01	84	none	NaN	NaN
127	4	76	83	kitchen	sun_aeqdocilnnpuvuhx.tif	721150.616823	721150.875417	721151.574130	8.343236e-01	73	none	NaN	NaN
127	4	77	86	kitchen	sun_aggjlwcdjsjcaemh.tif	721152.343536	721152.602126	721153.300835	6.674589e-01	76	none	NaN	NaN
127	4	78	95	kitchen	sun_aixorpehvfykdynp.tif	721154.070251	721154.328834	721155.027469	7.592345e-01	85	none	NaN	NaN
127	4	79	74	kitchen	sun_acfmftudsenhrfhy.tif	721155.796956	721156.055545	721156.754196	7.592345e-01	64	none	NaN	NaN
127	4	80	77	kitchen	sun_acxkpeoqbwcxfvip.tif	721157.523671	721157.782262	721158.480787	7.759209e-01	67	none	NaN	NaN
127	4	81	79	kitchen	sun_admlmbcdswaszruo.tif	721159.250378	721159.508972	721160.207639	7.926074e-01	69	none	NaN	NaN
127	4	82	84	kitchen	sun_aexklacwqwezaorf.tif	721160.977089	721161.235682	721161.934328	8.510101e-01	74	none	NaN	NaN
127	4	83	88	kitchen	sun_agubuxuukhzyzpdp.tif	721162.703798	721162.962390	721163.661097	7.926074e-01	78	none	NaN	NaN
127	4	84	109	kitchen	sun_aypmqwcualkenuoe.tif	721164.430506	721164.689100	721165.387786	8.426668e-01	99	none	NaN	NaN
127	4	85	63	kitchen	labelme_rykdqxenmhulbdn.tif	721166.157221	721166.415806	721167.114532	6.591156e-01	53	none	NaN	NaN
127	4	86	101	kitchen	sun_aqeaevwwwjoqhzvl.tif	721167.883932	721168.142518	721168.841217	8.343236e-01	91	none	NaN	NaN
127	4	87	93	kitchen	sun_ahspylgoovwmwvgk.tif	721169.610643	721169.869232	721170.567874	7.842642e-01	83	none	NaN	NaN
127	4	88	81	kitchen	sun_aehawpgmrlhlvcow.tif	721171.337351	721171.595942	721172.294533	7.342048e-01	71	none	NaN	NaN
127	4	89	90	kitchen	sun_ahdycvpopffkzzsu.tif	721173.064065	721173.322653	721174.021223	8.259804e-01	80	none	NaN	NaN
127	4	90	98	kitchen	sun_akchetnepxlcxhsu.tif	721174.790769	721175.049364	721175.747993	7.759209e-01	88	none	NaN	NaN
127	4	91	69	kitchen	sun_abdenxonkemggwsq.tif	721176.517485	721176.776074	721177.474765	6.924886e-01	59	none	NaN	NaN
127	4	92	96	kitchen	sun_ajcbwwvdlsvjyzje.tif	721178.244195	721178.502788	721179.201462	6.841454e-01	86	none	NaN	NaN
127	4	93	75	kitchen	sun_acgtpgfybqjmzeyw.tif	721179.970902	721180.229496	721180.928049	8.176371e-01	65	none	NaN	NaN
127	4	94	76	kitchen	sun_acwjdupvyjsugpay.tif	721181.697618	721181.956206	721182.654739	7.175183e-01	66	none	NaN	NaN
127	4	95	104	kitchen	sun_auticobqsbwgoppi.tif	721183.424330	721183.682918	721184.381450	8.009507e-01	94	none	NaN	NaN
127	4	96	82	kitchen	sun_aenotlpyftoioydp.tif	721185.151034	721185.409630	721186.108279	7.842642e-01	72	none	NaN	NaN
127	4	97	61	kitchen	labelme_brsyyvweiuaazfr.tif	721186.877748	721187.136337	721187.834938	7.008318e-01	51	none	NaN	NaN
127	4	98	71	kitchen	sun_abftihopvusyfakt.tif	721188.604457	721188.863044	721189.561707	6.591156e-01	61	none	NaN	NaN
127	4	99	67	kitchen	sun_aarfiyshqohlwkmo.tif	721190.331168	721190.589756	721191.288446	6.924886e-01	57	none	NaN	NaN
127	4	100	100	kitchen	sun_amjjdeyrggfqgmom.tif	721192.057883	721192.316468	721193.015009	7.508912e-01	90	none	NaN	NaN
127	5	1	47	bathroom	sun_apynckhmoftszqoq.tif	721198.430863	721198.689451	721199.396310	7.592345e-01	37	none	NaN	NaN
127	5	2	55	bathroom	sun_avhrdrntsqrjzccq.tif	721200.165912	721200.424501	721201.131444	6.507724e-01	45	39	721202.333682	1
127	5	3	45	bathroom	sun_apkxzenqapsujocq.tif	721203.110495	721203.369087	721204.075937	7.425480e-01	35	none	NaN	NaN
127	5	4	41	bathroom	sun_aoybiabnpadelefl.tif	721204.845547	721205.104133	721205.811178	7.091751e-01	31	none	NaN	NaN
127	5	5	21	bathroom	sun_aggnnqpdorgxpvce.tif	721206.580599	721206.839190	721207.546035	7.175183e-01	11	none	NaN	NaN
127	5	6	36	bathroom	sun_ambriybtogmepttm.tif	721208.315651	721208.574244	721209.281204	8.510101e-01	26	none	NaN	NaN
127	5	7	24	bathroom	sun_agrwbmhcpmfuwmsg.tif	721210.050706	721210.309298	721211.016190	6.758021e-01	14	none	NaN	NaN
127	5	8	37	bathroom	sun_amzlamotzwfkwjco.tif	721211.785760	721212.044346	721212.751337	7.008318e-01	27	none	NaN	NaN
127	5	9	20	bathroom	sun_afcoljnjfoxjtgja.tif	721213.520809	721213.779395	721214.486281	7.258615e-01	10	none	NaN	NaN
127	5	10	40	bathroom	sun_aofnryafpsjimzsb.tif	721215.255859	721215.514449	721216.221533	7.508912e-01	30	none	NaN	NaN
127	5	11	42	bathroom	sun_apeeialkgkuxddgh.tif	721216.990909	721217.249501	721217.956443	8.092939e-01	32	none	NaN	NaN
127	5	12	13	bathroom	sun_aavhrsfjbserjtht.tif	721218.725968	721218.984553	721219.691484	8.176371e-01	3	none	NaN	NaN
127	5	13	11	bathroom	labelme_sfxiulhjbhlyiyt.tif	721220.461018	721220.719604	721221.426574	7.258615e-01	1	none	NaN	NaN
127	5	14	34	bathroom	sun_alkosphxlxwjwgjd.tif	721222.196072	721222.454659	721223.161705	6.591156e-01	24	37	721224.173781	1
127	5	15	51	bathroom	sun_atstyziqcmkahyxk.tif	721224.948793	721225.207383	721225.914415	7.258615e-01	41	39	721227.581695	1
127	5	16	32	bathroom	sun_aleqenyvunhactkl.tif	721228.352169	721228.610755	721229.317608	7.842642e-01	22	none	NaN	NaN
127	5	17	26	bathroom	sun_ahaulkltgpkeeemi.tif	721230.087220	721230.345811	721231.052668	7.926074e-01	16	none	NaN	NaN
127	5	18	33	bathroom	sun_aljolscmmzydegqp.tif	721231.822276	721232.080864	721232.787760	7.008318e-01	23	37	721233.829640	1
127	5	19	28	bathroom	sun_ahijqszoswveeyji.tif	721234.600020	721234.858612	721235.565674	7.008318e-01	18	none	NaN	NaN
127	5	20	19	bathroom	sun_aclfzgynxzxlbepz.tif	721236.335075	721236.593668	721237.300639	7.592345e-01	9	none	NaN	NaN
127	5	21	35	bathroom	sun_alotolagknyrgtsk.tif	721238.070131	721238.328722	721239.035639	7.175183e-01	25	none	NaN	NaN
127	5	22	58	bathroom	sun_axxbkopsgyouuebh.tif	721239.805181	721240.063771	721240.770732	8.510101e-01	48	none	NaN	NaN
127	5	23	27	bathroom	sun_ahcvzmoyaycdoftf.tif	721241.540233	721241.798820	721242.505845	7.175183e-01	17	none	NaN	NaN
127	5	24	23	bathroom	sun_aghyqhbptboemmoq.tif	721243.275282	721243.533874	721244.240923	8.092939e-01	13	none	NaN	NaN
127	5	25	56	bathroom	sun_awnqiikzaispgmwo.tif	721245.010340	721245.268927	721245.975791	8.176371e-01	46	none	NaN	NaN
127	5	26	15	bathroom	sun_abjtwfukuwddzted.tif	721246.745389	721247.003982	721247.710857	7.425480e-01	5	none	NaN	NaN
127	5	27	48	bathroom	sun_aqrpegblszgcoujh.tif	721248.480439	721248.739035	721249.446016	8.426668e-01	38	none	NaN	NaN
127	5	28	18	bathroom	sun_acgyywnybuveqsro.tif	721250.215496	721250.474083	721251.180996	8.176371e-01	8	none	NaN	NaN
127	5	29	60	bathroom	sun_azqyogdvyhahyram.tif	721251.950551	721252.209136	721252.915991	8.009507e-01	50	none	NaN	NaN
127	5	30	46	bathroom	sun_apmqjbnwghzuhhzh.tif	721253.685598	721253.944192	721254.651178	6.758021e-01	36	none	NaN	NaN
127	5	31	30	bathroom	sun_ajlawzvmubibwbpy.tif	721255.420651	721255.679241	721256.386182	6.591156e-01	20	none	NaN	NaN
127	5	32	31	bathroom	sun_akiytfaagpdsphgz.tif	721257.155703	721257.414299	721258.121223	8.426668e-01	21	none	NaN	NaN
127	5	33	16	bathroom	sun_acduarbnmmoglmiv.tif	721258.890755	721259.149345	721259.856280	6.674589e-01	6	none	NaN	NaN
127	5	34	29	bathroom	sun_ahqjwnzgolcaoidx.tif	721260.625807	721260.884397	721261.591306	7.091751e-01	19	39	721262.749724	1
127	5	35	49	bathroom	sun_asfwthctfqerjvxr.tif	721263.520341	721263.778930	721264.485912	7.675777e-01	39	none	NaN	NaN
127	5	36	43	bathroom	sun_apjevzvycyhuqghb.tif	721265.255396	721265.513985	721266.221017	8.009507e-01	33	none	NaN	NaN
127	5	37	22	bathroom	sun_agguqiubmwhqqunb.tif	721266.990445	721267.249037	721267.955921	7.008318e-01	12	none	NaN	NaN
127	5	38	17	bathroom	sun_acegryoqftbzowsg.tif	721268.725501	721268.984088	721269.691122	6.674589e-01	7	none	NaN	NaN
127	5	39	44	bathroom	sun_apkruvsevgegsdwp.tif	721270.460553	721270.719140	721271.426208	7.759209e-01	34	39	721272.485411	1
127	5	40	52	bathroom	sun_aunuadmjocsddsrl.tif	721273.263326	721273.521922	721274.228843	8.009507e-01	42	none	NaN	NaN
127	5	41	59	bathroom	sun_axyrejkiiaqiurjk.tif	721274.998381	721275.256964	721275.963954	8.009507e-01	49	none	NaN	NaN
127	5	42	53	bathroom	sun_ausgutylgojavyoq.tif	721276.733429	721276.992020	721277.698914	7.091751e-01	43	none	NaN	NaN
127	5	43	12	bathroom	sun_aapitsgbtktqubfy.tif	721278.468486	721278.727072	721279.434078	6.591156e-01	2	none	NaN	NaN
127	5	44	25	bathroom	sun_agyqfjcfkdcydepw.tif	721280.203534	721280.462126	721281.169183	7.675777e-01	15	none	NaN	NaN
127	5	45	14	bathroom	sun_abapwbhyhkfixyex.tif	721281.938587	721282.197179	721282.904136	7.592345e-01	4	none	NaN	NaN
127	5	46	54	bathroom	sun_auzqhkafidnkrwmo.tif	721283.673642	721283.932226	721284.639173	8.092939e-01	44	none	NaN	NaN
127	5	47	39	bathroom	sun_anryaplzeujmzfkd.tif	721285.408694	721285.667280	721286.374145	7.842642e-01	29	none	NaN	NaN
127	5	48	38	bathroom	sun_anhioqovhscjqqwb.tif	721287.143742	721287.402335	721288.109282	6.758021e-01	28	none	NaN	NaN
127	5	49	57	bathroom	sun_axldvoqbuvuggfmq.tif	721288.878796	721289.137388	721289.844235	7.759209e-01	47	none	NaN	NaN
127	5	50	50	bathroom	sun_aspsyogrekjtfozg.tif	721290.613846	721290.872440	721291.579386	8.092939e-01	40	none	NaN	NaN
127	5	51	50	bathroom	sun_aspsyogrekjtfozg.tif	721292.348898	721292.607489	721293.314370	7.675777e-01	40	none	NaN	NaN
127	5	52	58	bathroom	sun_axxbkopsgyouuebh.tif	721294.083904	721294.342545	721295.049359	8.259804e-01	48	none	NaN	NaN
127	5	53	13	bathroom	sun_aavhrsfjbserjtht.tif	721295.819009	721296.077593	721296.784448	8.259804e-01	3	none	NaN	NaN
127	5	54	28	bathroom	sun_ahijqszoswveeyji.tif	721297.554061	721297.812645	721298.519644	7.425480e-01	18	none	NaN	NaN
127	5	55	31	bathroom	sun_akiytfaagpdsphgz.tif	721299.289112	721299.547700	721300.254642	7.508912e-01	21	none	NaN	NaN
127	5	56	14	bathroom	sun_abapwbhyhkfixyex.tif	721301.024166	721301.282749	721301.989620	8.343236e-01	4	none	NaN	NaN
127	5	57	26	bathroom	sun_ahaulkltgpkeeemi.tif	721302.759212	721303.017804	721303.724829	7.342048e-01	16	none	NaN	NaN
127	5	58	45	bathroom	sun_apkxzenqapsujocq.tif	721304.494271	721304.752858	721305.459863	8.176371e-01	35	none	NaN	NaN
127	5	59	52	bathroom	sun_aunuadmjocsddsrl.tif	721306.229320	721306.487905	721307.194949	7.842642e-01	42	none	NaN	NaN
127	5	60	15	bathroom	sun_abjtwfukuwddzted.tif	721307.964366	721308.222963	721308.929855	8.426668e-01	5	none	NaN	NaN
127	5	61	42	bathroom	sun_apeeialkgkuxddgh.tif	721309.699420	721309.958010	721310.664926	8.343236e-01	32	none	NaN	NaN
127	5	62	32	bathroom	sun_aleqenyvunhactkl.tif	721311.434472	721311.693061	721312.400124	8.343236e-01	22	none	NaN	NaN
127	5	63	34	bathroom	sun_alkosphxlxwjwgjd.tif	721313.169528	721313.428117	721314.135072	7.759209e-01	24	none	NaN	NaN
127	5	64	16	bathroom	sun_acduarbnmmoglmiv.tif	721314.904579	721315.163168	721315.870169	8.259804e-01	6	none	NaN	NaN
127	5	65	44	bathroom	sun_apkruvsevgegsdwp.tif	721316.639634	721316.898217	721317.605147	7.592345e-01	34	none	NaN	NaN
127	5	66	36	bathroom	sun_ambriybtogmepttm.tif	721318.374682	721318.633275	721319.340244	7.508912e-01	26	none	NaN	NaN
127	5	67	27	bathroom	sun_ahcvzmoyaycdoftf.tif	721320.109736	721320.368329	721321.075266	6.841454e-01	17	none	NaN	NaN
127	5	68	33	bathroom	sun_aljolscmmzydegqp.tif	721321.844791	721322.103373	721322.810245	8.176371e-01	23	39	721324.349596	1
127	5	69	49	bathroom	sun_asfwthctfqerjvxr.tif	721325.123037	721325.381627	721326.088507	6.924886e-01	39	none	NaN	NaN
127	5	70	46	bathroom	sun_apmqjbnwghzuhhzh.tif	721326.858086	721327.116671	721327.823522	6.591156e-01	36	39	721328.981688	1
127	5	71	60	bathroom	sun_azqyogdvyhahyram.tif	721329.752622	721330.011209	721330.718099	6.924886e-01	50	37	721331.501562	1
127	5	72	56	bathroom	sun_awnqiikzaispgmwo.tif	721332.271786	721332.530372	721333.237347	8.343236e-01	46	none	NaN	NaN
127	5	73	53	bathroom	sun_ausgutylgojavyoq.tif	721334.006833	721334.265428	721334.972426	7.926074e-01	43	none	NaN	NaN
127	5	74	12	bathroom	sun_aapitsgbtktqubfy.tif	721335.741891	721336.000480	721336.707438	7.926074e-01	2	none	NaN	NaN
127	5	75	38	bathroom	sun_anhioqovhscjqqwb.tif	721337.476941	721337.735530	721338.442415	6.924886e-01	28	none	NaN	NaN
127	5	76	47	bathroom	sun_apynckhmoftszqoq.tif	721339.211992	721339.470584	721340.177482	6.924886e-01	37	none	NaN	NaN
127	5	77	55	bathroom	sun_avhrdrntsqrjzccq.tif	721340.947044	721341.205640	721341.912581	6.841454e-01	45	none	NaN	NaN
127	5	78	29	bathroom	sun_ahqjwnzgolcaoidx.tif	721342.682097	721342.940684	721343.647745	8.426668e-01	19	none	NaN	NaN
127	5	79	20	bathroom	sun_afcoljnjfoxjtgja.tif	721344.417150	721344.675739	721345.382769	7.842642e-01	10	37	721346.973414	1
127	5	80	59	bathroom	sun_axyrejkiiaqiurjk.tif	721347.745448	721348.004039	721348.710909	6.507724e-01	49	none	NaN	NaN
127	5	81	39	bathroom	sun_anryaplzeujmzfkd.tif	721349.480499	721349.739087	721350.446016	7.258615e-01	29	none	NaN	NaN
127	5	82	18	bathroom	sun_acgyywnybuveqsro.tif	721351.215549	721351.474140	721352.181095	7.342048e-01	8	none	NaN	NaN
127	5	83	21	bathroom	sun_aggnnqpdorgxpvce.tif	721352.950602	721353.209197	721353.916149	7.091751e-01	11	none	NaN	NaN
127	5	84	37	bathroom	sun_amzlamotzwfkwjco.tif	721354.685660	721354.944247	721355.651163	7.175183e-01	27	37	721356.725730	0
127	5	85	11	bathroom	labelme_sfxiulhjbhlyiyt.tif	721357.496775	721357.755362	721358.462233	7.342048e-01	1	37	721359.285753	1
127	5	86	35	bathroom	sun_alotolagknyrgtsk.tif	721360.057647	721360.316232	721361.023245	7.508912e-01	25	37	721362.045568	1
127	5	87	30	bathroom	sun_ajlawzvmubibwbpy.tif	721362.818714	721363.077305	721363.784306	7.675777e-01	20	none	NaN	NaN
127	5	88	57	bathroom	sun_axldvoqbuvuggfmq.tif	721364.553767	721364.812354	721365.519359	6.841454e-01	47	none	NaN	NaN
127	5	89	22	bathroom	sun_agguqiubmwhqqunb.tif	721366.288819	721366.547408	721367.254452	6.758021e-01	12	none	NaN	NaN
127	5	90	19	bathroom	sun_aclfzgynxzxlbepz.tif	721368.023870	721368.282460	721368.989320	7.342048e-01	9	none	NaN	NaN
127	5	91	25	bathroom	sun_agyqfjcfkdcydepw.tif	721369.758920	721370.017514	721370.724555	6.674589e-01	15	37	721371.733419	1
127	5	92	43	bathroom	sun_apjevzvycyhuqghb.tif	721372.511652	721372.770238	721373.477237	6.674589e-01	33	none	NaN	NaN
127	5	93	54	bathroom	sun_auzqhkafidnkrwmo.tif	721374.246702	721374.505292	721375.212138	7.759209e-01	44	none	NaN	NaN
127	5	94	51	bathroom	sun_atstyziqcmkahyxk.tif	721375.981755	721376.240341	721376.947347	7.425480e-01	41	none	NaN	NaN
127	5	95	24	bathroom	sun_agrwbmhcpmfuwmsg.tif	721377.716803	721377.975392	721378.682262	6.841454e-01	14	none	NaN	NaN
127	5	96	23	bathroom	sun_aghyqhbptboemmoq.tif	721379.451859	721379.710448	721380.417431	6.924886e-01	13	37	721381.277732	0
127	5	97	40	bathroom	sun_aofnryafpsjimzsb.tif	721382.054434	721382.313029	721383.019982	6.507724e-01	30	none	NaN	NaN
127	5	98	41	bathroom	sun_aoybiabnpadelefl.tif	721383.789493	721384.048077	721384.755130	7.508912e-01	31	none	NaN	NaN
127	5	99	48	bathroom	sun_aqrpegblszgcoujh.tif	721385.524542	721385.783129	721386.490092	7.926074e-01	38	none	NaN	NaN
127	5	100	17	bathroom	sun_acegryoqftbzowsg.tif	721387.259591	721387.518184	721388.225107	8.259804e-01	7	none	NaN	NaN
127	6	1	64	kitchen	sun_aadbddgrdsjugojn.tif	721393.515792	721393.774379	721394.514771	8.426668e-01	54	none	NaN	NaN
127	6	2	81	kitchen	sun_aehawpgmrlhlvcow.tif	721395.284204	721395.542797	721396.283167	7.091751e-01	71	none	NaN	NaN
127	6	3	108	kitchen	sun_aymvwlarqodbwuoc.tif	721397.052629	721397.311215	721398.051566	6.841454e-01	98	none	NaN	NaN
127	6	4	65	kitchen	sun_aamedkxepzlwuxes.tif	721398.821047	721399.079636	721399.820053	8.259804e-01	55	none	NaN	NaN
127	6	5	87	kitchen	sun_agorklincwxrdtga.tif	721400.589462	721400.848051	721401.588318	8.176371e-01	77	none	NaN	NaN
127	6	6	90	kitchen	sun_ahdycvpopffkzzsu.tif	721402.357887	721402.616475	721403.356743	7.508912e-01	80	none	NaN	NaN
127	6	7	99	kitchen	sun_akcjzhbbjlbogpdi.tif	721404.126304	721404.384896	721405.125180	7.675777e-01	89	39	721406.661633	1
127	6	8	93	kitchen	sun_ahspylgoovwmwvgk.tif	721407.437914	721407.696504	721408.436937	7.008318e-01	83	none	NaN	NaN
127	6	9	62	kitchen	labelme_kxvouciolcpqplr.tif	721409.206333	721409.464924	721410.205147	6.674589e-01	52	none	NaN	NaN
127	6	10	69	kitchen	sun_abdenxonkemggwsq.tif	721410.974753	721411.233339	721411.973576	6.841454e-01	59	none	NaN	NaN
127	6	11	98	kitchen	sun_akchetnepxlcxhsu.tif	721412.743173	721413.001765	721413.742043	7.842642e-01	88	none	NaN	NaN
127	6	12	106	kitchen	sun_awcpdzzznmweyyhv.tif	721414.511595	721414.770177	721415.510467	7.926074e-01	96	none	NaN	NaN
127	6	13	109	kitchen	sun_aypmqwcualkenuoe.tif	721416.280006	721416.538602	721417.278841	6.924886e-01	99	none	NaN	NaN
127	6	14	100	kitchen	sun_amjjdeyrggfqgmom.tif	721418.048425	721418.307019	721419.047357	7.175183e-01	90	none	NaN	NaN
127	6	15	89	kitchen	sun_agzzivivdpnawacl.tif	721419.816848	721420.075437	721420.815784	8.259804e-01	79	none	NaN	NaN
127	6	16	103	kitchen	sun_aunzlwrbjumxhwdj.tif	721421.585265	721421.843858	721422.584149	6.924886e-01	93	none	NaN	NaN
127	6	17	78	kitchen	sun_adgqasybjyktddhj.tif	721423.353686	721423.612268	721424.352568	8.343236e-01	68	none	NaN	NaN
127	6	18	68	kitchen	sun_aaxxjlsuzvqlgylf.tif	721425.122101	721425.380695	721426.120910	8.259804e-01	58	none	NaN	NaN
127	6	19	71	kitchen	sun_abftihopvusyfakt.tif	721426.890524	721427.149111	721427.889532	7.091751e-01	61	none	NaN	NaN
127	6	20	105	kitchen	sun_avszsnwsbuqfgzbn.tif	721428.658942	721428.917527	721429.657798	6.507724e-01	95	37	721430.821757	0
127	6	21	73	kitchen	sun_abrcnpqqhmjwekyf.tif	721431.595178	721431.853769	721432.594180	7.592345e-01	63	none	NaN	NaN
127	6	22	67	kitchen	sun_aarfiyshqohlwkmo.tif	721433.363602	721433.622193	721434.362593	7.759209e-01	57	none	NaN	NaN
127	6	23	86	kitchen	sun_aggjlwcdjsjcaemh.tif	721435.132018	721435.390608	721436.130865	8.009507e-01	76	none	NaN	NaN
127	6	24	74	kitchen	sun_acfmftudsenhrfhy.tif	721436.900438	721437.159029	721437.899394	6.591156e-01	64	none	NaN	NaN
127	6	25	66	kitchen	sun_aapllqyqlykszopd.tif	721438.668855	721438.927442	721439.667844	7.175183e-01	56	none	NaN	NaN
127	6	26	95	kitchen	sun_aixorpehvfykdynp.tif	721440.437275	721440.695866	721441.436259	7.592345e-01	85	none	NaN	NaN
127	6	27	70	kitchen	sun_abdxkyyxwfskuaqb.tif	721442.205698	721442.464281	721443.204566	8.343236e-01	60	39	721444.613830	1
127	6	28	75	kitchen	sun_acgtpgfybqjmzeyw.tif	721445.392172	721445.650768	721446.391071	8.426668e-01	65	none	NaN	NaN
127	6	29	94	kitchen	sun_ahywdevtimnqcsln.tif	721447.160603	721447.419187	721448.159559	7.425480e-01	84	none	NaN	NaN
127	6	30	85	kitchen	sun_afuyedyxivkhecmu.tif	721448.929017	721449.187605	721449.927889	7.842642e-01	75	none	NaN	NaN
127	6	31	107	kitchen	sun_axyyrmzcupyhlivc.tif	721450.697441	721450.956027	721451.696339	8.176371e-01	97	none	NaN	NaN
127	6	32	91	kitchen	sun_ahljzhgcdpomplvg.tif	721452.465861	721452.724451	721453.464812	7.258615e-01	81	none	NaN	NaN
127	6	33	96	kitchen	sun_ajcbwwvdlsvjyzje.tif	721454.234276	721454.492863	721455.233296	7.759209e-01	86	39	721456.557632	1
127	6	34	82	kitchen	sun_aenotlpyftoioydp.tif	721457.329010	721457.587600	721458.327915	7.508912e-01	72	37	721459.309602	1
127	6	35	102	kitchen	sun_auaiucuqpdausiva.tif	721460.081735	721460.340325	721461.080567	8.009507e-01	92	37	721463.117404	1
127	6	36	72	kitchen	sun_abpwyqmlzafvklqo.tif	721463.893847	721464.152433	721464.892679	7.258615e-01	62	none	NaN	NaN
127	6	37	84	kitchen	sun_aexklacwqwezaorf.tif	721465.662263	721465.920852	721466.661197	7.675777e-01	74	39	721468.485565	1
127	6	38	101	kitchen	sun_aqeaevwwwjoqhzvl.tif	721469.257497	721469.516084	721470.256521	7.675777e-01	91	none	NaN	NaN
127	6	39	110	kitchen	sun_azmutvzbxypaceni.tif	721471.025915	721471.284503	721472.024933	6.591156e-01	100	none	NaN	NaN
127	6	40	83	kitchen	sun_aeqdocilnnpuvuhx.tif	721472.794330	721473.052917	721473.793249	8.009507e-01	73	none	NaN	NaN
127	6	41	77	kitchen	sun_acxkpeoqbwcxfvip.tif	721474.562746	721474.821335	721475.561664	8.176371e-01	67	none	NaN	NaN
127	6	42	63	kitchen	labelme_rykdqxenmhulbdn.tif	721476.331166	721476.589757	721477.330133	6.507724e-01	53	none	NaN	NaN
127	6	43	80	kitchen	sun_aegoxogugdkwpmpj.tif	721478.099585	721478.358175	721479.098592	7.091751e-01	70	none	NaN	NaN
127	6	44	79	kitchen	sun_admlmbcdswaszruo.tif	721479.868004	721480.126594	721480.866934	7.926074e-01	69	37	721482.341726	1
127	6	45	61	kitchen	labelme_brsyyvweiuaazfr.tif	721483.112885	721483.371475	721484.111737	7.008318e-01	51	none	NaN	NaN
127	6	46	97	kitchen	sun_ajkqhtgcbgpcwrwn.tif	721484.881303	721485.139893	721485.880166	7.091751e-01	87	none	NaN	NaN
127	6	47	88	kitchen	sun_agubuxuukhzyzpdp.tif	721486.649725	721486.908310	721487.648680	7.342048e-01	78	none	NaN	NaN
127	6	48	104	kitchen	sun_auticobqsbwgoppi.tif	721488.418142	721488.676731	721489.417150	7.759209e-01	94	none	NaN	NaN
127	6	49	76	kitchen	sun_acwjdupvyjsugpay.tif	721490.186564	721490.445150	721491.185492	7.592345e-01	66	none	NaN	NaN
127	6	50	92	kitchen	sun_ahpczsiumwwocjkv.tif	721491.954979	721492.213565	721492.953983	7.175183e-01	82	none	NaN	NaN
127	6	51	105	kitchen	sun_avszsnwsbuqfgzbn.tif	721493.723395	721493.981988	721494.722363	8.259804e-01	95	none	NaN	NaN
127	6	52	92	kitchen	sun_ahpczsiumwwocjkv.tif	721495.491816	721495.750407	721496.490797	8.343236e-01	82	none	NaN	NaN
127	6	53	83	kitchen	sun_aeqdocilnnpuvuhx.tif	721497.260225	721497.518821	721498.259095	7.342048e-01	73	none	NaN	NaN
127	6	54	94	kitchen	sun_ahywdevtimnqcsln.tif	721499.028650	721499.287244	721500.027466	8.092939e-01	84	none	NaN	NaN
127	6	55	101	kitchen	sun_aqeaevwwwjoqhzvl.tif	721500.797073	721501.055665	721501.795938	7.008318e-01	91	none	NaN	NaN
127	6	56	81	kitchen	sun_aehawpgmrlhlvcow.tif	721502.565487	721502.824076	721503.564512	6.841454e-01	71	none	NaN	NaN
127	6	57	87	kitchen	sun_agorklincwxrdtga.tif	721504.333903	721504.592496	721505.332782	8.092939e-01	77	none	NaN	NaN
127	6	58	89	kitchen	sun_agzzivivdpnawacl.tif	721506.102325	721506.360917	721507.101152	7.258615e-01	79	none	NaN	NaN
127	6	59	74	kitchen	sun_acfmftudsenhrfhy.tif	721507.870748	721508.129337	721508.869739	8.009507e-01	64	none	NaN	NaN
127	6	60	67	kitchen	sun_aarfiyshqohlwkmo.tif	721509.639166	721509.897746	721510.638125	6.924886e-01	57	none	NaN	NaN
127	6	61	63	kitchen	labelme_rykdqxenmhulbdn.tif	721511.407581	721511.666171	721512.406457	6.674589e-01	53	none	NaN	NaN
127	6	62	84	kitchen	sun_aexklacwqwezaorf.tif	721513.176004	721513.434592	721514.174916	6.591156e-01	74	none	NaN	NaN
127	6	63	103	kitchen	sun_aunzlwrbjumxhwdj.tif	721514.944418	721515.203013	721515.943361	6.924886e-01	93	37	721517.309697	1
127	6	64	91	kitchen	sun_ahljzhgcdpomplvg.tif	721518.080860	721518.339447	721519.079752	6.924886e-01	81	none	NaN	NaN
127	6	65	62	kitchen	labelme_kxvouciolcpqplr.tif	721519.849281	721520.107869	721520.848178	7.425480e-01	52	37	721521.925442	0
127	6	66	106	kitchen	sun_awcpdzzznmweyyhv.tif	721522.702106	721522.960690	721523.700929	6.674589e-01	96	none	NaN	NaN
127	6	67	68	kitchen	sun_aaxxjlsuzvqlgylf.tif	721524.470525	721524.729110	721525.469345	7.508912e-01	58	none	NaN	NaN
127	6	68	65	kitchen	sun_aamedkxepzlwuxes.tif	721526.238939	721526.497532	721527.237847	7.342048e-01	55	none	NaN	NaN
127	6	69	96	kitchen	sun_ajcbwwvdlsvjyzje.tif	721528.007361	721528.265942	721529.006273	7.008318e-01	86	none	NaN	NaN
127	6	70	110	kitchen	sun_azmutvzbxypaceni.tif	721529.775779	721530.034372	721530.774754	8.426668e-01	100	none	NaN	NaN
127	6	71	77	kitchen	sun_acxkpeoqbwcxfvip.tif	721531.544201	721531.802788	721532.543148	8.510101e-01	67	37	721533.525707	0
127	6	72	86	kitchen	sun_aggjlwcdjsjcaemh.tif	721534.296926	721534.555518	721535.295742	7.926074e-01	76	none	NaN	NaN
127	6	73	64	kitchen	sun_aadbddgrdsjugojn.tif	721536.065342	721536.323932	721537.064318	6.758021e-01	54	none	NaN	NaN
127	6	74	76	kitchen	sun_acwjdupvyjsugpay.tif	721537.833762	721538.092352	721538.832591	8.176371e-01	66	none	NaN	NaN
127	6	75	104	kitchen	sun_auticobqsbwgoppi.tif	721539.602182	721539.860766	721540.601260	8.510101e-01	94	none	NaN	NaN
127	6	76	95	kitchen	sun_aixorpehvfykdynp.tif	721541.370598	721541.629190	721542.369507	7.508912e-01	85	none	NaN	NaN
127	6	77	109	kitchen	sun_aypmqwcualkenuoe.tif	721543.139016	721543.397610	721544.138017	8.343236e-01	99	none	NaN	NaN
127	6	78	108	kitchen	sun_aymvwlarqodbwuoc.tif	721544.907438	721545.166022	721545.906436	6.758021e-01	98	37	721546.837647	1
127	6	79	100	kitchen	sun_amjjdeyrggfqgmom.tif	721547.610115	721547.868701	721548.608990	7.592345e-01	90	none	NaN	NaN
127	6	80	99	kitchen	sun_akcjzhbbjlbogpdi.tif	721549.378536	721549.637117	721550.377510	6.591156e-01	89	none	NaN	NaN
127	6	81	70	kitchen	sun_abdxkyyxwfskuaqb.tif	721551.146953	721551.405541	721552.145776	7.175183e-01	60	none	NaN	NaN
127	6	82	75	kitchen	sun_acgtpgfybqjmzeyw.tif	721552.915369	721553.173962	721553.914212	6.674589e-01	65	37	721554.813559	1
127	6	83	90	kitchen	sun_ahdycvpopffkzzsu.tif	721555.584682	721555.843271	721556.583638	6.758021e-01	80	none	NaN	NaN
127	6	84	97	kitchen	sun_ajkqhtgcbgpcwrwn.tif	721557.353096	721557.611687	721558.351988	6.841454e-01	87	none	NaN	NaN
127	6	85	88	kitchen	sun_agubuxuukhzyzpdp.tif	721559.121520	721559.380109	721560.120509	6.507724e-01	78	none	NaN	NaN
127	6	86	80	kitchen	sun_aegoxogugdkwpmpj.tif	721560.889937	721561.148528	721561.888866	8.092939e-01	70	none	NaN	NaN
127	6	87	82	kitchen	sun_aenotlpyftoioydp.tif	721562.658356	721562.916947	721563.657354	7.258615e-01	72	none	NaN	NaN
127	6	88	102	kitchen	sun_auaiucuqpdausiva.tif	721564.426778	721564.685366	721565.425746	7.926074e-01	92	37	721566.325697	0
127	6	89	66	kitchen	sun_aapllqyqlykszopd.tif	721567.096085	721567.354678	721568.095054	7.842642e-01	56	none	NaN	NaN
127	6	90	78	kitchen	sun_adgqasybjyktddhj.tif	721568.864503	721569.123094	721569.863341	8.092939e-01	68	none	NaN	NaN
127	6	91	61	kitchen	labelme_brsyyvweiuaazfr.tif	721570.632923	721570.891510	721571.631844	8.176371e-01	51	none	NaN	NaN
127	6	92	79	kitchen	sun_admlmbcdswaszruo.tif	721572.401339	721572.659934	721573.400220	8.426668e-01	69	37	721574.277628	1
127	6	93	73	kitchen	sun_abrcnpqqhmjwekyf.tif	721575.053969	721575.312557	721576.052942	7.675777e-01	63	none	NaN	NaN
127	6	94	69	kitchen	sun_abdenxonkemggwsq.tif	721576.822390	721577.080976	721577.821367	6.758021e-01	59	none	NaN	NaN
127	6	95	98	kitchen	sun_akchetnepxlcxhsu.tif	721578.590807	721578.849392	721579.589828	7.759209e-01	88	none	NaN	NaN
127	6	96	107	kitchen	sun_axyyrmzcupyhlivc.tif	721580.359224	721580.617812	721581.358235	7.842642e-01	97	none	NaN	NaN
127	6	97	71	kitchen	sun_abftihopvusyfakt.tif	721582.127646	721582.386230	721583.126491	7.508912e-01	61	none	NaN	NaN
127	6	98	85	kitchen	sun_afuyedyxivkhecmu.tif	721583.896058	721584.154651	721584.895007	7.342048e-01	75	none	NaN	NaN
127	6	99	93	kitchen	sun_ahspylgoovwmwvgk.tif	721585.664477	721585.923068	721586.663483	7.425480e-01	83	none	NaN	NaN
127	6	100	72	kitchen	sun_abpwyqmlzafvklqo.tif	721587.432898	721587.691484	721588.431846	7.425480e-01	62	none	NaN	NaN
127	7	1	30	bathroom	sun_ajlawzvmubibwbpy.tif	721620.932752	721621.191344	721621.881713	6.674589e-01	20	37	721622.853574	1
127	7	2	24	bathroom	sun_agrwbmhcpmfuwmsg.tif	721623.627088	721623.885677	721624.576048	7.425480e-01	14	none	NaN	NaN
127	7	3	18	bathroom	sun_acgyywnybuveqsro.tif	721625.345459	721625.604051	721626.294223	7.675777e-01	8	none	NaN	NaN
127	7	4	11	bathroom	labelme_sfxiulhjbhlyiyt.tif	721627.063828	721627.322411	721628.012811	7.508912e-01	1	none	NaN	NaN
127	7	5	36	bathroom	sun_ambriybtogmepttm.tif	721628.782197	721629.040786	721629.730990	7.842642e-01	26	none	NaN	NaN
127	7	6	59	bathroom	sun_axyrejkiiaqiurjk.tif	721630.500564	721630.759156	721631.449647	8.009507e-01	49	39	721633.125552	1
127	7	7	41	bathroom	sun_aoybiabnpadelefl.tif	721633.903936	721634.162523	721634.852839	7.008318e-01	31	none	NaN	NaN
127	7	8	27	bathroom	sun_ahcvzmoyaycdoftf.tif	721635.622306	721635.880901	721636.571079	7.342048e-01	17	none	NaN	NaN
127	7	9	33	bathroom	sun_aljolscmmzydegqp.tif	721637.340675	721637.599264	721638.289610	7.425480e-01	23	none	NaN	NaN
127	7	10	19	bathroom	sun_aclfzgynxzxlbepz.tif	721639.059042	721639.317633	721640.008002	6.758021e-01	9	none	NaN	NaN
127	7	11	50	bathroom	sun_aspsyogrekjtfozg.tif	721640.777414	721641.036005	721641.726332	7.508912e-01	40	none	NaN	NaN
127	7	12	25	bathroom	sun_agyqfjcfkdcydepw.tif	721642.495783	721642.754367	721643.444613	6.507724e-01	15	37	721644.365704	1
127	7	13	48	bathroom	sun_aqrpegblszgcoujh.tif	721645.140067	721645.398656	721646.088858	8.009507e-01	38	none	NaN	NaN
127	7	14	52	bathroom	sun_aunuadmjocsddsrl.tif	721646.858439	721647.117023	721647.807406	8.343236e-01	42	none	NaN	NaN
127	7	15	45	bathroom	sun_apkxzenqapsujocq.tif	721648.576806	721648.835393	721649.525688	7.926074e-01	35	none	NaN	NaN
127	7	16	54	bathroom	sun_auzqhkafidnkrwmo.tif	721650.295174	721650.553763	721651.244078	6.841454e-01	44	none	NaN	NaN
127	7	17	43	bathroom	sun_apjevzvycyhuqghb.tif	721652.013545	721652.272136	721652.962438	6.924886e-01	33	37	721656.421682	1
127	7	18	23	bathroom	sun_aghyqhbptboemmoq.tif	721657.193675	721657.452261	721658.142611	7.592345e-01	13	none	NaN	NaN
127	7	19	57	bathroom	sun_axldvoqbuvuggfmq.tif	721658.912044	721659.170634	721659.860968	7.508912e-01	47	none	NaN	NaN
127	7	20	13	bathroom	sun_aavhrsfjbserjtht.tif	721660.630417	721660.889004	721661.579250	8.176371e-01	3	none	NaN	NaN
127	7	21	28	bathroom	sun_ahijqszoswveeyji.tif	721662.348781	721662.607371	721663.297549	7.342048e-01	18	39	721664.845629	1
127	7	22	51	bathroom	sun_atstyziqcmkahyxk.tif	721665.618692	721665.877280	721666.567628	7.258615e-01	41	none	NaN	NaN
127	7	23	55	bathroom	sun_avhrdrntsqrjzccq.tif	721667.337052	721667.595640	721668.285844	7.091751e-01	45	none	NaN	NaN
127	7	24	40	bathroom	sun_aofnryafpsjimzsb.tif	721669.055426	721669.314015	721670.004229	6.924886e-01	30	none	NaN	NaN
127	7	25	44	bathroom	sun_apkruvsevgegsdwp.tif	721670.773798	721671.032387	721671.722766	8.092939e-01	34	none	NaN	NaN
127	7	26	42	bathroom	sun_apeeialkgkuxddgh.tif	721672.492164	721672.750755	721673.440985	8.176371e-01	32	none	NaN	NaN
127	7	27	20	bathroom	sun_afcoljnjfoxjtgja.tif	721674.210536	721674.469121	721675.159345	7.175183e-01	10	none	NaN	NaN
127	7	28	17	bathroom	sun_acegryoqftbzowsg.tif	721675.928899	721676.187489	721676.877717	8.259804e-01	7	none	NaN	NaN
127	7	29	37	bathroom	sun_amzlamotzwfkwjco.tif	721677.647268	721677.905861	721678.596202	6.924886e-01	27	none	NaN	NaN
127	7	30	16	bathroom	sun_acduarbnmmoglmiv.tif	721679.365645	721679.624230	721680.314599	6.841454e-01	6	none	NaN	NaN
127	7	31	34	bathroom	sun_alkosphxlxwjwgjd.tif	721681.084011	721681.342595	721682.032786	8.343236e-01	24	none	NaN	NaN
127	7	32	49	bathroom	sun_asfwthctfqerjvxr.tif	721682.802378	721683.060969	721683.751291	7.675777e-01	39	none	NaN	NaN
127	7	33	31	bathroom	sun_akiytfaagpdsphgz.tif	721684.520748	721684.779339	721685.469500	7.926074e-01	21	none	NaN	NaN
127	7	34	53	bathroom	sun_ausgutylgojavyoq.tif	721686.239115	721686.606154	721687.187937	7.091751e-01	43	37	721688.309696	0
127	7	35	39	bathroom	sun_anryaplzeujmzfkd.tif	721689.083601	721689.342186	721690.032405	8.426668e-01	29	none	NaN	NaN
127	7	36	21	bathroom	sun_aggnnqpdorgxpvce.tif	721690.801970	721691.060563	721691.750836	7.926074e-01	11	37	721693.837670	0
127	7	37	56	bathroom	sun_awnqiikzaispgmwo.tif	721694.614081	721694.872673	721695.563015	7.342048e-01	46	none	NaN	NaN
127	7	38	14	bathroom	sun_abapwbhyhkfixyex.tif	721696.332452	721696.591038	721697.281236	8.176371e-01	4	none	NaN	NaN
127	7	39	60	bathroom	sun_azqyogdvyhahyram.tif	721698.050858	721698.309408	721698.999716	7.592345e-01	50	none	NaN	NaN
127	7	40	38	bathroom	sun_anhioqovhscjqqwb.tif	721699.769186	721700.027774	721700.718102	8.176371e-01	28	none	NaN	NaN
127	7	41	47	bathroom	sun_apynckhmoftszqoq.tif	721701.487560	721701.746144	721702.436447	6.507724e-01	37	none	NaN	NaN
127	7	42	12	bathroom	sun_aapitsgbtktqubfy.tif	721703.205924	721703.464517	721704.154752	8.009507e-01	2	none	NaN	NaN
127	7	43	22	bathroom	sun_agguqiubmwhqqunb.tif	721704.924296	721705.182885	721705.873150	7.425480e-01	12	37	721706.621582	1
127	7	44	46	bathroom	sun_apmqjbnwghzuhhzh.tif	721707.393404	721707.651995	721708.342357	8.343236e-01	36	none	NaN	NaN
127	7	45	58	bathroom	sun_axxbkopsgyouuebh.tif	721709.111775	721709.370362	721710.060602	8.259804e-01	48	none	NaN	NaN
127	7	46	35	bathroom	sun_alotolagknyrgtsk.tif	721710.830142	721711.088733	721711.778976	8.426668e-01	25	none	NaN	NaN
127	7	47	26	bathroom	sun_ahaulkltgpkeeemi.tif	721712.548516	721712.807106	721713.497414	8.092939e-01	16	none	NaN	NaN
127	7	48	29	bathroom	sun_ahqjwnzgolcaoidx.tif	721714.266886	721714.525473	721715.215694	6.674589e-01	19	none	NaN	NaN
127	7	49	32	bathroom	sun_aleqenyvunhactkl.tif	721715.985256	721716.243842	721716.934010	7.592345e-01	22	none	NaN	NaN
127	7	50	15	bathroom	sun_abjtwfukuwddzted.tif	721717.703620	721717.962211	721718.652510	6.591156e-01	5	none	NaN	NaN
127	7	51	16	bathroom	sun_acduarbnmmoglmiv.tif	721719.421990	721719.680536	721720.370939	7.175183e-01	6	none	NaN	NaN
127	7	52	53	bathroom	sun_ausgutylgojavyoq.tif	721721.140360	721721.398949	721722.089144	8.343236e-01	43	none	NaN	NaN
127	7	53	23	bathroom	sun_aghyqhbptboemmoq.tif	721722.858729	721723.117320	721723.807652	7.759209e-01	13	none	NaN	NaN
127	7	54	17	bathroom	sun_acegryoqftbzowsg.tif	721724.577102	721724.835686	721725.525983	6.674589e-01	7	none	NaN	NaN
127	7	55	32	bathroom	sun_aleqenyvunhactkl.tif	721726.295466	721726.554053	721727.244362	8.426668e-01	22	37	721728.149778	1
127	7	56	37	bathroom	sun_amzlamotzwfkwjco.tif	721728.923071	721729.181660	721729.871974	8.092939e-01	27	none	NaN	NaN
127	7	57	59	bathroom	sun_axyrejkiiaqiurjk.tif	721730.641434	721730.900023	721731.590326	7.508912e-01	49	37	721732.277600	0
127	7	58	41	bathroom	sun_aoybiabnpadelefl.tif	721733.052158	721733.310748	721734.000947	7.008318e-01	31	none	NaN	NaN
127	7	59	26	bathroom	sun_ahaulkltgpkeeemi.tif	721734.770533	721735.029118	721735.719363	8.092939e-01	16	none	NaN	NaN
127	7	60	55	bathroom	sun_avhrdrntsqrjzccq.tif	721736.488897	721736.747480	721737.437799	6.758021e-01	45	none	NaN	NaN
127	7	61	40	bathroom	sun_aofnryafpsjimzsb.tif	721738.207269	721738.465852	721739.156123	7.342048e-01	30	none	NaN	NaN
127	7	62	33	bathroom	sun_aljolscmmzydegqp.tif	721739.925634	721740.184227	721740.874540	6.924886e-01	23	none	NaN	NaN
127	7	63	24	bathroom	sun_agrwbmhcpmfuwmsg.tif	721741.644003	721741.902596	721742.592911	7.592345e-01	14	none	NaN	NaN
127	7	64	39	bathroom	sun_anryaplzeujmzfkd.tif	721743.362374	721743.620963	721744.311244	8.510101e-01	29	none	NaN	NaN
127	7	65	38	bathroom	sun_anhioqovhscjqqwb.tif	721745.080743	721745.339331	721746.029634	6.591156e-01	28	none	NaN	NaN
127	7	66	15	bathroom	sun_abjtwfukuwddzted.tif	721746.799112	721747.057705	721747.747898	6.758021e-01	5	none	NaN	NaN
127	7	67	42	bathroom	sun_apeeialkgkuxddgh.tif	721748.517482	721748.776071	721749.466301	7.842642e-01	32	none	NaN	NaN
127	7	68	11	bathroom	labelme_sfxiulhjbhlyiyt.tif	721750.235850	721750.494443	721751.184717	8.510101e-01	1	none	NaN	NaN
127	7	69	12	bathroom	sun_aapitsgbtktqubfy.tif	721751.954217	721752.212810	721752.902983	6.841454e-01	2	none	NaN	NaN
127	7	70	43	bathroom	sun_apjevzvycyhuqghb.tif	721753.672588	721753.931178	721754.621544	7.258615e-01	33	none	NaN	NaN
127	7	71	47	bathroom	sun_apynckhmoftszqoq.tif	721755.390961	721755.649546	721756.339737	8.009507e-01	37	37	721757.181679	1
127	7	72	34	bathroom	sun_alkosphxlxwjwgjd.tif	721757.960169	721758.218761	721758.908985	7.508912e-01	24	none	NaN	NaN
127	7	73	30	bathroom	sun_ajlawzvmubibwbpy.tif	721759.678541	721759.937127	721760.627501	7.175183e-01	20	none	NaN	NaN
127	7	74	56	bathroom	sun_awnqiikzaispgmwo.tif	721761.396910	721761.655499	721762.345715	6.591156e-01	46	none	NaN	NaN
127	7	75	36	bathroom	sun_ambriybtogmepttm.tif	721763.115278	721763.373866	721764.064224	8.176371e-01	26	none	NaN	NaN
127	7	76	46	bathroom	sun_apmqjbnwghzuhhzh.tif	721764.833646	721765.092232	721765.782529	6.674589e-01	36	none	NaN	NaN
127	7	77	14	bathroom	sun_abapwbhyhkfixyex.tif	721766.552014	721766.810607	721767.500868	7.759209e-01	4	none	NaN	NaN
127	7	78	19	bathroom	sun_aclfzgynxzxlbepz.tif	721768.270385	721768.528973	721769.219231	6.924886e-01	9	none	NaN	NaN
127	7	79	25	bathroom	sun_agyqfjcfkdcydepw.tif	721769.988755	721770.247342	721770.937514	7.008318e-01	15	none	NaN	NaN
127	7	80	13	bathroom	sun_aavhrsfjbserjtht.tif	721771.707123	721771.965714	721772.655949	7.258615e-01	3	none	NaN	NaN
127	7	81	60	bathroom	sun_azqyogdvyhahyram.tif	721773.425496	721773.684080	721774.374313	7.425480e-01	50	none	NaN	NaN
127	7	82	50	bathroom	sun_aspsyogrekjtfozg.tif	721775.143858	721775.402446	721776.092627	6.507724e-01	40	37	721776.933704	0
127	7	83	22	bathroom	sun_agguqiubmwhqqunb.tif	721777.704731	721777.963318	721778.653481	6.591156e-01	12	none	NaN	NaN
127	7	84	20	bathroom	sun_afcoljnjfoxjtgja.tif	721779.423099	721779.681693	721780.371974	8.259804e-01	10	none	NaN	NaN
127	7	85	18	bathroom	sun_acgyywnybuveqsro.tif	721781.141465	721781.400054	721782.090246	6.758021e-01	8	none	NaN	NaN
127	7	86	58	bathroom	sun_axxbkopsgyouuebh.tif	721782.859840	721783.118430	721783.808720	7.759209e-01	48	none	NaN	NaN
127	7	87	35	bathroom	sun_alotolagknyrgtsk.tif	721784.578208	721784.836797	721785.527034	7.258615e-01	25	none	NaN	NaN
127	7	88	44	bathroom	sun_apkruvsevgegsdwp.tif	721786.296574	721786.555166	721787.245406	7.008318e-01	34	none	NaN	NaN
127	7	89	48	bathroom	sun_aqrpegblszgcoujh.tif	721788.014945	721788.273534	721788.963850	7.842642e-01	38	none	NaN	NaN
127	7	90	45	bathroom	sun_apkxzenqapsujocq.tif	721789.733313	721789.991902	721790.682167	7.842642e-01	35	none	NaN	NaN
127	7	91	57	bathroom	sun_axldvoqbuvuggfmq.tif	721791.451686	721791.710268	721792.400630	7.091751e-01	47	37	721793.229682	0
127	7	92	51	bathroom	sun_atstyziqcmkahyxk.tif	721794.004214	721794.262799	721794.952963	7.175183e-01	41	none	NaN	NaN
127	7	93	31	bathroom	sun_akiytfaagpdsphgz.tif	721795.722581	721795.981169	721796.671393	7.926074e-01	21	none	NaN	NaN
127	7	94	29	bathroom	sun_ahqjwnzgolcaoidx.tif	721797.440949	721797.699531	721798.389714	8.259804e-01	19	none	NaN	NaN
127	7	95	54	bathroom	sun_auzqhkafidnkrwmo.tif	721799.159318	721799.417907	721800.108236	8.426668e-01	44	37	721800.925545	1
127	7	96	49	bathroom	sun_asfwthctfqerjvxr.tif	721801.703506	721801.962096	721802.652267	7.759209e-01	39	none	NaN	NaN
127	7	97	52	bathroom	sun_aunuadmjocsddsrl.tif	721803.421875	721803.680467	721804.370706	7.675777e-01	42	none	NaN	NaN
127	7	98	28	bathroom	sun_ahijqszoswveeyji.tif	721805.140244	721805.398834	721806.089080	6.841454e-01	18	none	NaN	NaN
127	7	99	21	bathroom	sun_aggnnqpdorgxpvce.tif	721806.858616	721807.117204	721807.807408	7.091751e-01	11	37	721808.717536	1
127	7	100	27	bathroom	sun_ahcvzmoyaycdoftf.tif	721809.494554	721809.753148	721810.443343	7.675777e-01	17	none	NaN	NaN
127	8	1	66	kitchen	sun_aapllqyqlykszopd.tif	721817.243905	721817.502489	721818.184478	6.758021e-01	56	none	NaN	NaN
127	8	2	91	kitchen	sun_ahljzhgcdpomplvg.tif	721818.953928	721819.212517	721819.894553	7.508912e-01	81	37	721820.701539	1
127	8	3	104	kitchen	sun_auticobqsbwgoppi.tif	721821.473092	721821.731680	721822.413692	8.510101e-01	94	none	NaN	NaN
127	8	4	109	kitchen	sun_aypmqwcualkenuoe.tif	721823.183123	721823.441709	721824.123584	7.759209e-01	99	none	NaN	NaN
127	8	5	81	kitchen	sun_aehawpgmrlhlvcow.tif	721824.893146	721825.151735	721825.833586	7.091751e-01	71	37	721826.581654	1
127	8	6	101	kitchen	sun_aqeaevwwwjoqhzvl.tif	721827.353921	721827.612509	721828.294358	7.258615e-01	91	none	NaN	NaN
127	8	7	85	kitchen	sun_afuyedyxivkhecmu.tif	721829.063945	721829.322532	721830.004501	8.176371e-01	75	none	NaN	NaN
127	8	8	83	kitchen	sun_aeqdocilnnpuvuhx.tif	721830.773971	721831.032558	721831.714388	6.924886e-01	73	none	NaN	NaN
127	8	9	80	kitchen	sun_aegoxogugdkwpmpj.tif	721832.484003	721832.742591	721833.424415	8.092939e-01	70	none	NaN	NaN
127	8	10	86	kitchen	sun_aggjlwcdjsjcaemh.tif	721834.194030	721834.452615	721835.134487	6.674589e-01	76	37	721836.197692	0
127	8	11	65	kitchen	sun_aamedkxepzlwuxes.tif	721836.971778	721837.230371	721837.912309	7.008318e-01	55	none	NaN	NaN
127	8	12	98	kitchen	sun_akchetnepxlcxhsu.tif	721838.681804	721838.940397	721839.622340	7.008318e-01	88	none	NaN	NaN
127	8	13	77	kitchen	sun_acxkpeoqbwcxfvip.tif	721840.391834	721840.650422	721841.332453	8.009507e-01	67	none	NaN	NaN
127	8	14	96	kitchen	sun_ajcbwwvdlsvjyzje.tif	721842.101859	721842.360454	721843.042459	8.259804e-01	86	none	NaN	NaN
127	8	15	84	kitchen	sun_aexklacwqwezaorf.tif	721843.811891	721844.070479	721844.752377	7.258615e-01	74	37	721845.493499	0
127	8	16	79	kitchen	sun_admlmbcdswaszruo.tif	721846.264319	721846.522913	721847.204936	7.508912e-01	69	none	NaN	NaN
127	8	17	89	kitchen	sun_agzzivivdpnawacl.tif	721847.974340	721848.232937	721848.914852	8.426668e-01	79	37	721849.661521	1
127	8	18	92	kitchen	sun_ahpczsiumwwocjkv.tif	721850.435120	721850.693699	721851.375665	8.426668e-01	82	none	NaN	NaN
127	8	19	93	kitchen	sun_ahspylgoovwmwvgk.tif	721852.145145	721852.403731	721853.085627	7.759209e-01	83	37	721853.789559	0
127	8	20	87	kitchen	sun_agorklincwxrdtga.tif	721854.564205	721854.822798	721855.504675	7.842642e-01	77	37	721856.469397	1
127	8	21	68	kitchen	sun_aaxxjlsuzvqlgylf.tif	721857.241858	721857.500448	721858.182299	6.841454e-01	58	none	NaN	NaN
127	8	22	76	kitchen	sun_acwjdupvyjsugpay.tif	721858.951892	721859.210479	721859.892351	6.591156e-01	66	none	NaN	NaN
127	8	23	67	kitchen	sun_aarfiyshqohlwkmo.tif	721860.661909	721860.920506	721861.602472	6.591156e-01	57	none	NaN	NaN
127	8	24	97	kitchen	sun_ajkqhtgcbgpcwrwn.tif	721862.371943	721862.630529	721863.312495	7.508912e-01	87	none	NaN	NaN
127	8	25	110	kitchen	sun_azmutvzbxypaceni.tif	721864.081969	721864.340557	721865.022494	7.175183e-01	100	none	NaN	NaN
127	8	26	105	kitchen	sun_avszsnwsbuqfgzbn.tif	721865.791995	721866.050586	721866.732481	7.842642e-01	95	none	NaN	NaN
127	8	27	70	kitchen	sun_abdxkyyxwfskuaqb.tif	721867.502025	721867.760611	721868.442508	8.510101e-01	60	none	NaN	NaN
127	8	28	69	kitchen	sun_abdenxonkemggwsq.tif	721869.212048	721869.470639	721870.152642	7.508912e-01	59	none	NaN	NaN
127	8	29	64	kitchen	sun_aadbddgrdsjugojn.tif	721870.922081	721871.180670	721871.862530	8.426668e-01	54	none	NaN	NaN
127	8	30	72	kitchen	sun_abpwyqmlzafvklqo.tif	721872.632110	721872.890695	721873.572598	7.675777e-01	62	none	NaN	NaN
127	8	31	71	kitchen	sun_abftihopvusyfakt.tif	721874.342134	721874.600725	721875.282554	7.592345e-01	61	none	NaN	NaN
127	8	32	108	kitchen	sun_aymvwlarqodbwuoc.tif	721876.052160	721876.310750	721876.992647	8.343236e-01	98	none	NaN	NaN
127	8	33	102	kitchen	sun_auaiucuqpdausiva.tif	721877.762185	721878.020779	721878.702764	7.342048e-01	92	none	NaN	NaN
127	8	34	75	kitchen	sun_acgtpgfybqjmzeyw.tif	721879.472214	721879.730801	721880.412625	7.926074e-01	65	none	NaN	NaN
127	8	35	100	kitchen	sun_amjjdeyrggfqgmom.tif	721881.182246	721881.440834	721882.122799	8.259804e-01	90	none	NaN	NaN
127	8	36	74	kitchen	sun_acfmftudsenhrfhy.tif	721882.892271	721883.150864	721883.832744	7.675777e-01	64	none	NaN	NaN
127	8	37	73	kitchen	sun_abrcnpqqhmjwekyf.tif	721884.602300	721884.860888	721885.542719	8.009507e-01	63	none	NaN	NaN
127	8	38	94	kitchen	sun_ahywdevtimnqcsln.tif	721886.312325	721886.570920	721887.252777	8.176371e-01	84	none	NaN	NaN
127	8	39	106	kitchen	sun_awcpdzzznmweyyhv.tif	721888.022354	721888.280945	721888.962832	6.924886e-01	96	none	NaN	NaN
127	8	40	103	kitchen	sun_aunzlwrbjumxhwdj.tif	721889.732383	721889.990968	721890.672815	7.175183e-01	93	none	NaN	NaN
127	8	41	99	kitchen	sun_akcjzhbbjlbogpdi.tif	721891.442412	721891.700995	721892.382833	7.425480e-01	89	none	NaN	NaN
127	8	42	63	kitchen	labelme_rykdqxenmhulbdn.tif	721893.152433	721893.411025	721894.092985	8.259804e-01	53	none	NaN	NaN
127	8	43	61	kitchen	labelme_brsyyvweiuaazfr.tif	721894.862467	721895.121050	721895.803006	7.508912e-01	51	none	NaN	NaN
127	8	44	88	kitchen	sun_agubuxuukhzyzpdp.tif	721896.572489	721896.831075	721897.513086	7.592345e-01	78	none	NaN	NaN
127	8	45	95	kitchen	sun_aixorpehvfykdynp.tif	721898.282524	721898.541110	721899.223037	7.091751e-01	85	none	NaN	NaN
127	8	46	62	kitchen	labelme_kxvouciolcpqplr.tif	721899.992542	721900.251127	721900.933075	7.842642e-01	52	none	NaN	NaN
127	8	47	78	kitchen	sun_adgqasybjyktddhj.tif	721901.702567	721901.961161	721902.643022	8.426668e-01	68	none	NaN	NaN
127	8	48	82	kitchen	sun_aenotlpyftoioydp.tif	721903.412598	721903.671192	721904.353085	6.758021e-01	72	37	721905.509494	1
127	8	49	90	kitchen	sun_ahdycvpopffkzzsu.tif	721906.282109	721906.540691	721907.222526	7.425480e-01	80	none	NaN	NaN
127	8	50	107	kitchen	sun_axyyrmzcupyhlivc.tif	721907.992137	721908.250724	721908.932711	6.841454e-01	97	none	NaN	NaN
127	8	51	109	kitchen	sun_aypmqwcualkenuoe.tif	721909.702166	721909.960756	721910.642591	7.759209e-01	99	none	NaN	NaN
127	8	52	75	kitchen	sun_acgtpgfybqjmzeyw.tif	721911.412190	721911.670780	721912.352723	7.175183e-01	65	none	NaN	NaN
127	8	53	76	kitchen	sun_acwjdupvyjsugpay.tif	721913.122218	721913.380807	721914.062786	6.758021e-01	66	none	NaN	NaN
127	8	54	66	kitchen	sun_aapllqyqlykszopd.tif	721914.832247	721915.090839	721915.772802	6.507724e-01	56	none	NaN	NaN
127	8	55	107	kitchen	sun_axyyrmzcupyhlivc.tif	721916.542275	721916.800863	721917.482775	7.008318e-01	97	37	721918.389582	1
127	8	56	64	kitchen	sun_aadbddgrdsjugojn.tif	721919.161536	721919.420123	721920.102029	8.259804e-01	54	37	721920.877593	1
127	8	57	101	kitchen	sun_aqeaevwwwjoqhzvl.tif	721921.655673	721921.914260	721922.596280	6.924886e-01	91	none	NaN	NaN
127	8	58	79	kitchen	sun_admlmbcdswaszruo.tif	721923.365701	721923.624290	721924.306312	7.258615e-01	69	none	NaN	NaN
127	8	59	61	kitchen	labelme_brsyyvweiuaazfr.tif	721925.075727	721925.334319	721926.016344	7.592345e-01	51	none	NaN	NaN
127	8	60	92	kitchen	sun_ahpczsiumwwocjkv.tif	721926.785750	721927.044347	721927.726257	7.592345e-01	82	none	NaN	NaN
127	8	61	63	kitchen	labelme_rykdqxenmhulbdn.tif	721928.495785	721928.754377	721929.436268	7.342048e-01	53	none	NaN	NaN
127	8	62	93	kitchen	sun_ahspylgoovwmwvgk.tif	721930.205811	721930.464399	721931.146255	7.258615e-01	83	none	NaN	NaN
127	8	63	106	kitchen	sun_awcpdzzznmweyyhv.tif	721931.915839	721932.174426	721932.856319	6.924886e-01	96	none	NaN	NaN
127	8	64	83	kitchen	sun_aeqdocilnnpuvuhx.tif	721933.625864	721933.884455	721934.566336	6.841454e-01	73	none	NaN	NaN
127	8	65	70	kitchen	sun_abdxkyyxwfskuaqb.tif	721935.335893	721935.594482	721936.276473	7.008318e-01	60	none	NaN	NaN
127	8	66	84	kitchen	sun_aexklacwqwezaorf.tif	721937.045920	721937.304509	721937.986488	7.759209e-01	74	none	NaN	NaN
127	8	67	78	kitchen	sun_adgqasybjyktddhj.tif	721938.755947	721939.014537	721939.696568	7.926074e-01	68	none	NaN	NaN
127	8	68	77	kitchen	sun_acxkpeoqbwcxfvip.tif	721940.465972	721940.724565	721941.406498	7.842642e-01	67	none	NaN	NaN
127	8	69	74	kitchen	sun_acfmftudsenhrfhy.tif	721942.176000	721942.434591	721943.116485	8.092939e-01	64	none	NaN	NaN
127	8	70	94	kitchen	sun_ahywdevtimnqcsln.tif	721943.886030	721944.144623	721944.826481	7.091751e-01	84	37	721946.453642	0
127	8	71	95	kitchen	sun_aixorpehvfykdynp.tif	721947.231012	721947.489601	721948.171464	6.674589e-01	85	39	721949.021662	1
127	8	72	73	kitchen	sun_abrcnpqqhmjwekyf.tif	721949.791884	721950.050470	721950.732461	8.009507e-01	63	37	721951.605357	1
127	8	73	88	kitchen	sun_agubuxuukhzyzpdp.tif	721952.377779	721952.636363	721953.318315	8.176371e-01	78	none	NaN	NaN
127	8	74	98	kitchen	sun_akchetnepxlcxhsu.tif	721954.087802	721954.346397	721955.028276	8.009507e-01	88	none	NaN	NaN
127	8	75	80	kitchen	sun_aegoxogugdkwpmpj.tif	721955.797834	721956.056423	721956.738445	6.674589e-01	70	39	721958.037652	1
127	8	76	65	kitchen	sun_aamedkxepzlwuxes.tif	721958.809146	721959.067736	721959.749620	7.675777e-01	55	none	NaN	NaN
127	8	77	103	kitchen	sun_aunzlwrbjumxhwdj.tif	721960.519175	721960.777764	721961.459602	7.425480e-01	93	none	NaN	NaN
127	8	78	86	kitchen	sun_aggjlwcdjsjcaemh.tif	721962.229206	721962.487795	721963.169647	8.092939e-01	76	none	NaN	NaN
127	8	79	71	kitchen	sun_abftihopvusyfakt.tif	721963.939228	721964.197819	721964.879767	7.425480e-01	61	none	NaN	NaN
127	8	80	81	kitchen	sun_aehawpgmrlhlvcow.tif	721965.649253	721965.907842	721966.589727	8.343236e-01	71	none	NaN	NaN
127	8	81	96	kitchen	sun_ajcbwwvdlsvjyzje.tif	721967.359285	721967.617872	721968.299755	6.591156e-01	86	none	NaN	NaN
127	8	82	102	kitchen	sun_auaiucuqpdausiva.tif	721969.069314	721969.327903	721970.009829	6.924886e-01	92	none	NaN	NaN
127	8	83	62	kitchen	labelme_kxvouciolcpqplr.tif	721970.779343	721971.037931	721971.719923	7.342048e-01	52	none	NaN	NaN
127	8	84	108	kitchen	sun_aymvwlarqodbwuoc.tif	721972.489370	721972.747957	721973.429910	6.591156e-01	98	none	NaN	NaN
127	8	85	72	kitchen	sun_abpwyqmlzafvklqo.tif	721974.199392	721974.457980	721975.140018	8.176371e-01	62	none	NaN	NaN
127	8	86	87	kitchen	sun_agorklincwxrdtga.tif	721975.909424	721976.168009	721976.849972	7.342048e-01	77	none	NaN	NaN
127	8	87	90	kitchen	sun_ahdycvpopffkzzsu.tif	721977.619449	721977.878036	721978.560072	7.926074e-01	80	none	NaN	NaN
127	8	88	82	kitchen	sun_aenotlpyftoioydp.tif	721979.329415	721979.588065	721980.269972	6.841454e-01	72	none	NaN	NaN
127	8	89	100	kitchen	sun_amjjdeyrggfqgmom.tif	721981.039505	721981.298092	721981.980043	7.175183e-01	90	39	721982.933487	1
127	8	90	67	kitchen	sun_aarfiyshqohlwkmo.tif	721983.708816	721983.967408	721984.649322	7.091751e-01	57	none	NaN	NaN
127	8	91	104	kitchen	sun_auticobqsbwgoppi.tif	721985.418843	721985.677430	721986.359291	8.092939e-01	94	none	NaN	NaN
127	8	92	110	kitchen	sun_azmutvzbxypaceni.tif	721987.128869	721987.387462	721988.069460	7.675777e-01	100	none	NaN	NaN
127	8	93	105	kitchen	sun_avszsnwsbuqfgzbn.tif	721988.838896	721989.097483	721989.779606	8.176371e-01	95	none	NaN	NaN
127	8	94	97	kitchen	sun_ajkqhtgcbgpcwrwn.tif	721990.548926	721990.807515	721991.489499	8.343236e-01	87	none	NaN	NaN
127	8	95	85	kitchen	sun_afuyedyxivkhecmu.tif	721992.258952	721992.517539	721993.199505	8.343236e-01	75	none	NaN	NaN
127	8	96	89	kitchen	sun_agzzivivdpnawacl.tif	721993.968980	721994.227566	721994.909490	7.926074e-01	79	none	NaN	NaN
127	8	97	91	kitchen	sun_ahljzhgcdpomplvg.tif	721995.679008	721995.937594	721996.619601	6.674589e-01	81	none	NaN	NaN
127	8	98	99	kitchen	sun_akcjzhbbjlbogpdi.tif	721997.389036	721997.647623	721998.329499	6.507724e-01	89	none	NaN	NaN
127	8	99	68	kitchen	sun_aaxxjlsuzvqlgylf.tif	721999.099060	721999.357652	722000.039651	6.758021e-01	58	none	NaN	NaN
127	8	100	69	kitchen	sun_abdenxonkemggwsq.tif	722000.809092	722001.067679	722001.749603	6.507724e-01	59	none	NaN	NaN
127	9	1	11	bathroom	labelme_sfxiulhjbhlyiyt.tif	722009.400935	722009.659523	722010.308030	7.759209e-01	1	none	NaN	NaN
127	9	2	24	bathroom	sun_agrwbmhcpmfuwmsg.tif	722011.077599	722011.336185	722011.984836	8.510101e-01	14	none	NaN	NaN
127	9	3	60	bathroom	sun_azqyogdvyhahyram.tif	722012.754252	722013.012849	722013.661328	7.008318e-01	50	none	NaN	NaN
127	9	4	19	bathroom	sun_aclfzgynxzxlbepz.tif	722014.430915	722014.689509	722015.338015	7.926074e-01	9	none	NaN	NaN
127	9	5	14	bathroom	sun_abapwbhyhkfixyex.tif	722016.107580	722016.366169	722017.014652	8.176371e-01	4	none	NaN	NaN
127	9	6	15	bathroom	sun_abjtwfukuwddzted.tif	722017.784243	722018.042830	722018.691481	6.924886e-01	5	39	722019.597480	1
127	9	7	21	bathroom	sun_aggnnqpdorgxpvce.tif	722020.370136	722020.628727	722021.277316	7.508912e-01	11	none	NaN	NaN
127	9	8	38	bathroom	sun_anhioqovhscjqqwb.tif	722022.046799	722022.305388	722022.953946	6.507724e-01	28	none	NaN	NaN
127	9	9	44	bathroom	sun_apkruvsevgegsdwp.tif	722023.723455	722023.982042	722024.630680	6.591156e-01	34	none	NaN	NaN
127	9	10	56	bathroom	sun_awnqiikzaispgmwo.tif	722025.400119	722025.658706	722026.307316	6.591156e-01	46	none	NaN	NaN
127	9	11	16	bathroom	sun_acduarbnmmoglmiv.tif	722027.076779	722027.335365	722027.983898	8.259804e-01	6	none	NaN	NaN
127	9	12	45	bathroom	sun_apkxzenqapsujocq.tif	722028.753437	722029.012026	722029.660507	8.009507e-01	35	none	NaN	NaN
127	9	13	18	bathroom	sun_acgyywnybuveqsro.tif	722030.430095	722030.688688	722031.337265	8.426668e-01	8	none	NaN	NaN
127	9	14	20	bathroom	sun_afcoljnjfoxjtgja.tif	722032.106759	722032.365349	722033.013944	7.759209e-01	10	37	722035.693639	1
127	9	15	49	bathroom	sun_asfwthctfqerjvxr.tif	722036.469412	722036.728000	722037.376555	8.092939e-01	39	none	NaN	NaN
127	9	16	31	bathroom	sun_akiytfaagpdsphgz.tif	722038.146076	722038.404665	722039.053230	7.592345e-01	21	none	NaN	NaN
127	9	17	17	bathroom	sun_acegryoqftbzowsg.tif	722039.822739	722040.081330	722040.729807	7.425480e-01	7	none	NaN	NaN
127	9	18	54	bathroom	sun_auzqhkafidnkrwmo.tif	722041.499401	722041.757986	722042.406594	8.510101e-01	44	none	NaN	NaN
127	9	19	50	bathroom	sun_aspsyogrekjtfozg.tif	722043.176059	722043.434647	722044.083265	8.176371e-01	40	none	NaN	NaN
127	9	20	34	bathroom	sun_alkosphxlxwjwgjd.tif	722044.852725	722045.111312	722045.759778	7.342048e-01	24	39	722046.877580	0
127	9	21	53	bathroom	sun_ausgutylgojavyoq.tif	722047.655500	722047.914083	722048.562546	6.841454e-01	43	none	NaN	NaN
127	9	22	13	bathroom	sun_aavhrsfjbserjtht.tif	722049.332160	722049.590748	722050.239267	6.674589e-01	3	none	NaN	NaN
127	9	23	52	bathroom	sun_aunuadmjocsddsrl.tif	722051.008823	722051.267408	722051.916016	6.507724e-01	42	none	NaN	NaN
127	9	24	12	bathroom	sun_aapitsgbtktqubfy.tif	722052.685483	722052.944074	722053.592675	7.592345e-01	2	none	NaN	NaN
127	9	25	39	bathroom	sun_anryaplzeujmzfkd.tif	722054.362147	722054.620733	722055.269291	7.342048e-01	29	none	NaN	NaN
127	9	26	29	bathroom	sun_ahqjwnzgolcaoidx.tif	722056.038805	722056.297395	722056.945958	7.091751e-01	19	none	NaN	NaN
127	9	27	26	bathroom	sun_ahaulkltgpkeeemi.tif	722057.715467	722057.974054	722058.622656	6.674589e-01	16	37	722059.805529	1
127	9	28	51	bathroom	sun_atstyziqcmkahyxk.tif	722060.576637	722060.835225	722061.483822	7.091751e-01	41	none	NaN	NaN
127	9	29	41	bathroom	sun_aoybiabnpadelefl.tif	722062.253292	722062.511884	722063.160365	7.842642e-01	31	none	NaN	NaN
127	9	30	28	bathroom	sun_ahijqszoswveeyji.tif	722063.929950	722064.188547	722064.837092	7.425480e-01	18	none	NaN	NaN
127	9	31	57	bathroom	sun_axldvoqbuvuggfmq.tif	722065.606616	722065.865196	722066.513672	7.926074e-01	47	none	NaN	NaN
127	9	32	32	bathroom	sun_aleqenyvunhactkl.tif	722067.283273	722067.541867	722068.190484	6.924886e-01	22	39	722069.461474	1
127	9	33	25	bathroom	sun_agyqfjcfkdcydepw.tif	722070.236203	722070.494789	722071.143424	8.009507e-01	15	none	NaN	NaN
127	9	34	30	bathroom	sun_ajlawzvmubibwbpy.tif	722071.912864	722072.171449	722072.820062	8.259804e-01	20	none	NaN	NaN
127	9	35	58	bathroom	sun_axxbkopsgyouuebh.tif	722073.589522	722073.848116	722074.496562	7.508912e-01	48	none	NaN	NaN
127	9	36	48	bathroom	sun_aqrpegblszgcoujh.tif	722075.266186	722075.524767	722076.173369	7.675777e-01	38	none	NaN	NaN
127	9	37	36	bathroom	sun_ambriybtogmepttm.tif	722076.942848	722077.201438	722077.850090	8.176371e-01	26	none	NaN	NaN
127	9	38	33	bathroom	sun_aljolscmmzydegqp.tif	722078.619505	722078.878101	722079.526595	7.675777e-01	23	none	NaN	NaN
127	9	39	42	bathroom	sun_apeeialkgkuxddgh.tif	722080.296166	722080.554761	722081.203280	7.842642e-01	32	none	NaN	NaN
127	9	40	55	bathroom	sun_avhrdrntsqrjzccq.tif	722081.972833	722082.231421	722082.879984	6.758021e-01	45	37	722085.485348	1
127	9	41	46	bathroom	sun_apmqjbnwghzuhhzh.tif	722086.260415	722086.518997	722087.167524	6.841454e-01	36	none	NaN	NaN
127	9	42	22	bathroom	sun_agguqiubmwhqqunb.tif	722087.937070	722088.195661	722088.844170	6.591156e-01	12	none	NaN	NaN
127	9	43	27	bathroom	sun_ahcvzmoyaycdoftf.tif	722089.613733	722089.872320	722090.520835	6.758021e-01	17	none	NaN	NaN
127	9	44	47	bathroom	sun_apynckhmoftszqoq.tif	722091.290395	722091.548986	722092.197636	6.841454e-01	37	none	NaN	NaN
127	9	45	59	bathroom	sun_axyrejkiiaqiurjk.tif	722092.967057	722093.225645	722093.874148	7.425480e-01	49	none	NaN	NaN
127	9	46	35	bathroom	sun_alotolagknyrgtsk.tif	722094.643717	722094.902305	722095.550968	6.674589e-01	25	37	722096.453643	1
127	9	47	40	bathroom	sun_aofnryafpsjimzsb.tif	722097.229608	722097.488199	722098.136848	7.091751e-01	30	37	722099.158001	0
127	9	48	23	bathroom	sun_aghyqhbptboemmoq.tif	722099.932290	722100.190876	722100.839472	7.842642e-01	13	none	NaN	NaN
127	9	49	43	bathroom	sun_apjevzvycyhuqghb.tif	722101.608949	722101.867538	722102.516102	6.674589e-01	33	none	NaN	NaN
127	9	50	37	bathroom	sun_amzlamotzwfkwjco.tif	722103.285612	722103.544197	722104.192848	8.092939e-01	27	none	NaN	NaN
127	9	51	26	bathroom	sun_ahaulkltgpkeeemi.tif	722104.962271	722105.220861	722105.869442	7.592345e-01	16	none	NaN	NaN
127	9	52	56	bathroom	sun_awnqiikzaispgmwo.tif	722106.638934	722106.897520	722107.546124	8.009507e-01	46	none	NaN	NaN
127	9	53	15	bathroom	sun_abjtwfukuwddzted.tif	722108.315587	722108.574178	722109.222748	8.092939e-01	5	39	722110.573570	1
127	9	54	14	bathroom	sun_abapwbhyhkfixyex.tif	722111.351937	722111.610519	722112.259168	7.926074e-01	4	none	NaN	NaN
127	9	55	58	bathroom	sun_axxbkopsgyouuebh.tif	722113.028589	722113.287184	722113.935818	7.258615e-01	48	none	NaN	NaN
127	9	56	53	bathroom	sun_ausgutylgojavyoq.tif	722114.705256	722114.963843	722115.612306	7.508912e-01	43	none	NaN	NaN
127	9	57	50	bathroom	sun_aspsyogrekjtfozg.tif	722116.381917	722116.640509	722117.288969	8.426668e-01	40	none	NaN	NaN
127	9	58	19	bathroom	sun_aclfzgynxzxlbepz.tif	722118.058578	722118.317167	722118.965700	8.343236e-01	9	none	NaN	NaN
127	9	59	46	bathroom	sun_apmqjbnwghzuhhzh.tif	722119.735240	722119.993833	722120.642399	7.675777e-01	36	none	NaN	NaN
127	9	60	18	bathroom	sun_acgyywnybuveqsro.tif	722121.411901	722121.670492	722122.318959	7.008318e-01	8	none	NaN	NaN
127	9	61	16	bathroom	sun_acduarbnmmoglmiv.tif	722123.088560	722123.347151	722123.995778	7.926074e-01	6	none	NaN	NaN
127	9	62	49	bathroom	sun_asfwthctfqerjvxr.tif	722124.765220	722125.023813	722125.672416	7.258615e-01	39	none	NaN	NaN
127	9	63	28	bathroom	sun_ahijqszoswveeyji.tif	722126.441881	722126.700476	722127.348927	7.508912e-01	18	none	NaN	NaN
127	9	64	33	bathroom	sun_aljolscmmzydegqp.tif	722128.118544	722128.377129	722129.025605	8.343236e-01	23	none	NaN	NaN
127	9	65	34	bathroom	sun_alkosphxlxwjwgjd.tif	722129.795201	722130.053794	722130.702424	7.175183e-01	24	none	NaN	NaN
127	9	66	45	bathroom	sun_apkxzenqapsujocq.tif	722131.471862	722131.730458	722132.378980	7.342048e-01	35	none	NaN	NaN
127	9	67	35	bathroom	sun_alotolagknyrgtsk.tif	722133.148528	722133.407117	722134.055628	8.343236e-01	25	none	NaN	NaN
127	9	68	24	bathroom	sun_agrwbmhcpmfuwmsg.tif	722134.825188	722135.083782	722135.732267	8.426668e-01	14	none	NaN	NaN
127	9	69	52	bathroom	sun_aunuadmjocsddsrl.tif	722136.501847	722136.760440	722137.409075	7.258615e-01	42	none	NaN	NaN
127	9	70	43	bathroom	sun_apjevzvycyhuqghb.tif	722138.178512	722138.437102	722139.085745	7.175183e-01	33	none	NaN	NaN
127	9	71	29	bathroom	sun_ahqjwnzgolcaoidx.tif	722139.855172	722140.113758	722140.762306	7.175183e-01	19	none	NaN	NaN
127	9	72	20	bathroom	sun_afcoljnjfoxjtgja.tif	722141.531834	722141.790425	722142.438931	7.842642e-01	10	39	722143.381526	1
127	9	73	27	bathroom	sun_ahcvzmoyaycdoftf.tif	722144.159438	722144.418025	722145.066609	8.009507e-01	17	none	NaN	NaN
127	9	74	32	bathroom	sun_aleqenyvunhactkl.tif	722145.836095	722146.094686	722146.743318	8.176371e-01	22	none	NaN	NaN
127	9	75	37	bathroom	sun_amzlamotzwfkwjco.tif	722147.512758	722147.771345	722148.419985	8.343236e-01	27	none	NaN	NaN
127	9	76	40	bathroom	sun_aofnryafpsjimzsb.tif	722149.189416	722149.448011	722150.096452	7.008318e-01	30	none	NaN	NaN
127	9	77	30	bathroom	sun_ajlawzvmubibwbpy.tif	722150.866083	722151.124667	722151.773126	6.758021e-01	20	none	NaN	NaN
127	9	78	13	bathroom	sun_aavhrsfjbserjtht.tif	722152.542741	722152.801333	722153.449911	7.508912e-01	3	none	NaN	NaN
127	9	79	21	bathroom	sun_aggnnqpdorgxpvce.tif	722154.219404	722154.477993	722155.126545	6.924886e-01	11	none	NaN	NaN
127	9	80	54	bathroom	sun_auzqhkafidnkrwmo.tif	722155.896065	722156.154656	722156.803230	8.259804e-01	44	37	722157.725488	1
127	9	81	48	bathroom	sun_aqrpegblszgcoujh.tif	722158.498642	722158.757229	722159.405810	6.924886e-01	38	none	NaN	NaN
127	9	82	39	bathroom	sun_anryaplzeujmzfkd.tif	722160.175304	722160.433891	722161.082386	7.342048e-01	29	none	NaN	NaN
127	9	83	31	bathroom	sun_akiytfaagpdsphgz.tif	722161.851967	722162.110554	722162.759003	6.924886e-01	21	none	NaN	NaN
127	9	84	57	bathroom	sun_axldvoqbuvuggfmq.tif	722163.528624	722163.787215	722164.435685	6.591156e-01	47	none	NaN	NaN
127	9	85	51	bathroom	sun_atstyziqcmkahyxk.tif	722165.196950	722165.455533	722166.104111	7.258615e-01	41	none	NaN	NaN
127	9	86	42	bathroom	sun_apeeialkgkuxddgh.tif	722166.873603	722167.132191	722167.780835	7.759209e-01	32	37	722169.133495	0
127	9	87	38	bathroom	sun_anhioqovhscjqqwb.tif	722169.909948	722170.168537	722170.817127	7.592345e-01	28	none	NaN	NaN
127	9	88	47	bathroom	sun_apynckhmoftszqoq.tif	722171.586607	722171.845200	722172.493687	8.092939e-01	37	37	722173.365558	1
127	9	89	55	bathroom	sun_avhrdrntsqrjzccq.tif	722174.139138	722174.397728	722175.046319	7.425480e-01	45	none	NaN	NaN
127	9	90	12	bathroom	sun_aapitsgbtktqubfy.tif	722175.815795	722176.074386	722176.722871	7.175183e-01	2	none	NaN	NaN
127	9	91	11	bathroom	labelme_sfxiulhjbhlyiyt.tif	722177.492457	722177.751046	722178.399552	7.759209e-01	1	none	NaN	NaN
127	9	92	22	bathroom	sun_agguqiubmwhqqunb.tif	722179.169118	722179.427712	722180.076208	6.841454e-01	12	none	NaN	NaN
127	9	93	36	bathroom	sun_ambriybtogmepttm.tif	722180.845781	722181.104370	722181.752844	8.176371e-01	26	none	NaN	NaN
127	9	94	41	bathroom	sun_aoybiabnpadelefl.tif	722182.522440	722182.781033	722183.429519	8.426668e-01	31	none	NaN	NaN
127	9	95	60	bathroom	sun_azqyogdvyhahyram.tif	722184.199100	722184.457692	722185.106169	8.259804e-01	50	none	NaN	NaN
127	9	96	59	bathroom	sun_axyrejkiiaqiurjk.tif	722185.875764	722186.134358	722186.782949	6.507724e-01	49	39	722188.333522	1
127	9	97	17	bathroom	sun_acegryoqftbzowsg.tif	722189.103957	722189.362549	722190.011042	7.008318e-01	7	none	NaN	NaN
127	9	98	23	bathroom	sun_aghyqhbptboemmoq.tif	722190.780623	722191.039211	722191.687862	7.675777e-01	13	none	NaN	NaN
127	9	99	25	bathroom	sun_agyqfjcfkdcydepw.tif	722192.457287	722192.715878	722193.364394	6.758021e-01	15	none	NaN	NaN
127	9	100	44	bathroom	sun_apkruvsevgegsdwp.tif	722194.133945	722194.392534	722195.040981	7.091751e-01	34	39	722195.965586	1
127	10	1	73	kitchen	sun_abrcnpqqhmjwekyf.tif	722201.899976	722202.158558	722202.982315	8.176371e-01	63	none	NaN	NaN
127	10	2	62	kitchen	labelme_kxvouciolcpqplr.tif	722203.751809	722204.010398	722204.834119	7.258615e-01	52	none	NaN	NaN
127	10	3	99	kitchen	sun_akcjzhbbjlbogpdi.tif	722205.603644	722205.862228	722206.685896	8.009507e-01	89	none	NaN	NaN
127	10	4	70	kitchen	sun_abdxkyyxwfskuaqb.tif	722207.455477	722207.714066	722208.537795	7.759209e-01	60	37	722209.741594	1
127	10	5	95	kitchen	sun_aixorpehvfykdynp.tif	722210.516836	722210.775434	722211.599104	6.674589e-01	85	39	722212.741484	1
127	10	6	97	kitchen	sun_ajkqhtgcbgpcwrwn.tif	722213.519816	722213.778402	722214.602237	7.759209e-01	87	none	NaN	NaN
127	10	7	82	kitchen	sun_aenotlpyftoioydp.tif	722215.371647	722215.630239	722216.454084	7.091751e-01	72	none	NaN	NaN
127	10	8	110	kitchen	sun_azmutvzbxypaceni.tif	722217.223485	722217.482072	722218.305738	6.758021e-01	100	none	NaN	NaN
127	10	9	69	kitchen	sun_abdenxonkemggwsq.tif	722219.075319	722219.333903	722220.157750	6.507724e-01	59	none	NaN	NaN
127	10	10	67	kitchen	sun_aarfiyshqohlwkmo.tif	722220.927154	722221.185744	722222.009525	8.343236e-01	57	none	NaN	NaN
127	10	11	103	kitchen	sun_aunzlwrbjumxhwdj.tif	722222.778989	722223.037574	722223.861372	7.592345e-01	93	none	NaN	NaN
127	10	12	66	kitchen	sun_aapllqyqlykszopd.tif	722224.630820	722224.889410	722225.713124	8.510101e-01	56	none	NaN	NaN
127	10	13	78	kitchen	sun_adgqasybjyktddhj.tif	722226.482662	722226.741250	722227.565105	8.343236e-01	68	none	NaN	NaN
127	10	14	107	kitchen	sun_axyyrmzcupyhlivc.tif	722228.334494	722228.593082	722229.416922	7.508912e-01	97	39	722230.573624	1
127	10	15	96	kitchen	sun_ajcbwwvdlsvjyzje.tif	722231.345811	722231.604398	722232.428256	6.924886e-01	86	none	NaN	NaN
127	10	16	94	kitchen	sun_ahywdevtimnqcsln.tif	722233.197645	722233.456232	722234.280053	6.841454e-01	84	none	NaN	NaN
127	10	17	109	kitchen	sun_aypmqwcualkenuoe.tif	722235.049479	722235.308067	722236.131887	8.259804e-01	99	none	NaN	NaN
127	10	18	105	kitchen	sun_avszsnwsbuqfgzbn.tif	722236.901310	722237.159897	722237.983761	7.008318e-01	95	none	NaN	NaN
127	10	19	83	kitchen	sun_aeqdocilnnpuvuhx.tif	722238.753146	722239.011735	722239.835505	7.425480e-01	73	none	NaN	NaN
127	10	20	86	kitchen	sun_aggjlwcdjsjcaemh.tif	722240.604979	722240.863572	722241.687242	6.758021e-01	76	none	NaN	NaN
127	10	21	85	kitchen	sun_afuyedyxivkhecmu.tif	722242.456815	722242.715404	722243.539259	7.508912e-01	75	39	722244.589596	1
127	10	22	65	kitchen	sun_aamedkxepzlwuxes.tif	722245.368034	722245.626622	722246.450339	7.842642e-01	55	none	NaN	NaN
127	10	23	74	kitchen	sun_acfmftudsenhrfhy.tif	722247.219869	722247.478463	722248.302181	8.176371e-01	64	39	722250.141570	1
127	10	24	88	kitchen	sun_agubuxuukhzyzpdp.tif	722250.915194	722251.173786	722251.997651	8.092939e-01	78	none	NaN	NaN
127	10	25	92	kitchen	sun_ahpczsiumwwocjkv.tif	722252.767029	722253.025619	722253.849324	6.841454e-01	82	none	NaN	NaN
127	10	26	81	kitchen	sun_aehawpgmrlhlvcow.tif	722254.618863	722254.877451	722255.701308	7.008318e-01	71	none	NaN	NaN
127	10	27	101	kitchen	sun_aqeaevwwwjoqhzvl.tif	722256.470697	722256.729288	722257.552950	7.675777e-01	91	none	NaN	NaN
127	10	28	90	kitchen	sun_ahdycvpopffkzzsu.tif	722258.322535	722258.581122	722259.404846	8.343236e-01	80	none	NaN	NaN
127	10	29	76	kitchen	sun_acwjdupvyjsugpay.tif	722260.174369	722260.432953	722261.256764	6.924886e-01	66	none	NaN	NaN
127	10	30	87	kitchen	sun_agorklincwxrdtga.tif	722262.026204	722262.284792	722263.108540	7.175183e-01	77	none	NaN	NaN
127	10	31	100	kitchen	sun_amjjdeyrggfqgmom.tif	722263.878041	722264.136630	722264.960405	7.091751e-01	90	39	722283.973497	1
127	10	32	63	kitchen	labelme_rykdqxenmhulbdn.tif	722284.748714	722285.007299	722285.831031	8.426668e-01	53	37	722292.605480	1
127	10	33	89	kitchen	sun_agzzivivdpnawacl.tif	722293.382266	722293.640858	722294.464697	7.675777e-01	79	none	NaN	NaN
127	10	34	84	kitchen	sun_aexklacwqwezaorf.tif	722295.234100	722295.492689	722296.316365	6.674589e-01	74	none	NaN	NaN
127	10	35	71	kitchen	sun_abftihopvusyfakt.tif	722297.085938	722297.344527	722298.168287	6.841454e-01	61	37	722299.157327	1
127	10	36	80	kitchen	sun_aegoxogugdkwpmpj.tif	722299.930424	722300.189003	722301.012823	8.259804e-01	70	none	NaN	NaN
127	10	37	77	kitchen	sun_acxkpeoqbwcxfvip.tif	722301.782254	722302.040848	722302.864665	6.674589e-01	67	none	NaN	NaN
127	10	38	64	kitchen	sun_aadbddgrdsjugojn.tif	722303.634091	722303.892681	722304.716442	8.510101e-01	54	none	NaN	NaN
127	10	39	106	kitchen	sun_awcpdzzznmweyyhv.tif	722305.485925	722305.744515	722306.568189	6.924886e-01	96	none	NaN	NaN
127	10	40	68	kitchen	sun_aaxxjlsuzvqlgylf.tif	722307.337762	722307.596347	722308.420148	7.175183e-01	58	none	NaN	NaN
127	10	41	61	kitchen	labelme_brsyyvweiuaazfr.tif	722309.189595	722309.448187	722310.272002	7.842642e-01	51	none	NaN	NaN
127	10	42	91	kitchen	sun_ahljzhgcdpomplvg.tif	722311.041428	722311.300021	722312.123699	8.259804e-01	81	none	NaN	NaN
127	10	43	75	kitchen	sun_acgtpgfybqjmzeyw.tif	722312.893265	722313.151853	722313.975621	7.425480e-01	65	37	722314.637562	1
127	10	44	102	kitchen	sun_auaiucuqpdausiva.tif	722315.412427	722315.671014	722316.494752	7.675777e-01	92	none	NaN	NaN
127	10	45	98	kitchen	sun_akchetnepxlcxhsu.tif	722317.264257	722317.522845	722318.346573	7.508912e-01	88	none	NaN	NaN
127	10	46	104	kitchen	sun_auticobqsbwgoppi.tif	722319.116095	722319.374684	722320.198543	7.759209e-01	94	none	NaN	NaN
127	10	47	108	kitchen	sun_aymvwlarqodbwuoc.tif	722320.967930	722321.226516	722322.050370	8.259804e-01	98	none	NaN	NaN
127	10	48	93	kitchen	sun_ahspylgoovwmwvgk.tif	722322.819764	722323.078354	722323.902094	8.092939e-01	83	none	NaN	NaN
127	10	49	79	kitchen	sun_admlmbcdswaszruo.tif	722324.671597	722324.930184	722325.754042	6.591156e-01	69	37	722326.549617	1
127	10	50	72	kitchen	sun_abpwyqmlzafvklqo.tif	722327.324224	722327.582821	722328.406532	7.008318e-01	62	none	NaN	NaN
127	10	51	96	kitchen	sun_ajcbwwvdlsvjyzje.tif	722329.176060	722329.434652	722330.258386	8.092939e-01	86	none	NaN	NaN
127	10	52	75	kitchen	sun_acgtpgfybqjmzeyw.tif	722331.027888	722331.286485	722332.110194	7.508912e-01	65	none	NaN	NaN
127	10	53	81	kitchen	sun_aehawpgmrlhlvcow.tif	722332.879730	722333.138318	722333.962011	6.758021e-01	71	37	722335.181332	1
127	10	54	86	kitchen	sun_aggjlwcdjsjcaemh.tif	722335.957775	722336.216363	722337.040170	8.092939e-01	76	none	NaN	NaN
127	10	55	103	kitchen	sun_aunzlwrbjumxhwdj.tif	722337.809612	722338.068207	722338.891909	7.258615e-01	93	none	NaN	NaN
127	10	56	77	kitchen	sun_acxkpeoqbwcxfvip.tif	722339.661447	722339.920035	722340.743704	7.091751e-01	67	none	NaN	NaN
127	10	57	62	kitchen	labelme_kxvouciolcpqplr.tif	722341.513286	722341.771875	722342.595551	7.842642e-01	52	none	NaN	NaN
127	10	58	64	kitchen	sun_aadbddgrdsjugojn.tif	722343.365116	722343.623709	722344.447461	7.342048e-01	54	none	NaN	NaN
127	10	59	98	kitchen	sun_akchetnepxlcxhsu.tif	722345.216955	722345.475538	722346.299352	6.674589e-01	88	none	NaN	NaN
127	10	60	70	kitchen	sun_abdxkyyxwfskuaqb.tif	722347.068783	722347.327375	722348.151030	7.592345e-01	60	none	NaN	NaN
127	10	61	94	kitchen	sun_ahywdevtimnqcsln.tif	722348.920622	722349.179211	722350.003026	7.258615e-01	84	37	722351.013610	1
127	10	62	102	kitchen	sun_auaiucuqpdausiva.tif	722351.790127	722352.048721	722352.872528	7.342048e-01	92	none	NaN	NaN
127	10	63	95	kitchen	sun_aixorpehvfykdynp.tif	722353.641964	722353.900554	722354.724288	8.426668e-01	85	none	NaN	NaN
127	10	64	97	kitchen	sun_ajkqhtgcbgpcwrwn.tif	722355.493802	722355.752384	722356.576188	6.507724e-01	87	none	NaN	NaN
127	10	65	78	kitchen	sun_adgqasybjyktddhj.tif	722357.345630	722357.604225	722358.428066	7.425480e-01	68	none	NaN	NaN
127	10	66	83	kitchen	sun_aeqdocilnnpuvuhx.tif	722359.197466	722359.456058	722360.279710	6.591156e-01	73	none	NaN	NaN
127	10	67	109	kitchen	sun_aypmqwcualkenuoe.tif	722361.049305	722361.307895	722362.131768	7.675777e-01	99	none	NaN	NaN
127	10	68	79	kitchen	sun_admlmbcdswaszruo.tif	722362.901140	722363.159726	722363.983391	7.008318e-01	69	none	NaN	NaN
127	10	69	105	kitchen	sun_avszsnwsbuqfgzbn.tif	722364.752973	722365.011560	722365.835332	7.926074e-01	95	none	NaN	NaN
127	10	70	85	kitchen	sun_afuyedyxivkhecmu.tif	722366.604806	722366.863400	722367.687122	7.926074e-01	75	none	NaN	NaN
127	10	71	76	kitchen	sun_acwjdupvyjsugpay.tif	722368.456639	722368.715232	722369.539076	8.009507e-01	66	none	NaN	NaN
127	10	72	65	kitchen	sun_aamedkxepzlwuxes.tif	722370.308480	722370.567064	722371.390724	7.091751e-01	55	none	NaN	NaN
127	10	73	61	kitchen	labelme_brsyyvweiuaazfr.tif	722372.160311	722372.418901	722373.242711	8.426668e-01	51	none	NaN	NaN
127	10	74	90	kitchen	sun_ahdycvpopffkzzsu.tif	722374.012143	722374.270733	722375.094603	6.758021e-01	80	none	NaN	NaN
127	10	75	82	kitchen	sun_aenotlpyftoioydp.tif	722375.863982	722376.122572	722376.946348	7.508912e-01	72	none	NaN	NaN
127	10	76	108	kitchen	sun_aymvwlarqodbwuoc.tif	722377.715813	722377.974400	722378.798087	7.425480e-01	98	none	NaN	NaN
127	10	77	68	kitchen	sun_aaxxjlsuzvqlgylf.tif	722379.567646	722379.826241	722380.649887	8.343236e-01	58	none	NaN	NaN
127	10	78	101	kitchen	sun_aqeaevwwwjoqhzvl.tif	722381.419482	722381.678076	722382.501831	6.591156e-01	91	none	NaN	NaN
127	10	79	106	kitchen	sun_awcpdzzznmweyyhv.tif	722383.271315	722383.529910	722384.353571	8.176371e-01	96	none	NaN	NaN
127	10	80	92	kitchen	sun_ahpczsiumwwocjkv.tif	722385.123152	722385.381745	722386.205405	6.924886e-01	82	none	NaN	NaN
127	10	81	110	kitchen	sun_azmutvzbxypaceni.tif	722386.974992	722387.233575	722388.057312	7.759209e-01	100	none	NaN	NaN
127	10	82	73	kitchen	sun_abrcnpqqhmjwekyf.tif	722388.826824	722389.085408	722389.909257	8.009507e-01	63	none	NaN	NaN
127	10	83	99	kitchen	sun_akcjzhbbjlbogpdi.tif	722390.678658	722390.937250	722391.760961	6.924886e-01	89	none	NaN	NaN
127	10	84	100	kitchen	sun_amjjdeyrggfqgmom.tif	722392.530489	722392.789078	722393.612881	8.009507e-01	90	none	NaN	NaN
127	10	85	74	kitchen	sun_acfmftudsenhrfhy.tif	722394.382328	722394.640918	722395.464748	6.591156e-01	64	none	NaN	NaN
127	10	86	71	kitchen	sun_abftihopvusyfakt.tif	722396.234163	722396.492751	722397.316516	7.926074e-01	61	39	722398.365308	0
127	10	87	93	kitchen	sun_ahspylgoovwmwvgk.tif	722399.137036	722399.395626	722400.219484	7.342048e-01	83	none	NaN	NaN
127	10	88	91	kitchen	sun_ahljzhgcdpomplvg.tif	722400.988872	722401.247457	722402.071207	7.592345e-01	81	none	NaN	NaN
127	10	89	84	kitchen	sun_aexklacwqwezaorf.tif	722402.840708	722403.099296	722403.923141	8.426668e-01	74	none	NaN	NaN
127	10	90	88	kitchen	sun_agubuxuukhzyzpdp.tif	722404.692543	722404.951129	722405.774830	7.592345e-01	78	39	722407.053319	1
127	10	91	80	kitchen	sun_aegoxogugdkwpmpj.tif	722407.828978	722408.087571	722408.911243	7.842642e-01	70	none	NaN	NaN
127	10	92	63	kitchen	labelme_rykdqxenmhulbdn.tif	722409.680813	722409.939406	722410.763221	8.176371e-01	53	none	NaN	NaN
127	10	93	69	kitchen	sun_abdenxonkemggwsq.tif	722411.532648	722411.791238	722412.615101	7.926074e-01	59	none	NaN	NaN
127	10	94	89	kitchen	sun_agzzivivdpnawacl.tif	722413.384484	722413.643075	722414.466963	8.176371e-01	79	none	NaN	NaN
127	10	95	87	kitchen	sun_agorklincwxrdtga.tif	722415.236324	722415.494906	722416.318595	6.507724e-01	77	39	722417.405611	1
127	10	96	72	kitchen	sun_abpwyqmlzafvklqo.tif	722418.180900	722418.439494	722419.263170	7.342048e-01	62	none	NaN	NaN
127	10	97	66	kitchen	sun_aapllqyqlykszopd.tif	722420.032741	722420.291331	722421.115119	6.841454e-01	56	none	NaN	NaN
127	10	98	107	kitchen	sun_axyyrmzcupyhlivc.tif	722421.884574	722422.143159	722422.966915	7.175183e-01	97	none	NaN	NaN
127	10	99	104	kitchen	sun_auticobqsbwgoppi.tif	722423.736410	722423.994997	722424.818850	7.175183e-01	94	none	NaN	NaN
127	10	100	67	kitchen	sun_aarfiyshqohlwkmo.tif	722425.588245	722425.846831	722426.670633	7.258615e-01	57	none	NaN	NaN
127	11	1	17	bathroom	sun_acegryoqftbzowsg.tif	722510.622486	722510.881072	722511.579605	8.510101e-01	7	none	NaN	NaN
127	11	2	12	bathroom	sun_aapitsgbtktqubfy.tif	722512.349197	722512.607782	722513.306402	7.592345e-01	2	none	NaN	NaN
127	11	3	27	bathroom	sun_ahcvzmoyaycdoftf.tif	722514.075906	722514.334495	722515.033120	7.675777e-01	17	none	NaN	NaN
127	11	4	39	bathroom	sun_anryaplzeujmzfkd.tif	722515.802617	722516.061211	722516.759837	8.092939e-01	29	39	722518.029521	1
127	11	5	51	bathroom	sun_atstyziqcmkahyxk.tif	722518.805592	722519.064184	722519.762872	7.926074e-01	41	none	NaN	NaN
127	11	6	53	bathroom	sun_ausgutylgojavyoq.tif	722520.532305	722520.790880	722521.489581	7.759209e-01	43	none	NaN	NaN
127	11	7	55	bathroom	sun_avhrdrntsqrjzccq.tif	722522.259011	722522.517607	722523.216110	7.675777e-01	45	none	NaN	NaN
127	11	8	36	bathroom	sun_ambriybtogmepttm.tif	722523.985722	722524.244311	722524.942933	8.092939e-01	26	none	NaN	NaN
127	11	9	22	bathroom	sun_agguqiubmwhqqunb.tif	722525.712432	722525.971024	722526.669590	6.674589e-01	12	39	722527.637469	1
127	11	10	35	bathroom	sun_alotolagknyrgtsk.tif	722528.415109	722528.673702	722529.372354	6.591156e-01	25	none	NaN	NaN
127	11	11	28	bathroom	sun_ahijqszoswveeyji.tif	722530.141819	722530.400415	722531.099167	7.091751e-01	18	none	NaN	NaN
127	11	12	30	bathroom	sun_ajlawzvmubibwbpy.tif	722531.868532	722532.127120	722532.825726	7.425480e-01	20	none	NaN	NaN
127	11	13	25	bathroom	sun_agyqfjcfkdcydepw.tif	722533.595241	722533.853838	722534.552422	7.508912e-01	15	none	NaN	NaN
127	11	14	11	bathroom	labelme_sfxiulhjbhlyiyt.tif	722535.321957	722535.580545	722536.279199	8.343236e-01	1	none	NaN	NaN
127	11	15	49	bathroom	sun_asfwthctfqerjvxr.tif	722537.048667	722537.307258	722538.005792	8.259804e-01	39	none	NaN	NaN
127	11	16	56	bathroom	sun_awnqiikzaispgmwo.tif	722538.775378	722539.033970	722539.732674	8.176371e-01	46	none	NaN	NaN
127	11	17	29	bathroom	sun_ahqjwnzgolcaoidx.tif	722540.502088	722540.760676	722541.459287	6.507724e-01	19	none	NaN	NaN
127	11	18	34	bathroom	sun_alkosphxlxwjwgjd.tif	722542.228798	722542.487389	722543.186021	7.342048e-01	24	none	NaN	NaN
127	11	19	54	bathroom	sun_auzqhkafidnkrwmo.tif	722543.955509	722544.214099	722544.912721	7.675777e-01	44	none	NaN	NaN
127	11	20	48	bathroom	sun_aqrpegblszgcoujh.tif	722545.682215	722545.940813	722546.639346	7.258615e-01	38	none	NaN	NaN
127	11	21	33	bathroom	sun_aljolscmmzydegqp.tif	722547.408927	722547.667520	722548.366050	8.092939e-01	23	none	NaN	NaN
127	11	22	52	bathroom	sun_aunuadmjocsddsrl.tif	722549.135634	722549.394227	722550.092757	7.759209e-01	42	none	NaN	NaN
127	11	23	41	bathroom	sun_aoybiabnpadelefl.tif	722550.862351	722551.120943	722551.819446	8.343236e-01	31	none	NaN	NaN
127	11	24	15	bathroom	sun_abjtwfukuwddzted.tif	722552.589061	722552.847652	722553.546347	6.758021e-01	5	none	NaN	NaN
127	11	25	13	bathroom	sun_aavhrsfjbserjtht.tif	722554.315773	722554.574365	722555.272913	6.924886e-01	3	37	722556.525296	1
127	11	26	40	bathroom	sun_aofnryafpsjimzsb.tif	722557.302059	722557.560660	722558.259351	8.259804e-01	30	37	722559.285609	1
127	11	27	16	bathroom	sun_acduarbnmmoglmiv.tif	722560.063130	722560.321725	722561.020348	8.426668e-01	6	none	NaN	NaN
127	11	28	18	bathroom	sun_acgyywnybuveqsro.tif	722561.789842	722562.048435	722562.747073	8.343236e-01	8	none	NaN	NaN
127	11	29	45	bathroom	sun_apkxzenqapsujocq.tif	722563.516555	722563.775145	722564.473803	6.591156e-01	35	37	722565.893634	1
127	11	30	60	bathroom	sun_azqyogdvyhahyram.tif	722566.669677	722566.928272	722567.626835	6.591156e-01	50	37	722568.845302	1
127	11	31	38	bathroom	sun_anhioqovhscjqqwb.tif	722569.622608	722569.881196	722570.579836	8.009507e-01	28	none	NaN	NaN
127	11	32	44	bathroom	sun_apkruvsevgegsdwp.tif	722571.349319	722571.607905	722572.306470	7.175183e-01	34	none	NaN	NaN
127	11	33	26	bathroom	sun_ahaulkltgpkeeemi.tif	722573.076025	722573.334619	722574.033275	6.507724e-01	16	none	NaN	NaN
127	11	34	37	bathroom	sun_amzlamotzwfkwjco.tif	722574.802740	722575.061322	722575.759961	8.426668e-01	27	none	NaN	NaN
127	11	35	43	bathroom	sun_apjevzvycyhuqghb.tif	722576.529451	722576.788038	722577.486624	6.674589e-01	33	none	NaN	NaN
127	11	36	14	bathroom	sun_abapwbhyhkfixyex.tif	722578.256156	722578.514747	722579.213296	7.926074e-01	4	37	722580.093302	1
127	11	37	21	bathroom	sun_aggnnqpdorgxpvce.tif	722580.867084	722581.125672	722581.824227	7.508912e-01	11	none	NaN	NaN
127	11	38	31	bathroom	sun_akiytfaagpdsphgz.tif	722582.593789	722582.852378	722583.551090	8.009507e-01	21	none	NaN	NaN
127	11	39	57	bathroom	sun_axldvoqbuvuggfmq.tif	722584.320505	722584.579093	722585.277776	7.175183e-01	47	none	NaN	NaN
127	11	40	59	bathroom	sun_axyrejkiiaqiurjk.tif	722586.047209	722586.305802	722587.004305	6.841454e-01	49	37	722587.805561	0
127	11	41	50	bathroom	sun_aspsyogrekjtfozg.tif	722588.583057	722588.841646	722589.540319	7.258615e-01	40	none	NaN	NaN
127	11	42	32	bathroom	sun_aleqenyvunhactkl.tif	722590.309765	722590.568360	722591.267003	8.510101e-01	22	none	NaN	NaN
127	11	43	42	bathroom	sun_apeeialkgkuxddgh.tif	722592.036480	722592.295072	722592.993639	6.591156e-01	32	37	722593.717764	1
127	11	44	20	bathroom	sun_afcoljnjfoxjtgja.tif	722594.488904	722594.747498	722595.446014	7.008318e-01	10	none	NaN	NaN
127	11	45	24	bathroom	sun_agrwbmhcpmfuwmsg.tif	722596.215617	722596.474212	722597.172922	7.842642e-01	14	37	722597.901596	1
127	11	46	23	bathroom	sun_aghyqhbptboemmoq.tif	722598.676393	722598.934978	722599.633487	7.842642e-01	13	none	NaN	NaN
127	11	47	58	bathroom	sun_axxbkopsgyouuebh.tif	722600.403098	722600.661691	722601.360327	6.924886e-01	48	none	NaN	NaN
127	11	48	19	bathroom	sun_aclfzgynxzxlbepz.tif	722602.129812	722602.388403	722603.087010	7.008318e-01	9	none	NaN	NaN
127	11	49	46	bathroom	sun_apmqjbnwghzuhhzh.tif	722603.856525	722604.115117	722604.813704	7.425480e-01	36	none	NaN	NaN
127	11	50	47	bathroom	sun_apynckhmoftszqoq.tif	722605.583231	722605.841828	722606.540444	6.924886e-01	37	none	NaN	NaN
127	11	51	39	bathroom	sun_anryaplzeujmzfkd.tif	722607.309940	722607.568531	722608.267127	7.425480e-01	29	none	NaN	NaN
127	11	52	17	bathroom	sun_acegryoqftbzowsg.tif	722609.036656	722609.295237	722609.993968	6.841454e-01	7	37	722610.861308	1
127	11	53	16	bathroom	sun_acduarbnmmoglmiv.tif	722611.639229	722611.897820	722612.596440	7.342048e-01	6	none	NaN	NaN
127	11	54	38	bathroom	sun_anhioqovhscjqqwb.tif	722613.365946	722613.624536	722614.323084	7.008318e-01	28	none	NaN	NaN
127	11	55	13	bathroom	sun_aavhrsfjbserjtht.tif	722615.092668	722615.351245	722616.049913	7.592345e-01	3	none	NaN	NaN
127	11	56	46	bathroom	sun_apmqjbnwghzuhhzh.tif	722616.819366	722617.077956	722617.776573	7.175183e-01	36	none	NaN	NaN
127	11	57	53	bathroom	sun_ausgutylgojavyoq.tif	722618.546080	722618.804669	722619.503331	7.342048e-01	43	none	NaN	NaN
127	11	58	19	bathroom	sun_aclfzgynxzxlbepz.tif	722620.272785	722620.531375	722621.229938	7.926074e-01	9	none	NaN	NaN
127	11	59	57	bathroom	sun_axldvoqbuvuggfmq.tif	722621.999499	722622.258088	722622.956791	6.758021e-01	47	39	722624.365501	1
127	11	60	31	bathroom	sun_akiytfaagpdsphgz.tif	722625.135939	722625.394527	722626.093098	6.758021e-01	21	none	NaN	NaN
127	11	61	55	bathroom	sun_avhrdrntsqrjzccq.tif	722626.862648	722627.121241	722627.819850	7.592345e-01	45	none	NaN	NaN
127	11	62	34	bathroom	sun_alkosphxlxwjwgjd.tif	722628.589359	722628.847951	722629.546543	7.008318e-01	24	none	NaN	NaN
127	11	63	24	bathroom	sun_agrwbmhcpmfuwmsg.tif	722630.316072	722630.574665	722631.273382	6.758021e-01	14	none	NaN	NaN
127	11	64	12	bathroom	sun_aapitsgbtktqubfy.tif	722632.042781	722632.301372	722632.999934	8.343236e-01	2	none	NaN	NaN
127	11	65	36	bathroom	sun_ambriybtogmepttm.tif	722633.769491	722634.028084	722634.726708	8.009507e-01	26	none	NaN	NaN
127	11	66	45	bathroom	sun_apkxzenqapsujocq.tif	722635.496207	722635.754793	722636.453405	7.675777e-01	35	none	NaN	NaN
127	11	67	23	bathroom	sun_aghyqhbptboemmoq.tif	722637.222912	722637.481503	722638.180024	8.176371e-01	13	none	NaN	NaN
127	11	68	44	bathroom	sun_apkruvsevgegsdwp.tif	722638.949622	722639.208216	722639.906766	6.674589e-01	34	none	NaN	NaN
127	11	69	14	bathroom	sun_abapwbhyhkfixyex.tif	722640.676336	722640.934926	722641.633612	7.425480e-01	4	none	NaN	NaN
127	11	70	56	bathroom	sun_awnqiikzaispgmwo.tif	722642.403051	722642.661638	722643.360239	6.924886e-01	46	none	NaN	NaN
127	11	71	41	bathroom	sun_aoybiabnpadelefl.tif	722644.129754	722644.388345	722645.087009	7.592345e-01	31	none	NaN	NaN
127	11	72	37	bathroom	sun_amzlamotzwfkwjco.tif	722645.856467	722646.115056	722646.813739	8.426668e-01	27	none	NaN	NaN
127	11	73	58	bathroom	sun_axxbkopsgyouuebh.tif	722647.583179	722647.841769	722648.540460	7.842642e-01	48	none	NaN	NaN
127	11	74	60	bathroom	sun_azqyogdvyhahyram.tif	722649.309890	722649.568482	722650.267087	8.259804e-01	50	none	NaN	NaN
127	11	75	35	bathroom	sun_alotolagknyrgtsk.tif	722651.036594	722651.295187	722651.993775	8.176371e-01	25	none	NaN	NaN
127	11	76	11	bathroom	labelme_sfxiulhjbhlyiyt.tif	722652.763307	722653.021898	722653.720555	6.841454e-01	1	none	NaN	NaN
127	11	77	42	bathroom	sun_apeeialkgkuxddgh.tif	722654.490021	722654.748613	722655.447221	8.092939e-01	32	none	NaN	NaN
127	11	78	29	bathroom	sun_ahqjwnzgolcaoidx.tif	722656.216734	722656.475323	722657.174037	7.091751e-01	19	none	NaN	NaN
127	11	79	51	bathroom	sun_atstyziqcmkahyxk.tif	722657.943438	722658.202031	722658.900693	6.507724e-01	41	none	NaN	NaN
127	11	80	27	bathroom	sun_ahcvzmoyaycdoftf.tif	722659.670150	722659.928744	722660.627408	7.759209e-01	17	none	NaN	NaN
127	11	81	59	bathroom	sun_axyrejkiiaqiurjk.tif	722661.396864	722661.655456	722662.354054	8.426668e-01	49	none	NaN	NaN
127	11	82	52	bathroom	sun_aunuadmjocsddsrl.tif	722663.123573	722663.382167	722664.080733	6.841454e-01	42	none	NaN	NaN
127	11	83	20	bathroom	sun_afcoljnjfoxjtgja.tif	722664.850287	722665.108874	722665.807499	8.176371e-01	10	39	722666.709553	1
127	11	84	15	bathroom	sun_abjtwfukuwddzted.tif	722667.486231	722667.744818	722668.443386	7.175183e-01	5	none	NaN	NaN
127	11	85	49	bathroom	sun_asfwthctfqerjvxr.tif	722669.212940	722669.471527	722670.170790	7.926074e-01	39	39	722670.989431	1
127	11	86	21	bathroom	sun_aggnnqpdorgxpvce.tif	722671.765469	722672.024057	722672.722616	6.924886e-01	11	none	NaN	NaN
127	11	87	32	bathroom	sun_aleqenyvunhactkl.tif	722673.492179	722673.750771	722674.449399	7.508912e-01	22	none	NaN	NaN
127	11	88	43	bathroom	sun_apjevzvycyhuqghb.tif	722675.218890	722675.477479	722676.176108	7.258615e-01	33	none	NaN	NaN
127	11	89	40	bathroom	sun_aofnryafpsjimzsb.tif	722676.945602	722677.204195	722677.902925	7.342048e-01	30	none	NaN	NaN
127	11	90	26	bathroom	sun_ahaulkltgpkeeemi.tif	722678.672313	722678.930902	722679.629504	7.091751e-01	16	none	NaN	NaN
127	11	91	54	bathroom	sun_auzqhkafidnkrwmo.tif	722680.399023	722680.657613	722681.356231	8.009507e-01	44	none	NaN	NaN
127	11	92	18	bathroom	sun_acgyywnybuveqsro.tif	722682.125731	722682.384321	722683.082957	8.176371e-01	8	none	NaN	NaN
127	11	93	47	bathroom	sun_apynckhmoftszqoq.tif	722683.852437	722684.111037	722684.809572	7.508912e-01	37	none	NaN	NaN
127	11	94	25	bathroom	sun_agyqfjcfkdcydepw.tif	722685.579157	722685.837747	722686.536296	7.258615e-01	15	none	NaN	NaN
127	11	95	28	bathroom	sun_ahijqszoswveeyji.tif	722687.305864	722687.564452	722688.263130	8.259804e-01	18	none	NaN	NaN
127	11	96	48	bathroom	sun_aqrpegblszgcoujh.tif	722689.032579	722689.291165	722689.989831	7.508912e-01	38	none	NaN	NaN
127	11	97	50	bathroom	sun_aspsyogrekjtfozg.tif	722690.759286	722691.017881	722691.716462	7.091751e-01	40	none	NaN	NaN
127	11	98	22	bathroom	sun_agguqiubmwhqqunb.tif	722692.485997	722692.744586	722693.443305	6.674589e-01	12	none	NaN	NaN
127	11	99	33	bathroom	sun_aljolscmmzydegqp.tif	722694.212706	722694.471297	722695.169844	7.842642e-01	23	39	722696.237475	1
127	11	100	30	bathroom	sun_ajlawzvmubibwbpy.tif	722697.015488	722697.274075	722697.972756	7.759209e-01	20	none	NaN	NaN
127	12	1	75	kitchen	sun_acgtpgfybqjmzeyw.tif	722704.831562	722705.090152	722705.780327	7.175183e-01	65	none	NaN	NaN
127	12	2	65	kitchen	sun_aamedkxepzlwuxes.tif	722706.549928	722706.808524	722707.498746	7.258615e-01	55	none	NaN	NaN
127	12	3	82	kitchen	sun_aenotlpyftoioydp.tif	722708.268300	722708.526893	722709.217248	7.759209e-01	72	none	NaN	NaN
127	12	4	68	kitchen	sun_aaxxjlsuzvqlgylf.tif	722709.986671	722710.245259	722710.935542	8.176371e-01	58	39	722712.197688	1
127	12	5	110	kitchen	sun_azmutvzbxypaceni.tif	722712.972959	722713.231550	722713.921820	7.091751e-01	100	39	722714.981304	1
127	12	6	84	kitchen	sun_aexklacwqwezaorf.tif	722715.759053	722716.017644	722716.707936	6.591156e-01	74	none	NaN	NaN
127	12	7	83	kitchen	sun_aeqdocilnnpuvuhx.tif	722717.477424	722717.736016	722718.426206	7.258615e-01	73	none	NaN	NaN
127	12	8	70	kitchen	sun_abdxkyyxwfskuaqb.tif	722719.195788	722719.454384	722720.144703	7.926074e-01	60	none	NaN	NaN
127	12	9	61	kitchen	labelme_brsyyvweiuaazfr.tif	722720.914161	722721.172755	722721.863128	8.176371e-01	51	none	NaN	NaN
127	12	10	80	kitchen	sun_aegoxogugdkwpmpj.tif	722722.632528	722722.891119	722723.581349	7.008318e-01	70	none	NaN	NaN
127	12	11	103	kitchen	sun_aunzlwrbjumxhwdj.tif	722724.350902	722724.609489	722725.299685	7.842642e-01	93	none	NaN	NaN
127	12	12	63	kitchen	labelme_rykdqxenmhulbdn.tif	722726.069266	722726.327859	722727.018163	7.008318e-01	53	none	NaN	NaN
127	12	13	71	kitchen	sun_abftihopvusyfakt.tif	722727.787638	722728.046229	722728.736452	6.924886e-01	61	none	NaN	NaN
127	12	14	89	kitchen	sun_agzzivivdpnawacl.tif	722729.506008	722729.764599	722730.454918	7.508912e-01	79	37	722731.565529	1
127	12	15	85	kitchen	sun_afuyedyxivkhecmu.tif	722732.342147	722732.600740	722733.291064	8.092939e-01	75	37	722735.013509	1
127	12	16	92	kitchen	sun_ahpczsiumwwocjkv.tif	722735.787233	722736.045819	722736.736127	7.342048e-01	82	none	NaN	NaN
127	12	17	93	kitchen	sun_ahspylgoovwmwvgk.tif	722737.505600	722737.764190	722738.454352	7.175183e-01	83	none	NaN	NaN
127	12	18	108	kitchen	sun_aymvwlarqodbwuoc.tif	722739.223968	722739.482560	722740.172837	6.924886e-01	98	none	NaN	NaN
127	12	19	101	kitchen	sun_aqeaevwwwjoqhzvl.tif	722740.942329	722741.200929	722741.891389	6.674589e-01	91	none	NaN	NaN
127	12	20	99	kitchen	sun_akcjzhbbjlbogpdi.tif	722742.660709	722742.919298	722743.609591	6.758021e-01	89	none	NaN	NaN
127	12	21	105	kitchen	sun_avszsnwsbuqfgzbn.tif	722744.379078	722744.637662	722745.327938	6.674589e-01	95	none	NaN	NaN
127	12	22	106	kitchen	sun_awcpdzzznmweyyhv.tif	722746.097447	722746.356040	722747.046294	7.425480e-01	96	none	NaN	NaN
127	12	23	100	kitchen	sun_amjjdeyrggfqgmom.tif	722747.815815	722748.074401	722748.764595	7.842642e-01	90	39	722749.621588	1
127	12	24	107	kitchen	sun_axyyrmzcupyhlivc.tif	722750.393370	722750.651958	722751.342125	6.924886e-01	97	none	NaN	NaN
127	12	25	109	kitchen	sun_aypmqwcualkenuoe.tif	722752.111736	722752.370331	722753.060626	8.343236e-01	99	none	NaN	NaN
127	12	26	87	kitchen	sun_agorklincwxrdtga.tif	722753.830107	722754.088698	722754.778912	7.091751e-01	77	none	NaN	NaN
127	12	27	78	kitchen	sun_adgqasybjyktddhj.tif	722755.548478	722755.807064	722756.497355	7.592345e-01	68	none	NaN	NaN
127	12	28	76	kitchen	sun_acwjdupvyjsugpay.tif	722757.266849	722757.525432	722758.215720	6.591156e-01	66	none	NaN	NaN
127	12	29	64	kitchen	sun_aadbddgrdsjugojn.tif	722758.985215	722759.243806	722759.934060	7.258615e-01	54	none	NaN	NaN
127	12	30	77	kitchen	sun_acxkpeoqbwcxfvip.tif	722760.703585	722760.962171	722761.652512	7.425480e-01	67	none	NaN	NaN
127	12	31	72	kitchen	sun_abpwyqmlzafvklqo.tif	722762.421953	722762.680544	722763.370822	8.009507e-01	62	none	NaN	NaN
127	12	32	95	kitchen	sun_aixorpehvfykdynp.tif	722764.140319	722764.398910	722765.089116	6.841454e-01	85	none	NaN	NaN
127	12	33	86	kitchen	sun_aggjlwcdjsjcaemh.tif	722765.858685	722766.117275	722766.807465	7.175183e-01	76	none	NaN	NaN
127	12	34	91	kitchen	sun_ahljzhgcdpomplvg.tif	722767.577061	722767.835648	722768.525945	7.675777e-01	81	37	722769.661467	0
127	12	35	90	kitchen	sun_ahdycvpopffkzzsu.tif	722770.438225	722770.696819	722771.387119	7.675777e-01	80	none	NaN	NaN
127	12	36	62	kitchen	labelme_kxvouciolcpqplr.tif	722772.156592	722772.415187	722773.105556	7.175183e-01	52	none	NaN	NaN
127	12	37	81	kitchen	sun_aehawpgmrlhlvcow.tif	722773.874959	722774.133553	722774.823722	7.592345e-01	71	none	NaN	NaN
127	12	38	97	kitchen	sun_ajkqhtgcbgpcwrwn.tif	722775.593335	722775.851924	722776.542272	6.674589e-01	87	none	NaN	NaN
127	12	39	79	kitchen	sun_admlmbcdswaszruo.tif	722777.311703	722777.570294	722778.260612	6.507724e-01	69	none	NaN	NaN
127	12	40	88	kitchen	sun_agubuxuukhzyzpdp.tif	722779.030072	722779.288662	722779.978847	7.926074e-01	78	none	NaN	NaN
127	12	41	98	kitchen	sun_akchetnepxlcxhsu.tif	722780.748443	722781.007028	722781.697262	6.924886e-01	88	none	NaN	NaN
127	12	42	74	kitchen	sun_acfmftudsenhrfhy.tif	722782.466808	722782.725394	722783.415697	6.758021e-01	64	none	NaN	NaN
127	12	43	67	kitchen	sun_aarfiyshqohlwkmo.tif	722784.185182	722784.443774	722785.134081	7.508912e-01	57	37	722786.637502	0
127	12	44	66	kitchen	sun_aapllqyqlykszopd.tif	722787.413378	722787.671968	722788.362335	7.926074e-01	56	none	NaN	NaN
127	12	45	73	kitchen	sun_abrcnpqqhmjwekyf.tif	722789.131749	722789.390336	722790.080557	6.758021e-01	63	37	722790.885274	1
127	12	46	96	kitchen	sun_ajcbwwvdlsvjyzje.tif	722791.659251	722791.917841	722792.608190	8.426668e-01	86	none	NaN	NaN
127	12	47	69	kitchen	sun_abdenxonkemggwsq.tif	722793.377619	722793.636209	722794.326468	8.259804e-01	59	none	NaN	NaN
127	12	48	104	kitchen	sun_auticobqsbwgoppi.tif	722795.095988	722795.354584	722796.044956	7.425480e-01	94	none	NaN	NaN
127	12	49	94	kitchen	sun_ahywdevtimnqcsln.tif	722796.814359	722797.072948	722797.763149	6.841454e-01	84	none	NaN	NaN
127	12	50	102	kitchen	sun_auaiucuqpdausiva.tif	722798.532726	722798.791314	722799.481526	8.092939e-01	92	none	NaN	NaN
127	12	51	106	kitchen	sun_awcpdzzznmweyyhv.tif	722800.251099	722800.509689	722801.200038	8.426668e-01	96	none	NaN	NaN
127	12	52	109	kitchen	sun_aypmqwcualkenuoe.tif	722801.969466	722802.228057	722802.918253	8.426668e-01	99	37	722803.829554	0
127	12	53	64	kitchen	sun_aadbddgrdsjugojn.tif	722804.605412	722804.863997	722805.554213	7.425480e-01	54	none	NaN	NaN
127	12	54	89	kitchen	sun_agzzivivdpnawacl.tif	722806.323779	722806.582370	722807.272547	7.759209e-01	79	none	NaN	NaN
127	12	55	70	kitchen	sun_abdxkyyxwfskuaqb.tif	722808.042151	722808.300735	722808.991052	8.259804e-01	60	none	NaN	NaN
127	12	56	67	kitchen	sun_aarfiyshqohlwkmo.tif	722809.760521	722810.019105	722810.709375	6.507724e-01	57	37	722812.101675	1
127	12	57	87	kitchen	sun_agorklincwxrdtga.tif	722812.871930	722813.130528	722813.820777	7.258615e-01	77	none	NaN	NaN
127	12	58	61	kitchen	labelme_brsyyvweiuaazfr.tif	722814.590303	722814.848893	722815.539143	6.591156e-01	51	none	NaN	NaN
127	12	59	73	kitchen	sun_abrcnpqqhmjwekyf.tif	722816.308673	722816.567260	722817.257567	7.008318e-01	63	none	NaN	NaN
127	12	60	85	kitchen	sun_afuyedyxivkhecmu.tif	722818.027041	722818.285632	722818.975855	6.507724e-01	75	none	NaN	NaN
127	12	61	66	kitchen	sun_aapllqyqlykszopd.tif	722819.745412	722820.004000	722820.694304	7.675777e-01	56	none	NaN	NaN
127	12	62	74	kitchen	sun_acfmftudsenhrfhy.tif	722821.463778	722821.722364	722822.412554	7.759209e-01	64	none	NaN	NaN
127	12	63	100	kitchen	sun_amjjdeyrggfqgmom.tif	722823.182148	722823.440736	722824.131046	7.091751e-01	90	none	NaN	NaN
127	12	64	65	kitchen	sun_aamedkxepzlwuxes.tif	722824.900519	722825.159110	722825.849282	8.259804e-01	55	none	NaN	NaN
127	12	65	99	kitchen	sun_akcjzhbbjlbogpdi.tif	722826.618890	722826.877478	722827.567702	7.926074e-01	89	none	NaN	NaN
127	12	66	98	kitchen	sun_akchetnepxlcxhsu.tif	722828.337259	722828.595846	722829.286120	8.343236e-01	88	37	722830.077491	1
127	12	67	102	kitchen	sun_auaiucuqpdausiva.tif	722830.848079	722831.106667	722831.796831	7.592345e-01	92	none	NaN	NaN
127	12	68	69	kitchen	sun_abdenxonkemggwsq.tif	722832.566450	722832.825028	722833.515363	7.508912e-01	59	none	NaN	NaN
127	12	69	82	kitchen	sun_aenotlpyftoioydp.tif	722834.284815	722834.543406	722835.233693	6.841454e-01	72	37	722835.821768	1
127	12	70	94	kitchen	sun_ahywdevtimnqcsln.tif	722836.595434	722836.854042	722837.544297	7.508912e-01	84	none	NaN	NaN
127	12	71	78	kitchen	sun_adgqasybjyktddhj.tif	722838.313804	722838.572396	722839.262583	7.091751e-01	68	none	NaN	NaN
127	12	72	83	kitchen	sun_aeqdocilnnpuvuhx.tif	722840.032174	722840.290767	722840.981039	8.510101e-01	73	none	NaN	NaN
127	12	73	76	kitchen	sun_acwjdupvyjsugpay.tif	722841.750545	722842.009133	722842.699419	7.842642e-01	66	none	NaN	NaN
127	12	74	77	kitchen	sun_acxkpeoqbwcxfvip.tif	722843.468913	722843.727503	722844.417816	7.508912e-01	67	none	NaN	NaN
127	12	75	68	kitchen	sun_aaxxjlsuzvqlgylf.tif	722845.187283	722845.445875	722846.136148	8.009507e-01	58	37	722847.061517	0
127	12	76	71	kitchen	sun_abftihopvusyfakt.tif	722847.839911	722848.098496	722848.788715	7.592345e-01	61	none	NaN	NaN
127	12	77	88	kitchen	sun_agubuxuukhzyzpdp.tif	722849.558279	722849.816870	722850.507096	8.176371e-01	78	37	722851.325418	1
127	12	78	81	kitchen	sun_aehawpgmrlhlvcow.tif	722852.102464	722852.361058	722853.051337	8.343236e-01	71	none	NaN	NaN
127	12	79	80	kitchen	sun_aegoxogugdkwpmpj.tif	722853.820839	722854.079429	722854.769724	7.759209e-01	70	none	NaN	NaN
127	12	80	97	kitchen	sun_ajkqhtgcbgpcwrwn.tif	722855.539204	722855.797794	722856.488118	6.841454e-01	87	none	NaN	NaN
127	12	81	63	kitchen	labelme_rykdqxenmhulbdn.tif	722857.257575	722857.516167	722858.206468	6.924886e-01	53	none	NaN	NaN
127	12	82	91	kitchen	sun_ahljzhgcdpomplvg.tif	722858.975946	722859.234534	722859.924827	6.591156e-01	81	none	NaN	NaN
127	12	83	75	kitchen	sun_acgtpgfybqjmzeyw.tif	722860.694312	722860.952900	722861.643202	8.343236e-01	65	none	NaN	NaN
127	12	84	110	kitchen	sun_azmutvzbxypaceni.tif	722862.412677	722862.671273	722863.361509	7.342048e-01	100	none	NaN	NaN
127	12	85	90	kitchen	sun_ahdycvpopffkzzsu.tif	722864.131053	722864.389643	722865.079999	8.176371e-01	80	none	NaN	NaN
127	12	86	95	kitchen	sun_aixorpehvfykdynp.tif	722865.849422	722866.108007	722866.798364	6.758021e-01	85	none	NaN	NaN
127	12	87	105	kitchen	sun_avszsnwsbuqfgzbn.tif	722867.567789	722867.826379	722868.516591	8.176371e-01	95	39	722869.453905	1
127	12	88	62	kitchen	labelme_kxvouciolcpqplr.tif	722870.228760	722870.487350	722871.177607	6.674589e-01	52	none	NaN	NaN
127	12	89	72	kitchen	sun_abpwyqmlzafvklqo.tif	722871.947132	722872.205724	722872.895960	7.342048e-01	62	none	NaN	NaN
127	12	90	104	kitchen	sun_auticobqsbwgoppi.tif	722873.665496	722873.924089	722874.614303	8.092939e-01	94	none	NaN	NaN
127	12	91	92	kitchen	sun_ahpczsiumwwocjkv.tif	722875.383865	722875.642456	722876.332733	7.008318e-01	82	none	NaN	NaN
127	12	92	84	kitchen	sun_aexklacwqwezaorf.tif	722877.102235	722877.360825	722878.051173	8.426668e-01	74	none	NaN	NaN
127	12	93	79	kitchen	sun_admlmbcdswaszruo.tif	722878.820602	722879.079193	722879.769388	8.092939e-01	69	none	NaN	NaN
127	12	94	107	kitchen	sun_axyyrmzcupyhlivc.tif	722880.538971	722880.797561	722881.487872	7.842642e-01	97	none	NaN	NaN
127	12	95	108	kitchen	sun_aymvwlarqodbwuoc.tif	722882.257344	722882.515932	722883.206287	7.342048e-01	98	none	NaN	NaN
127	12	96	96	kitchen	sun_ajcbwwvdlsvjyzje.tif	722883.975710	722884.234300	722884.924466	8.009507e-01	86	none	NaN	NaN
127	12	97	93	kitchen	sun_ahspylgoovwmwvgk.tif	722885.694083	722885.952673	722886.642976	8.009507e-01	83	none	NaN	NaN
127	12	98	86	kitchen	sun_aggjlwcdjsjcaemh.tif	722887.420790	722887.679374	722888.369691	8.259804e-01	76	none	NaN	NaN
127	12	99	103	kitchen	sun_aunzlwrbjumxhwdj.tif	722889.139162	722889.397749	722890.087951	7.675777e-01	93	none	NaN	NaN
127	12	100	101	kitchen	sun_aqeaevwwwjoqhzvl.tif	722890.857530	722891.116118	722891.806416	8.510101e-01	91	none	NaN	NaN
127	13	1	47	bathroom	sun_apynckhmoftszqoq.tif	722896.679971	722896.938554	722897.695648	7.926074e-01	37	37	722898.997649	1
127	13	2	39	bathroom	sun_anryaplzeujmzfkd.tif	722899.774694	722900.033287	722900.790226	7.008318e-01	29	none	NaN	NaN
127	13	3	29	bathroom	sun_ahqjwnzgolcaoidx.tif	722901.559799	722901.818390	722902.575379	6.841454e-01	19	none	NaN	NaN
127	13	4	35	bathroom	sun_alotolagknyrgtsk.tif	722903.344898	722903.603491	722904.360595	7.342048e-01	25	none	NaN	NaN
127	13	5	21	bathroom	sun_aggnnqpdorgxpvce.tif	722905.130001	722905.388593	722906.145659	7.508912e-01	11	none	NaN	NaN
127	13	6	23	bathroom	sun_aghyqhbptboemmoq.tif	722906.915103	722907.173691	722907.930800	6.674589e-01	13	39	722908.861574	1
127	13	7	36	bathroom	sun_ambriybtogmepttm.tif	722909.634464	722909.893055	722910.650153	7.342048e-01	26	none	NaN	NaN
127	13	8	60	bathroom	sun_azqyogdvyhahyram.tif	722911.419570	722911.678177	722912.435204	7.008318e-01	50	none	NaN	NaN
127	13	9	42	bathroom	sun_apeeialkgkuxddgh.tif	722913.204670	722913.463259	722914.220303	8.426668e-01	32	none	NaN	NaN
127	13	10	32	bathroom	sun_aleqenyvunhactkl.tif	722914.989765	722915.248362	722916.005272	7.175183e-01	22	none	NaN	NaN
127	13	11	12	bathroom	sun_aapitsgbtktqubfy.tif	722916.774877	722917.033462	722917.790431	7.842642e-01	2	none	NaN	NaN
127	13	12	54	bathroom	sun_auzqhkafidnkrwmo.tif	722918.559975	722918.818563	722919.575595	8.176371e-01	44	none	NaN	NaN
127	13	13	48	bathroom	sun_aqrpegblszgcoujh.tif	722920.345074	722920.603667	722921.360681	7.675777e-01	38	none	NaN	NaN
127	13	14	56	bathroom	sun_awnqiikzaispgmwo.tif	722922.130177	722922.388766	722923.145687	6.758021e-01	46	none	NaN	NaN
127	13	15	27	bathroom	sun_ahcvzmoyaycdoftf.tif	722923.915281	722924.173870	722924.930868	7.675777e-01	17	39	722926.317291	1
127	13	16	51	bathroom	sun_atstyziqcmkahyxk.tif	722927.093431	722927.352017	722928.109050	8.009507e-01	41	none	NaN	NaN
127	13	17	22	bathroom	sun_agguqiubmwhqqunb.tif	722928.878528	722929.137121	722929.894125	7.508912e-01	12	none	NaN	NaN
127	13	18	33	bathroom	sun_aljolscmmzydegqp.tif	722930.663634	722930.922223	722931.679315	8.092939e-01	23	none	NaN	NaN
127	13	19	50	bathroom	sun_aspsyogrekjtfozg.tif	722932.448734	722932.707326	722933.464297	7.175183e-01	40	none	NaN	NaN
127	13	20	28	bathroom	sun_ahijqszoswveeyji.tif	722934.233837	722934.492426	722935.249501	6.674589e-01	18	none	NaN	NaN
127	13	21	30	bathroom	sun_ajlawzvmubibwbpy.tif	722936.018939	722936.277530	722937.034481	7.425480e-01	20	none	NaN	NaN
127	13	22	25	bathroom	sun_agyqfjcfkdcydepw.tif	722937.804039	722938.062628	722938.819704	8.259804e-01	15	none	NaN	NaN
127	13	23	57	bathroom	sun_axldvoqbuvuggfmq.tif	722939.589139	722939.847726	722940.604788	8.510101e-01	47	none	NaN	NaN
127	13	24	16	bathroom	sun_acduarbnmmoglmiv.tif	722941.374245	722941.632835	722942.389908	7.759209e-01	6	none	NaN	NaN
127	13	25	55	bathroom	sun_avhrdrntsqrjzccq.tif	722943.159348	722943.417935	722944.175026	7.091751e-01	45	39	722944.989489	1
127	13	26	45	bathroom	sun_apkxzenqapsujocq.tif	722945.761924	722946.020512	722946.777524	7.592345e-01	35	none	NaN	NaN
127	13	27	44	bathroom	sun_apkruvsevgegsdwp.tif	722947.547024	722947.805615	722948.562614	6.758021e-01	34	none	NaN	NaN
127	13	28	58	bathroom	sun_axxbkopsgyouuebh.tif	722949.332131	722949.590723	722950.347804	8.092939e-01	48	none	NaN	NaN
127	13	29	17	bathroom	sun_acegryoqftbzowsg.tif	722951.117230	722951.375824	722952.132747	8.176371e-01	7	none	NaN	NaN
127	13	30	37	bathroom	sun_amzlamotzwfkwjco.tif	722952.902330	722953.160921	722953.917967	6.674589e-01	27	none	NaN	NaN
127	13	31	19	bathroom	sun_aclfzgynxzxlbepz.tif	722954.687430	722954.946023	722955.702966	8.343236e-01	9	none	NaN	NaN
127	13	32	43	bathroom	sun_apjevzvycyhuqghb.tif	722956.472533	722956.731126	722957.488155	6.591156e-01	33	none	NaN	NaN
127	13	33	26	bathroom	sun_ahaulkltgpkeeemi.tif	722958.257641	722958.516229	722959.273277	6.758021e-01	16	37	722960.381442	1
127	13	34	52	bathroom	sun_aunuadmjocsddsrl.tif	722961.152172	722961.410762	722962.167742	6.924886e-01	42	none	NaN	NaN
127	13	35	49	bathroom	sun_asfwthctfqerjvxr.tif	722962.937273	722963.195856	722963.952986	7.425480e-01	39	none	NaN	NaN
127	13	36	20	bathroom	sun_afcoljnjfoxjtgja.tif	722964.722377	722964.980969	722965.737987	6.591156e-01	10	none	NaN	NaN
127	13	37	40	bathroom	sun_aofnryafpsjimzsb.tif	722966.507475	722966.766069	722967.522975	6.841454e-01	30	none	NaN	NaN
127	13	38	59	bathroom	sun_axyrejkiiaqiurjk.tif	722968.292581	722968.551168	722969.308081	7.425480e-01	49	none	NaN	NaN
127	13	39	18	bathroom	sun_acgyywnybuveqsro.tif	722970.077683	722970.336271	722971.093232	6.507724e-01	8	none	NaN	NaN
127	13	40	11	bathroom	labelme_sfxiulhjbhlyiyt.tif	722971.862779	722972.121370	722972.878436	8.343236e-01	1	none	NaN	NaN
127	13	41	41	bathroom	sun_aoybiabnpadelefl.tif	722973.647888	722973.906475	722974.663489	6.758021e-01	31	37	722976.133433	1
127	13	42	13	bathroom	sun_aavhrsfjbserjtht.tif	722976.909445	722977.168040	722977.924964	7.592345e-01	3	none	NaN	NaN
127	13	43	24	bathroom	sun_agrwbmhcpmfuwmsg.tif	722978.694553	722978.953141	722979.710090	8.510101e-01	14	none	NaN	NaN
127	13	44	38	bathroom	sun_anhioqovhscjqqwb.tif	722980.479657	722980.738245	722981.495304	8.092939e-01	28	none	NaN	NaN
127	13	45	34	bathroom	sun_alkosphxlxwjwgjd.tif	722982.264750	722982.523343	722983.280394	7.508912e-01	24	none	NaN	NaN
127	13	46	53	bathroom	sun_ausgutylgojavyoq.tif	722984.049860	722984.308449	722985.065400	8.343236e-01	43	none	NaN	NaN
127	13	47	31	bathroom	sun_akiytfaagpdsphgz.tif	722985.834957	722986.093551	722986.850497	8.009507e-01	21	none	NaN	NaN
127	13	48	46	bathroom	sun_apmqjbnwghzuhhzh.tif	722987.620061	722987.878677	722988.635707	7.091751e-01	36	none	NaN	NaN
127	13	49	14	bathroom	sun_abapwbhyhkfixyex.tif	722989.405164	722989.663750	722990.420823	7.592345e-01	4	none	NaN	NaN
127	13	50	15	bathroom	sun_abjtwfukuwddzted.tif	722991.190261	722991.448856	722992.205895	7.258615e-01	5	37	722994.213493	0
127	13	51	22	bathroom	sun_agguqiubmwhqqunb.tif	722994.985693	722995.244283	722996.001202	6.924886e-01	12	none	NaN	NaN
127	13	52	57	bathroom	sun_axldvoqbuvuggfmq.tif	722996.770796	722997.029375	722997.786389	8.176371e-01	47	none	NaN	NaN
127	13	53	54	bathroom	sun_auzqhkafidnkrwmo.tif	722998.555894	722998.814485	722999.571444	7.759209e-01	44	none	NaN	NaN
127	13	54	14	bathroom	sun_abapwbhyhkfixyex.tif	723000.340999	723000.599586	723001.356512	7.425480e-01	4	none	NaN	NaN
127	13	55	32	bathroom	sun_aleqenyvunhactkl.tif	723002.126099	723002.384691	723003.141753	8.259804e-01	22	none	NaN	NaN
127	13	56	53	bathroom	sun_ausgutylgojavyoq.tif	723003.911201	723004.169792	723004.926805	7.675777e-01	43	37	723005.829472	1
127	13	57	43	bathroom	sun_apjevzvycyhuqghb.tif	723006.605537	723006.864125	723007.621033	7.592345e-01	33	none	NaN	NaN
127	13	58	37	bathroom	sun_amzlamotzwfkwjco.tif	723008.390641	723008.649226	723009.406302	6.924886e-01	27	none	NaN	NaN
127	13	59	13	bathroom	sun_aavhrsfjbserjtht.tif	723010.175739	723010.434328	723011.191375	7.175183e-01	3	none	NaN	NaN
127	13	60	50	bathroom	sun_aspsyogrekjtfozg.tif	723011.960840	723012.219436	723012.976401	7.926074e-01	40	none	NaN	NaN
127	13	61	25	bathroom	sun_agyqfjcfkdcydepw.tif	723013.745941	723014.004536	723014.761652	7.091751e-01	15	none	NaN	NaN
127	13	62	16	bathroom	sun_acduarbnmmoglmiv.tif	723015.531046	723015.789636	723016.546759	7.926074e-01	6	none	NaN	NaN
127	13	63	46	bathroom	sun_apmqjbnwghzuhhzh.tif	723017.316149	723017.574741	723018.331783	7.508912e-01	36	none	NaN	NaN
127	13	64	26	bathroom	sun_ahaulkltgpkeeemi.tif	723019.101250	723019.359838	723020.116824	6.924886e-01	16	none	NaN	NaN
127	13	65	56	bathroom	sun_awnqiikzaispgmwo.tif	723020.886348	723021.144947	723021.902056	8.176371e-01	46	none	NaN	NaN
127	13	66	45	bathroom	sun_apkxzenqapsujocq.tif	723022.671454	723022.930041	723023.687012	7.342048e-01	35	37	723024.629391	1
127	13	67	35	bathroom	sun_alotolagknyrgtsk.tif	723025.407497	723025.666085	723026.423093	6.841454e-01	25	39	723027.333395	1
127	13	68	38	bathroom	sun_anhioqovhscjqqwb.tif	723028.110176	723028.368767	723029.125769	8.092939e-01	28	none	NaN	NaN
127	13	69	19	bathroom	sun_aclfzgynxzxlbepz.tif	723029.895278	723030.153866	723030.910879	8.426668e-01	9	37	723032.085436	1
127	13	70	15	bathroom	sun_abjtwfukuwddzted.tif	723032.856543	723033.115137	723033.872124	6.591156e-01	5	none	NaN	NaN
127	13	71	58	bathroom	sun_axxbkopsgyouuebh.tif	723034.641649	723034.900239	723035.657158	8.009507e-01	48	none	NaN	NaN
127	13	72	48	bathroom	sun_aqrpegblszgcoujh.tif	723036.426745	723036.685341	723037.442325	7.508912e-01	38	none	NaN	NaN
127	13	73	34	bathroom	sun_alkosphxlxwjwgjd.tif	723038.211845	723038.470438	723039.227523	8.259804e-01	24	none	NaN	NaN
127	13	74	24	bathroom	sun_agrwbmhcpmfuwmsg.tif	723039.996952	723040.255543	723041.012479	6.507724e-01	14	37	723042.013601	1
127	13	75	47	bathroom	sun_apynckhmoftszqoq.tif	723042.791387	723043.049977	723043.807100	7.175183e-01	37	none	NaN	NaN
127	13	76	42	bathroom	sun_apeeialkgkuxddgh.tif	723044.576487	723044.835080	723045.591995	7.842642e-01	32	none	NaN	NaN
127	13	77	27	bathroom	sun_ahcvzmoyaycdoftf.tif	723046.361588	723046.620178	723047.377160	7.342048e-01	17	none	NaN	NaN
127	13	78	31	bathroom	sun_akiytfaagpdsphgz.tif	723048.146695	723048.405283	723049.162310	7.258615e-01	21	37	723050.485415	0
127	13	79	60	bathroom	sun_azqyogdvyhahyram.tif	723051.258109	723051.516699	723052.273794	6.674589e-01	50	none	NaN	NaN
127	13	80	12	bathroom	sun_aapitsgbtktqubfy.tif	723053.043209	723053.301803	723054.058911	7.258615e-01	2	none	NaN	NaN
127	13	81	21	bathroom	sun_aggnnqpdorgxpvce.tif	723054.828311	723055.086899	723055.844021	6.841454e-01	11	none	NaN	NaN
127	13	82	40	bathroom	sun_aofnryafpsjimzsb.tif	723056.613415	723056.872000	723057.629122	8.343236e-01	30	none	NaN	NaN
127	13	83	20	bathroom	sun_afcoljnjfoxjtgja.tif	723058.398521	723058.657106	723059.414140	7.759209e-01	10	none	NaN	NaN
127	13	84	39	bathroom	sun_anryaplzeujmzfkd.tif	723060.183617	723060.442206	723061.199126	7.008318e-01	29	none	NaN	NaN
127	13	85	59	bathroom	sun_axyrejkiiaqiurjk.tif	723061.968717	723062.227308	723062.984283	7.008318e-01	49	none	NaN	NaN
127	13	86	52	bathroom	sun_aunuadmjocsddsrl.tif	723063.753822	723064.012413	723064.769442	7.842642e-01	42	none	NaN	NaN
127	13	87	18	bathroom	sun_acgyywnybuveqsro.tif	723065.538926	723065.797511	723066.554640	8.426668e-01	8	none	NaN	NaN
127	13	88	11	bathroom	labelme_sfxiulhjbhlyiyt.tif	723067.324029	723067.582618	723068.339661	7.091751e-01	1	none	NaN	NaN
127	13	89	28	bathroom	sun_ahijqszoswveeyji.tif	723069.109126	723069.367717	723070.124789	7.675777e-01	18	none	NaN	NaN
127	13	90	44	bathroom	sun_apkruvsevgegsdwp.tif	723070.894227	723071.152819	723071.909761	6.591156e-01	34	none	NaN	NaN
127	13	91	23	bathroom	sun_aghyqhbptboemmoq.tif	723072.679331	723072.937921	723073.694957	8.426668e-01	13	39	723074.597443	1
127	13	92	51	bathroom	sun_atstyziqcmkahyxk.tif	723075.373670	723075.632259	723076.389379	7.926074e-01	41	none	NaN	NaN
127	13	93	36	bathroom	sun_ambriybtogmepttm.tif	723077.158771	723077.417354	723078.174338	7.759209e-01	26	none	NaN	NaN
127	13	94	30	bathroom	sun_ajlawzvmubibwbpy.tif	723078.943870	723079.202460	723079.959501	6.924886e-01	20	39	723081.365498	1
127	13	95	33	bathroom	sun_aljolscmmzydegqp.tif	723082.138703	723082.397294	723083.154300	7.842642e-01	23	none	NaN	NaN
127	13	96	17	bathroom	sun_acegryoqftbzowsg.tif	723083.923802	723084.182398	723084.939349	8.176371e-01	7	none	NaN	NaN
127	13	97	41	bathroom	sun_aoybiabnpadelefl.tif	723085.708910	723085.967497	723086.724497	8.259804e-01	31	none	NaN	NaN
127	13	98	55	bathroom	sun_avhrdrntsqrjzccq.tif	723087.494004	723087.752598	723088.509670	7.258615e-01	45	none	NaN	NaN
127	13	99	49	bathroom	sun_asfwthctfqerjvxr.tif	723089.279110	723089.537697	723090.294665	6.507724e-01	39	none	NaN	NaN
127	13	100	29	bathroom	sun_ahqjwnzgolcaoidx.tif	723091.064212	723091.322801	723092.079736	8.009507e-01	19	none	NaN	NaN
127	14	1	74	kitchen	sun_acfmftudsenhrfhy.tif	723096.886648	723097.145240	723097.793708	6.674589e-01	64	none	NaN	NaN
127	14	2	64	kitchen	sun_aadbddgrdsjugojn.tif	723098.563308	723098.821892	723099.470390	7.842642e-01	54	none	NaN	NaN
127	14	3	104	kitchen	sun_auticobqsbwgoppi.tif	723100.239980	723100.498570	723101.147138	8.426668e-01	94	none	NaN	NaN
127	14	4	94	kitchen	sun_ahywdevtimnqcsln.tif	723101.908161	723102.158561	723102.815322	8.510101e-01	84	none	NaN	NaN
127	14	5	92	kitchen	sun_ahpczsiumwwocjkv.tif	723103.576374	723103.826742	723104.483502	6.924886e-01	82	none	NaN	NaN
127	14	6	82	kitchen	sun_aenotlpyftoioydp.tif	723105.244928	723105.503523	723106.152008	7.425480e-01	72	none	NaN	NaN
127	14	7	89	kitchen	sun_agzzivivdpnawacl.tif	723106.921588	723107.180181	723107.828822	6.507724e-01	79	none	NaN	NaN
127	14	8	100	kitchen	sun_amjjdeyrggfqgmom.tif	723108.598249	723108.856840	723109.505392	7.926074e-01	90	none	NaN	NaN
127	14	9	76	kitchen	sun_acwjdupvyjsugpay.tif	723110.274913	723110.533497	723111.182016	7.175183e-01	66	39	723113.821258	1
127	14	10	70	kitchen	sun_abdxkyyxwfskuaqb.tif	723114.595861	723114.854448	723115.502996	7.091751e-01	60	none	NaN	NaN
127	14	11	86	kitchen	sun_aggjlwcdjsjcaemh.tif	723116.272522	723116.531112	723117.179603	8.426668e-01	76	none	NaN	NaN
127	14	12	107	kitchen	sun_axyyrmzcupyhlivc.tif	723117.949178	723118.207769	723118.856341	7.258615e-01	97	none	NaN	NaN
127	14	13	83	kitchen	sun_aeqdocilnnpuvuhx.tif	723119.625841	723119.884430	723120.533093	6.591156e-01	73	none	NaN	NaN
127	14	14	65	kitchen	sun_aamedkxepzlwuxes.tif	723121.302502	723121.561093	723122.209563	6.591156e-01	55	none	NaN	NaN
127	14	15	105	kitchen	sun_avszsnwsbuqfgzbn.tif	723122.979167	723123.237753	723123.886288	7.342048e-01	95	none	NaN	NaN
127	14	16	68	kitchen	sun_aaxxjlsuzvqlgylf.tif	723124.655827	723124.914418	723125.562889	7.008318e-01	58	37	723126.701627	1
127	14	17	90	kitchen	sun_ahdycvpopffkzzsu.tif	723127.475286	723127.733874	723128.382379	7.592345e-01	80	none	NaN	NaN
127	14	18	72	kitchen	sun_abpwyqmlzafvklqo.tif	723129.151948	723129.410533	723130.059100	6.924886e-01	62	none	NaN	NaN
127	14	19	101	kitchen	sun_aqeaevwwwjoqhzvl.tif	723130.828609	723131.087192	723131.735743	7.508912e-01	91	none	NaN	NaN
127	14	20	103	kitchen	sun_aunzlwrbjumxhwdj.tif	723132.505273	723132.763859	723133.412309	8.343236e-01	93	none	NaN	NaN
127	14	21	78	kitchen	sun_adgqasybjyktddhj.tif	723134.181929	723134.440520	723135.089065	8.259804e-01	68	none	NaN	NaN
127	14	22	97	kitchen	sun_ajkqhtgcbgpcwrwn.tif	723135.858591	723136.117180	723136.765766	6.507724e-01	87	none	NaN	NaN
127	14	23	99	kitchen	sun_akcjzhbbjlbogpdi.tif	723137.535250	723137.793841	723138.442411	8.426668e-01	89	none	NaN	NaN
127	14	24	108	kitchen	sun_aymvwlarqodbwuoc.tif	723139.211916	723139.470503	723140.119003	7.842642e-01	98	none	NaN	NaN
127	14	25	84	kitchen	sun_aexklacwqwezaorf.tif	723140.888576	723141.147165	723141.795616	8.009507e-01	74	none	NaN	NaN
127	14	26	67	kitchen	sun_aarfiyshqohlwkmo.tif	723142.565228	723142.823827	723143.472473	6.841454e-01	57	37	723144.581527	1
127	14	27	61	kitchen	labelme_brsyyvweiuaazfr.tif	723145.359665	723145.618262	723146.266896	7.175183e-01	51	none	NaN	NaN
127	14	28	73	kitchen	sun_abrcnpqqhmjwekyf.tif	723147.036332	723147.294924	723147.943477	6.674589e-01	63	none	NaN	NaN
127	14	29	69	kitchen	sun_abdenxonkemggwsq.tif	723148.712991	723148.971583	723149.620140	7.425480e-01	59	none	NaN	NaN
127	14	30	88	kitchen	sun_agubuxuukhzyzpdp.tif	723150.389652	723150.648247	723151.296880	6.591156e-01	78	none	NaN	NaN
127	14	31	85	kitchen	sun_afuyedyxivkhecmu.tif	723152.066311	723152.324912	723152.973372	7.508912e-01	75	none	NaN	NaN
127	14	32	75	kitchen	sun_acgtpgfybqjmzeyw.tif	723153.742974	723154.001564	723154.650215	6.758021e-01	65	none	NaN	NaN
127	14	33	87	kitchen	sun_agorklincwxrdtga.tif	723155.419632	723155.678227	723156.326709	8.092939e-01	77	none	NaN	NaN
127	14	34	102	kitchen	sun_auaiucuqpdausiva.tif	723157.096295	723157.354884	723158.003433	7.008318e-01	92	none	NaN	NaN
127	14	35	95	kitchen	sun_aixorpehvfykdynp.tif	723158.772962	723159.031550	723159.680154	8.092939e-01	85	none	NaN	NaN
127	14	36	109	kitchen	sun_aypmqwcualkenuoe.tif	723160.449616	723160.708209	723161.356831	7.091751e-01	99	none	NaN	NaN
127	14	37	96	kitchen	sun_ajcbwwvdlsvjyzje.tif	723162.126277	723162.384866	723163.033508	6.841454e-01	86	none	NaN	NaN
127	14	38	93	kitchen	sun_ahspylgoovwmwvgk.tif	723163.802939	723164.061532	723164.710088	6.507724e-01	83	none	NaN	NaN
127	14	39	79	kitchen	sun_admlmbcdswaszruo.tif	723165.479602	723165.738192	723166.386663	8.426668e-01	69	39	723167.573499	1
127	14	40	80	kitchen	sun_aegoxogugdkwpmpj.tif	723168.349112	723168.607701	723169.256358	7.425480e-01	70	none	NaN	NaN
127	14	41	62	kitchen	labelme_kxvouciolcpqplr.tif	723170.025776	723170.284360	723170.932854	7.675777e-01	52	39	723172.157535	1
127	14	42	71	kitchen	sun_abftihopvusyfakt.tif	723172.928649	723173.187235	723173.835879	8.343236e-01	61	none	NaN	NaN
127	14	43	63	kitchen	labelme_rykdqxenmhulbdn.tif	723174.605314	723174.863901	723175.512543	7.008318e-01	53	37	723176.797422	1
127	14	44	81	kitchen	sun_aehawpgmrlhlvcow.tif	723177.574920	723177.833508	723178.482088	6.924886e-01	71	none	NaN	NaN
127	14	45	91	kitchen	sun_ahljzhgcdpomplvg.tif	723179.251581	723179.510171	723180.158817	8.176371e-01	81	none	NaN	NaN
127	14	46	77	kitchen	sun_acxkpeoqbwcxfvip.tif	723180.928238	723181.186834	723181.835378	7.342048e-01	67	none	NaN	NaN
127	14	47	110	kitchen	sun_azmutvzbxypaceni.tif	723182.604903	723182.863490	723183.511966	8.259804e-01	100	37	723184.629514	1
127	14	48	66	kitchen	sun_aapllqyqlykszopd.tif	723185.407672	723185.666269	723186.314820	7.675777e-01	56	none	NaN	NaN
127	14	49	98	kitchen	sun_akchetnepxlcxhsu.tif	723187.084341	723187.342930	723187.991409	8.092939e-01	88	none	NaN	NaN
127	14	50	106	kitchen	sun_awcpdzzznmweyyhv.tif	723188.761001	723189.019593	723189.668196	7.592345e-01	96	none	NaN	NaN
127	14	51	92	kitchen	sun_ahpczsiumwwocjkv.tif	723190.437662	723190.696253	723191.344695	8.259804e-01	82	none	NaN	NaN
127	14	52	80	kitchen	sun_aegoxogugdkwpmpj.tif	723192.114326	723192.372912	723193.021361	7.508912e-01	70	none	NaN	NaN
127	14	53	94	kitchen	sun_ahywdevtimnqcsln.tif	723193.790982	723194.049569	723194.698111	8.176371e-01	84	none	NaN	NaN
127	14	54	89	kitchen	sun_agzzivivdpnawacl.tif	723195.467643	723195.726234	723196.374849	6.758021e-01	79	none	NaN	NaN
127	14	55	97	kitchen	sun_ajkqhtgcbgpcwrwn.tif	723197.144303	723197.402894	723198.051399	7.175183e-01	87	none	NaN	NaN
127	14	56	108	kitchen	sun_aymvwlarqodbwuoc.tif	723198.820965	723199.079551	723199.728154	7.759209e-01	98	39	723200.837659	0
127	14	57	67	kitchen	sun_aarfiyshqohlwkmo.tif	723201.615403	723201.873989	723202.522610	7.091751e-01	57	none	NaN	NaN
127	14	58	75	kitchen	sun_acgtpgfybqjmzeyw.tif	723203.292059	723203.550655	723204.199133	7.759209e-01	65	none	NaN	NaN
127	14	59	63	kitchen	labelme_rykdqxenmhulbdn.tif	723204.968728	723205.227312	723205.875925	7.508912e-01	53	none	NaN	NaN
127	14	60	73	kitchen	sun_abrcnpqqhmjwekyf.tif	723206.645385	723206.903970	723207.552530	7.342048e-01	63	none	NaN	NaN
127	14	61	76	kitchen	sun_acwjdupvyjsugpay.tif	723208.322043	723208.580634	723209.229218	7.926074e-01	66	none	NaN	NaN
127	14	62	82	kitchen	sun_aenotlpyftoioydp.tif	723209.998704	723210.257296	723210.905796	8.009507e-01	72	none	NaN	NaN
127	14	63	61	kitchen	labelme_brsyyvweiuaazfr.tif	723211.675368	723211.933953	723212.582574	8.009507e-01	51	none	NaN	NaN
127	14	64	64	kitchen	sun_aadbddgrdsjugojn.tif	723213.352029	723213.610622	723214.259212	7.258615e-01	54	none	NaN	NaN
127	14	65	62	kitchen	labelme_kxvouciolcpqplr.tif	723215.028691	723215.287283	723215.935879	8.092939e-01	52	39	723217.805246	1
127	14	66	86	kitchen	sun_aggjlwcdjsjcaemh.tif	723218.582206	723218.840800	723219.489403	7.842642e-01	76	none	NaN	NaN
127	14	67	91	kitchen	sun_ahljzhgcdpomplvg.tif	723220.258868	723220.517461	723221.166030	8.343236e-01	81	none	NaN	NaN
127	14	68	66	kitchen	sun_aapllqyqlykszopd.tif	723221.926968	723222.177264	723222.834071	8.176371e-01	56	none	NaN	NaN
127	14	69	81	kitchen	sun_aehawpgmrlhlvcow.tif	723223.595288	723223.845607	723224.502408	7.926074e-01	71	none	NaN	NaN
127	14	70	104	kitchen	sun_auticobqsbwgoppi.tif	723225.263827	723225.522420	723226.171069	7.425480e-01	94	none	NaN	NaN
127	14	71	87	kitchen	sun_agorklincwxrdtga.tif	723226.940489	723227.199076	723227.847700	7.842642e-01	77	none	NaN	NaN
127	14	72	78	kitchen	sun_adgqasybjyktddhj.tif	723228.617154	723228.875745	723229.524324	7.258615e-01	68	none	NaN	NaN
127	14	73	99	kitchen	sun_akcjzhbbjlbogpdi.tif	723230.293811	723230.552400	723231.200869	8.009507e-01	89	none	NaN	NaN
127	14	74	105	kitchen	sun_avszsnwsbuqfgzbn.tif	723231.970470	723232.229063	723232.877628	6.841454e-01	95	none	NaN	NaN
127	14	75	77	kitchen	sun_acxkpeoqbwcxfvip.tif	723233.647129	723233.905728	723234.554166	7.675777e-01	67	none	NaN	NaN
127	14	76	69	kitchen	sun_abdenxonkemggwsq.tif	723235.323796	723235.582385	723236.230934	8.343236e-01	59	none	NaN	NaN
127	14	77	88	kitchen	sun_agubuxuukhzyzpdp.tif	723237.000457	723237.259047	723237.907655	6.924886e-01	78	none	NaN	NaN
127	14	78	68	kitchen	sun_aaxxjlsuzvqlgylf.tif	723238.677122	723238.935708	723239.584321	7.508912e-01	58	none	NaN	NaN
127	14	79	96	kitchen	sun_ajcbwwvdlsvjyzje.tif	723240.353775	723240.612363	723241.260869	6.758021e-01	86	none	NaN	NaN
127	14	80	83	kitchen	sun_aeqdocilnnpuvuhx.tif	723242.030443	723242.289030	723242.937524	6.674589e-01	73	39	723244.349529	1
127	14	81	98	kitchen	sun_akchetnepxlcxhsu.tif	723245.125175	723245.383764	723246.032281	7.008318e-01	88	none	NaN	NaN
127	14	82	74	kitchen	sun_acfmftudsenhrfhy.tif	723246.801836	723247.060429	723247.709031	8.259804e-01	64	none	NaN	NaN
127	14	83	100	kitchen	sun_amjjdeyrggfqgmom.tif	723248.478495	723248.737083	723249.385569	7.926074e-01	90	none	NaN	NaN
127	14	84	90	kitchen	sun_ahdycvpopffkzzsu.tif	723250.155155	723250.413745	723251.062238	8.510101e-01	80	none	NaN	NaN
127	14	85	84	kitchen	sun_aexklacwqwezaorf.tif	723251.831822	723252.090410	723252.738866	7.759209e-01	74	37	723253.685256	1
127	14	86	71	kitchen	sun_abftihopvusyfakt.tif	723254.459419	723254.718013	723255.366621	6.591156e-01	61	37	723256.181517	1
127	14	87	72	kitchen	sun_abpwyqmlzafvklqo.tif	723256.953558	723257.212148	723257.860759	7.258615e-01	62	none	NaN	NaN
127	14	88	107	kitchen	sun_axyyrmzcupyhlivc.tif	723258.630221	723258.888809	723259.537364	6.674589e-01	97	37	723260.341250	1
127	14	89	85	kitchen	sun_afuyedyxivkhecmu.tif	723261.116020	723261.374603	723262.023227	7.091751e-01	75	none	NaN	NaN
127	14	90	109	kitchen	sun_aypmqwcualkenuoe.tif	723262.792675	723263.051266	723263.699757	6.924886e-01	99	none	NaN	NaN
127	14	91	103	kitchen	sun_aunzlwrbjumxhwdj.tif	723264.469336	723264.727928	723265.376475	7.675777e-01	93	none	NaN	NaN
127	14	92	95	kitchen	sun_aixorpehvfykdynp.tif	723266.146002	723266.404590	723267.053168	6.841454e-01	85	none	NaN	NaN
127	14	93	79	kitchen	sun_admlmbcdswaszruo.tif	723267.822663	723268.081248	723268.729871	6.758021e-01	69	39	723269.949234	1
127	14	94	70	kitchen	sun_abdxkyyxwfskuaqb.tif	723270.725535	723270.984123	723271.632743	7.759209e-01	60	none	NaN	NaN
127	14	95	106	kitchen	sun_awcpdzzznmweyyhv.tif	723272.402195	723272.660789	723273.309232	7.175183e-01	96	39	723274.213534	1
127	14	96	101	kitchen	sun_aqeaevwwwjoqhzvl.tif	723274.988094	723275.246682	723275.895239	8.176371e-01	91	none	NaN	NaN
127	14	97	93	kitchen	sun_ahspylgoovwmwvgk.tif	723276.664750	723276.923344	723277.571944	7.342048e-01	83	none	NaN	NaN
127	14	98	110	kitchen	sun_azmutvzbxypaceni.tif	723278.341417	723278.600007	723279.248528	7.592345e-01	100	none	NaN	NaN
127	14	99	102	kitchen	sun_auaiucuqpdausiva.tif	723280.018077	723280.276666	723280.925324	7.592345e-01	92	none	NaN	NaN
127	14	100	65	kitchen	sun_aamedkxepzlwuxes.tif	723281.686412	723281.936509	723282.593656	8.176371e-01	55	none	NaN	NaN
127	15	1	55	bathroom	sun_avhrdrntsqrjzccq.tif	723287.383709	723287.642293	723288.332613	6.674589e-01	45	none	NaN	NaN
127	15	2	58	bathroom	sun_axxbkopsgyouuebh.tif	723289.102074	723289.360663	723290.050962	6.507724e-01	48	none	NaN	NaN
127	15	3	29	bathroom	sun_ahqjwnzgolcaoidx.tif	723290.820444	723291.079029	723291.769365	8.092939e-01	19	none	NaN	NaN
127	15	4	28	bathroom	sun_ahijqszoswveeyji.tif	723292.538810	723292.797402	723293.487632	7.675777e-01	18	none	NaN	NaN
127	15	5	13	bathroom	sun_aavhrsfjbserjtht.tif	723294.257177	723294.515768	723295.206074	8.092939e-01	3	none	NaN	NaN
127	15	6	52	bathroom	sun_aunuadmjocsddsrl.tif	723295.975553	723296.234140	723296.924396	7.425480e-01	42	none	NaN	NaN
127	15	7	53	bathroom	sun_ausgutylgojavyoq.tif	723297.693916	723297.952505	723298.642868	7.759209e-01	43	none	NaN	NaN
127	15	8	51	bathroom	sun_atstyziqcmkahyxk.tif	723299.412287	723299.670877	723300.361148	7.008318e-01	41	none	NaN	NaN
127	15	9	37	bathroom	sun_amzlamotzwfkwjco.tif	723301.130656	723301.389246	723302.079530	7.592345e-01	27	none	NaN	NaN
127	15	10	19	bathroom	sun_aclfzgynxzxlbepz.tif	723302.849030	723303.107618	723303.797930	7.926074e-01	9	none	NaN	NaN
127	15	11	57	bathroom	sun_axldvoqbuvuggfmq.tif	723304.567396	723304.825988	723305.516172	7.342048e-01	47	none	NaN	NaN
127	15	12	39	bathroom	sun_anryaplzeujmzfkd.tif	723306.285764	723306.544356	723307.234682	6.758021e-01	29	none	NaN	NaN
127	15	13	27	bathroom	sun_ahcvzmoyaycdoftf.tif	723308.004136	723308.262721	723308.952950	7.592345e-01	17	none	NaN	NaN
127	15	14	12	bathroom	sun_aapitsgbtktqubfy.tif	723309.722498	723309.981093	723310.671542	6.841454e-01	2	none	NaN	NaN
127	15	15	30	bathroom	sun_ajlawzvmubibwbpy.tif	723311.440870	723311.699462	723312.389671	7.008318e-01	20	none	NaN	NaN
127	15	16	26	bathroom	sun_ahaulkltgpkeeemi.tif	723313.159241	723313.417830	723314.108185	8.259804e-01	16	none	NaN	NaN
127	15	17	20	bathroom	sun_afcoljnjfoxjtgja.tif	723314.877612	723315.136200	723315.826400	6.674589e-01	10	37	723317.181588	1
127	15	18	22	bathroom	sun_agguqiubmwhqqunb.tif	723317.955660	723318.214251	723318.904527	8.343236e-01	12	none	NaN	NaN
127	15	19	15	bathroom	sun_abjtwfukuwddzted.tif	723319.674026	723319.932613	723320.622988	8.426668e-01	5	none	NaN	NaN
127	15	20	41	bathroom	sun_aoybiabnpadelefl.tif	723321.392395	723321.650989	723322.341178	7.342048e-01	31	none	NaN	NaN
127	15	21	18	bathroom	sun_acgyywnybuveqsro.tif	723323.110766	723323.369355	723324.059602	7.842642e-01	8	none	NaN	NaN
127	15	22	17	bathroom	sun_acegryoqftbzowsg.tif	723324.829132	723325.087724	723325.777965	8.343236e-01	7	none	NaN	NaN
127	15	23	14	bathroom	sun_abapwbhyhkfixyex.tif	723326.547504	723326.806093	723327.496280	7.759209e-01	4	39	723328.445440	1
127	15	24	44	bathroom	sun_apkruvsevgegsdwp.tif	723329.216816	723329.475405	723330.165649	8.176371e-01	34	none	NaN	NaN
127	15	25	32	bathroom	sun_aleqenyvunhactkl.tif	723330.935189	723331.193778	723331.883982	6.841454e-01	22	39	723333.213386	1
127	15	26	49	bathroom	sun_asfwthctfqerjvxr.tif	723333.988207	723334.246799	723334.937064	7.091751e-01	39	none	NaN	NaN
127	15	27	48	bathroom	sun_aqrpegblszgcoujh.tif	723335.706584	723335.965171	723336.655337	7.926074e-01	38	none	NaN	NaN
127	15	28	50	bathroom	sun_aspsyogrekjtfozg.tif	723337.424946	723337.683536	723338.373754	7.091751e-01	40	none	NaN	NaN
127	15	29	47	bathroom	sun_apynckhmoftszqoq.tif	723339.143316	723339.401908	723340.092261	7.926074e-01	37	none	NaN	NaN
127	15	30	60	bathroom	sun_azqyogdvyhahyram.tif	723340.861688	723341.120278	723341.810534	8.176371e-01	50	none	NaN	NaN
127	15	31	38	bathroom	sun_anhioqovhscjqqwb.tif	723342.580059	723342.838646	723343.528839	8.259804e-01	28	none	NaN	NaN
127	15	32	34	bathroom	sun_alkosphxlxwjwgjd.tif	723344.298423	723344.557013	723345.247392	7.425480e-01	24	none	NaN	NaN
127	15	33	56	bathroom	sun_awnqiikzaispgmwo.tif	723346.016794	723346.275383	723346.965739	8.510101e-01	46	none	NaN	NaN
127	15	34	35	bathroom	sun_alotolagknyrgtsk.tif	723347.735165	723347.993749	723348.683940	7.675777e-01	25	none	NaN	NaN
127	15	35	16	bathroom	sun_acduarbnmmoglmiv.tif	723349.453535	723349.712120	723350.402404	7.258615e-01	6	none	NaN	NaN
127	15	36	42	bathroom	sun_apeeialkgkuxddgh.tif	723351.171902	723351.430491	723352.120845	6.924886e-01	32	none	NaN	NaN
127	15	37	40	bathroom	sun_aofnryafpsjimzsb.tif	723352.890270	723353.148862	723353.839030	8.426668e-01	30	none	NaN	NaN
127	15	38	45	bathroom	sun_apkxzenqapsujocq.tif	723354.608644	723354.867223	723355.557605	7.091751e-01	35	37	723356.677713	1
127	15	39	59	bathroom	sun_axyrejkiiaqiurjk.tif	723357.453121	723357.711715	723358.401879	7.175183e-01	49	none	NaN	NaN
127	15	40	46	bathroom	sun_apmqjbnwghzuhhzh.tif	723359.171491	723359.430082	723360.120327	6.924886e-01	36	39	723361.165619	1
127	15	41	43	bathroom	sun_apjevzvycyhuqghb.tif	723361.940903	723362.199493	723362.889852	8.343236e-01	33	none	NaN	NaN
127	15	42	54	bathroom	sun_auzqhkafidnkrwmo.tif	723363.659275	723363.917864	723364.608083	7.008318e-01	44	37	723365.301234	1
127	15	43	23	bathroom	sun_aghyqhbptboemmoq.tif	723366.078338	723366.336922	723367.027175	8.009507e-01	13	none	NaN	NaN
127	15	44	33	bathroom	sun_aljolscmmzydegqp.tif	723367.796702	723368.055297	723368.745515	7.842642e-01	23	none	NaN	NaN
127	15	45	25	bathroom	sun_agyqfjcfkdcydepw.tif	723369.515071	723369.773664	723370.464076	8.176371e-01	15	none	NaN	NaN
127	15	46	11	bathroom	labelme_sfxiulhjbhlyiyt.tif	723371.233442	723371.492034	723372.182381	7.175183e-01	1	none	NaN	NaN
127	15	47	24	bathroom	sun_agrwbmhcpmfuwmsg.tif	723372.951814	723373.210399	723373.900693	7.342048e-01	14	none	NaN	NaN
127	15	48	21	bathroom	sun_aggnnqpdorgxpvce.tif	723374.670180	723374.928768	723375.619051	8.343236e-01	11	none	NaN	NaN
127	15	49	36	bathroom	sun_ambriybtogmepttm.tif	723376.388555	723376.647138	723377.337419	7.508912e-01	26	39	723378.277415	1
127	15	50	31	bathroom	sun_akiytfaagpdsphgz.tif	723379.049521	723379.308110	723379.998372	7.926074e-01	21	none	NaN	NaN
127	15	51	51	bathroom	sun_atstyziqcmkahyxk.tif	723380.767890	723381.026479	723381.716835	6.758021e-01	41	none	NaN	NaN
127	15	52	34	bathroom	sun_alkosphxlxwjwgjd.tif	723382.486260	723382.744848	723383.435180	6.674589e-01	24	37	723384.677429	1
127	15	53	20	bathroom	sun_afcoljnjfoxjtgja.tif	723385.455865	723385.714458	723386.404698	7.258615e-01	10	39	723387.613526	1
127	15	54	52	bathroom	sun_aunuadmjocsddsrl.tif	723388.383765	723388.642357	723389.332568	7.258615e-01	42	39	723390.213218	1
127	15	55	22	bathroom	sun_agguqiubmwhqqunb.tif	723390.986353	723391.244939	723391.935128	7.675777e-01	12	none	NaN	NaN
127	15	56	33	bathroom	sun_aljolscmmzydegqp.tif	723392.704716	723392.963301	723393.653660	6.924886e-01	23	none	NaN	NaN
127	15	57	41	bathroom	sun_aoybiabnpadelefl.tif	723394.423083	723394.681674	723395.372592	8.176371e-01	31	none	NaN	NaN
127	15	58	13	bathroom	sun_aavhrsfjbserjtht.tif	723396.141455	723396.400046	723397.090250	6.591156e-01	3	none	NaN	NaN
127	15	59	57	bathroom	sun_axldvoqbuvuggfmq.tif	723397.859824	723398.118417	723398.808727	8.426668e-01	47	none	NaN	NaN
127	15	60	50	bathroom	sun_aspsyogrekjtfozg.tif	723399.578192	723399.836784	723400.526985	6.924886e-01	40	none	NaN	NaN
127	15	61	37	bathroom	sun_amzlamotzwfkwjco.tif	723401.296559	723401.555152	723402.245442	6.507724e-01	27	none	NaN	NaN
127	15	62	32	bathroom	sun_aleqenyvunhactkl.tif	723403.014935	723403.273522	723403.963793	6.591156e-01	22	none	NaN	NaN
127	15	63	19	bathroom	sun_aclfzgynxzxlbepz.tif	723404.733299	723404.991888	723405.682230	7.508912e-01	9	none	NaN	NaN
127	15	64	43	bathroom	sun_apjevzvycyhuqghb.tif	723406.451670	723406.710259	723407.400495	7.425480e-01	33	none	NaN	NaN
127	15	65	42	bathroom	sun_apeeialkgkuxddgh.tif	723408.170037	723408.428624	723409.119007	6.758021e-01	32	none	NaN	NaN
127	15	66	12	bathroom	sun_aapitsgbtktqubfy.tif	723409.888406	723410.146994	723410.837184	7.175183e-01	2	none	NaN	NaN
127	15	67	46	bathroom	sun_apmqjbnwghzuhhzh.tif	723411.606774	723411.865357	723412.555703	6.674589e-01	36	none	NaN	NaN
127	15	68	15	bathroom	sun_abjtwfukuwddzted.tif	723413.325142	723413.583730	723414.273941	7.008318e-01	5	none	NaN	NaN
127	15	69	60	bathroom	sun_azqyogdvyhahyram.tif	723415.043513	723415.302107	723415.992299	7.258615e-01	50	none	NaN	NaN
127	15	70	21	bathroom	sun_aggnnqpdorgxpvce.tif	723416.761882	723417.020472	723417.710810	8.426668e-01	11	none	NaN	NaN
127	15	71	53	bathroom	sun_ausgutylgojavyoq.tif	723418.480253	723418.738834	723419.429100	7.842642e-01	43	37	723422.581579	1
127	15	72	58	bathroom	sun_axxbkopsgyouuebh.tif	723423.360084	723423.618678	723424.309021	7.342048e-01	48	none	NaN	NaN
127	15	73	27	bathroom	sun_ahcvzmoyaycdoftf.tif	723425.078452	723425.337044	723426.027268	8.176371e-01	17	none	NaN	NaN
127	15	74	18	bathroom	sun_acgyywnybuveqsro.tif	723426.796822	723427.055413	723427.745662	7.508912e-01	8	none	NaN	NaN
127	15	75	30	bathroom	sun_ajlawzvmubibwbpy.tif	723428.515196	723428.773787	723429.464077	6.841454e-01	20	none	NaN	NaN
127	15	76	24	bathroom	sun_agrwbmhcpmfuwmsg.tif	723430.233561	723430.492152	723431.182513	8.092939e-01	14	none	NaN	NaN
127	15	77	54	bathroom	sun_auzqhkafidnkrwmo.tif	723431.951931	723432.210524	723432.900744	6.758021e-01	44	none	NaN	NaN
127	15	78	48	bathroom	sun_aqrpegblszgcoujh.tif	723433.670299	723433.928890	723434.619143	7.508912e-01	38	none	NaN	NaN
127	15	79	25	bathroom	sun_agyqfjcfkdcydepw.tif	723435.388667	723435.647255	723436.337556	7.675777e-01	15	none	NaN	NaN
127	15	80	38	bathroom	sun_anhioqovhscjqqwb.tif	723437.107036	723437.365625	723438.055851	7.425480e-01	28	none	NaN	NaN
127	15	81	44	bathroom	sun_apkruvsevgegsdwp.tif	723438.825409	723439.084000	723439.774267	8.259804e-01	34	none	NaN	NaN
127	15	82	55	bathroom	sun_avhrdrntsqrjzccq.tif	723440.543776	723440.802368	723441.492664	8.009507e-01	45	none	NaN	NaN
127	15	83	28	bathroom	sun_ahijqszoswveeyji.tif	723442.262147	723442.520729	723443.210983	8.009507e-01	18	none	NaN	NaN
127	15	84	47	bathroom	sun_apynckhmoftszqoq.tif	723443.980512	723444.239104	723444.929334	7.508912e-01	37	none	NaN	NaN
127	15	85	36	bathroom	sun_ambriybtogmepttm.tif	723445.698885	723445.957478	723446.647724	7.091751e-01	26	none	NaN	NaN
127	15	86	14	bathroom	sun_abapwbhyhkfixyex.tif	723447.417257	723447.675845	723448.366060	7.175183e-01	4	37	723449.277238	1
127	15	87	26	bathroom	sun_ahaulkltgpkeeemi.tif	723450.053199	723450.311791	723451.002045	7.592345e-01	16	39	723451.781519	1
127	15	88	23	bathroom	sun_aghyqhbptboemmoq.tif	723452.555677	723452.814270	723453.504644	7.842642e-01	13	none	NaN	NaN
127	15	89	45	bathroom	sun_apkxzenqapsujocq.tif	723454.274047	723454.532637	723455.222974	6.507724e-01	35	none	NaN	NaN
127	15	90	16	bathroom	sun_acduarbnmmoglmiv.tif	723455.992411	723456.251004	723456.941376	8.510101e-01	6	39	723459.005465	1
127	15	91	17	bathroom	sun_acegryoqftbzowsg.tif	723459.779503	723460.038089	723460.728317	6.591156e-01	7	none	NaN	NaN
127	15	92	29	bathroom	sun_ahqjwnzgolcaoidx.tif	723461.497868	723461.756459	723462.446723	6.841454e-01	19	none	NaN	NaN
127	15	93	40	bathroom	sun_aofnryafpsjimzsb.tif	723463.216236	723463.474826	723464.165107	8.259804e-01	30	none	NaN	NaN
127	15	94	56	bathroom	sun_awnqiikzaispgmwo.tif	723464.934611	723465.193202	723465.883440	8.092939e-01	46	none	NaN	NaN
127	15	95	31	bathroom	sun_akiytfaagpdsphgz.tif	723466.652978	723466.911567	723467.601753	8.009507e-01	21	none	NaN	NaN
127	15	96	35	bathroom	sun_alotolagknyrgtsk.tif	723468.371342	723468.629935	723469.320287	7.759209e-01	25	37	723470.677440	1
127	15	97	49	bathroom	sun_asfwthctfqerjvxr.tif	723471.449392	723471.707984	723472.398158	7.759209e-01	39	none	NaN	NaN
127	15	98	39	bathroom	sun_anryaplzeujmzfkd.tif	723473.167764	723473.426353	723474.116589	7.592345e-01	29	none	NaN	NaN
127	15	99	59	bathroom	sun_axyrejkiiaqiurjk.tif	723474.886132	723475.144725	723475.834909	6.591156e-01	49	none	NaN	NaN
127	15	100	11	bathroom	labelme_sfxiulhjbhlyiyt.tif	723476.604502	723476.863097	723477.553378	6.924886e-01	1	none	NaN	NaN
127	16	1	100	kitchen	sun_amjjdeyrggfqgmom.tif	723484.220382	723484.478968	723485.202525	6.758021e-01	90	37	723487.301651	0
127	16	2	86	kitchen	sun_aggjlwcdjsjcaemh.tif	723488.074194	723488.332762	723489.056377	8.343236e-01	76	none	NaN	NaN
127	16	3	64	kitchen	sun_aadbddgrdsjugojn.tif	723489.825937	723490.084523	723490.808258	8.092939e-01	54	none	NaN	NaN
127	16	4	93	kitchen	sun_ahspylgoovwmwvgk.tif	723491.577671	723491.836263	723492.559883	8.343236e-01	83	none	NaN	NaN
127	16	5	69	kitchen	sun_abdenxonkemggwsq.tif	723493.329406	723493.587995	723494.311619	7.008318e-01	59	none	NaN	NaN
127	16	6	91	kitchen	sun_ahljzhgcdpomplvg.tif	723495.081139	723495.339733	723496.063292	8.176371e-01	81	none	NaN	NaN
127	16	7	72	kitchen	sun_abpwyqmlzafvklqo.tif	723496.832875	723497.091465	723497.815127	7.508912e-01	62	none	NaN	NaN
127	16	8	81	kitchen	sun_aehawpgmrlhlvcow.tif	723498.584613	723498.843204	723499.566896	8.176371e-01	71	none	NaN	NaN
127	16	9	103	kitchen	sun_aunzlwrbjumxhwdj.tif	723500.336343	723500.594938	723501.318525	7.592345e-01	93	none	NaN	NaN
127	16	10	74	kitchen	sun_acfmftudsenhrfhy.tif	723502.088083	723502.346675	723503.070365	7.008318e-01	64	none	NaN	NaN
127	16	11	68	kitchen	sun_aaxxjlsuzvqlgylf.tif	723503.839823	723504.098406	723504.822078	7.425480e-01	58	none	NaN	NaN
127	16	12	107	kitchen	sun_axyyrmzcupyhlivc.tif	723505.591554	723505.850147	723506.573806	7.008318e-01	97	none	NaN	NaN
127	16	13	79	kitchen	sun_admlmbcdswaszruo.tif	723507.343288	723507.601878	723508.325585	6.758021e-01	69	none	NaN	NaN
127	16	14	110	kitchen	sun_azmutvzbxypaceni.tif	723509.095029	723509.353613	723510.077170	7.592345e-01	100	none	NaN	NaN
127	16	15	66	kitchen	sun_aapllqyqlykszopd.tif	723510.846765	723511.105346	723511.829074	7.759209e-01	56	none	NaN	NaN
127	16	16	61	kitchen	labelme_brsyyvweiuaazfr.tif	723512.598495	723512.857082	723513.580742	7.342048e-01	51	none	NaN	NaN
127	16	17	106	kitchen	sun_awcpdzzznmweyyhv.tif	723514.350232	723514.608823	723515.332460	7.508912e-01	96	none	NaN	NaN
127	16	18	75	kitchen	sun_acgtpgfybqjmzeyw.tif	723516.101969	723516.360558	723517.084218	7.342048e-01	65	none	NaN	NaN
127	16	19	99	kitchen	sun_akcjzhbbjlbogpdi.tif	723517.853702	723518.112287	723518.836033	6.674589e-01	89	none	NaN	NaN
127	16	20	108	kitchen	sun_aymvwlarqodbwuoc.tif	723519.605439	723519.864031	723520.587655	6.591156e-01	98	none	NaN	NaN
127	16	21	76	kitchen	sun_acwjdupvyjsugpay.tif	723521.357172	723521.615763	723522.339464	7.926074e-01	66	none	NaN	NaN
127	16	22	85	kitchen	sun_afuyedyxivkhecmu.tif	723523.108910	723523.367501	723524.091193	8.259804e-01	75	none	NaN	NaN
127	16	23	105	kitchen	sun_avszsnwsbuqfgzbn.tif	723524.860643	723525.119233	723525.842980	8.009507e-01	95	none	NaN	NaN
127	16	24	65	kitchen	sun_aamedkxepzlwuxes.tif	723526.612382	723526.870969	723527.594549	7.175183e-01	55	none	NaN	NaN
127	16	25	95	kitchen	sun_aixorpehvfykdynp.tif	723528.364112	723528.622700	723529.346379	8.426668e-01	85	none	NaN	NaN
127	16	26	80	kitchen	sun_aegoxogugdkwpmpj.tif	723530.115848	723530.374442	723531.098185	8.176371e-01	70	none	NaN	NaN
127	16	27	78	kitchen	sun_adgqasybjyktddhj.tif	723531.867590	723532.126172	723532.849726	8.343236e-01	68	39	723534.397377	0
127	16	28	96	kitchen	sun_ajcbwwvdlsvjyzje.tif	723535.170857	723535.429450	723536.153070	7.342048e-01	86	none	NaN	NaN
127	16	29	84	kitchen	sun_aexklacwqwezaorf.tif	723536.922598	723537.181188	723537.904927	7.675777e-01	74	none	NaN	NaN
127	16	30	62	kitchen	labelme_kxvouciolcpqplr.tif	723538.674325	723538.932923	723539.656524	6.591156e-01	52	none	NaN	NaN
127	16	31	88	kitchen	sun_agubuxuukhzyzpdp.tif	723540.426068	723540.684661	723541.408334	6.758021e-01	78	none	NaN	NaN
127	16	32	63	kitchen	labelme_rykdqxenmhulbdn.tif	723542.177799	723542.436391	723543.160028	6.674589e-01	53	none	NaN	NaN
127	16	33	71	kitchen	sun_abftihopvusyfakt.tif	723543.929538	723544.188125	723544.911810	8.259804e-01	61	none	NaN	NaN
127	16	34	83	kitchen	sun_aeqdocilnnpuvuhx.tif	723545.681274	723545.939864	723546.663524	6.841454e-01	73	none	NaN	NaN
127	16	35	104	kitchen	sun_auticobqsbwgoppi.tif	723547.433008	723547.691597	723548.415323	7.258615e-01	94	none	NaN	NaN
127	16	36	92	kitchen	sun_ahpczsiumwwocjkv.tif	723549.184743	723549.443333	723550.167061	7.759209e-01	82	none	NaN	NaN
127	16	37	97	kitchen	sun_ajkqhtgcbgpcwrwn.tif	723550.936479	723551.195071	723551.918617	7.258615e-01	87	39	723553.621499	0
127	16	38	94	kitchen	sun_ahywdevtimnqcsln.tif	723554.398240	723554.656830	723555.380458	8.176371e-01	84	none	NaN	NaN
127	16	39	67	kitchen	sun_aarfiyshqohlwkmo.tif	723556.149974	723556.408566	723557.132230	7.926074e-01	57	37	723558.173403	1
127	16	40	98	kitchen	sun_akchetnepxlcxhsu.tif	723558.944409	723559.203000	723559.926554	7.508912e-01	88	none	NaN	NaN
127	16	41	77	kitchen	sun_acxkpeoqbwcxfvip.tif	723560.696147	723560.954736	723561.678475	8.009507e-01	67	none	NaN	NaN
127	16	42	73	kitchen	sun_abrcnpqqhmjwekyf.tif	723562.447881	723562.706470	723563.430094	6.841454e-01	63	37	723564.277555	1
127	16	43	87	kitchen	sun_agorklincwxrdtga.tif	723565.050462	723565.309041	723566.032787	6.507724e-01	77	none	NaN	NaN
127	16	44	89	kitchen	sun_agzzivivdpnawacl.tif	723566.802196	723567.060788	723567.784535	8.510101e-01	79	none	NaN	NaN
127	16	45	101	kitchen	sun_aqeaevwwwjoqhzvl.tif	723568.553933	723568.812519	723569.536138	7.842642e-01	91	none	NaN	NaN
127	16	46	90	kitchen	sun_ahdycvpopffkzzsu.tif	723570.305667	723570.564260	723571.287891	6.924886e-01	80	none	NaN	NaN
127	16	47	102	kitchen	sun_auaiucuqpdausiva.tif	723572.057403	723572.315992	723573.039625	7.508912e-01	92	none	NaN	NaN
127	16	48	82	kitchen	sun_aenotlpyftoioydp.tif	723573.809138	723574.067731	723574.791456	7.675777e-01	72	none	NaN	NaN
127	16	49	70	kitchen	sun_abdxkyyxwfskuaqb.tif	723575.560873	723575.819466	723576.543033	7.759209e-01	60	none	NaN	NaN
127	16	50	109	kitchen	sun_aypmqwcualkenuoe.tif	723577.312609	723577.571195	723578.294851	7.091751e-01	99	none	NaN	NaN
127	16	51	62	kitchen	labelme_kxvouciolcpqplr.tif	723579.064348	723579.322936	723580.046494	7.842642e-01	52	none	NaN	NaN
127	16	52	73	kitchen	sun_abrcnpqqhmjwekyf.tif	723580.816081	723581.074675	723581.798312	7.759209e-01	63	39	723582.733553	1
127	16	53	99	kitchen	sun_akcjzhbbjlbogpdi.tif	723583.510417	723583.769005	723584.492668	7.926074e-01	89	none	NaN	NaN
127	16	54	87	kitchen	sun_agorklincwxrdtga.tif	723585.262151	723585.520745	723586.244386	7.675777e-01	77	none	NaN	NaN
127	16	55	102	kitchen	sun_auaiucuqpdausiva.tif	723587.013890	723587.272478	723587.996105	7.425480e-01	92	none	NaN	NaN
127	16	56	81	kitchen	sun_aehawpgmrlhlvcow.tif	723588.765623	723589.024216	723589.747860	6.758021e-01	71	37	723592.269524	1
127	16	57	106	kitchen	sun_awcpdzzznmweyyhv.tif	723593.044866	723593.303448	723594.027133	6.924886e-01	96	39	723594.845428	1
127	16	58	86	kitchen	sun_aggjlwcdjsjcaemh.tif	723595.622413	723595.881004	723596.604721	7.091751e-01	76	none	NaN	NaN
127	16	59	82	kitchen	sun_aenotlpyftoioydp.tif	723597.374154	723597.632742	723598.356391	6.674589e-01	72	none	NaN	NaN
127	16	60	64	kitchen	sun_aadbddgrdsjugojn.tif	723599.125885	723599.384479	723600.108114	7.842642e-01	54	37	723600.837470	1
127	16	61	95	kitchen	sun_aixorpehvfykdynp.tif	723601.611685	723601.870276	723602.594011	6.924886e-01	85	none	NaN	NaN
127	16	62	85	kitchen	sun_afuyedyxivkhecmu.tif	723603.363421	723603.622009	723604.345565	8.092939e-01	75	none	NaN	NaN
127	16	63	61	kitchen	labelme_brsyyvweiuaazfr.tif	723605.115150	723605.373746	723606.097377	7.342048e-01	51	none	NaN	NaN
127	16	64	104	kitchen	sun_auticobqsbwgoppi.tif	723606.866893	723607.125478	723607.849090	7.175183e-01	94	none	NaN	NaN
127	16	65	84	kitchen	sun_aexklacwqwezaorf.tif	723608.618625	723608.877217	723609.600780	8.176371e-01	74	none	NaN	NaN
127	16	66	94	kitchen	sun_ahywdevtimnqcsln.tif	723610.370363	723610.628952	723611.352691	7.425480e-01	84	none	NaN	NaN
127	16	67	88	kitchen	sun_agubuxuukhzyzpdp.tif	723612.122097	723612.380686	723613.104418	6.591156e-01	78	none	NaN	NaN
127	16	68	67	kitchen	sun_aarfiyshqohlwkmo.tif	723613.873832	723614.132424	723614.856174	8.259804e-01	57	none	NaN	NaN
127	16	69	71	kitchen	sun_abftihopvusyfakt.tif	723615.625570	723615.884153	723616.607821	6.924886e-01	61	none	NaN	NaN
127	16	70	93	kitchen	sun_ahspylgoovwmwvgk.tif	723617.377302	723617.635896	723618.359481	6.924886e-01	83	none	NaN	NaN
127	16	71	76	kitchen	sun_acwjdupvyjsugpay.tif	723619.129032	723619.387628	723620.111357	8.009507e-01	66	39	723621.221442	1
127	16	72	77	kitchen	sun_acxkpeoqbwcxfvip.tif	723621.998545	723622.257136	723622.980780	8.426668e-01	67	none	NaN	NaN
127	16	73	89	kitchen	sun_agzzivivdpnawacl.tif	723623.750288	723624.008875	723624.732573	7.091751e-01	79	39	723626.093210	1
127	16	74	66	kitchen	sun_aapllqyqlykszopd.tif	723626.870042	723627.128633	723627.852346	6.507724e-01	56	none	NaN	NaN
127	16	75	100	kitchen	sun_amjjdeyrggfqgmom.tif	723628.621775	723628.880363	723629.603984	7.425480e-01	90	39	723630.533229	1
127	16	76	63	kitchen	labelme_rykdqxenmhulbdn.tif	723631.307767	723631.566362	723632.290094	7.926074e-01	53	none	NaN	NaN
127	16	77	108	kitchen	sun_aymvwlarqodbwuoc.tif	723633.059509	723633.318098	723634.041771	8.092939e-01	98	none	NaN	NaN
127	16	78	105	kitchen	sun_avszsnwsbuqfgzbn.tif	723634.811244	723635.069846	723635.793427	7.592345e-01	95	39	723636.749562	1
127	16	79	75	kitchen	sun_acgtpgfybqjmzeyw.tif	723637.522258	723637.780851	723638.504557	7.175183e-01	65	39	723639.565563	0
127	16	80	79	kitchen	sun_admlmbcdswaszruo.tif	723640.341724	723640.600309	723641.323922	8.343236e-01	69	none	NaN	NaN
127	16	81	68	kitchen	sun_aaxxjlsuzvqlgylf.tif	723642.093459	723642.352045	723643.075787	8.426668e-01	58	none	NaN	NaN
127	16	82	83	kitchen	sun_aeqdocilnnpuvuhx.tif	723643.845195	723644.103779	723644.827488	7.175183e-01	73	none	NaN	NaN
127	16	83	78	kitchen	sun_adgqasybjyktddhj.tif	723645.596931	723645.855517	723646.579174	6.591156e-01	68	none	NaN	NaN
127	16	84	74	kitchen	sun_acfmftudsenhrfhy.tif	723647.348663	723647.607250	723648.330885	8.092939e-01	64	39	723649.421515	1
127	16	85	90	kitchen	sun_ahdycvpopffkzzsu.tif	723650.193148	723650.451740	723651.175432	8.426668e-01	80	none	NaN	NaN
127	16	86	65	kitchen	sun_aamedkxepzlwuxes.tif	723651.944886	723652.203473	723652.927172	8.259804e-01	55	none	NaN	NaN
127	16	87	98	kitchen	sun_akchetnepxlcxhsu.tif	723653.696622	723653.955206	723654.678907	7.091751e-01	88	none	NaN	NaN
127	16	88	80	kitchen	sun_aegoxogugdkwpmpj.tif	723655.448356	723655.706946	723656.430626	7.258615e-01	70	none	NaN	NaN
127	16	89	70	kitchen	sun_abdxkyyxwfskuaqb.tif	723657.200084	723657.458682	723658.182424	7.592345e-01	60	none	NaN	NaN
127	16	90	96	kitchen	sun_ajcbwwvdlsvjyzje.tif	723658.951825	723659.210416	723659.934116	6.841454e-01	86	none	NaN	NaN
127	16	91	91	kitchen	sun_ahljzhgcdpomplvg.tif	723660.703560	723660.962148	723661.685825	7.508912e-01	81	none	NaN	NaN
127	16	92	110	kitchen	sun_azmutvzbxypaceni.tif	723662.455297	723662.713884	723663.437597	6.674589e-01	100	none	NaN	NaN
127	16	93	97	kitchen	sun_ajkqhtgcbgpcwrwn.tif	723664.207032	723664.465622	723665.189268	7.842642e-01	87	none	NaN	NaN
127	16	94	109	kitchen	sun_aypmqwcualkenuoe.tif	723665.958768	723666.217354	723666.940956	6.841454e-01	99	none	NaN	NaN
127	16	95	101	kitchen	sun_aqeaevwwwjoqhzvl.tif	723667.710506	723667.969092	723668.692675	6.507724e-01	91	none	NaN	NaN
127	16	96	72	kitchen	sun_abpwyqmlzafvklqo.tif	723669.462236	723669.720827	723670.444497	8.510101e-01	62	none	NaN	NaN
127	16	97	107	kitchen	sun_axyyrmzcupyhlivc.tif	723671.213970	723671.472564	723672.196093	7.008318e-01	97	none	NaN	NaN
127	16	98	92	kitchen	sun_ahpczsiumwwocjkv.tif	723672.965710	723673.224299	723673.947848	7.675777e-01	82	none	NaN	NaN
127	16	99	69	kitchen	sun_abdenxonkemggwsq.tif	723674.717447	723674.976037	723675.699761	7.258615e-01	59	none	NaN	NaN
127	16	100	103	kitchen	sun_aunzlwrbjumxhwdj.tif	723676.469178	723676.727774	723677.451501	8.009507e-01	93	none	NaN	NaN
127	17	1	19	bathroom	sun_aclfzgynxzxlbepz.tif	723682.842164	723683.100754	723683.916215	8.176371e-01	9	none	NaN	NaN
127	17	2	25	bathroom	sun_agyqfjcfkdcydepw.tif	723684.685654	723684.944243	723685.759620	8.176371e-01	15	none	NaN	NaN
127	17	3	38	bathroom	sun_anhioqovhscjqqwb.tif	723686.529145	723686.787740	723687.603135	7.008318e-01	28	none	NaN	NaN
127	17	4	22	bathroom	sun_agguqiubmwhqqunb.tif	723688.372645	723688.631236	723689.446686	7.508912e-01	12	none	NaN	NaN
127	17	5	14	bathroom	sun_abapwbhyhkfixyex.tif	723690.216132	723690.474728	723691.290251	7.926074e-01	4	none	NaN	NaN
127	17	6	52	bathroom	sun_aunuadmjocsddsrl.tif	723692.059614	723692.318214	723693.133606	7.926074e-01	42	none	NaN	NaN
127	17	7	44	bathroom	sun_apkruvsevgegsdwp.tif	723693.903121	723694.161647	723694.977234	6.591156e-01	34	none	NaN	NaN
127	17	8	48	bathroom	sun_aqrpegblszgcoujh.tif	723695.746612	723696.005207	723696.820667	6.841454e-01	38	none	NaN	NaN
127	17	9	58	bathroom	sun_axxbkopsgyouuebh.tif	723697.590104	723697.848696	723698.664162	8.092939e-01	48	none	NaN	NaN
127	17	10	36	bathroom	sun_ambriybtogmepttm.tif	723699.433600	723699.692193	723700.507692	7.258615e-01	26	none	NaN	NaN
127	17	11	37	bathroom	sun_amzlamotzwfkwjco.tif	723701.277085	723701.535683	723702.351016	6.841454e-01	27	39	723704.301574	0
127	17	12	46	bathroom	sun_apmqjbnwghzuhhzh.tif	723705.072520	723705.331110	723706.146590	7.508912e-01	36	39	723706.877375	1
127	17	13	13	bathroom	sun_aavhrsfjbserjtht.tif	723707.650071	723707.908663	723708.724090	7.342048e-01	3	none	NaN	NaN
127	17	14	41	bathroom	sun_aoybiabnpadelefl.tif	723709.493566	723709.752150	723710.567477	8.343236e-01	31	none	NaN	NaN
127	17	15	30	bathroom	sun_ajlawzvmubibwbpy.tif	723711.337055	723711.595652	723712.411126	8.176371e-01	20	none	NaN	NaN
127	17	16	40	bathroom	sun_aofnryafpsjimzsb.tif	723713.180543	723713.439140	723714.254621	7.008318e-01	30	none	NaN	NaN
127	17	17	11	bathroom	labelme_sfxiulhjbhlyiyt.tif	723715.024047	723715.282635	723716.098052	8.259804e-01	1	none	NaN	NaN
127	17	18	31	bathroom	sun_akiytfaagpdsphgz.tif	723716.867543	723717.126129	723717.941492	7.926074e-01	21	none	NaN	NaN
127	17	19	20	bathroom	sun_afcoljnjfoxjtgja.tif	723718.711031	723718.969622	723719.785104	7.759209e-01	10	none	NaN	NaN
127	17	20	33	bathroom	sun_aljolscmmzydegqp.tif	723720.554526	723720.813111	723721.628641	7.425480e-01	23	none	NaN	NaN
127	17	21	35	bathroom	sun_alotolagknyrgtsk.tif	723722.398018	723722.656611	723723.472008	8.259804e-01	25	none	NaN	NaN
127	17	22	49	bathroom	sun_asfwthctfqerjvxr.tif	723724.241509	723724.500101	723725.315499	7.508912e-01	39	37	723726.293471	1
127	17	23	29	bathroom	sun_ahqjwnzgolcaoidx.tif	723727.069311	723727.327896	723728.143254	7.342048e-01	19	none	NaN	NaN
127	17	24	12	bathroom	sun_aapitsgbtktqubfy.tif	723728.912809	723729.171394	723729.986916	7.175183e-01	2	none	NaN	NaN
127	17	25	45	bathroom	sun_apkxzenqapsujocq.tif	723730.756301	723731.014889	723731.830198	8.426668e-01	35	none	NaN	NaN
127	17	26	27	bathroom	sun_ahcvzmoyaycdoftf.tif	723732.599789	723732.858381	723733.673779	8.009507e-01	17	none	NaN	NaN
127	17	27	32	bathroom	sun_aleqenyvunhactkl.tif	723734.443287	723734.701873	723735.517404	7.091751e-01	22	none	NaN	NaN
127	17	28	43	bathroom	sun_apjevzvycyhuqghb.tif	723736.286776	723736.545364	723737.360808	6.841454e-01	33	39	723738.397332	1
127	17	29	18	bathroom	sun_acgyywnybuveqsro.tif	723739.172967	723739.431563	723740.246946	6.591156e-01	8	none	NaN	NaN
127	17	30	28	bathroom	sun_ahijqszoswveeyji.tif	723741.016460	723741.275054	723742.090437	7.926074e-01	18	none	NaN	NaN
127	17	31	17	bathroom	sun_acegryoqftbzowsg.tif	723742.859953	723743.118545	723743.934047	8.009507e-01	7	none	NaN	NaN
127	17	32	26	bathroom	sun_ahaulkltgpkeeemi.tif	723744.703446	723744.962038	723745.777475	7.592345e-01	16	none	NaN	NaN
127	17	33	16	bathroom	sun_acduarbnmmoglmiv.tif	723746.546942	723746.805533	723747.620883	7.425480e-01	6	none	NaN	NaN
127	17	34	54	bathroom	sun_auzqhkafidnkrwmo.tif	723748.390439	723748.649026	723749.464544	7.342048e-01	44	none	NaN	NaN
127	17	35	47	bathroom	sun_apynckhmoftszqoq.tif	723750.233923	723750.492514	723751.307880	6.758021e-01	37	none	NaN	NaN
127	17	36	39	bathroom	sun_anryaplzeujmzfkd.tif	723752.077420	723752.336013	723753.151520	7.592345e-01	29	none	NaN	NaN
127	17	37	55	bathroom	sun_avhrdrntsqrjzccq.tif	723753.920916	723754.179504	723754.994919	8.092939e-01	45	39	723756.053465	1
127	17	38	56	bathroom	sun_awnqiikzaispgmwo.tif	723756.823794	723757.082373	723757.897887	8.259804e-01	46	none	NaN	NaN
127	17	39	59	bathroom	sun_axyrejkiiaqiurjk.tif	723758.667285	723758.925875	723759.741256	6.507724e-01	49	none	NaN	NaN
127	17	40	15	bathroom	sun_abjtwfukuwddzted.tif	723760.510777	723760.769368	723761.584818	7.258615e-01	5	none	NaN	NaN
127	17	41	34	bathroom	sun_alkosphxlxwjwgjd.tif	723762.354270	723762.612858	723763.428353	6.674589e-01	24	none	NaN	NaN
127	17	42	51	bathroom	sun_atstyziqcmkahyxk.tif	723764.197762	723764.456352	723765.271706	7.592345e-01	41	none	NaN	NaN
127	17	43	42	bathroom	sun_apeeialkgkuxddgh.tif	723766.041256	723766.299848	723767.115325	6.924886e-01	32	39	723768.205401	0
127	17	44	60	bathroom	sun_azqyogdvyhahyram.tif	723768.977495	723769.236087	723770.051475	7.091751e-01	50	none	NaN	NaN
127	17	45	23	bathroom	sun_aghyqhbptboemmoq.tif	723770.820991	723771.079583	723771.895002	7.759209e-01	13	none	NaN	NaN
127	17	46	24	bathroom	sun_agrwbmhcpmfuwmsg.tif	723772.664483	723772.923069	723773.738381	6.674589e-01	14	none	NaN	NaN
127	17	47	57	bathroom	sun_axldvoqbuvuggfmq.tif	723774.507977	723774.766564	723775.582069	8.009507e-01	47	none	NaN	NaN
127	17	48	50	bathroom	sun_aspsyogrekjtfozg.tif	723776.351470	723776.610058	723777.425421	6.758021e-01	40	none	NaN	NaN
127	17	49	21	bathroom	sun_aggnnqpdorgxpvce.tif	723778.194960	723778.453552	723779.268925	7.675777e-01	11	none	NaN	NaN
127	17	50	53	bathroom	sun_ausgutylgojavyoq.tif	723780.038452	723780.297044	723781.112544	6.507724e-01	43	none	NaN	NaN
127	17	51	26	bathroom	sun_ahaulkltgpkeeemi.tif	723781.881950	723782.140541	723782.956036	6.674589e-01	16	none	NaN	NaN
127	17	52	12	bathroom	sun_aapitsgbtktqubfy.tif	723783.725444	723783.984032	723784.799487	8.092939e-01	2	none	NaN	NaN
127	17	53	44	bathroom	sun_apkruvsevgegsdwp.tif	723785.568934	723785.827525	723786.642955	7.842642e-01	34	none	NaN	NaN
127	17	54	19	bathroom	sun_aclfzgynxzxlbepz.tif	723787.437452	723787.696043	723788.511462	8.510101e-01	9	none	NaN	NaN
127	17	55	56	bathroom	sun_awnqiikzaispgmwo.tif	723789.280944	723789.539538	723790.354881	6.924886e-01	46	none	NaN	NaN
127	17	56	35	bathroom	sun_alotolagknyrgtsk.tif	723791.124444	723791.383027	723792.198400	8.176371e-01	25	none	NaN	NaN
127	17	57	24	bathroom	sun_agrwbmhcpmfuwmsg.tif	723792.967932	723793.226523	723794.041939	7.258615e-01	14	37	723795.541391	1
127	17	58	48	bathroom	sun_aqrpegblszgcoujh.tif	723796.312913	723796.571502	723797.386940	7.258615e-01	38	none	NaN	NaN
127	17	59	17	bathroom	sun_acegryoqftbzowsg.tif	723798.156407	723798.414996	723799.230479	8.259804e-01	7	none	NaN	NaN
127	17	60	23	bathroom	sun_aghyqhbptboemmoq.tif	723799.999898	723800.258485	723801.073818	8.343236e-01	13	none	NaN	NaN
127	17	61	41	bathroom	sun_aoybiabnpadelefl.tif	723801.843393	723802.101977	723802.917497	8.176371e-01	31	39	723803.661538	1
127	17	62	32	bathroom	sun_aleqenyvunhactkl.tif	723804.437628	723804.696217	723805.511605	7.342048e-01	22	none	NaN	NaN
127	17	63	42	bathroom	sun_apeeialkgkuxddgh.tif	723806.281120	723806.539713	723807.355225	7.759209e-01	32	none	NaN	NaN
127	17	64	31	bathroom	sun_akiytfaagpdsphgz.tif	723808.124616	723808.383206	723809.198719	7.091751e-01	21	none	NaN	NaN
127	17	65	33	bathroom	sun_aljolscmmzydegqp.tif	723809.968111	723810.226694	723811.042048	7.508912e-01	23	none	NaN	NaN
127	17	66	40	bathroom	sun_aofnryafpsjimzsb.tif	723811.811600	723812.070189	723812.885585	6.841454e-01	30	39	723814.277346	1
127	17	67	13	bathroom	sun_aavhrsfjbserjtht.tif	723815.048150	723815.306730	723816.122180	8.426668e-01	3	none	NaN	NaN
127	17	68	14	bathroom	sun_abapwbhyhkfixyex.tif	723816.891634	723817.150228	723817.965572	6.924886e-01	4	none	NaN	NaN
127	17	69	45	bathroom	sun_apkxzenqapsujocq.tif	723818.735130	723818.993722	723819.809136	7.175183e-01	35	none	NaN	NaN
127	17	70	46	bathroom	sun_apmqjbnwghzuhhzh.tif	723820.578623	723820.837210	723821.652542	6.924886e-01	36	none	NaN	NaN
127	17	71	16	bathroom	sun_acduarbnmmoglmiv.tif	723822.422115	723822.680700	723823.496063	8.343236e-01	6	none	NaN	NaN
127	17	72	55	bathroom	sun_avhrdrntsqrjzccq.tif	723824.265606	723824.524198	723825.339649	7.592345e-01	45	none	NaN	NaN
127	17	73	51	bathroom	sun_atstyziqcmkahyxk.tif	723826.109099	723826.367688	723827.183135	8.426668e-01	41	none	NaN	NaN
127	17	74	15	bathroom	sun_abjtwfukuwddzted.tif	723827.952597	723828.211185	723829.026702	6.507724e-01	5	none	NaN	NaN
127	17	75	52	bathroom	sun_aunuadmjocsddsrl.tif	723829.796083	723830.054674	723830.870140	7.508912e-01	42	none	NaN	NaN
127	17	76	49	bathroom	sun_asfwthctfqerjvxr.tif	723831.639583	723831.898170	723832.713541	7.008318e-01	39	none	NaN	NaN
127	17	77	20	bathroom	sun_afcoljnjfoxjtgja.tif	723833.483074	723833.741661	723834.557092	6.758021e-01	10	none	NaN	NaN
127	17	78	21	bathroom	sun_aggnnqpdorgxpvce.tif	723835.326565	723835.585154	723836.400641	7.425480e-01	11	none	NaN	NaN
127	17	79	47	bathroom	sun_apynckhmoftszqoq.tif	723837.170060	723837.428647	723838.244050	7.425480e-01	37	none	NaN	NaN
127	17	80	36	bathroom	sun_ambriybtogmepttm.tif	723839.013552	723839.272140	723840.087550	7.175183e-01	26	37	723841.757485	1
127	17	81	38	bathroom	sun_anhioqovhscjqqwb.tif	723842.533707	723842.792296	723843.607809	7.842642e-01	28	none	NaN	NaN
127	17	82	58	bathroom	sun_axxbkopsgyouuebh.tif	723844.377199	723844.635789	723845.451151	8.092939e-01	48	37	723847.045385	1
127	17	83	34	bathroom	sun_alkosphxlxwjwgjd.tif	723847.822280	723848.080870	723848.896272	6.591156e-01	24	none	NaN	NaN
127	17	84	43	bathroom	sun_apjevzvycyhuqghb.tif	723849.665773	723849.924364	723850.739823	7.675777e-01	33	none	NaN	NaN
127	17	85	59	bathroom	sun_axyrejkiiaqiurjk.tif	723851.509263	723851.767851	723852.583270	6.591156e-01	49	37	723853.725393	0
127	17	86	28	bathroom	sun_ahijqszoswveeyji.tif	723854.503899	723854.762487	723855.577926	7.675777e-01	18	none	NaN	NaN
127	17	87	39	bathroom	sun_anryaplzeujmzfkd.tif	723856.347390	723856.605985	723857.421385	8.009507e-01	29	37	723858.429345	1
127	17	88	27	bathroom	sun_ahcvzmoyaycdoftf.tif	723859.200215	723859.458809	723860.274274	7.008318e-01	17	none	NaN	NaN
127	17	89	60	bathroom	sun_azqyogdvyhahyram.tif	723861.043708	723861.302296	723862.117626	6.674589e-01	50	none	NaN	NaN
127	17	90	11	bathroom	labelme_sfxiulhjbhlyiyt.tif	723862.887202	723863.145790	723863.961188	8.343236e-01	1	none	NaN	NaN
127	17	91	54	bathroom	sun_auzqhkafidnkrwmo.tif	723864.730697	723864.989288	723865.804654	8.426668e-01	44	none	NaN	NaN
127	17	92	37	bathroom	sun_amzlamotzwfkwjco.tif	723866.574191	723866.832776	723867.648141	7.091751e-01	27	none	NaN	NaN
127	17	93	57	bathroom	sun_axldvoqbuvuggfmq.tif	723868.417681	723868.676273	723869.491695	7.759209e-01	47	none	NaN	NaN
127	17	94	29	bathroom	sun_ahqjwnzgolcaoidx.tif	723870.261176	723870.519769	723871.335143	7.675777e-01	19	none	NaN	NaN
127	17	95	25	bathroom	sun_agyqfjcfkdcydepw.tif	723872.104670	723872.363261	723873.178640	6.758021e-01	15	39	723874.365389	1
127	17	96	30	bathroom	sun_ajlawzvmubibwbpy.tif	723875.141005	723875.399601	723876.215105	7.175183e-01	20	none	NaN	NaN
127	17	97	22	bathroom	sun_agguqiubmwhqqunb.tif	723876.984500	723877.243092	723878.058576	7.842642e-01	12	37	723879.141439	1
127	17	98	50	bathroom	sun_aspsyogrekjtfozg.tif	723879.912401	723880.170998	723880.986430	6.924886e-01	40	none	NaN	NaN
127	17	99	18	bathroom	sun_acgyywnybuveqsro.tif	723881.755899	723882.014482	723882.829998	7.842642e-01	8	none	NaN	NaN
127	17	100	53	bathroom	sun_ausgutylgojavyoq.tif	723883.599386	723883.857976	723884.673381	8.510101e-01	43	none	NaN	NaN
127	18	1	101	kitchen	sun_aqeaevwwwjoqhzvl.tif	723889.622022	723889.880613	723890.554265	7.675777e-01	91	none	NaN	NaN
127	18	2	105	kitchen	sun_avszsnwsbuqfgzbn.tif	723891.323712	723891.582300	723892.255885	6.841454e-01	95	none	NaN	NaN
127	18	3	110	kitchen	sun_azmutvzbxypaceni.tif	723893.025393	723893.283984	723893.957528	6.924886e-01	100	none	NaN	NaN
127	18	4	74	kitchen	sun_acfmftudsenhrfhy.tif	723894.727077	723894.985668	723895.659296	7.175183e-01	64	39	723896.541177	1
127	18	5	70	kitchen	sun_abdxkyyxwfskuaqb.tif	723897.312974	723897.571567	723898.245124	8.176371e-01	60	none	NaN	NaN
127	18	6	104	kitchen	sun_auticobqsbwgoppi.tif	723899.014664	723899.273255	723899.946848	7.675777e-01	94	37	723900.853355	0
127	18	7	109	kitchen	sun_aypmqwcualkenuoe.tif	723901.625581	723901.884167	723902.557817	6.924886e-01	99	none	NaN	NaN
127	18	8	75	kitchen	sun_acgtpgfybqjmzeyw.tif	723903.327265	723903.585852	723904.259356	8.343236e-01	65	none	NaN	NaN
127	18	9	64	kitchen	sun_aadbddgrdsjugojn.tif	723905.028954	723905.287543	723905.961028	7.342048e-01	54	none	NaN	NaN
127	18	10	96	kitchen	sun_ajcbwwvdlsvjyzje.tif	723906.730638	723906.989232	723907.662825	7.008318e-01	86	39	723908.821491	1
127	18	11	85	kitchen	sun_afuyedyxivkhecmu.tif	723909.591807	723909.850396	723910.524054	8.426668e-01	75	none	NaN	NaN
127	18	12	79	kitchen	sun_admlmbcdswaszruo.tif	723911.293493	723911.552084	723912.225730	7.258615e-01	69	none	NaN	NaN
127	18	13	89	kitchen	sun_agzzivivdpnawacl.tif	723912.995178	723913.253767	723913.927270	6.674589e-01	79	none	NaN	NaN
127	18	14	108	kitchen	sun_aymvwlarqodbwuoc.tif	723914.696868	723914.955457	723915.629126	7.175183e-01	98	none	NaN	NaN
127	18	15	69	kitchen	sun_abdenxonkemggwsq.tif	723916.398549	723916.657138	723917.330760	8.009507e-01	59	none	NaN	NaN
127	18	16	106	kitchen	sun_awcpdzzznmweyyhv.tif	723918.100240	723918.358826	723919.032308	8.426668e-01	96	none	NaN	NaN
127	18	17	92	kitchen	sun_ahpczsiumwwocjkv.tif	723919.801922	723920.060516	723920.734038	6.758021e-01	82	none	NaN	NaN
127	18	18	76	kitchen	sun_acwjdupvyjsugpay.tif	723921.503608	723921.762198	723922.435832	6.841454e-01	66	none	NaN	NaN
127	18	19	93	kitchen	sun_ahspylgoovwmwvgk.tif	723923.205294	723923.463887	723924.137563	7.759209e-01	83	37	723924.973337	1
127	18	20	91	kitchen	sun_ahljzhgcdpomplvg.tif	723925.749480	723926.008069	723926.681639	8.259804e-01	81	none	NaN	NaN
127	18	21	82	kitchen	sun_aenotlpyftoioydp.tif	723927.451167	723927.709758	723928.383343	8.426668e-01	72	none	NaN	NaN
127	18	22	87	kitchen	sun_agorklincwxrdtga.tif	723929.152854	723929.411448	723930.084980	7.342048e-01	77	none	NaN	NaN
127	18	23	62	kitchen	labelme_kxvouciolcpqplr.tif	723930.854535	723931.113129	723931.786812	7.508912e-01	52	none	NaN	NaN
127	18	24	99	kitchen	sun_akcjzhbbjlbogpdi.tif	723932.556224	723932.814808	723933.488345	7.926074e-01	89	none	NaN	NaN
127	18	25	103	kitchen	sun_aunzlwrbjumxhwdj.tif	723934.257914	723934.516502	723935.190181	7.592345e-01	93	none	NaN	NaN
127	18	26	95	kitchen	sun_aixorpehvfykdynp.tif	723935.959597	723936.218187	723936.891860	7.592345e-01	85	37	723937.733421	1
127	18	27	100	kitchen	sun_amjjdeyrggfqgmom.tif	723938.503784	723938.762377	723939.436029	8.009507e-01	90	none	NaN	NaN
127	18	28	71	kitchen	sun_abftihopvusyfakt.tif	723940.205472	723940.464060	723941.137740	8.343236e-01	61	none	NaN	NaN
127	18	29	98	kitchen	sun_akchetnepxlcxhsu.tif	723941.907157	723942.165741	723942.839290	8.259804e-01	88	39	723943.773563	1
127	18	30	61	kitchen	labelme_brsyyvweiuaazfr.tif	723944.551444	723944.810032	723945.483661	7.759209e-01	51	none	NaN	NaN
127	18	31	80	kitchen	sun_aegoxogugdkwpmpj.tif	723946.253131	723946.511723	723947.185320	7.008318e-01	70	39	723948.197369	1
127	18	32	67	kitchen	sun_aarfiyshqohlwkmo.tif	723948.972492	723949.231072	723949.904560	7.175183e-01	57	39	723950.789364	1
127	18	33	88	kitchen	sun_agubuxuukhzyzpdp.tif	723951.566727	723951.825321	723952.498948	7.508912e-01	78	none	NaN	NaN
127	18	34	77	kitchen	sun_acxkpeoqbwcxfvip.tif	723953.268413	723953.526999	723954.200495	8.510101e-01	67	none	NaN	NaN
127	18	35	102	kitchen	sun_auaiucuqpdausiva.tif	723954.970097	723955.228690	723955.902284	8.343236e-01	92	none	NaN	NaN
127	18	36	81	kitchen	sun_aehawpgmrlhlvcow.tif	723956.671786	723956.930371	723957.603960	6.674589e-01	71	none	NaN	NaN
127	18	37	97	kitchen	sun_ajkqhtgcbgpcwrwn.tif	723958.373469	723958.632062	723959.305602	7.091751e-01	87	none	NaN	NaN
127	18	38	73	kitchen	sun_abrcnpqqhmjwekyf.tif	723960.075156	723960.333745	723961.007365	6.507724e-01	63	none	NaN	NaN
127	18	39	66	kitchen	sun_aapllqyqlykszopd.tif	723961.776841	723962.035433	723962.709050	6.841454e-01	56	none	NaN	NaN
127	18	40	83	kitchen	sun_aeqdocilnnpuvuhx.tif	723963.478528	723963.737111	723964.410599	8.426668e-01	73	37	723965.189538	1
127	18	41	90	kitchen	sun_ahdycvpopffkzzsu.tif	723965.964314	723966.222912	723966.896532	6.591156e-01	80	none	NaN	NaN
127	18	42	84	kitchen	sun_aexklacwqwezaorf.tif	723967.666011	723967.924604	723968.598140	7.425480e-01	74	none	NaN	NaN
127	18	43	94	kitchen	sun_ahywdevtimnqcsln.tif	723969.367692	723969.626286	723970.299945	8.009507e-01	84	none	NaN	NaN
127	18	44	72	kitchen	sun_abpwyqmlzafvklqo.tif	723971.069379	723971.327971	723972.001445	7.342048e-01	62	none	NaN	NaN
127	18	45	65	kitchen	sun_aamedkxepzlwuxes.tif	723972.771068	723973.029659	723973.703283	7.508912e-01	55	none	NaN	NaN
127	18	46	78	kitchen	sun_adgqasybjyktddhj.tif	723974.472749	723974.731344	723975.404928	6.507724e-01	68	none	NaN	NaN
127	18	47	63	kitchen	labelme_rykdqxenmhulbdn.tif	723976.174438	723976.433034	723977.106569	8.176371e-01	53	none	NaN	NaN
127	18	48	86	kitchen	sun_aggjlwcdjsjcaemh.tif	723977.876125	723978.134712	723978.808402	7.091751e-01	76	none	NaN	NaN
127	18	49	68	kitchen	sun_aaxxjlsuzvqlgylf.tif	723979.577806	723979.836402	723980.510038	6.591156e-01	58	none	NaN	NaN
127	18	50	107	kitchen	sun_axyyrmzcupyhlivc.tif	723981.279500	723981.538091	723982.211637	6.758021e-01	97	none	NaN	NaN
127	18	51	66	kitchen	sun_aapllqyqlykszopd.tif	723982.981185	723983.239773	723983.913340	7.008318e-01	56	none	NaN	NaN
127	18	52	82	kitchen	sun_aenotlpyftoioydp.tif	723984.682862	723984.941459	723985.615039	8.176371e-01	72	none	NaN	NaN
127	18	53	103	kitchen	sun_aunzlwrbjumxhwdj.tif	723986.384556	723986.643148	723987.316669	7.091751e-01	93	none	NaN	NaN
127	18	54	95	kitchen	sun_aixorpehvfykdynp.tif	723988.086243	723988.344829	723989.018413	6.924886e-01	85	37	723990.173421	1
127	18	55	99	kitchen	sun_akcjzhbbjlbogpdi.tif	723990.947405	723991.206003	723991.879497	6.674589e-01	89	none	NaN	NaN
127	18	56	86	kitchen	sun_aggjlwcdjsjcaemh.tif	723992.649093	723992.907686	723993.581336	8.259804e-01	76	none	NaN	NaN
127	18	57	89	kitchen	sun_agzzivivdpnawacl.tif	723994.350783	723994.609372	723995.282922	8.176371e-01	79	none	NaN	NaN
127	18	58	100	kitchen	sun_amjjdeyrggfqgmom.tif	723996.052468	723996.311058	723996.984551	6.924886e-01	90	none	NaN	NaN
127	18	59	110	kitchen	sun_azmutvzbxypaceni.tif	723997.754152	723998.012742	723998.686356	6.674589e-01	100	37	723999.637320	1
127	18	60	105	kitchen	sun_avszsnwsbuqfgzbn.tif	724000.415121	724000.673709	724001.347394	7.759209e-01	95	none	NaN	NaN
127	18	61	63	kitchen	labelme_rykdqxenmhulbdn.tif	724002.116811	724002.375395	724003.048894	6.591156e-01	53	37	724003.717361	1
127	18	62	104	kitchen	sun_auticobqsbwgoppi.tif	724004.494161	724004.752753	724005.426349	6.507724e-01	94	none	NaN	NaN
127	18	63	78	kitchen	sun_adgqasybjyktddhj.tif	724006.195851	724006.454437	724007.128048	7.258615e-01	68	none	NaN	NaN
127	18	64	70	kitchen	sun_abdxkyyxwfskuaqb.tif	724007.897538	724008.156128	724008.829730	7.258615e-01	60	none	NaN	NaN
127	18	65	88	kitchen	sun_agubuxuukhzyzpdp.tif	724009.599222	724009.857811	724010.531325	8.092939e-01	78	none	NaN	NaN
127	18	66	61	kitchen	labelme_brsyyvweiuaazfr.tif	724011.300908	724011.559495	724012.233156	7.675777e-01	51	none	NaN	NaN
127	18	67	102	kitchen	sun_auaiucuqpdausiva.tif	724013.002591	724013.261182	724013.934691	8.092939e-01	92	none	NaN	NaN
127	18	68	87	kitchen	sun_agorklincwxrdtga.tif	724014.704276	724014.962872	724015.636531	7.926074e-01	77	none	NaN	NaN
127	18	69	101	kitchen	sun_aqeaevwwwjoqhzvl.tif	724016.405987	724016.664556	724017.338254	7.675777e-01	91	none	NaN	NaN
127	18	70	97	kitchen	sun_ajkqhtgcbgpcwrwn.tif	724018.107652	724018.366234	724019.039921	7.091751e-01	87	none	NaN	NaN
127	18	71	106	kitchen	sun_awcpdzzznmweyyhv.tif	724019.809334	724020.067922	724020.741417	6.758021e-01	96	none	NaN	NaN
127	18	72	84	kitchen	sun_aexklacwqwezaorf.tif	724021.511021	724021.769611	724022.443255	7.842642e-01	74	none	NaN	NaN
127	18	73	77	kitchen	sun_acxkpeoqbwcxfvip.tif	724023.212705	724023.471295	724024.144900	7.258615e-01	67	none	NaN	NaN
127	18	74	98	kitchen	sun_akchetnepxlcxhsu.tif	724024.914396	724025.172984	724025.846468	7.425480e-01	88	none	NaN	NaN
127	18	75	73	kitchen	sun_abrcnpqqhmjwekyf.tif	724026.616081	724026.874675	724027.548311	8.176371e-01	63	none	NaN	NaN
127	18	76	85	kitchen	sun_afuyedyxivkhecmu.tif	724028.317770	724028.576350	724029.249867	7.592345e-01	75	none	NaN	NaN
127	18	77	75	kitchen	sun_acgtpgfybqjmzeyw.tif	724030.019454	724030.278045	724030.951672	7.175183e-01	65	none	NaN	NaN
127	18	78	69	kitchen	sun_abdenxonkemggwsq.tif	724031.721138	724031.979731	724032.653244	7.425480e-01	59	none	NaN	NaN
127	18	79	91	kitchen	sun_ahljzhgcdpomplvg.tif	724033.422825	724033.681416	724034.354917	7.342048e-01	81	39	724035.477477	1
127	18	80	94	kitchen	sun_ahywdevtimnqcsln.tif	724036.250627	724036.509214	724037.182748	7.926074e-01	84	none	NaN	NaN
127	18	81	81	kitchen	sun_aehawpgmrlhlvcow.tif	724037.952315	724038.210902	724038.884569	6.758021e-01	71	none	NaN	NaN
127	18	82	71	kitchen	sun_abftihopvusyfakt.tif	724039.653998	724039.912584	724040.586091	8.009507e-01	61	none	NaN	NaN
127	18	83	76	kitchen	sun_acwjdupvyjsugpay.tif	724041.355684	724041.614277	724042.287841	7.592345e-01	66	none	NaN	NaN
127	18	84	68	kitchen	sun_aaxxjlsuzvqlgylf.tif	724043.057367	724043.315963	724043.989445	7.842642e-01	58	none	NaN	NaN
127	18	85	80	kitchen	sun_aegoxogugdkwpmpj.tif	724044.759052	724045.017649	724045.691241	7.425480e-01	70	none	NaN	NaN
127	18	86	108	kitchen	sun_aymvwlarqodbwuoc.tif	724046.460742	724046.719331	724047.392862	7.008318e-01	98	none	NaN	NaN
127	18	87	72	kitchen	sun_abpwyqmlzafvklqo.tif	724048.162427	724048.421020	724049.094529	6.924886e-01	62	37	724050.077458	1
127	18	88	67	kitchen	sun_aarfiyshqohlwkmo.tif	724050.848421	724051.107010	724051.780606	7.759209e-01	57	none	NaN	NaN
127	18	89	96	kitchen	sun_ajcbwwvdlsvjyzje.tif	724052.550108	724052.808696	724053.482247	8.343236e-01	86	none	NaN	NaN
127	18	90	93	kitchen	sun_ahspylgoovwmwvgk.tif	724054.251796	724054.510387	724055.183871	6.591156e-01	83	none	NaN	NaN
127	18	91	90	kitchen	sun_ahdycvpopffkzzsu.tif	724055.953471	724056.212069	724056.885602	7.508912e-01	80	none	NaN	NaN
127	18	92	109	kitchen	sun_aypmqwcualkenuoe.tif	724057.655166	724057.913758	724058.587405	8.092939e-01	99	none	NaN	NaN
127	18	93	62	kitchen	labelme_kxvouciolcpqplr.tif	724059.356853	724059.615440	724060.289104	7.926074e-01	52	none	NaN	NaN
127	18	94	107	kitchen	sun_axyyrmzcupyhlivc.tif	724061.058538	724061.317126	724061.990691	8.510101e-01	97	none	NaN	NaN
127	18	95	92	kitchen	sun_ahpczsiumwwocjkv.tif	724062.760222	724063.018812	724063.692286	7.508912e-01	82	none	NaN	NaN
127	18	96	83	kitchen	sun_aeqdocilnnpuvuhx.tif	724064.461912	724064.720501	724065.394001	7.842642e-01	73	none	NaN	NaN
127	18	97	64	kitchen	sun_aadbddgrdsjugojn.tif	724066.163589	724066.422184	724067.095684	6.841454e-01	54	none	NaN	NaN
127	18	98	79	kitchen	sun_admlmbcdswaszruo.tif	724067.865283	724068.123874	724068.797438	7.842642e-01	69	none	NaN	NaN
127	18	99	74	kitchen	sun_acfmftudsenhrfhy.tif	724069.566966	724069.825554	724070.499128	8.259804e-01	64	37	724072.125608	1
127	18	100	65	kitchen	sun_aamedkxepzlwuxes.tif	724072.903606	724073.162192	724073.835858	8.092939e-01	55	none	NaN	NaN
127	19	1	53	bathroom	sun_ausgutylgojavyoq.tif	724079.676981	724079.935572	724080.750881	6.841454e-01	43	39	724081.573462	1
127	19	2	51	bathroom	sun_atstyziqcmkahyxk.tif	724082.346293	724082.604886	724083.420195	8.343236e-01	41	none	NaN	NaN
127	19	3	48	bathroom	sun_aqrpegblszgcoujh.tif	724084.189785	724084.448376	724085.263892	8.343236e-01	38	none	NaN	NaN
127	19	4	41	bathroom	sun_aoybiabnpadelefl.tif	724086.033276	724086.291868	724087.107289	7.175183e-01	31	none	NaN	NaN
127	19	5	52	bathroom	sun_aunuadmjocsddsrl.tif	724087.876773	724088.135365	724088.950745	7.675777e-01	42	none	NaN	NaN
127	19	6	16	bathroom	sun_acduarbnmmoglmiv.tif	724089.720268	724089.978855	724090.794366	8.009507e-01	6	none	NaN	NaN
127	19	7	11	bathroom	labelme_sfxiulhjbhlyiyt.tif	724091.563756	724091.822355	724092.637848	7.091751e-01	1	none	NaN	NaN
127	19	8	25	bathroom	sun_agyqfjcfkdcydepw.tif	724093.407249	724093.665845	724094.481307	7.175183e-01	15	none	NaN	NaN
127	19	9	14	bathroom	sun_abapwbhyhkfixyex.tif	724095.250744	724095.509326	724096.324808	7.675777e-01	4	none	NaN	NaN
127	19	10	27	bathroom	sun_ahcvzmoyaycdoftf.tif	724097.094240	724097.352831	724098.168299	7.759209e-01	17	none	NaN	NaN
127	19	11	46	bathroom	sun_apmqjbnwghzuhhzh.tif	724098.937736	724099.196321	724100.011816	7.342048e-01	36	none	NaN	NaN
127	19	12	56	bathroom	sun_awnqiikzaispgmwo.tif	724100.781226	724101.039815	724101.855129	7.508912e-01	46	none	NaN	NaN
127	19	13	21	bathroom	sun_aggnnqpdorgxpvce.tif	724102.624720	724102.883306	724103.698633	8.092939e-01	11	none	NaN	NaN
127	19	14	24	bathroom	sun_agrwbmhcpmfuwmsg.tif	724104.468209	724104.726800	724105.542117	8.426668e-01	14	none	NaN	NaN
127	19	15	13	bathroom	sun_aavhrsfjbserjtht.tif	724106.311705	724106.570293	724107.385766	6.924886e-01	3	none	NaN	NaN
127	19	16	37	bathroom	sun_amzlamotzwfkwjco.tif	724108.155199	724108.413791	724109.229309	8.176371e-01	27	none	NaN	NaN
127	19	17	39	bathroom	sun_anryaplzeujmzfkd.tif	724109.998688	724110.257274	724111.072772	7.175183e-01	29	none	NaN	NaN
127	19	18	15	bathroom	sun_abjtwfukuwddzted.tif	724111.842185	724112.100769	724112.916237	8.176371e-01	5	none	NaN	NaN
127	19	19	45	bathroom	sun_apkxzenqapsujocq.tif	724113.685675	724113.944263	724114.759688	8.259804e-01	35	39	724115.957433	0
127	19	20	57	bathroom	sun_axldvoqbuvuggfmq.tif	724116.730361	724116.988942	724117.804281	8.259804e-01	47	none	NaN	NaN
127	19	21	31	bathroom	sun_akiytfaagpdsphgz.tif	724118.573853	724118.832437	724119.647825	8.343236e-01	21	none	NaN	NaN
127	19	22	29	bathroom	sun_ahqjwnzgolcaoidx.tif	724120.417350	724120.675934	724121.491342	7.842642e-01	19	none	NaN	NaN
127	19	23	59	bathroom	sun_axyrejkiiaqiurjk.tif	724122.260834	724122.519427	724123.334854	7.175183e-01	49	none	NaN	NaN
127	19	24	26	bathroom	sun_ahaulkltgpkeeemi.tif	724124.104336	724124.362922	724125.178348	6.841454e-01	16	none	NaN	NaN
127	19	25	28	bathroom	sun_ahijqszoswveeyji.tif	724125.947828	724126.206415	724127.021748	7.258615e-01	18	39	724128.493600	0
127	19	26	47	bathroom	sun_apynckhmoftszqoq.tif	724129.267778	724129.526367	724130.341792	7.258615e-01	37	none	NaN	NaN
127	19	27	23	bathroom	sun_aghyqhbptboemmoq.tif	724131.111276	724131.369863	724132.185218	7.592345e-01	13	none	NaN	NaN
127	19	28	22	bathroom	sun_agguqiubmwhqqunb.tif	724132.954768	724133.213357	724134.028853	6.674589e-01	12	none	NaN	NaN
127	19	29	43	bathroom	sun_apjevzvycyhuqghb.tif	724134.798262	724135.056849	724135.872270	8.510101e-01	33	none	NaN	NaN
127	19	30	44	bathroom	sun_apkruvsevgegsdwp.tif	724136.641754	724136.900339	724137.715875	7.592345e-01	34	none	NaN	NaN
127	19	31	55	bathroom	sun_avhrdrntsqrjzccq.tif	724138.485240	724138.743832	724139.559281	8.426668e-01	45	none	NaN	NaN
127	19	32	34	bathroom	sun_alkosphxlxwjwgjd.tif	724140.328741	724140.587330	724141.402829	7.842642e-01	24	39	724142.549359	0
127	19	33	35	bathroom	sun_alotolagknyrgtsk.tif	724143.323372	724143.581963	724144.397374	8.009507e-01	25	none	NaN	NaN
127	19	34	20	bathroom	sun_afcoljnjfoxjtgja.tif	724145.166865	724145.425453	724146.240820	7.425480e-01	10	none	NaN	NaN
127	19	35	36	bathroom	sun_ambriybtogmepttm.tif	724147.010360	724147.268949	724148.084383	7.926074e-01	26	none	NaN	NaN
127	19	36	17	bathroom	sun_acegryoqftbzowsg.tif	724148.853849	724149.112438	724149.927845	7.008318e-01	7	none	NaN	NaN
127	19	37	30	bathroom	sun_ajlawzvmubibwbpy.tif	724150.697345	724150.955936	724151.771244	7.842642e-01	20	none	NaN	NaN
127	19	38	42	bathroom	sun_apeeialkgkuxddgh.tif	724152.540838	724152.799432	724153.614946	7.091751e-01	32	none	NaN	NaN
127	19	39	40	bathroom	sun_aofnryafpsjimzsb.tif	724154.384328	724154.642918	724155.458233	7.425480e-01	30	none	NaN	NaN
127	19	40	50	bathroom	sun_aspsyogrekjtfozg.tif	724156.227821	724156.486412	724157.301787	7.258615e-01	40	none	NaN	NaN
127	19	41	38	bathroom	sun_anhioqovhscjqqwb.tif	724158.071312	724158.329906	724159.145262	7.008318e-01	28	none	NaN	NaN
127	19	42	12	bathroom	sun_aapitsgbtktqubfy.tif	724159.914810	724160.173394	724160.988821	7.091751e-01	2	none	NaN	NaN
127	19	43	33	bathroom	sun_aljolscmmzydegqp.tif	724161.758303	724162.016896	724162.832257	6.507724e-01	23	none	NaN	NaN
127	19	44	18	bathroom	sun_acgyywnybuveqsro.tif	724163.601799	724163.860386	724164.675780	8.092939e-01	8	none	NaN	NaN
127	19	45	49	bathroom	sun_asfwthctfqerjvxr.tif	724165.445288	724165.703877	724166.519270	6.674589e-01	39	none	NaN	NaN
127	19	46	58	bathroom	sun_axxbkopsgyouuebh.tif	724167.288785	724167.547375	724168.362854	7.342048e-01	48	none	NaN	NaN
127	19	47	32	bathroom	sun_aleqenyvunhactkl.tif	724169.132274	724169.390862	724170.206219	6.758021e-01	22	none	NaN	NaN
127	19	48	60	bathroom	sun_azqyogdvyhahyram.tif	724170.975769	724171.234360	724172.049711	7.342048e-01	50	none	NaN	NaN
127	19	49	19	bathroom	sun_aclfzgynxzxlbepz.tif	724172.819263	724173.077855	724173.893286	8.176371e-01	9	none	NaN	NaN
127	19	50	54	bathroom	sun_auzqhkafidnkrwmo.tif	724174.662759	724174.921345	724175.736832	7.592345e-01	44	37	724176.797718	1
127	19	51	20	bathroom	sun_afcoljnjfoxjtgja.tif	724177.573970	724177.832565	724178.647918	7.592345e-01	10	none	NaN	NaN
127	19	52	45	bathroom	sun_apkxzenqapsujocq.tif	724179.417468	724179.676049	724180.491431	8.343236e-01	35	39	724181.437162	1
127	19	53	54	bathroom	sun_auzqhkafidnkrwmo.tif	724182.211898	724182.470494	724183.285999	8.259804e-01	44	none	NaN	NaN
127	19	54	55	bathroom	sun_avhrdrntsqrjzccq.tif	724184.055396	724184.313979	724185.129476	8.510101e-01	45	none	NaN	NaN
127	19	55	60	bathroom	sun_azqyogdvyhahyram.tif	724185.898882	724186.157480	724186.972893	8.426668e-01	50	none	NaN	NaN
127	19	56	33	bathroom	sun_aljolscmmzydegqp.tif	724187.742382	724188.000967	724188.816308	6.924886e-01	23	none	NaN	NaN
127	19	57	11	bathroom	labelme_sfxiulhjbhlyiyt.tif	724189.585871	724189.844467	724190.659862	8.009507e-01	1	none	NaN	NaN
127	19	58	38	bathroom	sun_anhioqovhscjqqwb.tif	724191.429370	724191.687957	724192.503378	7.675777e-01	28	none	NaN	NaN
127	19	59	29	bathroom	sun_ahqjwnzgolcaoidx.tif	724193.272858	724193.531447	724194.346779	7.842642e-01	19	none	NaN	NaN
127	19	60	34	bathroom	sun_alkosphxlxwjwgjd.tif	724195.116351	724195.374944	724196.190256	8.009507e-01	24	none	NaN	NaN
127	19	61	22	bathroom	sun_agguqiubmwhqqunb.tif	724196.959845	724197.218434	724198.033811	7.425480e-01	12	none	NaN	NaN
127	19	62	56	bathroom	sun_awnqiikzaispgmwo.tif	724198.803339	724199.061929	724199.877439	7.508912e-01	46	none	NaN	NaN
127	19	63	47	bathroom	sun_apynckhmoftszqoq.tif	724200.646832	724200.905420	724201.720787	7.508912e-01	37	none	NaN	NaN
127	19	64	36	bathroom	sun_ambriybtogmepttm.tif	724202.490321	724202.748910	724203.564249	7.258615e-01	26	39	724204.589145	1
127	19	65	57	bathroom	sun_axldvoqbuvuggfmq.tif	724205.359832	724205.618425	724206.433887	7.008318e-01	47	none	NaN	NaN
127	19	66	48	bathroom	sun_aqrpegblszgcoujh.tif	724207.203328	724207.461918	724208.277335	7.759209e-01	38	none	NaN	NaN
127	19	67	50	bathroom	sun_aspsyogrekjtfozg.tif	724209.046821	724209.305409	724210.120839	7.508912e-01	40	none	NaN	NaN
127	19	68	28	bathroom	sun_ahijqszoswveeyji.tif	724210.890315	724211.148903	724211.964259	7.425480e-01	18	none	NaN	NaN
127	19	69	58	bathroom	sun_axxbkopsgyouuebh.tif	724212.733807	724212.992398	724213.807805	7.508912e-01	48	none	NaN	NaN
127	19	70	40	bathroom	sun_aofnryafpsjimzsb.tif	724214.577303	724214.835884	724215.651286	7.342048e-01	30	none	NaN	NaN
127	19	71	43	bathroom	sun_apjevzvycyhuqghb.tif	724216.420791	724216.679385	724217.494831	6.674589e-01	33	none	NaN	NaN
127	19	72	53	bathroom	sun_ausgutylgojavyoq.tif	724218.264284	724218.522879	724219.338287	7.008318e-01	43	none	NaN	NaN
127	19	73	30	bathroom	sun_ajlawzvmubibwbpy.tif	724220.107780	724220.366368	724221.181886	7.675777e-01	20	none	NaN	NaN
127	19	74	32	bathroom	sun_aleqenyvunhactkl.tif	724221.951271	724222.209858	724223.025381	6.591156e-01	22	39	724224.477343	1
127	19	75	19	bathroom	sun_aclfzgynxzxlbepz.tif	724225.254546	724225.513134	724226.328450	6.591156e-01	9	none	NaN	NaN
127	19	76	46	bathroom	sun_apmqjbnwghzuhhzh.tif	724227.098034	724227.356631	724228.171939	6.841454e-01	36	none	NaN	NaN
127	19	77	18	bathroom	sun_acgyywnybuveqsro.tif	724228.941531	724229.200122	724230.015449	7.759209e-01	8	none	NaN	NaN
127	19	78	27	bathroom	sun_ahcvzmoyaycdoftf.tif	724230.785022	724231.043609	724231.859129	6.758021e-01	17	none	NaN	NaN
127	19	79	51	bathroom	sun_atstyziqcmkahyxk.tif	724232.628519	724232.887103	724233.702488	8.426668e-01	41	none	NaN	NaN
127	19	80	41	bathroom	sun_aoybiabnpadelefl.tif	724234.472014	724234.730601	724235.546070	7.926074e-01	31	none	NaN	NaN
127	19	81	16	bathroom	sun_acduarbnmmoglmiv.tif	724236.315500	724236.574089	724237.389400	8.176371e-01	6	39	724238.565304	1
127	19	82	42	bathroom	sun_apeeialkgkuxddgh.tif	724239.343506	724239.602088	724240.417418	6.924886e-01	32	none	NaN	NaN
127	19	83	12	bathroom	sun_aapitsgbtktqubfy.tif	724241.186994	724241.445586	724242.261009	6.507724e-01	2	none	NaN	NaN
127	19	84	23	bathroom	sun_aghyqhbptboemmoq.tif	724243.030490	724243.289081	724244.104436	6.507724e-01	13	39	724244.861147	1
127	19	85	49	bathroom	sun_asfwthctfqerjvxr.tif	724245.633067	724245.891658	724246.706978	6.758021e-01	39	none	NaN	NaN
127	19	86	31	bathroom	sun_akiytfaagpdsphgz.tif	724247.476560	724247.735150	724248.550611	7.926074e-01	21	none	NaN	NaN
127	19	87	26	bathroom	sun_ahaulkltgpkeeemi.tif	724249.320055	724249.578643	724250.394027	7.759209e-01	16	none	NaN	NaN
127	19	88	59	bathroom	sun_axyrejkiiaqiurjk.tif	724251.163545	724251.422138	724252.237563	8.092939e-01	49	none	NaN	NaN
127	19	89	21	bathroom	sun_aggnnqpdorgxpvce.tif	724253.007040	724253.265629	724254.080982	6.924886e-01	11	37	724255.349145	1
127	19	90	37	bathroom	sun_amzlamotzwfkwjco.tif	724256.126800	724256.385380	724257.200882	6.841454e-01	27	37	724258.149478	1
127	19	91	25	bathroom	sun_agyqfjcfkdcydepw.tif	724258.921233	724259.179824	724259.995238	8.259804e-01	15	none	NaN	NaN
127	19	92	44	bathroom	sun_apkruvsevgegsdwp.tif	724260.764731	724261.023314	724261.838744	6.924886e-01	34	37	724262.765494	1
127	19	93	13	bathroom	sun_aavhrsfjbserjtht.tif	724263.542479	724263.801067	724264.616497	8.176371e-01	3	none	NaN	NaN
127	19	94	14	bathroom	sun_abapwbhyhkfixyex.tif	724265.385974	724265.644555	724266.459982	7.926074e-01	4	none	NaN	NaN
127	19	95	15	bathroom	sun_abjtwfukuwddzted.tif	724267.229463	724267.488053	724268.303515	6.674589e-01	5	none	NaN	NaN
127	19	96	17	bathroom	sun_acegryoqftbzowsg.tif	724269.072958	724269.331539	724270.147032	8.092939e-01	7	none	NaN	NaN
127	19	97	39	bathroom	sun_anryaplzeujmzfkd.tif	724270.916446	724271.175038	724271.990438	7.091751e-01	29	39	724273.213383	1
127	19	98	24	bathroom	sun_agrwbmhcpmfuwmsg.tif	724273.986156	724274.244746	724275.060187	6.591156e-01	14	none	NaN	NaN
127	19	99	52	bathroom	sun_aunuadmjocsddsrl.tif	724275.829652	724276.088243	724276.903742	6.591156e-01	42	39	724277.989275	1
127	19	100	35	bathroom	sun_alotolagknyrgtsk.tif	724278.765893	724279.024482	724279.839931	6.758021e-01	25	none	NaN	NaN
127	20	1	65	kitchen	sun_aamedkxepzlwuxes.tif	724286.081474	724286.340066	724287.147237	7.258615e-01	55	none	NaN	NaN
127	20	2	76	kitchen	sun_acwjdupvyjsugpay.tif	724287.916623	724288.175215	724288.982389	6.924886e-01	66	none	NaN	NaN
127	20	3	94	kitchen	sun_ahywdevtimnqcsln.tif	724289.751779	724290.010371	724290.817397	8.426668e-01	84	none	NaN	NaN
127	20	4	77	kitchen	sun_acxkpeoqbwcxfvip.tif	724291.586929	724291.845519	724292.652661	7.342048e-01	67	none	NaN	NaN
127	20	5	110	kitchen	sun_azmutvzbxypaceni.tif	724293.422080	724293.680665	724294.487840	6.841454e-01	100	none	NaN	NaN
127	20	6	107	kitchen	sun_axyyrmzcupyhlivc.tif	724295.257234	724295.515823	724296.322837	7.425480e-01	97	none	NaN	NaN
127	20	7	84	kitchen	sun_aexklacwqwezaorf.tif	724297.092384	724297.350974	724298.157940	7.675777e-01	74	37	724299.117405	1
127	20	8	70	kitchen	sun_abdxkyyxwfskuaqb.tif	724299.895157	724300.153747	724300.960837	6.841454e-01	60	none	NaN	NaN
127	20	9	79	kitchen	sun_admlmbcdswaszruo.tif	724301.730307	724301.988897	724302.795915	8.259804e-01	69	none	NaN	NaN
127	20	10	80	kitchen	sun_aegoxogugdkwpmpj.tif	724303.565465	724303.824052	724304.631181	6.758021e-01	70	none	NaN	NaN
127	20	11	105	kitchen	sun_avszsnwsbuqfgzbn.tif	724305.400612	724305.659206	724306.466216	8.176371e-01	95	none	NaN	NaN
127	20	12	99	kitchen	sun_akcjzhbbjlbogpdi.tif	724307.235765	724307.494360	724308.301336	7.425480e-01	89	none	NaN	NaN
127	20	13	93	kitchen	sun_ahspylgoovwmwvgk.tif	724309.070917	724309.329511	724310.136671	6.924886e-01	83	none	NaN	NaN
127	20	14	71	kitchen	sun_abftihopvusyfakt.tif	724310.906066	724311.164661	724311.971665	6.758021e-01	61	39	724313.013299	1
127	20	15	100	kitchen	sun_amjjdeyrggfqgmom.tif	724313.783922	724314.042509	724314.849541	7.759209e-01	90	none	NaN	NaN
127	20	16	103	kitchen	sun_aunzlwrbjumxhwdj.tif	724315.619072	724315.877660	724316.684649	7.258615e-01	93	37	724318.693500	1
127	20	17	97	kitchen	sun_ajkqhtgcbgpcwrwn.tif	724319.464550	724319.723138	724320.530151	7.926074e-01	87	none	NaN	NaN
127	20	18	67	kitchen	sun_aarfiyshqohlwkmo.tif	724321.299700	724321.558283	724322.365418	7.508912e-01	57	37	724323.157391	1
127	20	19	104	kitchen	sun_auticobqsbwgoppi.tif	724323.935642	724324.194235	724325.001204	7.926074e-01	94	none	NaN	NaN
127	20	20	89	kitchen	sun_agzzivivdpnawacl.tif	724325.770798	724326.029385	724326.836413	8.176371e-01	79	none	NaN	NaN
127	20	21	96	kitchen	sun_ajcbwwvdlsvjyzje.tif	724327.605945	724327.864539	724328.671524	6.507724e-01	86	none	NaN	NaN
127	20	22	86	kitchen	sun_aggjlwcdjsjcaemh.tif	724329.441099	724329.699687	724330.506781	6.841454e-01	76	none	NaN	NaN
127	20	23	90	kitchen	sun_ahdycvpopffkzzsu.tif	724331.276249	724331.534844	724332.341840	6.674589e-01	80	37	724333.125279	1
127	20	24	98	kitchen	sun_akchetnepxlcxhsu.tif	724333.895516	724334.154103	724334.961261	6.591156e-01	88	none	NaN	NaN
127	20	25	68	kitchen	sun_aaxxjlsuzvqlgylf.tif	724335.730665	724335.989256	724336.796287	7.508912e-01	58	none	NaN	NaN
127	20	26	102	kitchen	sun_auaiucuqpdausiva.tif	724337.565814	724337.824409	724338.631388	7.175183e-01	92	none	NaN	NaN
127	20	27	83	kitchen	sun_aeqdocilnnpuvuhx.tif	724339.400969	724339.659554	724340.466543	6.507724e-01	73	none	NaN	NaN
127	20	28	106	kitchen	sun_awcpdzzznmweyyhv.tif	724341.236122	724341.494712	724342.301842	8.343236e-01	96	none	NaN	NaN
127	20	29	61	kitchen	labelme_brsyyvweiuaazfr.tif	724343.071268	724343.329858	724344.137004	6.591156e-01	51	39	724345.029287	1
127	20	30	108	kitchen	sun_aymvwlarqodbwuoc.tif	724345.807311	724346.065902	724346.873057	7.675777e-01	98	none	NaN	NaN
127	20	31	101	kitchen	sun_aqeaevwwwjoqhzvl.tif	724347.642461	724347.901055	724348.708201	6.674589e-01	91	none	NaN	NaN
127	20	32	87	kitchen	sun_agorklincwxrdtga.tif	724349.477616	724349.736201	724350.543240	8.009507e-01	77	37	724351.573147	1
127	20	33	92	kitchen	sun_ahpczsiumwwocjkv.tif	724352.347126	724352.605714	724353.412851	6.674589e-01	82	none	NaN	NaN
127	20	34	69	kitchen	sun_abdenxonkemggwsq.tif	724354.182274	724354.440868	724355.247956	6.591156e-01	59	none	NaN	NaN
127	20	35	91	kitchen	sun_ahljzhgcdpomplvg.tif	724356.017430	724356.276019	724357.083202	7.091751e-01	81	none	NaN	NaN
127	20	36	66	kitchen	sun_aapllqyqlykszopd.tif	724357.852582	724358.111171	724358.918148	8.092939e-01	56	none	NaN	NaN
127	20	37	72	kitchen	sun_abpwyqmlzafvklqo.tif	724359.687735	724359.946326	724360.753503	7.091751e-01	62	none	NaN	NaN
127	20	38	78	kitchen	sun_adgqasybjyktddhj.tif	724361.522880	724361.781471	724362.588602	6.924886e-01	68	none	NaN	NaN
127	20	39	85	kitchen	sun_afuyedyxivkhecmu.tif	724363.358035	724363.616622	724364.423802	8.176371e-01	75	none	NaN	NaN
127	20	40	95	kitchen	sun_aixorpehvfykdynp.tif	724365.193187	724365.451776	724366.258914	7.508912e-01	85	none	NaN	NaN
127	20	41	75	kitchen	sun_acgtpgfybqjmzeyw.tif	724367.028337	724367.286931	724368.093972	7.508912e-01	65	none	NaN	NaN
127	20	42	73	kitchen	sun_abrcnpqqhmjwekyf.tif	724368.863493	724369.122079	724369.929264	7.675777e-01	63	none	NaN	NaN
127	20	43	64	kitchen	sun_aadbddgrdsjugojn.tif	724370.698639	724370.957230	724371.764288	7.675777e-01	54	none	NaN	NaN
127	20	44	109	kitchen	sun_aypmqwcualkenuoe.tif	724372.533792	724372.792379	724373.599433	8.009507e-01	99	none	NaN	NaN
127	20	45	88	kitchen	sun_agubuxuukhzyzpdp.tif	724374.368948	724374.627530	724375.434652	8.092939e-01	78	none	NaN	NaN
127	20	46	74	kitchen	sun_acfmftudsenhrfhy.tif	724376.204099	724376.462682	724377.269845	8.426668e-01	64	none	NaN	NaN
127	20	47	81	kitchen	sun_aehawpgmrlhlvcow.tif	724378.039247	724378.297840	724379.104846	7.842642e-01	71	none	NaN	NaN
127	20	48	63	kitchen	labelme_rykdqxenmhulbdn.tif	724379.874397	724380.132987	724380.939986	7.008318e-01	53	none	NaN	NaN
127	20	49	62	kitchen	labelme_kxvouciolcpqplr.tif	724381.709554	724381.968138	724382.775299	7.759209e-01	52	none	NaN	NaN
127	20	50	82	kitchen	sun_aenotlpyftoioydp.tif	724383.544697	724383.803290	724384.610304	8.510101e-01	72	none	NaN	NaN
127	20	51	103	kitchen	sun_aunzlwrbjumxhwdj.tif	724385.379848	724385.638440	724386.445515	7.258615e-01	93	none	NaN	NaN
127	20	52	72	kitchen	sun_abpwyqmlzafvklqo.tif	724387.215004	724387.473598	724388.280683	8.009507e-01	62	none	NaN	NaN
127	20	53	91	kitchen	sun_ahljzhgcdpomplvg.tif	724389.050157	724389.308741	724390.115904	7.842642e-01	81	none	NaN	NaN
127	20	54	80	kitchen	sun_aegoxogugdkwpmpj.tif	724390.885307	724391.143898	724391.950865	8.259804e-01	70	none	NaN	NaN
127	20	55	99	kitchen	sun_akcjzhbbjlbogpdi.tif	724392.720456	724392.979051	724393.786045	6.674589e-01	89	39	724395.381151	1
127	20	56	100	kitchen	sun_amjjdeyrggfqgmom.tif	724396.157195	724396.415783	724397.222926	7.759209e-01	90	none	NaN	NaN
127	20	57	104	kitchen	sun_auticobqsbwgoppi.tif	724397.992351	724398.250936	724399.057939	7.592345e-01	94	none	NaN	NaN
127	20	58	96	kitchen	sun_ajcbwwvdlsvjyzje.tif	724399.827497	724400.086090	724400.893093	7.592345e-01	86	none	NaN	NaN
127	20	59	94	kitchen	sun_ahywdevtimnqcsln.tif	724401.662651	724401.921242	724402.728427	8.009507e-01	84	39	724403.805450	1
127	20	60	89	kitchen	sun_agzzivivdpnawacl.tif	724404.582212	724404.840798	724405.647828	7.091751e-01	79	37	724406.573348	1
127	20	61	98	kitchen	sun_akchetnepxlcxhsu.tif	724407.351621	724407.610211	724408.417204	8.176371e-01	88	none	NaN	NaN
127	20	62	78	kitchen	sun_adgqasybjyktddhj.tif	724409.186774	724409.445363	724410.252537	6.758021e-01	68	none	NaN	NaN
127	20	63	93	kitchen	sun_ahspylgoovwmwvgk.tif	724411.021940	724411.280515	724412.087641	7.091751e-01	83	none	NaN	NaN
127	20	64	95	kitchen	sun_aixorpehvfykdynp.tif	724412.857078	724413.115667	724413.922660	8.259804e-01	85	none	NaN	NaN
127	20	65	85	kitchen	sun_afuyedyxivkhecmu.tif	724414.692227	724414.950819	724415.757945	6.924886e-01	75	none	NaN	NaN
127	20	66	77	kitchen	sun_acxkpeoqbwcxfvip.tif	724416.527376	724416.785969	724417.593010	7.175183e-01	67	none	NaN	NaN
127	20	67	62	kitchen	labelme_kxvouciolcpqplr.tif	724418.362531	724418.621120	724419.428311	8.259804e-01	52	39	724420.421444	1
127	20	68	110	kitchen	sun_azmutvzbxypaceni.tif	724421.198675	724421.457265	724422.264317	7.592345e-01	100	none	NaN	NaN
127	20	69	69	kitchen	sun_abdenxonkemggwsq.tif	724423.033828	724423.292414	724424.099573	7.342048e-01	59	none	NaN	NaN
127	20	70	76	kitchen	sun_acwjdupvyjsugpay.tif	724424.868974	724425.127570	724425.934627	7.425480e-01	66	none	NaN	NaN
127	20	71	71	kitchen	sun_abftihopvusyfakt.tif	724426.704132	724426.962721	724427.769876	7.508912e-01	61	none	NaN	NaN
127	20	72	70	kitchen	sun_abdxkyyxwfskuaqb.tif	724428.539279	724428.797869	724429.604839	7.008318e-01	60	37	724430.989450	1
127	20	73	106	kitchen	sun_awcpdzzznmweyyhv.tif	724431.767474	724432.026067	724432.833142	8.092939e-01	96	none	NaN	NaN
127	20	74	87	kitchen	sun_agorklincwxrdtga.tif	724433.602631	724433.861215	724434.668267	7.926074e-01	77	none	NaN	NaN
127	20	75	79	kitchen	sun_admlmbcdswaszruo.tif	724435.437777	724435.696369	724436.503434	7.342048e-01	69	none	NaN	NaN
127	20	76	108	kitchen	sun_aymvwlarqodbwuoc.tif	724437.272937	724437.531522	724438.338535	8.343236e-01	98	none	NaN	NaN
127	20	77	66	kitchen	sun_aapllqyqlykszopd.tif	724439.108086	724439.366675	724440.173679	7.175183e-01	56	none	NaN	NaN
127	20	78	90	kitchen	sun_ahdycvpopffkzzsu.tif	724440.943230	724441.201825	724442.008836	8.426668e-01	80	none	NaN	NaN
127	20	79	74	kitchen	sun_acfmftudsenhrfhy.tif	724442.778386	724443.036976	724443.844138	6.841454e-01	64	none	NaN	NaN
127	20	80	81	kitchen	sun_aehawpgmrlhlvcow.tif	724444.613539	724444.872123	724445.679207	6.507724e-01	71	none	NaN	NaN
127	20	81	68	kitchen	sun_aaxxjlsuzvqlgylf.tif	724446.448694	724446.707280	724447.514349	8.426668e-01	58	none	NaN	NaN
127	20	82	88	kitchen	sun_agubuxuukhzyzpdp.tif	724448.283840	724448.542429	724449.349407	6.591156e-01	78	none	NaN	NaN
127	20	83	67	kitchen	sun_aarfiyshqohlwkmo.tif	724450.118994	724450.377583	724451.184615	7.258615e-01	57	none	NaN	NaN
127	20	84	92	kitchen	sun_ahpczsiumwwocjkv.tif	724451.954147	724452.212735	724453.019795	7.842642e-01	82	none	NaN	NaN
127	20	85	86	kitchen	sun_aggjlwcdjsjcaemh.tif	724453.789297	724454.047889	724454.855004	7.425480e-01	76	none	NaN	NaN
127	20	86	73	kitchen	sun_abrcnpqqhmjwekyf.tif	724455.624446	724455.883040	724456.690143	7.759209e-01	63	39	724457.709572	1
127	20	87	61	kitchen	labelme_brsyyvweiuaazfr.tif	724458.485615	724458.744204	724459.551174	8.343236e-01	51	none	NaN	NaN
127	20	88	101	kitchen	sun_aqeaevwwwjoqhzvl.tif	724460.320764	724460.579357	724461.386422	7.008318e-01	91	none	NaN	NaN
127	20	89	109	kitchen	sun_aypmqwcualkenuoe.tif	724462.155919	724462.414507	724463.221684	8.343236e-01	99	none	NaN	NaN
127	20	90	75	kitchen	sun_acgtpgfybqjmzeyw.tif	724463.991067	724464.249664	724465.056752	7.175183e-01	65	39	724465.877346	1
127	20	91	63	kitchen	labelme_rykdqxenmhulbdn.tif	724466.652037	724466.910627	724467.717600	8.092939e-01	53	none	NaN	NaN
127	20	92	65	kitchen	sun_aamedkxepzlwuxes.tif	724468.487190	724468.745775	724469.552915	7.926074e-01	55	none	NaN	NaN
127	20	93	64	kitchen	sun_aadbddgrdsjugojn.tif	724470.322340	724470.580932	724471.388067	7.842642e-01	54	none	NaN	NaN
127	20	94	102	kitchen	sun_auaiucuqpdausiva.tif	724472.157495	724472.416083	724473.223203	6.758021e-01	92	none	NaN	NaN
127	20	95	84	kitchen	sun_aexklacwqwezaorf.tif	724473.992645	724474.251236	724475.058318	7.592345e-01	74	none	NaN	NaN
127	20	96	105	kitchen	sun_avszsnwsbuqfgzbn.tif	724475.827795	724476.086392	724476.893556	8.510101e-01	95	none	NaN	NaN
127	20	97	83	kitchen	sun_aeqdocilnnpuvuhx.tif	724477.662946	724477.921535	724478.728680	7.008318e-01	73	none	NaN	NaN
127	20	98	97	kitchen	sun_ajkqhtgcbgpcwrwn.tif	724479.498096	724479.756695	724480.563673	8.176371e-01	87	none	NaN	NaN
127	20	99	107	kitchen	sun_axyyrmzcupyhlivc.tif	724481.333253	724481.591837	724482.398915	7.342048e-01	97	none	NaN	NaN
127	20	100	82	kitchen	sun_aenotlpyftoioydp.tif	724483.168403	724483.426995	724484.234086	6.924886e-01	72	37	724485.813260	1
