subject	block	trial	texture	category	image	trialOnset	itiOnset	trialEnd	iti	EEGtrigger	responseKey	responseTime	accuracy
128	1	1	13	bathroom	sun_aavhrsfjbserjtht.tif	1928577.605818	1928577.864406	1928578.604740	7.507618e-01	3	none	NaN	NaN
128	1	2	49	bathroom	sun_asfwthctfqerjvxr.tif	1928579.374234	1928579.632823	1928580.373022	8.425216e-01	39	none	NaN	NaN
128	1	3	25	bathroom	sun_agyqfjcfkdcydepw.tif	1928581.142652	1928581.401240	1928582.141481	6.590020e-01	15	40	1928584.131677	0
128	1	4	38	bathroom	sun_anhioqovhscjqqwb.tif	1928584.904719	1928585.163304	1928585.903428	7.841290e-01	28	none	NaN	NaN
128	1	5	37	bathroom	sun_amzlamotzwfkwjco.tif	1928586.673136	1928586.931721	1928587.671822	7.173946e-01	27	none	NaN	NaN
128	1	6	16	bathroom	sun_acduarbnmmoglmiv.tif	1928588.441552	1928588.700137	1928589.440358	6.923692e-01	6	none	NaN	NaN
128	1	7	41	bathroom	sun_aoybiabnpadelefl.tif	1928590.209971	1928590.468562	1928591.208800	6.923692e-01	31	40	1928593.443756	0
128	1	8	55	bathroom	sun_avhrdrntsqrjzccq.tif	1928594.222282	1928594.480865	1928595.221093	6.923692e-01	45	none	NaN	NaN
128	1	9	60	bathroom	sun_azqyogdvyhahyram.tif	1928595.990698	1928596.249288	1928596.989596	7.424200e-01	50	39	1928598.315818	0
128	1	10	29	bathroom	sun_ahqjwnzgolcaoidx.tif	1928599.093772	1928599.352361	1928600.092570	7.340782e-01	19	none	NaN	NaN
128	1	11	15	bathroom	sun_abjtwfukuwddzted.tif	1928600.862188	1928601.120784	1928601.861063	8.341798e-01	5	39	1928602.947890	0
128	1	12	39	bathroom	sun_anryaplzeujmzfkd.tif	1928603.723353	1928603.981950	1928604.722158	6.756856e-01	29	none	NaN	NaN
128	1	13	17	bathroom	sun_acegryoqftbzowsg.tif	1928605.491779	1928605.750368	1928606.490501	8.091544e-01	7	none	NaN	NaN
128	1	14	30	bathroom	sun_ajlawzvmubibwbpy.tif	1928607.260194	1928607.518784	1928608.259047	8.174962e-01	20	none	NaN	NaN
128	1	15	23	bathroom	sun_aghyqhbptboemmoq.tif	1928609.028611	1928609.287204	1928610.027348	7.841290e-01	13	none	NaN	NaN
128	1	16	53	bathroom	sun_ausgutylgojavyoq.tif	1928610.797035	1928611.055626	1928611.795722	7.507618e-01	43	none	NaN	NaN
128	1	17	59	bathroom	sun_axyrejkiiaqiurjk.tif	1928612.565449	1928612.824040	1928613.564184	7.424200e-01	49	none	NaN	NaN
128	1	18	58	bathroom	sun_axxbkopsgyouuebh.tif	1928614.333869	1928614.592459	1928615.332607	7.340782e-01	48	none	NaN	NaN
128	1	19	14	bathroom	sun_abapwbhyhkfixyex.tif	1928616.102285	1928616.360874	1928617.101000	7.090528e-01	4	none	NaN	NaN
128	1	20	33	bathroom	sun_aljolscmmzydegqp.tif	1928617.870707	1928618.129295	1928618.869575	6.923692e-01	23	none	NaN	NaN
128	1	21	46	bathroom	sun_apmqjbnwghzuhhzh.tif	1928619.639122	1928619.897716	1928620.637872	7.340782e-01	36	40	1928622.419940	0
128	1	22	18	bathroom	sun_acgyywnybuveqsro.tif	1928623.192642	1928623.451232	1928624.191373	6.756856e-01	8	none	NaN	NaN
128	1	23	19	bathroom	sun_aclfzgynxzxlbepz.tif	1928624.961071	1928625.219657	1928625.959911	7.757872e-01	9	none	NaN	NaN
128	1	24	11	bathroom	labelme_sfxiulhjbhlyiyt.tif	1928626.729387	1928626.979541	1928627.728272	6.673438e-01	1	39	1928628.867868	1
128	1	25	27	bathroom	sun_ahcvzmoyaycdoftf.tif	1928629.640505	1928629.890800	1928630.639289	8.258380e-01	17	none	NaN	NaN
128	1	26	21	bathroom	sun_aggnnqpdorgxpvce.tif	1928631.400777	1928631.659366	1928632.399522	7.591036e-01	11	none	NaN	NaN
128	1	27	42	bathroom	sun_apeeialkgkuxddgh.tif	1928633.169194	1928633.427785	1928634.167994	7.591036e-01	32	none	NaN	NaN
128	1	28	56	bathroom	sun_awnqiikzaispgmwo.tif	1928634.937613	1928635.196206	1928635.936490	8.174962e-01	46	none	NaN	NaN
128	1	29	44	bathroom	sun_apkruvsevgegsdwp.tif	1928636.706034	1928636.964625	1928637.704927	7.424200e-01	34	none	NaN	NaN
128	1	30	20	bathroom	sun_afcoljnjfoxjtgja.tif	1928638.474452	1928638.733040	1928639.473323	7.173946e-01	10	none	NaN	NaN
128	1	31	28	bathroom	sun_ahijqszoswveeyji.tif	1928640.242868	1928640.501457	1928641.241701	8.425216e-01	18	none	NaN	NaN
128	1	32	26	bathroom	sun_ahaulkltgpkeeemi.tif	1928642.011283	1928642.269877	1928643.010131	7.674454e-01	16	none	NaN	NaN
128	1	33	22	bathroom	sun_agguqiubmwhqqunb.tif	1928643.779708	1928644.038302	1928644.778539	6.923692e-01	12	none	NaN	NaN
128	1	34	47	bathroom	sun_apynckhmoftszqoq.tif	1928645.548125	1928645.806715	1928646.547003	7.591036e-01	37	none	NaN	NaN
128	1	35	45	bathroom	sun_apkxzenqapsujocq.tif	1928647.316540	1928647.575134	1928648.315407	8.174962e-01	35	none	NaN	NaN
128	1	36	34	bathroom	sun_alkosphxlxwjwgjd.tif	1928649.084960	1928649.343551	1928650.083787	8.341798e-01	24	none	NaN	NaN
128	1	37	12	bathroom	sun_aapitsgbtktqubfy.tif	1928650.853378	1928651.111972	1928651.852095	8.091544e-01	2	none	NaN	NaN
128	1	38	52	bathroom	sun_aunuadmjocsddsrl.tif	1928652.621798	1928652.880390	1928653.620523	7.090528e-01	42	none	NaN	NaN
128	1	39	50	bathroom	sun_aspsyogrekjtfozg.tif	1928654.381880	1928654.640465	1928655.380560	7.924708e-01	40	none	NaN	NaN
128	1	40	54	bathroom	sun_auzqhkafidnkrwmo.tif	1928656.150297	1928656.408902	1928657.149029	6.506602e-01	44	none	NaN	NaN
128	1	41	31	bathroom	sun_akiytfaagpdsphgz.tif	1928657.918711	1928658.177300	1928658.917560	6.590020e-01	21	40	1928660.243668	0
128	1	42	48	bathroom	sun_aqrpegblszgcoujh.tif	1928661.021787	1928661.280376	1928662.020688	8.091544e-01	38	none	NaN	NaN
128	1	43	35	bathroom	sun_alotolagknyrgtsk.tif	1928662.790205	1928663.048790	1928663.788992	8.008126e-01	25	none	NaN	NaN
128	1	44	24	bathroom	sun_agrwbmhcpmfuwmsg.tif	1928664.558626	1928664.817215	1928665.557443	7.257364e-01	14	none	NaN	NaN
128	1	45	40	bathroom	sun_aofnryafpsjimzsb.tif	1928666.327041	1928666.585631	1928667.325915	7.841290e-01	30	none	NaN	NaN
128	1	46	36	bathroom	sun_ambriybtogmepttm.tif	1928668.095466	1928668.354052	1928669.094189	7.757872e-01	26	none	NaN	NaN
128	1	47	57	bathroom	sun_axldvoqbuvuggfmq.tif	1928669.863880	1928670.122464	1928670.862654	8.258380e-01	47	none	NaN	NaN
128	1	48	43	bathroom	sun_apjevzvycyhuqghb.tif	1928671.632297	1928671.890887	1928672.631175	6.506602e-01	33	none	NaN	NaN
128	1	49	32	bathroom	sun_aleqenyvunhactkl.tif	1928673.400719	1928673.659308	1928674.399605	7.007110e-01	22	none	NaN	NaN
128	1	50	51	bathroom	sun_atstyziqcmkahyxk.tif	1928675.169137	1928675.427719	1928676.167894	8.008126e-01	41	none	NaN	NaN
128	1	51	59	bathroom	sun_axyrejkiiaqiurjk.tif	1928676.937554	1928677.196147	1928677.936425	7.007110e-01	49	none	NaN	NaN
128	1	52	11	bathroom	labelme_sfxiulhjbhlyiyt.tif	1928678.705971	1928678.964556	1928679.704711	7.340782e-01	1	none	NaN	NaN
128	1	53	25	bathroom	sun_agyqfjcfkdcydepw.tif	1928680.474389	1928680.732977	1928681.473206	7.507618e-01	15	none	NaN	NaN
128	1	54	16	bathroom	sun_acduarbnmmoglmiv.tif	1928682.242807	1928682.501398	1928683.241559	7.173946e-01	6	none	NaN	NaN
128	1	55	21	bathroom	sun_aggnnqpdorgxpvce.tif	1928684.011228	1928684.269819	1928685.009982	7.591036e-01	11	none	NaN	NaN
128	1	56	51	bathroom	sun_atstyziqcmkahyxk.tif	1928685.779644	1928686.038236	1928686.778350	7.924708e-01	41	none	NaN	NaN
128	1	57	32	bathroom	sun_aleqenyvunhactkl.tif	1928687.548064	1928687.806658	1928688.546940	7.924708e-01	22	none	NaN	NaN
128	1	58	33	bathroom	sun_aljolscmmzydegqp.tif	1928689.316483	1928689.575074	1928690.315374	7.674454e-01	23	none	NaN	NaN
128	1	59	18	bathroom	sun_acgyywnybuveqsro.tif	1928691.084903	1928691.343496	1928692.083724	7.090528e-01	8	none	NaN	NaN
128	1	60	36	bathroom	sun_ambriybtogmepttm.tif	1928692.853320	1928693.111911	1928693.851999	7.841290e-01	26	none	NaN	NaN
128	1	61	13	bathroom	sun_aavhrsfjbserjtht.tif	1928694.621740	1928694.880325	1928695.620640	8.508634e-01	3	none	NaN	NaN
128	1	62	56	bathroom	sun_awnqiikzaispgmwo.tif	1928696.390154	1928696.648750	1928697.388886	7.757872e-01	46	40	1928699.011808	0
128	1	63	14	bathroom	sun_abapwbhyhkfixyex.tif	1928699.785194	1928700.043779	1928700.783889	6.590020e-01	4	none	NaN	NaN
128	1	64	45	bathroom	sun_apkxzenqapsujocq.tif	1928701.553607	1928701.812199	1928702.552457	8.091544e-01	35	none	NaN	NaN
128	1	65	38	bathroom	sun_anhioqovhscjqqwb.tif	1928703.322026	1928703.580613	1928704.320759	8.258380e-01	28	39	1928705.315824	0
128	1	66	44	bathroom	sun_apkruvsevgegsdwp.tif	1928706.091433	1928706.350023	1928707.090267	8.008126e-01	34	39	1928708.283793	0
128	1	67	35	bathroom	sun_alotolagknyrgtsk.tif	1928709.061034	1928709.319626	1928710.059794	6.673438e-01	25	none	NaN	NaN
128	1	68	55	bathroom	sun_avhrdrntsqrjzccq.tif	1928710.829460	1928711.088058	1928711.828273	6.756856e-01	45	40	1928712.803524	0
128	1	69	22	bathroom	sun_agguqiubmwhqqunb.tif	1928713.573849	1928713.832436	1928714.572704	6.840274e-01	12	none	NaN	NaN
128	1	70	24	bathroom	sun_agrwbmhcpmfuwmsg.tif	1928715.342262	1928715.600851	1928716.341096	7.424200e-01	14	none	NaN	NaN
128	1	71	47	bathroom	sun_apynckhmoftszqoq.tif	1928717.110683	1928717.369275	1928718.109526	8.341798e-01	37	none	NaN	NaN
128	1	72	53	bathroom	sun_ausgutylgojavyoq.tif	1928718.879103	1928719.137691	1928719.877944	7.591036e-01	43	none	NaN	NaN
128	1	73	15	bathroom	sun_abjtwfukuwddzted.tif	1928720.647522	1928720.906108	1928721.646304	8.008126e-01	5	none	NaN	NaN
128	1	74	28	bathroom	sun_ahijqszoswveeyji.tif	1928722.415940	1928722.674526	1928723.414760	7.257364e-01	18	none	NaN	NaN
128	1	75	26	bathroom	sun_ahaulkltgpkeeemi.tif	1928724.184356	1928724.442946	1928725.183122	8.174962e-01	16	39	1928725.931515	0
128	1	76	58	bathroom	sun_axxbkopsgyouuebh.tif	1928726.703516	1928726.962110	1928727.702226	6.840274e-01	48	none	NaN	NaN
128	1	77	17	bathroom	sun_acegryoqftbzowsg.tif	1928728.471936	1928728.730527	1928729.470688	6.840274e-01	7	39	1928730.267886	0
128	1	78	54	bathroom	sun_auzqhkafidnkrwmo.tif	1928731.041152	1928731.299742	1928732.039926	8.341798e-01	44	none	NaN	NaN
128	1	79	30	bathroom	sun_ajlawzvmubibwbpy.tif	1928732.809566	1928733.068158	1928733.808428	7.173946e-01	20	none	NaN	NaN
128	1	80	19	bathroom	sun_aclfzgynxzxlbepz.tif	1928734.577986	1928734.836580	1928735.576737	8.258380e-01	9	none	NaN	NaN
128	1	81	60	bathroom	sun_azqyogdvyhahyram.tif	1928736.346404	1928736.604992	1928737.345258	7.257364e-01	50	none	NaN	NaN
128	1	82	50	bathroom	sun_aspsyogrekjtfozg.tif	1928738.114823	1928738.373409	1928739.113722	7.757872e-01	40	none	NaN	NaN
128	1	83	42	bathroom	sun_apeeialkgkuxddgh.tif	1928739.883241	1928740.141832	1928740.881938	7.007110e-01	32	none	NaN	NaN
128	1	84	49	bathroom	sun_asfwthctfqerjvxr.tif	1928741.651662	1928741.910248	1928742.650343	7.674454e-01	39	none	NaN	NaN
128	1	85	27	bathroom	sun_ahcvzmoyaycdoftf.tif	1928743.420081	1928743.678666	1928744.418848	7.007110e-01	17	none	NaN	NaN
128	1	86	12	bathroom	sun_aapitsgbtktqubfy.tif	1928745.188501	1928745.447087	1928746.187194	7.257364e-01	2	none	NaN	NaN
128	1	87	23	bathroom	sun_aghyqhbptboemmoq.tif	1928746.956917	1928747.215507	1928747.955789	6.506602e-01	13	40	1928749.155821	0
128	1	88	20	bathroom	sun_afcoljnjfoxjtgja.tif	1928749.926518	1928750.185112	1928750.925284	8.425216e-01	10	none	NaN	NaN
128	1	89	40	bathroom	sun_aofnryafpsjimzsb.tif	1928751.694942	1928751.953530	1928752.693844	6.590020e-01	30	none	NaN	NaN
128	1	90	39	bathroom	sun_anryaplzeujmzfkd.tif	1928753.463358	1928753.721948	1928754.462212	6.840274e-01	29	none	NaN	NaN
128	1	91	43	bathroom	sun_apjevzvycyhuqghb.tif	1928755.231781	1928755.490370	1928756.230523	8.258380e-01	33	none	NaN	NaN
128	1	92	34	bathroom	sun_alkosphxlxwjwgjd.tif	1928757.000198	1928757.258785	1928757.999043	6.673438e-01	24	none	NaN	NaN
128	1	93	41	bathroom	sun_aoybiabnpadelefl.tif	1928758.768615	1928759.027217	1928759.767484	8.425216e-01	31	none	NaN	NaN
128	1	94	46	bathroom	sun_apmqjbnwghzuhhzh.tif	1928760.537031	1928760.787074	1928761.535847	6.756856e-01	36	none	NaN	NaN
128	1	95	57	bathroom	sun_axldvoqbuvuggfmq.tif	1928762.296985	1928762.547259	1928763.295724	8.508634e-01	47	none	NaN	NaN
128	1	96	31	bathroom	sun_akiytfaagpdsphgz.tif	1928764.056986	1928764.315785	1928765.055761	7.507618e-01	21	39	1928766.067833	0
128	1	97	37	bathroom	sun_amzlamotzwfkwjco.tif	1928766.843281	1928767.101873	1928767.842167	7.090528e-01	27	none	NaN	NaN
128	1	98	29	bathroom	sun_ahqjwnzgolcaoidx.tif	1928768.611697	1928768.870288	1928769.610453	7.674454e-01	19	none	NaN	NaN
128	1	99	52	bathroom	sun_aunuadmjocsddsrl.tif	1928770.380118	1928770.638707	1928771.378889	7.924708e-01	42	none	NaN	NaN
128	1	100	48	bathroom	sun_aqrpegblszgcoujh.tif	1928772.148539	1928772.407124	1928773.147326	6.673438e-01	38	none	NaN	NaN
128	2	1	62	kitchen	labelme_kxvouciolcpqplr.tif	1928788.189425	1928788.448013	1928789.138082	8.258380e-01	52	none	NaN	NaN
128	2	2	82	kitchen	sun_aenotlpyftoioydp.tif	1928789.907788	1928790.166383	1928790.856433	7.007110e-01	72	none	NaN	NaN
128	2	3	80	kitchen	sun_aegoxogugdkwpmpj.tif	1928791.626161	1928791.884753	1928792.574818	8.258380e-01	70	none	NaN	NaN
128	2	4	84	kitchen	sun_aexklacwqwezaorf.tif	1928793.344537	1928793.603124	1928794.293332	7.507618e-01	74	none	NaN	NaN
128	2	5	88	kitchen	sun_agubuxuukhzyzpdp.tif	1928795.062899	1928795.321488	1928796.011710	7.424200e-01	78	none	NaN	NaN
128	2	6	85	kitchen	sun_afuyedyxivkhecmu.tif	1928796.781272	1928797.039861	1928797.730049	7.924708e-01	75	39	1928798.523501	0
128	2	7	73	kitchen	sun_abrcnpqqhmjwekyf.tif	1928799.300429	1928799.559022	1928800.249196	7.591036e-01	63	none	NaN	NaN
128	2	8	99	kitchen	sun_akcjzhbbjlbogpdi.tif	1928801.018798	1928801.277384	1928801.967493	7.257364e-01	89	none	NaN	NaN
128	2	9	75	kitchen	sun_acgtpgfybqjmzeyw.tif	1928802.737171	1928802.995761	1928803.685978	7.591036e-01	65	none	NaN	NaN
128	2	10	92	kitchen	sun_ahpczsiumwwocjkv.tif	1928804.455541	1928804.714128	1928805.404230	7.591036e-01	82	none	NaN	NaN
128	2	11	67	kitchen	sun_aarfiyshqohlwkmo.tif	1928806.173906	1928806.432495	1928807.122600	7.507618e-01	57	37	1928809.091804	1
128	2	12	89	kitchen	sun_agzzivivdpnawacl.tif	1928809.869245	1928810.127825	1928810.817941	7.090528e-01	79	none	NaN	NaN
128	2	13	87	kitchen	sun_agorklincwxrdtga.tif	1928811.587603	1928811.846199	1928812.536274	8.341798e-01	77	none	NaN	NaN
128	2	14	70	kitchen	sun_abdxkyyxwfskuaqb.tif	1928813.305972	1928813.564563	1928814.254818	7.007110e-01	60	none	NaN	NaN
128	2	15	69	kitchen	sun_abdenxonkemggwsq.tif	1928815.024341	1928815.282927	1928815.973039	6.506602e-01	59	none	NaN	NaN
128	2	16	66	kitchen	sun_aapllqyqlykszopd.tif	1928816.742708	1928817.001301	1928817.691495	7.340782e-01	56	40	1928819.019849	0
128	2	17	104	kitchen	sun_auticobqsbwgoppi.tif	1928819.795742	1928820.054321	1928820.744577	8.008126e-01	94	none	NaN	NaN
128	2	18	90	kitchen	sun_ahdycvpopffkzzsu.tif	1928821.514102	1928821.772693	1928822.462892	6.840274e-01	80	none	NaN	NaN
128	2	19	96	kitchen	sun_ajcbwwvdlsvjyzje.tif	1928823.232467	1928823.491059	1928824.181171	6.923692e-01	86	none	NaN	NaN
128	2	20	65	kitchen	sun_aamedkxepzlwuxes.tif	1928824.950840	1928825.209427	1928825.899569	7.090528e-01	55	none	NaN	NaN
128	2	21	106	kitchen	sun_awcpdzzznmweyyhv.tif	1928826.669207	1928826.927798	1928827.618054	7.674454e-01	96	none	NaN	NaN
128	2	22	83	kitchen	sun_aeqdocilnnpuvuhx.tif	1928828.387573	1928828.646169	1928829.336212	8.425216e-01	73	none	NaN	NaN
128	2	23	64	kitchen	sun_aadbddgrdsjugojn.tif	1928830.105945	1928830.364532	1928831.054644	7.841290e-01	54	none	NaN	NaN
128	2	24	61	kitchen	labelme_brsyyvweiuaazfr.tif	1928831.824314	1928832.082900	1928832.773053	7.173946e-01	51	none	NaN	NaN
128	2	25	107	kitchen	sun_axyyrmzcupyhlivc.tif	1928833.542679	1928833.801275	1928834.491308	7.340782e-01	97	none	NaN	NaN
128	2	26	91	kitchen	sun_ahljzhgcdpomplvg.tif	1928835.261051	1928835.519639	1928836.209817	6.590020e-01	81	none	NaN	NaN
128	2	27	94	kitchen	sun_ahywdevtimnqcsln.tif	1928836.979419	1928837.238010	1928837.928086	7.507618e-01	84	none	NaN	NaN
128	2	28	78	kitchen	sun_adgqasybjyktddhj.tif	1928838.697790	1928838.956380	1928839.646626	7.257364e-01	68	none	NaN	NaN
128	2	29	102	kitchen	sun_auaiucuqpdausiva.tif	1928840.416158	1928840.674745	1928841.364789	6.923692e-01	92	none	NaN	NaN
128	2	30	95	kitchen	sun_aixorpehvfykdynp.tif	1928842.134524	1928842.393116	1928843.083283	6.673438e-01	85	none	NaN	NaN
128	2	31	81	kitchen	sun_aehawpgmrlhlvcow.tif	1928843.852896	1928844.111482	1928844.801581	7.007110e-01	71	40	1928846.179883	0
128	2	32	74	kitchen	sun_acfmftudsenhrfhy.tif	1928846.955966	1928847.214557	1928847.904811	8.341798e-01	64	39	1928849.299822	0
128	2	33	72	kitchen	sun_abpwyqmlzafvklqo.tif	1928850.075720	1928850.334308	1928851.024370	7.090528e-01	62	none	NaN	NaN
128	2	34	109	kitchen	sun_aypmqwcualkenuoe.tif	1928851.794092	1928852.052687	1928852.742747	7.173946e-01	99	39	1928853.683788	0
128	2	35	63	kitchen	labelme_rykdqxenmhulbdn.tif	1928854.455064	1928854.713648	1928855.403816	7.757872e-01	53	none	NaN	NaN
128	2	36	105	kitchen	sun_avszsnwsbuqfgzbn.tif	1928856.173430	1928856.432018	1928857.122062	7.090528e-01	95	none	NaN	NaN
128	2	37	98	kitchen	sun_akchetnepxlcxhsu.tif	1928857.891800	1928858.150390	1928858.840477	8.091544e-01	88	none	NaN	NaN
128	2	38	86	kitchen	sun_aggjlwcdjsjcaemh.tif	1928859.610169	1928859.868756	1928860.558988	6.673438e-01	76	none	NaN	NaN
128	2	39	68	kitchen	sun_aaxxjlsuzvqlgylf.tif	1928861.328538	1928861.587127	1928862.277295	7.591036e-01	58	none	NaN	NaN
128	2	40	71	kitchen	sun_abftihopvusyfakt.tif	1928863.046911	1928863.305498	1928863.995680	8.425216e-01	61	none	NaN	NaN
128	2	41	93	kitchen	sun_ahspylgoovwmwvgk.tif	1928864.765273	1928865.023860	1928865.714015	7.674454e-01	83	39	1928866.659820	1
128	2	42	100	kitchen	sun_amjjdeyrggfqgmom.tif	1928867.434586	1928867.693173	1928868.383423	8.174962e-01	90	none	NaN	NaN
128	2	43	108	kitchen	sun_aymvwlarqodbwuoc.tif	1928869.152954	1928869.411537	1928870.101795	6.756856e-01	98	none	NaN	NaN
128	2	44	76	kitchen	sun_acwjdupvyjsugpay.tif	1928870.871318	1928871.129907	1928871.820101	7.841290e-01	66	none	NaN	NaN
128	2	45	97	kitchen	sun_ajkqhtgcbgpcwrwn.tif	1928872.589689	1928872.848279	1928873.538535	7.757872e-01	87	none	NaN	NaN
128	2	46	79	kitchen	sun_admlmbcdswaszruo.tif	1928874.308059	1928874.566652	1928875.256786	8.258380e-01	69	none	NaN	NaN
128	2	47	77	kitchen	sun_acxkpeoqbwcxfvip.tif	1928876.026428	1928876.285022	1928876.975058	7.924708e-01	67	none	NaN	NaN
128	2	48	103	kitchen	sun_aunzlwrbjumxhwdj.tif	1928877.744819	1928877.994914	1928878.693505	7.841290e-01	93	none	NaN	NaN
128	2	49	110	kitchen	sun_azmutvzbxypaceni.tif	1928879.454601	1928879.704874	1928880.403380	8.008126e-01	100	none	NaN	NaN
128	2	50	101	kitchen	sun_aqeaevwwwjoqhzvl.tif	1928881.164632	1928881.423449	1928882.113418	7.173946e-01	91	none	NaN	NaN
128	2	51	88	kitchen	sun_agubuxuukhzyzpdp.tif	1928882.874877	1928883.133467	1928883.823660	8.174962e-01	78	none	NaN	NaN
128	2	52	92	kitchen	sun_ahpczsiumwwocjkv.tif	1928884.593246	1928884.851833	1928885.541918	6.923692e-01	82	40	1928886.707671	0
128	2	53	66	kitchen	sun_aapllqyqlykszopd.tif	1928887.479437	1928887.738023	1928888.428268	8.091544e-01	56	none	NaN	NaN
128	2	54	102	kitchen	sun_auaiucuqpdausiva.tif	1928889.197806	1928889.456395	1928890.146462	7.924708e-01	92	39	1928891.099729	0
128	2	55	78	kitchen	sun_adgqasybjyktddhj.tif	1928891.875459	1928892.134045	1928892.824304	7.924708e-01	68	none	NaN	NaN
128	2	56	68	kitchen	sun_aaxxjlsuzvqlgylf.tif	1928893.593832	1928893.852416	1928894.542491	6.756856e-01	58	none	NaN	NaN
128	2	57	62	kitchen	labelme_kxvouciolcpqplr.tif	1928895.312194	1928895.570782	1928896.260905	6.590020e-01	52	none	NaN	NaN
128	2	58	100	kitchen	sun_amjjdeyrggfqgmom.tif	1928897.030564	1928897.289165	1928897.979348	6.923692e-01	90	none	NaN	NaN
128	2	59	74	kitchen	sun_acfmftudsenhrfhy.tif	1928898.748935	1928899.007522	1928899.697604	7.173946e-01	64	none	NaN	NaN
128	2	60	109	kitchen	sun_aypmqwcualkenuoe.tif	1928900.467299	1928900.725889	1928901.415998	8.425216e-01	99	none	NaN	NaN
128	2	61	105	kitchen	sun_avszsnwsbuqfgzbn.tif	1928902.185671	1928902.444260	1928903.134515	7.591036e-01	95	none	NaN	NaN
128	2	62	67	kitchen	sun_aarfiyshqohlwkmo.tif	1928903.904039	1928904.162628	1928904.852875	6.840274e-01	57	none	NaN	NaN
128	2	63	83	kitchen	sun_aeqdocilnnpuvuhx.tif	1928905.622410	1928905.880999	1928906.571192	6.673438e-01	73	none	NaN	NaN
128	2	64	90	kitchen	sun_ahdycvpopffkzzsu.tif	1928907.340777	1928907.599364	1928908.289509	6.756856e-01	80	none	NaN	NaN
128	2	65	75	kitchen	sun_acgtpgfybqjmzeyw.tif	1928909.059145	1928909.317760	1928910.007809	7.757872e-01	65	none	NaN	NaN
128	2	66	101	kitchen	sun_aqeaevwwwjoqhzvl.tif	1928910.777517	1928911.036102	1928911.726242	7.757872e-01	91	none	NaN	NaN
128	2	67	82	kitchen	sun_aenotlpyftoioydp.tif	1928912.495882	1928912.754477	1928913.444574	6.840274e-01	72	40	1928915.019823	0
128	2	68	97	kitchen	sun_ajkqhtgcbgpcwrwn.tif	1928915.790836	1928916.049400	1928916.739635	7.007110e-01	87	none	NaN	NaN
128	2	69	77	kitchen	sun_acxkpeoqbwcxfvip.tif	1928917.509186	1928917.767767	1928918.457998	7.340782e-01	67	none	NaN	NaN
128	2	70	63	kitchen	labelme_rykdqxenmhulbdn.tif	1928919.227555	1928919.486142	1928920.176250	7.424200e-01	53	none	NaN	NaN
128	2	71	87	kitchen	sun_agorklincwxrdtga.tif	1928920.945915	1928921.204506	1928921.894650	8.341798e-01	77	none	NaN	NaN
128	2	72	84	kitchen	sun_aexklacwqwezaorf.tif	1928922.664286	1928922.922879	1928923.613088	7.674454e-01	74	none	NaN	NaN
128	2	73	94	kitchen	sun_ahywdevtimnqcsln.tif	1928924.382655	1928924.641247	1928925.331313	6.923692e-01	84	39	1928926.395685	0
128	2	74	65	kitchen	sun_aamedkxepzlwuxes.tif	1928927.168744	1928927.427336	1928928.117496	8.508634e-01	55	none	NaN	NaN
128	2	75	96	kitchen	sun_ajcbwwvdlsvjyzje.tif	1928928.887111	1928929.145709	1928929.835774	7.507618e-01	86	40	1928930.867767	0
128	2	76	106	kitchen	sun_awcpdzzznmweyyhv.tif	1928931.639839	1928931.898435	1928932.588636	8.008126e-01	96	none	NaN	NaN
128	2	77	80	kitchen	sun_aegoxogugdkwpmpj.tif	1928933.358207	1928933.616798	1928934.306859	8.258380e-01	70	39	1928935.043760	0
128	2	78	95	kitchen	sun_aixorpehvfykdynp.tif	1928935.818980	1928936.077572	1928936.767695	7.424200e-01	85	none	NaN	NaN
128	2	79	81	kitchen	sun_aehawpgmrlhlvcow.tif	1928937.537351	1928937.795939	1928938.486164	8.174962e-01	71	none	NaN	NaN
128	2	80	76	kitchen	sun_acwjdupvyjsugpay.tif	1928939.255720	1928939.514312	1928940.204525	6.590020e-01	66	40	1928941.155813	0
128	2	81	61	kitchen	labelme_brsyyvweiuaazfr.tif	1928941.933372	1928942.191962	1928942.882130	8.091544e-01	51	none	NaN	NaN
128	2	82	98	kitchen	sun_akchetnepxlcxhsu.tif	1928943.651737	1928943.910331	1928944.600535	8.008126e-01	88	none	NaN	NaN
128	2	83	91	kitchen	sun_ahljzhgcdpomplvg.tif	1928945.370108	1928945.628691	1928946.318882	6.506602e-01	81	none	NaN	NaN
128	2	84	72	kitchen	sun_abpwyqmlzafvklqo.tif	1928947.088476	1928947.347069	1928948.037105	6.590020e-01	62	none	NaN	NaN
128	2	85	107	kitchen	sun_axyyrmzcupyhlivc.tif	1928948.806848	1928949.065437	1928949.755627	7.424200e-01	97	40	1928950.763734	0
128	2	86	104	kitchen	sun_auticobqsbwgoppi.tif	1928951.534548	1928951.793137	1928952.483230	6.840274e-01	94	none	NaN	NaN
128	2	87	108	kitchen	sun_aymvwlarqodbwuoc.tif	1928953.252918	1928953.511504	1928954.201808	7.257364e-01	98	none	NaN	NaN
128	2	88	93	kitchen	sun_ahspylgoovwmwvgk.tif	1928954.971286	1928955.229877	1928955.919951	8.258380e-01	83	none	NaN	NaN
128	2	89	86	kitchen	sun_aggjlwcdjsjcaemh.tif	1928956.689650	1928956.948246	1928957.638337	8.174962e-01	76	none	NaN	NaN
128	2	90	103	kitchen	sun_aunzlwrbjumxhwdj.tif	1928958.408025	1928958.666611	1928959.356798	6.506602e-01	93	none	NaN	NaN
128	2	91	73	kitchen	sun_abrcnpqqhmjwekyf.tif	1928960.126389	1928960.384979	1928961.075078	7.340782e-01	63	none	NaN	NaN
128	2	92	89	kitchen	sun_agzzivivdpnawacl.tif	1928961.844757	1928962.103347	1928962.793514	7.674454e-01	79	none	NaN	NaN
128	2	93	71	kitchen	sun_abftihopvusyfakt.tif	1928963.563125	1928963.821714	1928964.511930	6.756856e-01	61	none	NaN	NaN
128	2	94	85	kitchen	sun_afuyedyxivkhecmu.tif	1928965.281498	1928965.540087	1928966.230206	8.508634e-01	75	none	NaN	NaN
128	2	95	64	kitchen	sun_aadbddgrdsjugojn.tif	1928966.999864	1928967.258456	1928967.948650	6.673438e-01	54	none	NaN	NaN
128	2	96	110	kitchen	sun_azmutvzbxypaceni.tif	1928968.718237	1928968.976821	1928969.666943	8.425216e-01	100	none	NaN	NaN
128	2	97	70	kitchen	sun_abdxkyyxwfskuaqb.tif	1928970.436603	1928970.695194	1928971.385273	8.341798e-01	60	none	NaN	NaN
128	2	98	99	kitchen	sun_akcjzhbbjlbogpdi.tif	1928972.154971	1928972.413560	1928973.103765	7.841290e-01	89	none	NaN	NaN
128	2	99	79	kitchen	sun_admlmbcdswaszruo.tif	1928973.873336	1928974.131929	1928974.821964	8.091544e-01	69	none	NaN	NaN
128	2	100	69	kitchen	sun_abdenxonkemggwsq.tif	1928975.591706	1928975.850295	1928976.540374	7.257364e-01	59	none	NaN	NaN
128	3	1	27	bathroom	sun_ahcvzmoyaycdoftf.tif	1928989.196846	1928989.455428	1928990.270783	8.258380e-01	17	none	NaN	NaN
128	3	2	21	bathroom	sun_aggnnqpdorgxpvce.tif	1928991.040344	1928991.298930	1928992.114142	6.923692e-01	11	40	1928993.259720	0
128	3	3	19	bathroom	sun_aclfzgynxzxlbepz.tif	1928994.034973	1928994.293564	1928995.108856	8.258380e-01	9	none	NaN	NaN
128	3	4	46	bathroom	sun_apmqjbnwghzuhhzh.tif	1928995.878469	1928996.137060	1928996.952354	7.090528e-01	36	none	NaN	NaN
128	3	5	17	bathroom	sun_acegryoqftbzowsg.tif	1928997.721960	1928997.980546	1928998.795919	8.425216e-01	7	none	NaN	NaN
128	3	6	34	bathroom	sun_alkosphxlxwjwgjd.tif	1928999.565448	1928999.824044	1929000.639304	7.257364e-01	24	none	NaN	NaN
128	3	7	18	bathroom	sun_acgyywnybuveqsro.tif	1929001.408943	1929001.667531	1929002.482887	7.090528e-01	8	none	NaN	NaN
128	3	8	38	bathroom	sun_anhioqovhscjqqwb.tif	1929003.252439	1929003.511027	1929004.326282	6.756856e-01	28	none	NaN	NaN
128	3	9	50	bathroom	sun_aspsyogrekjtfozg.tif	1929005.095928	1929005.354521	1929006.169827	8.425216e-01	40	none	NaN	NaN
128	3	10	29	bathroom	sun_ahqjwnzgolcaoidx.tif	1929006.939419	1929007.198013	1929008.013274	7.090528e-01	19	39	1929008.819692	0
128	3	11	53	bathroom	sun_ausgutylgojavyoq.tif	1929009.592047	1929009.850638	1929010.666046	6.590020e-01	43	none	NaN	NaN
128	3	12	59	bathroom	sun_axyrejkiiaqiurjk.tif	1929011.435542	1929011.694129	1929012.509417	7.841290e-01	49	none	NaN	NaN
128	3	13	24	bathroom	sun_agrwbmhcpmfuwmsg.tif	1929013.279032	1929013.537627	1929014.352931	8.008126e-01	14	none	NaN	NaN
128	3	14	58	bathroom	sun_axxbkopsgyouuebh.tif	1929015.122524	1929015.381119	1929016.196359	7.507618e-01	48	none	NaN	NaN
128	3	15	31	bathroom	sun_akiytfaagpdsphgz.tif	1929016.966020	1929017.224612	1929018.039813	6.840274e-01	21	none	NaN	NaN
128	3	16	13	bathroom	sun_aavhrsfjbserjtht.tif	1929018.809511	1929019.068102	1929019.883419	7.591036e-01	3	none	NaN	NaN
128	3	17	54	bathroom	sun_auzqhkafidnkrwmo.tif	1929020.653007	1929020.911593	1929021.727013	8.341798e-01	44	39	1929022.971704	0
128	3	18	37	bathroom	sun_amzlamotzwfkwjco.tif	1929023.747732	1929024.006329	1929024.821612	7.340782e-01	27	none	NaN	NaN
128	3	19	49	bathroom	sun_asfwthctfqerjvxr.tif	1929025.591227	1929025.849820	1929026.665129	7.173946e-01	39	none	NaN	NaN
128	3	20	45	bathroom	sun_apkxzenqapsujocq.tif	1929027.434720	1929027.693307	1929028.508586	6.756856e-01	35	none	NaN	NaN
128	3	21	39	bathroom	sun_anryaplzeujmzfkd.tif	1929029.278213	1929029.536799	1929030.352063	6.506602e-01	29	none	NaN	NaN
128	3	22	51	bathroom	sun_atstyziqcmkahyxk.tif	1929031.121701	1929031.380296	1929032.195547	7.674454e-01	41	none	NaN	NaN
128	3	23	30	bathroom	sun_ajlawzvmubibwbpy.tif	1929032.965193	1929033.223784	1929034.039084	6.923692e-01	20	none	NaN	NaN
128	3	24	33	bathroom	sun_aljolscmmzydegqp.tif	1929034.808688	1929035.067275	1929035.882578	7.841290e-01	23	none	NaN	NaN
128	3	25	20	bathroom	sun_afcoljnjfoxjtgja.tif	1929036.652182	1929036.910770	1929037.726108	6.756856e-01	10	none	NaN	NaN
128	3	26	60	bathroom	sun_azqyogdvyhahyram.tif	1929038.495677	1929038.754261	1929039.569513	8.091544e-01	50	none	NaN	NaN
128	3	27	22	bathroom	sun_agguqiubmwhqqunb.tif	1929040.339165	1929040.597748	1929041.412957	7.674454e-01	12	40	1929042.747803	0
128	3	28	55	bathroom	sun_avhrdrntsqrjzccq.tif	1929043.525655	1929043.784248	1929044.599431	7.173946e-01	45	none	NaN	NaN
128	3	29	52	bathroom	sun_aunuadmjocsddsrl.tif	1929045.369150	1929045.627736	1929046.443015	7.007110e-01	42	none	NaN	NaN
128	3	30	14	bathroom	sun_abapwbhyhkfixyex.tif	1929047.212642	1929047.471237	1929048.286569	7.924708e-01	4	none	NaN	NaN
128	3	31	35	bathroom	sun_alotolagknyrgtsk.tif	1929049.056131	1929049.314725	1929050.130076	7.757872e-01	25	39	1929051.307735	1
128	3	32	11	bathroom	labelme_sfxiulhjbhlyiyt.tif	1929052.084131	1929052.342725	1929053.157983	7.340782e-01	1	none	NaN	NaN
128	3	33	48	bathroom	sun_aqrpegblszgcoujh.tif	1929053.927623	1929054.186214	1929055.001453	8.258380e-01	38	none	NaN	NaN
128	3	34	28	bathroom	sun_ahijqszoswveeyji.tif	1929055.771117	1929056.029704	1929056.844926	7.507618e-01	18	40	1929058.155984	0
128	3	35	57	bathroom	sun_axldvoqbuvuggfmq.tif	1929058.932580	1929059.191167	1929060.006405	7.924708e-01	47	none	NaN	NaN
128	3	36	26	bathroom	sun_ahaulkltgpkeeemi.tif	1929060.776079	1929061.034661	1929061.850005	7.257364e-01	16	none	NaN	NaN
128	3	37	23	bathroom	sun_aghyqhbptboemmoq.tif	1929062.619571	1929062.878156	1929063.693538	8.174962e-01	13	none	NaN	NaN
128	3	38	47	bathroom	sun_apynckhmoftszqoq.tif	1929064.463061	1929064.721648	1929065.537035	7.424200e-01	37	none	NaN	NaN
128	3	39	42	bathroom	sun_apeeialkgkuxddgh.tif	1929066.306550	1929066.565139	1929067.380525	7.674454e-01	32	40	1929068.923678	0
128	3	40	25	bathroom	sun_agyqfjcfkdcydepw.tif	1929069.701582	1929069.960173	1929070.775344	6.840274e-01	15	none	NaN	NaN
128	3	41	32	bathroom	sun_aleqenyvunhactkl.tif	1929071.545075	1929071.803665	1929072.618993	7.507618e-01	22	40	1929073.779770	0
128	3	42	12	bathroom	sun_aapitsgbtktqubfy.tif	1929074.556388	1929074.814977	1929075.630349	8.008126e-01	2	none	NaN	NaN
128	3	43	36	bathroom	sun_ambriybtogmepttm.tif	1929076.399881	1929076.658476	1929077.473795	7.007110e-01	26	none	NaN	NaN
128	3	44	44	bathroom	sun_apkruvsevgegsdwp.tif	1929078.243373	1929078.501961	1929079.317168	8.508634e-01	34	none	NaN	NaN
128	3	45	56	bathroom	sun_awnqiikzaispgmwo.tif	1929080.086868	1929080.345457	1929081.160743	6.756856e-01	46	none	NaN	NaN
128	3	46	15	bathroom	sun_abjtwfukuwddzted.tif	1929081.930359	1929082.188951	1929083.004136	8.425216e-01	5	none	NaN	NaN
128	3	47	16	bathroom	sun_acduarbnmmoglmiv.tif	1929083.773848	1929084.032440	1929084.847715	6.923692e-01	6	none	NaN	NaN
128	3	48	43	bathroom	sun_apjevzvycyhuqghb.tif	1929085.617343	1929085.875933	1929086.691173	7.757872e-01	33	none	NaN	NaN
128	3	49	40	bathroom	sun_aofnryafpsjimzsb.tif	1929087.460834	1929087.719430	1929088.534655	6.673438e-01	30	none	NaN	NaN
128	3	50	41	bathroom	sun_aoybiabnpadelefl.tif	1929089.304331	1929089.562920	1929090.378303	6.673438e-01	31	none	NaN	NaN
128	3	51	27	bathroom	sun_ahcvzmoyaycdoftf.tif	1929091.147821	1929091.406412	1929092.221778	8.341798e-01	17	39	1929093.075797	0
128	3	52	36	bathroom	sun_ambriybtogmepttm.tif	1929093.850496	1929094.109083	1929094.924365	8.341798e-01	26	none	NaN	NaN
128	3	53	37	bathroom	sun_amzlamotzwfkwjco.tif	1929095.693990	1929095.952577	1929096.767832	8.091544e-01	27	none	NaN	NaN
128	3	54	14	bathroom	sun_abapwbhyhkfixyex.tif	1929097.537481	1929097.796070	1929098.611295	8.008126e-01	4	none	NaN	NaN
128	3	55	40	bathroom	sun_aofnryafpsjimzsb.tif	1929099.380974	1929099.639566	1929100.454764	7.173946e-01	30	none	NaN	NaN
128	3	56	41	bathroom	sun_aoybiabnpadelefl.tif	1929101.224466	1929101.483053	1929102.298351	6.590020e-01	31	none	NaN	NaN
128	3	57	39	bathroom	sun_anryaplzeujmzfkd.tif	1929103.067960	1929103.326545	1929104.141856	6.840274e-01	29	none	NaN	NaN
128	3	58	43	bathroom	sun_apjevzvycyhuqghb.tif	1929104.911454	1929105.170045	1929105.985282	6.923692e-01	33	none	NaN	NaN
128	3	59	60	bathroom	sun_azqyogdvyhahyram.tif	1929106.754944	1929107.013532	1929107.828871	7.007110e-01	50	39	1929109.275743	1
128	3	60	38	bathroom	sun_anhioqovhscjqqwb.tif	1929110.049875	1929110.308464	1929111.123767	7.257364e-01	28	none	NaN	NaN
128	3	61	12	bathroom	sun_aapitsgbtktqubfy.tif	1929111.893366	1929112.151957	1929112.967297	7.424200e-01	2	none	NaN	NaN
128	3	62	11	bathroom	labelme_sfxiulhjbhlyiyt.tif	1929113.736860	1929113.995450	1929114.810690	7.757872e-01	1	none	NaN	NaN
128	3	63	30	bathroom	sun_ajlawzvmubibwbpy.tif	1929115.580349	1929115.838946	1929116.654170	8.174962e-01	20	none	NaN	NaN
128	3	64	28	bathroom	sun_ahijqszoswveeyji.tif	1929117.423849	1929117.682439	1929118.497772	6.506602e-01	18	none	NaN	NaN
128	3	65	48	bathroom	sun_aqrpegblszgcoujh.tif	1929119.267338	1929119.525934	1929120.341106	7.507618e-01	38	none	NaN	NaN
128	3	66	25	bathroom	sun_agyqfjcfkdcydepw.tif	1929121.110827	1929121.369422	1929122.184644	7.424200e-01	15	none	NaN	NaN
128	3	67	23	bathroom	sun_aghyqhbptboemmoq.tif	1929122.954322	1929123.212912	1929124.028162	6.923692e-01	13	none	NaN	NaN
128	3	68	16	bathroom	sun_acduarbnmmoglmiv.tif	1929124.797831	1929125.056407	1929125.871735	7.340782e-01	6	none	NaN	NaN
128	3	69	58	bathroom	sun_axxbkopsgyouuebh.tif	1929126.641310	1929126.899898	1929127.715170	8.258380e-01	48	none	NaN	NaN
128	3	70	21	bathroom	sun_aggnnqpdorgxpvce.tif	1929128.484799	1929128.743393	1929129.558678	8.174962e-01	11	none	NaN	NaN
128	3	71	26	bathroom	sun_ahaulkltgpkeeemi.tif	1929130.328290	1929130.586884	1929131.402253	8.091544e-01	16	none	NaN	NaN
128	3	72	34	bathroom	sun_alkosphxlxwjwgjd.tif	1929132.171784	1929132.430369	1929133.245694	6.506602e-01	24	none	NaN	NaN
128	3	73	52	bathroom	sun_aunuadmjocsddsrl.tif	1929134.015277	1929134.273866	1929135.089082	6.673438e-01	42	none	NaN	NaN
128	3	74	15	bathroom	sun_abjtwfukuwddzted.tif	1929135.858772	1929136.117358	1929136.932716	7.591036e-01	5	none	NaN	NaN
128	3	75	13	bathroom	sun_aavhrsfjbserjtht.tif	1929137.702220	1929137.960847	1929138.776007	7.674454e-01	3	none	NaN	NaN
128	3	76	46	bathroom	sun_apmqjbnwghzuhhzh.tif	1929139.545752	1929139.804346	1929140.619711	8.425216e-01	36	none	NaN	NaN
128	3	77	59	bathroom	sun_axyrejkiiaqiurjk.tif	1929141.389251	1929141.647834	1929142.463221	7.924708e-01	49	none	NaN	NaN
128	3	78	42	bathroom	sun_apeeialkgkuxddgh.tif	1929143.232741	1929143.491332	1929144.306685	7.841290e-01	32	none	NaN	NaN
128	3	79	24	bathroom	sun_agrwbmhcpmfuwmsg.tif	1929145.076233	1929145.334819	1929146.150038	8.008126e-01	14	none	NaN	NaN
128	3	80	35	bathroom	sun_alotolagknyrgtsk.tif	1929146.919725	1929147.178313	1929147.993511	7.173946e-01	25	39	1929149.171688	0
128	3	81	57	bathroom	sun_axldvoqbuvuggfmq.tif	1929149.947723	1929150.206315	1929151.021654	8.258380e-01	47	none	NaN	NaN
128	3	82	32	bathroom	sun_aleqenyvunhactkl.tif	1929151.791216	1929152.049803	1929152.865171	7.424200e-01	22	none	NaN	NaN
128	3	83	55	bathroom	sun_avhrdrntsqrjzccq.tif	1929153.634713	1929153.893298	1929154.709353	7.924708e-01	45	39	1929155.699726	0
128	3	84	22	bathroom	sun_agguqiubmwhqqunb.tif	1929156.470849	1929156.729439	1929157.544606	6.590020e-01	12	none	NaN	NaN
128	3	85	45	bathroom	sun_apkxzenqapsujocq.tif	1929158.314342	1929158.572931	1929159.388174	7.340782e-01	35	none	NaN	NaN
128	3	86	20	bathroom	sun_afcoljnjfoxjtgja.tif	1929160.157840	1929160.416420	1929161.231813	7.841290e-01	10	39	1929162.219730	0
128	3	87	19	bathroom	sun_aclfzgynxzxlbepz.tif	1929162.993974	1929163.252567	1929164.067914	7.591036e-01	9	none	NaN	NaN
128	3	88	31	bathroom	sun_akiytfaagpdsphgz.tif	1929164.837468	1929165.096059	1929165.911238	7.591036e-01	21	none	NaN	NaN
128	3	89	47	bathroom	sun_apynckhmoftszqoq.tif	1929166.680960	1929166.939552	1929167.754786	8.508634e-01	37	none	NaN	NaN
128	3	90	17	bathroom	sun_acegryoqftbzowsg.tif	1929168.524454	1929168.783043	1929169.598229	6.840274e-01	7	none	NaN	NaN
128	3	91	33	bathroom	sun_aljolscmmzydegqp.tif	1929170.367949	1929170.626540	1929171.441767	7.257364e-01	23	none	NaN	NaN
128	3	92	51	bathroom	sun_atstyziqcmkahyxk.tif	1929172.211439	1929172.470031	1929173.285199	6.673438e-01	41	39	1929174.035708	0
128	3	93	54	bathroom	sun_auzqhkafidnkrwmo.tif	1929174.814014	1929175.072603	1929175.887917	8.174962e-01	44	none	NaN	NaN
128	3	94	18	bathroom	sun_acgyywnybuveqsro.tif	1929176.657511	1929176.916099	1929177.731391	7.007110e-01	8	none	NaN	NaN
128	3	95	50	bathroom	sun_aspsyogrekjtfozg.tif	1929178.501002	1929178.759591	1929179.574890	7.090528e-01	40	none	NaN	NaN
128	3	96	53	bathroom	sun_ausgutylgojavyoq.tif	1929180.344496	1929180.603088	1929181.418256	7.757872e-01	43	none	NaN	NaN
128	3	97	56	bathroom	sun_awnqiikzaispgmwo.tif	1929182.187984	1929182.446576	1929183.261741	8.091544e-01	46	39	1929184.123862	0
128	3	98	49	bathroom	sun_asfwthctfqerjvxr.tif	1929184.899006	1929185.157598	1929185.972768	7.591036e-01	39	none	NaN	NaN
128	3	99	44	bathroom	sun_apkruvsevgegsdwp.tif	1929186.742500	1929187.001089	1929187.816318	6.590020e-01	34	none	NaN	NaN
128	3	100	29	bathroom	sun_ahqjwnzgolcaoidx.tif	1929188.585990	1929188.844578	1929189.659789	8.341798e-01	19	none	NaN	NaN
128	4	1	68	kitchen	sun_aaxxjlsuzvqlgylf.tif	1929208.539088	1929208.797674	1929209.496125	7.257364e-01	58	none	NaN	NaN
128	4	2	77	kitchen	sun_acxkpeoqbwcxfvip.tif	1929210.265796	1929210.524388	1929211.222793	7.007110e-01	67	none	NaN	NaN
128	4	3	79	kitchen	sun_admlmbcdswaszruo.tif	1929211.992505	1929212.251098	1929212.949539	8.174962e-01	69	none	NaN	NaN
128	4	4	86	kitchen	sun_aggjlwcdjsjcaemh.tif	1929213.719215	1929213.977808	1929214.676357	7.090528e-01	76	none	NaN	NaN
128	4	5	94	kitchen	sun_ahywdevtimnqcsln.tif	1929215.445923	1929215.704517	1929216.402989	7.007110e-01	84	none	NaN	NaN
128	4	6	95	kitchen	sun_aixorpehvfykdynp.tif	1929217.172635	1929217.431228	1929218.129725	6.756856e-01	85	none	NaN	NaN
128	4	7	75	kitchen	sun_acgtpgfybqjmzeyw.tif	1929218.899351	1929219.157937	1929219.856373	7.507618e-01	65	none	NaN	NaN
128	4	8	88	kitchen	sun_agubuxuukhzyzpdp.tif	1929220.626058	1929220.884646	1929221.583089	6.590020e-01	78	none	NaN	NaN
128	4	9	85	kitchen	sun_afuyedyxivkhecmu.tif	1929222.352763	1929222.611356	1929223.309771	7.841290e-01	75	39	1929224.171683	0
128	4	10	104	kitchen	sun_auticobqsbwgoppi.tif	1929224.947002	1929225.205592	1929225.904003	7.591036e-01	94	39	1929226.587746	1
128	4	11	72	kitchen	sun_abpwyqmlzafvklqo.tif	1929227.366061	1929227.624652	1929228.323201	7.924708e-01	62	none	NaN	NaN
128	4	12	66	kitchen	sun_aapllqyqlykszopd.tif	1929229.092776	1929229.351365	1929230.049891	7.257364e-01	56	none	NaN	NaN
128	4	13	69	kitchen	sun_abdenxonkemggwsq.tif	1929230.819482	1929231.078075	1929231.776567	8.091544e-01	59	39	1929232.403804	1
128	4	14	108	kitchen	sun_aymvwlarqodbwuoc.tif	1929233.180159	1929233.438744	1929234.137302	6.756856e-01	98	none	NaN	NaN
128	4	15	105	kitchen	sun_avszsnwsbuqfgzbn.tif	1929234.906869	1929235.165458	1929235.863915	7.507618e-01	95	none	NaN	NaN
128	4	16	78	kitchen	sun_adgqasybjyktddhj.tif	1929236.633575	1929236.892166	1929237.590696	8.008126e-01	68	none	NaN	NaN
128	4	17	101	kitchen	sun_aqeaevwwwjoqhzvl.tif	1929238.360289	1929238.618870	1929239.317333	8.508634e-01	91	39	1929240.275779	1
128	4	18	99	kitchen	sun_akcjzhbbjlbogpdi.tif	1929241.046278	1929241.304868	1929242.003447	6.840274e-01	89	none	NaN	NaN
128	4	19	90	kitchen	sun_ahdycvpopffkzzsu.tif	1929242.772989	1929243.031578	1929243.730002	7.424200e-01	80	none	NaN	NaN
128	4	20	70	kitchen	sun_abdxkyyxwfskuaqb.tif	1929244.499701	1929244.758287	1929245.456859	8.341798e-01	60	none	NaN	NaN
128	4	21	81	kitchen	sun_aehawpgmrlhlvcow.tif	1929246.226409	1929246.484999	1929247.183526	8.008126e-01	71	40	1929249.027466	0
128	4	22	106	kitchen	sun_awcpdzzznmweyyhv.tif	1929249.804950	1929250.063547	1929250.761928	8.091544e-01	96	none	NaN	NaN
128	4	23	93	kitchen	sun_ahspylgoovwmwvgk.tif	1929251.531663	1929251.790256	1929252.488634	6.506602e-01	83	none	NaN	NaN
128	4	24	97	kitchen	sun_ajkqhtgcbgpcwrwn.tif	1929253.258374	1929253.516965	1929254.215545	7.173946e-01	87	none	NaN	NaN
128	4	25	91	kitchen	sun_ahljzhgcdpomplvg.tif	1929254.985083	1929255.243678	1929255.942208	7.257364e-01	81	none	NaN	NaN
128	4	26	96	kitchen	sun_ajcbwwvdlsvjyzje.tif	1929256.711794	1929256.970384	1929257.668981	8.091544e-01	86	none	NaN	NaN
128	4	27	62	kitchen	labelme_kxvouciolcpqplr.tif	1929258.438507	1929258.697097	1929259.395597	7.757872e-01	52	none	NaN	NaN
128	4	28	109	kitchen	sun_aypmqwcualkenuoe.tif	1929260.165215	1929260.423804	1929261.122359	7.757872e-01	99	39	1929261.659653	0
128	4	29	76	kitchen	sun_acwjdupvyjsugpay.tif	1929262.434127	1929262.692720	1929263.391143	8.091544e-01	66	none	NaN	NaN
128	4	30	87	kitchen	sun_agorklincwxrdtga.tif	1929264.160841	1929264.419426	1929265.117888	8.425216e-01	77	none	NaN	NaN
128	4	31	102	kitchen	sun_auaiucuqpdausiva.tif	1929265.887551	1929266.146140	1929266.844529	8.341798e-01	92	none	NaN	NaN
128	4	32	110	kitchen	sun_azmutvzbxypaceni.tif	1929267.614257	1929267.872852	1929268.571389	7.674454e-01	100	39	1929269.235615	1
128	4	33	98	kitchen	sun_akchetnepxlcxhsu.tif	1929270.008296	1929270.266884	1929270.965451	6.673438e-01	88	none	NaN	NaN
128	4	34	100	kitchen	sun_amjjdeyrggfqgmom.tif	1929271.735006	1929271.993599	1929272.692113	7.340782e-01	90	39	1929273.371638	0
128	4	35	107	kitchen	sun_axyyrmzcupyhlivc.tif	1929274.145728	1929274.404313	1929275.102751	7.674454e-01	97	none	NaN	NaN
128	4	36	65	kitchen	sun_aamedkxepzlwuxes.tif	1929275.872438	1929276.131027	1929276.829616	8.174962e-01	55	none	NaN	NaN
128	4	37	64	kitchen	sun_aadbddgrdsjugojn.tif	1929277.599150	1929277.857739	1929278.556171	7.340782e-01	54	39	1929279.163657	0
128	4	38	89	kitchen	sun_agzzivivdpnawacl.tif	1929279.934795	1929280.193384	1929280.891860	8.425216e-01	79	none	NaN	NaN
128	4	39	103	kitchen	sun_aunzlwrbjumxhwdj.tif	1929281.661502	1929281.920095	1929282.618535	6.840274e-01	93	none	NaN	NaN
128	4	40	71	kitchen	sun_abftihopvusyfakt.tif	1929283.388212	1929283.646802	1929284.345255	7.424200e-01	61	none	NaN	NaN
128	4	41	83	kitchen	sun_aeqdocilnnpuvuhx.tif	1929285.114924	1929285.373534	1929286.072008	6.506602e-01	73	none	NaN	NaN
128	4	42	73	kitchen	sun_abrcnpqqhmjwekyf.tif	1929286.841636	1929287.100226	1929287.798725	6.506602e-01	63	none	NaN	NaN
128	4	43	84	kitchen	sun_aexklacwqwezaorf.tif	1929288.568344	1929288.826933	1929289.525501	7.173946e-01	74	none	NaN	NaN
128	4	44	92	kitchen	sun_ahpczsiumwwocjkv.tif	1929290.295055	1929290.553642	1929291.252138	7.674454e-01	82	none	NaN	NaN
128	4	45	82	kitchen	sun_aenotlpyftoioydp.tif	1929292.021764	1929292.280356	1929292.978932	8.258380e-01	72	39	1929293.659668	1
128	4	46	80	kitchen	sun_aegoxogugdkwpmpj.tif	1929294.432488	1929294.691076	1929295.389576	6.923692e-01	70	none	NaN	NaN
128	4	47	61	kitchen	labelme_brsyyvweiuaazfr.tif	1929296.159199	1929296.417782	1929297.116210	7.090528e-01	51	none	NaN	NaN
128	4	48	63	kitchen	labelme_rykdqxenmhulbdn.tif	1929297.885906	1929298.144496	1929298.843035	8.174962e-01	53	39	1929299.619606	0
128	4	49	67	kitchen	sun_aarfiyshqohlwkmo.tif	1929300.396730	1929300.655316	1929301.353764	7.007110e-01	57	none	NaN	NaN
128	4	50	74	kitchen	sun_acfmftudsenhrfhy.tif	1929302.123440	1929302.382022	1929303.080607	7.424200e-01	64	none	NaN	NaN
128	4	51	91	kitchen	sun_ahljzhgcdpomplvg.tif	1929303.850152	1929304.108738	1929304.807268	7.924708e-01	81	none	NaN	NaN
128	4	52	85	kitchen	sun_afuyedyxivkhecmu.tif	1929305.576872	1929305.835446	1929306.533981	8.258380e-01	75	none	NaN	NaN
128	4	53	78	kitchen	sun_adgqasybjyktddhj.tif	1929307.303570	1929307.562160	1929308.260596	6.756856e-01	68	none	NaN	NaN
128	4	54	92	kitchen	sun_ahpczsiumwwocjkv.tif	1929309.030274	1929309.288870	1929309.987274	6.590020e-01	82	none	NaN	NaN
128	4	55	87	kitchen	sun_agorklincwxrdtga.tif	1929310.756984	1929311.015577	1929311.713970	8.258380e-01	77	none	NaN	NaN
128	4	56	102	kitchen	sun_auaiucuqpdausiva.tif	1929312.483700	1929312.742290	1929313.440885	7.257364e-01	92	none	NaN	NaN
128	4	57	66	kitchen	sun_aapllqyqlykszopd.tif	1929314.210405	1929314.468997	1929315.167468	8.008126e-01	56	39	1929315.715753	1
128	4	58	106	kitchen	sun_awcpdzzznmweyyhv.tif	1929316.487659	1929316.746254	1929317.444815	7.090528e-01	96	none	NaN	NaN
128	4	59	64	kitchen	sun_aadbddgrdsjugojn.tif	1929318.214375	1929318.472968	1929319.171479	7.090528e-01	54	none	NaN	NaN
128	4	60	80	kitchen	sun_aegoxogugdkwpmpj.tif	1929319.941086	1929320.199669	1929320.898118	6.673438e-01	70	none	NaN	NaN
128	4	61	73	kitchen	sun_abrcnpqqhmjwekyf.tif	1929321.667794	1929321.926381	1929322.624948	7.674454e-01	63	none	NaN	NaN
128	4	62	105	kitchen	sun_avszsnwsbuqfgzbn.tif	1929323.394503	1929323.653096	1929324.351572	7.424200e-01	95	none	NaN	NaN
128	4	63	62	kitchen	labelme_kxvouciolcpqplr.tif	1929325.121212	1929325.379802	1929326.078215	7.173946e-01	52	none	NaN	NaN
128	4	64	89	kitchen	sun_agzzivivdpnawacl.tif	1929326.847920	1929327.106510	1929327.804909	6.673438e-01	79	none	NaN	NaN
128	4	65	103	kitchen	sun_aunzlwrbjumxhwdj.tif	1929328.574633	1929328.833225	1929329.531633	8.258380e-01	93	39	1929330.283452	0
128	4	66	108	kitchen	sun_aymvwlarqodbwuoc.tif	1929331.060429	1929331.319021	1929332.017541	8.425216e-01	98	none	NaN	NaN
128	4	67	72	kitchen	sun_abpwyqmlzafvklqo.tif	1929332.787139	1929333.045726	1929333.744281	7.591036e-01	62	none	NaN	NaN
128	4	68	70	kitchen	sun_abdxkyyxwfskuaqb.tif	1929334.513848	1929334.772442	1929335.470962	6.923692e-01	60	none	NaN	NaN
128	4	69	68	kitchen	sun_aaxxjlsuzvqlgylf.tif	1929336.240561	1929336.499147	1929337.197653	6.756856e-01	58	39	1929337.899793	0
128	4	70	110	kitchen	sun_azmutvzbxypaceni.tif	1929338.676301	1929338.934893	1929339.633306	7.507618e-01	100	none	NaN	NaN
128	4	71	107	kitchen	sun_axyyrmzcupyhlivc.tif	1929340.403016	1929340.661603	1929341.360014	6.923692e-01	97	none	NaN	NaN
128	4	72	97	kitchen	sun_ajkqhtgcbgpcwrwn.tif	1929342.129726	1929342.388315	1929343.086826	7.340782e-01	87	none	NaN	NaN
128	4	73	65	kitchen	sun_aamedkxepzlwuxes.tif	1929343.856435	1929344.115027	1929344.813475	7.591036e-01	55	39	1929345.547782	1
128	4	74	99	kitchen	sun_akcjzhbbjlbogpdi.tif	1929346.325546	1929346.584134	1929347.282674	6.840274e-01	89	none	NaN	NaN
128	4	75	94	kitchen	sun_ahywdevtimnqcsln.tif	1929348.052254	1929348.310846	1929349.009229	7.841290e-01	84	none	NaN	NaN
128	4	76	83	kitchen	sun_aeqdocilnnpuvuhx.tif	1929349.778965	1929350.037559	1929350.736020	8.341798e-01	73	none	NaN	NaN
128	4	77	86	kitchen	sun_aggjlwcdjsjcaemh.tif	1929351.505674	1929351.764265	1929352.462841	6.673438e-01	76	none	NaN	NaN
128	4	78	95	kitchen	sun_aixorpehvfykdynp.tif	1929353.232383	1929353.490975	1929354.189523	7.591036e-01	85	none	NaN	NaN
128	4	79	74	kitchen	sun_acfmftudsenhrfhy.tif	1929354.959099	1929355.217696	1929355.916236	7.591036e-01	64	none	NaN	NaN
128	4	80	77	kitchen	sun_acxkpeoqbwcxfvip.tif	1929356.685809	1929356.944399	1929357.642843	7.757872e-01	67	none	NaN	NaN
128	4	81	79	kitchen	sun_admlmbcdswaszruo.tif	1929358.412517	1929358.671104	1929359.369668	7.924708e-01	69	none	NaN	NaN
128	4	82	84	kitchen	sun_aexklacwqwezaorf.tif	1929360.139232	1929360.397818	1929361.096288	8.508634e-01	74	none	NaN	NaN
128	4	83	88	kitchen	sun_agubuxuukhzyzpdp.tif	1929361.865941	1929362.124533	1929362.823068	7.924708e-01	78	none	NaN	NaN
128	4	84	109	kitchen	sun_aypmqwcualkenuoe.tif	1929363.592648	1929363.851238	1929364.549665	8.425216e-01	99	none	NaN	NaN
128	4	85	63	kitchen	labelme_rykdqxenmhulbdn.tif	1929365.319360	1929365.577952	1929366.276445	6.590020e-01	53	none	NaN	NaN
128	4	86	101	kitchen	sun_aqeaevwwwjoqhzvl.tif	1929367.046067	1929367.304657	1929368.003225	8.341798e-01	91	none	NaN	NaN
128	4	87	93	kitchen	sun_ahspylgoovwmwvgk.tif	1929368.772780	1929369.031367	1929369.729912	7.841290e-01	83	none	NaN	NaN
128	4	88	81	kitchen	sun_aehawpgmrlhlvcow.tif	1929370.499486	1929370.758078	1929371.456545	7.340782e-01	71	none	NaN	NaN
128	4	89	90	kitchen	sun_ahdycvpopffkzzsu.tif	1929372.226200	1929372.484789	1929373.183243	8.258380e-01	80	none	NaN	NaN
128	4	90	98	kitchen	sun_akchetnepxlcxhsu.tif	1929373.952910	1929374.211495	1929374.910051	7.757872e-01	88	none	NaN	NaN
128	4	91	69	kitchen	sun_abdenxonkemggwsq.tif	1929375.679620	1929375.938208	1929376.636756	6.923692e-01	59	none	NaN	NaN
128	4	92	96	kitchen	sun_ajcbwwvdlsvjyzje.tif	1929377.406330	1929377.664921	1929378.363466	6.840274e-01	86	none	NaN	NaN
128	4	93	75	kitchen	sun_acgtpgfybqjmzeyw.tif	1929379.133038	1929379.391628	1929380.090177	8.174962e-01	65	none	NaN	NaN
128	4	94	76	kitchen	sun_acwjdupvyjsugpay.tif	1929380.859748	1929381.118336	1929381.816817	7.173946e-01	66	none	NaN	NaN
128	4	95	104	kitchen	sun_auticobqsbwgoppi.tif	1929382.586457	1929382.845050	1929383.543553	8.008126e-01	94	none	NaN	NaN
128	4	96	82	kitchen	sun_aenotlpyftoioydp.tif	1929384.313167	1929384.571764	1929385.270348	7.841290e-01	72	none	NaN	NaN
128	4	97	61	kitchen	labelme_brsyyvweiuaazfr.tif	1929386.039879	1929386.298468	1929386.996986	7.007110e-01	51	none	NaN	NaN
128	4	98	71	kitchen	sun_abftihopvusyfakt.tif	1929387.766588	1929388.025176	1929388.723639	6.590020e-01	61	none	NaN	NaN
128	4	99	67	kitchen	sun_aarfiyshqohlwkmo.tif	1929389.493295	1929389.751891	1929390.450461	6.923692e-01	57	none	NaN	NaN
128	4	100	100	kitchen	sun_amjjdeyrggfqgmom.tif	1929391.220008	1929391.478598	1929392.177191	7.507618e-01	90	none	NaN	NaN
128	5	1	47	bathroom	sun_apynckhmoftszqoq.tif	1929410.063675	1929410.322265	1929411.029112	7.591036e-01	37	none	NaN	NaN
128	5	2	55	bathroom	sun_avhrdrntsqrjzccq.tif	1929411.798726	1929412.057316	1929412.764247	6.506602e-01	45	39	1929413.747641	1
128	5	3	45	bathroom	sun_apkxzenqapsujocq.tif	1929414.518084	1929414.776673	1929415.483501	7.424200e-01	35	none	NaN	NaN
128	5	4	41	bathroom	sun_aoybiabnpadelefl.tif	1929416.253134	1929416.511723	1929417.218513	7.090528e-01	31	none	NaN	NaN
128	5	5	21	bathroom	sun_aggnnqpdorgxpvce.tif	1929417.988189	1929418.246772	1929418.953506	7.173946e-01	11	none	NaN	NaN
128	5	6	36	bathroom	sun_ambriybtogmepttm.tif	1929419.723237	1929419.981830	1929420.688724	8.508634e-01	26	none	NaN	NaN
128	5	7	24	bathroom	sun_agrwbmhcpmfuwmsg.tif	1929421.458293	1929421.716879	1929422.423679	6.756856e-01	14	none	NaN	NaN
128	5	8	37	bathroom	sun_amzlamotzwfkwjco.tif	1929423.193340	1929423.451933	1929424.158678	7.007110e-01	27	none	NaN	NaN
128	5	9	20	bathroom	sun_afcoljnjfoxjtgja.tif	1929424.928396	1929425.186985	1929425.893740	7.257364e-01	10	none	NaN	NaN
128	5	10	40	bathroom	sun_aofnryafpsjimzsb.tif	1929426.663447	1929426.922035	1929427.628948	7.507618e-01	30	none	NaN	NaN
128	5	11	42	bathroom	sun_apeeialkgkuxddgh.tif	1929428.398501	1929428.657086	1929429.363955	8.091544e-01	32	none	NaN	NaN
128	5	12	13	bathroom	sun_aavhrsfjbserjtht.tif	1929430.133548	1929430.392139	1929431.098963	8.174962e-01	3	none	NaN	NaN
128	5	13	11	bathroom	labelme_sfxiulhjbhlyiyt.tif	1929431.868605	1929432.127192	1929432.834089	7.257364e-01	1	none	NaN	NaN
128	5	14	34	bathroom	sun_alkosphxlxwjwgjd.tif	1929433.603654	1929433.862243	1929434.568987	6.590020e-01	24	39	1929435.491671	0
128	5	15	51	bathroom	sun_atstyziqcmkahyxk.tif	1929436.264611	1929436.523208	1929437.230002	7.257364e-01	41	37	1929438.515646	0
128	5	16	32	bathroom	sun_aleqenyvunhactkl.tif	1929439.292618	1929439.551207	1929440.257958	7.841290e-01	22	none	NaN	NaN
128	5	17	26	bathroom	sun_ahaulkltgpkeeemi.tif	1929441.027674	1929441.286264	1929441.993167	7.924708e-01	16	none	NaN	NaN
128	5	18	33	bathroom	sun_aljolscmmzydegqp.tif	1929442.762724	1929443.021309	1929443.728157	7.007110e-01	23	39	1929444.603745	0
128	5	19	28	bathroom	sun_ahijqszoswveeyji.tif	1929445.381984	1929445.640573	1929446.347382	7.007110e-01	18	none	NaN	NaN
128	5	20	19	bathroom	sun_aclfzgynxzxlbepz.tif	1929447.117018	1929447.375628	1929448.082337	7.591036e-01	9	none	NaN	NaN
128	5	21	35	bathroom	sun_alotolagknyrgtsk.tif	1929448.852089	1929449.110682	1929449.817459	7.173946e-01	25	none	NaN	NaN
128	5	22	58	bathroom	sun_axxbkopsgyouuebh.tif	1929450.587137	1929450.845732	1929451.552565	8.508634e-01	48	none	NaN	NaN
128	5	23	27	bathroom	sun_ahcvzmoyaycdoftf.tif	1929452.322188	1929452.580777	1929453.287665	7.173946e-01	17	none	NaN	NaN
128	5	24	23	bathroom	sun_aghyqhbptboemmoq.tif	1929454.057245	1929454.315835	1929455.022619	8.091544e-01	13	none	NaN	NaN
128	5	25	56	bathroom	sun_awnqiikzaispgmwo.tif	1929455.792293	1929456.050884	1929456.757712	8.174962e-01	46	none	NaN	NaN
128	5	26	15	bathroom	sun_abjtwfukuwddzted.tif	1929457.527346	1929457.785937	1929458.492693	7.424200e-01	5	none	NaN	NaN
128	5	27	48	bathroom	sun_aqrpegblszgcoujh.tif	1929459.262398	1929459.520986	1929460.227822	8.425216e-01	38	none	NaN	NaN
128	5	28	18	bathroom	sun_acgyywnybuveqsro.tif	1929460.997449	1929461.256039	1929461.962860	8.174962e-01	8	none	NaN	NaN
128	5	29	60	bathroom	sun_azqyogdvyhahyram.tif	1929462.732499	1929462.991092	1929463.697867	8.008126e-01	50	none	NaN	NaN
128	5	30	46	bathroom	sun_apmqjbnwghzuhhzh.tif	1929464.467552	1929464.726141	1929465.432912	6.756856e-01	36	none	NaN	NaN
128	5	31	30	bathroom	sun_ajlawzvmubibwbpy.tif	1929466.202604	1929466.461189	1929467.167970	6.590020e-01	20	none	NaN	NaN
128	5	32	31	bathroom	sun_akiytfaagpdsphgz.tif	1929467.937657	1929468.196245	1929468.903115	8.425216e-01	21	none	NaN	NaN
128	5	33	16	bathroom	sun_acduarbnmmoglmiv.tif	1929469.672710	1929469.931299	1929470.638184	6.673438e-01	6	none	NaN	NaN
128	5	34	29	bathroom	sun_ahqjwnzgolcaoidx.tif	1929471.407763	1929471.666349	1929472.373223	7.090528e-01	19	40	1929473.419675	0
128	5	35	49	bathroom	sun_asfwthctfqerjvxr.tif	1929474.193850	1929474.452448	1929475.159300	7.674454e-01	39	none	NaN	NaN
128	5	36	43	bathroom	sun_apjevzvycyhuqghb.tif	1929475.928906	1929476.187493	1929476.894346	8.008126e-01	33	none	NaN	NaN
128	5	37	22	bathroom	sun_agguqiubmwhqqunb.tif	1929477.663952	1929477.922547	1929478.629449	7.007110e-01	12	none	NaN	NaN
128	5	38	17	bathroom	sun_acegryoqftbzowsg.tif	1929479.399006	1929479.657596	1929480.364406	6.673438e-01	7	none	NaN	NaN
128	5	39	44	bathroom	sun_apkruvsevgegsdwp.tif	1929481.134057	1929481.392651	1929482.099434	7.757872e-01	34	39	1929483.107638	1
128	5	40	52	bathroom	sun_aunuadmjocsddsrl.tif	1929483.878442	1929484.137033	1929484.843915	8.008126e-01	42	none	NaN	NaN
128	5	41	59	bathroom	sun_axyrejkiiaqiurjk.tif	1929485.613496	1929485.872085	1929486.578838	8.008126e-01	49	none	NaN	NaN
128	5	42	53	bathroom	sun_ausgutylgojavyoq.tif	1929487.348547	1929487.607137	1929488.313948	7.090528e-01	43	none	NaN	NaN
128	5	43	12	bathroom	sun_aapitsgbtktqubfy.tif	1929489.083596	1929489.342188	1929490.049079	6.590020e-01	2	none	NaN	NaN
128	5	44	25	bathroom	sun_agyqfjcfkdcydepw.tif	1929490.818650	1929491.077241	1929491.784169	7.674454e-01	15	none	NaN	NaN
128	5	45	14	bathroom	sun_abapwbhyhkfixyex.tif	1929492.553699	1929492.812292	1929493.519224	7.591036e-01	4	none	NaN	NaN
128	5	46	54	bathroom	sun_auzqhkafidnkrwmo.tif	1929494.288756	1929494.547341	1929495.254262	8.091544e-01	44	none	NaN	NaN
128	5	47	39	bathroom	sun_anryaplzeujmzfkd.tif	1929496.023810	1929496.282392	1929496.989299	7.841290e-01	29	none	NaN	NaN
128	5	48	38	bathroom	sun_anhioqovhscjqqwb.tif	1929497.758857	1929498.017449	1929498.724348	6.756856e-01	28	none	NaN	NaN
128	5	49	57	bathroom	sun_axldvoqbuvuggfmq.tif	1929499.493912	1929499.752499	1929500.459226	7.757872e-01	47	none	NaN	NaN
128	5	50	50	bathroom	sun_aspsyogrekjtfozg.tif	1929501.228960	1929501.487551	1929502.194440	8.091544e-01	40	none	NaN	NaN
128	5	51	50	bathroom	sun_aspsyogrekjtfozg.tif	1929502.964012	1929503.222601	1929503.929467	7.674454e-01	40	none	NaN	NaN
128	5	52	58	bathroom	sun_axxbkopsgyouuebh.tif	1929504.699063	1929504.957651	1929505.664547	8.258380e-01	48	none	NaN	NaN
128	5	53	13	bathroom	sun_aavhrsfjbserjtht.tif	1929506.434116	1929506.692705	1929507.399485	8.258380e-01	3	none	NaN	NaN
128	5	54	28	bathroom	sun_ahijqszoswveeyji.tif	1929508.169168	1929508.427759	1929509.134649	7.424200e-01	18	none	NaN	NaN
128	5	55	31	bathroom	sun_akiytfaagpdsphgz.tif	1929509.904220	1929510.162812	1929510.869674	7.591036e-01	21	none	NaN	NaN
128	5	56	14	bathroom	sun_abapwbhyhkfixyex.tif	1929511.639271	1929511.897859	1929512.604758	8.341798e-01	4	none	NaN	NaN
128	5	57	26	bathroom	sun_ahaulkltgpkeeemi.tif	1929513.374324	1929513.632913	1929514.339726	7.340782e-01	16	none	NaN	NaN
128	5	58	45	bathroom	sun_apkxzenqapsujocq.tif	1929515.109374	1929515.367962	1929516.074732	8.258380e-01	35	none	NaN	NaN
128	5	59	52	bathroom	sun_aunuadmjocsddsrl.tif	1929516.844427	1929517.103016	1929517.809912	7.841290e-01	42	none	NaN	NaN
128	5	60	15	bathroom	sun_abjtwfukuwddzted.tif	1929518.579473	1929518.838066	1929519.544970	8.425216e-01	5	none	NaN	NaN
128	5	61	42	bathroom	sun_apeeialkgkuxddgh.tif	1929520.314528	1929520.573119	1929521.280023	8.341798e-01	32	none	NaN	NaN
128	5	62	32	bathroom	sun_aleqenyvunhactkl.tif	1929522.049583	1929522.308168	1929523.014987	8.341798e-01	22	none	NaN	NaN
128	5	63	34	bathroom	sun_alkosphxlxwjwgjd.tif	1929523.784637	1929524.043190	1929524.750056	7.757872e-01	24	none	NaN	NaN
128	5	64	16	bathroom	sun_acduarbnmmoglmiv.tif	1929525.519685	1929525.778278	1929526.485002	8.258380e-01	6	none	NaN	NaN
128	5	65	44	bathroom	sun_apkruvsevgegsdwp.tif	1929527.254743	1929527.513329	1929528.220100	7.591036e-01	34	none	NaN	NaN
128	5	66	36	bathroom	sun_ambriybtogmepttm.tif	1929528.989788	1929529.248373	1929529.955210	7.507618e-01	26	none	NaN	NaN
128	5	67	27	bathroom	sun_ahcvzmoyaycdoftf.tif	1929530.724842	1929530.983430	1929531.690247	6.840274e-01	17	none	NaN	NaN
128	5	68	33	bathroom	sun_aljolscmmzydegqp.tif	1929532.459893	1929532.718474	1929533.425360	8.174962e-01	23	40	1929535.307733	0
128	5	69	49	bathroom	sun_asfwthctfqerjvxr.tif	1929536.080141	1929536.338733	1929537.045517	6.923692e-01	39	none	NaN	NaN
128	5	70	46	bathroom	sun_apmqjbnwghzuhhzh.tif	1929537.815192	1929538.073781	1929538.780576	6.590020e-01	36	96	1929540.027701	0
128	5	71	60	bathroom	sun_azqyogdvyhahyram.tif	1929540.801486	1929541.060078	1929541.766859	6.923692e-01	50	96	1929542.579859	0
128	5	72	56	bathroom	sun_awnqiikzaispgmwo.tif	1929543.354014	1929543.612602	1929544.319339	8.341798e-01	46	none	NaN	NaN
128	5	73	53	bathroom	sun_ausgutylgojavyoq.tif	1929545.089065	1929545.347654	1929546.054456	7.924708e-01	43	none	NaN	NaN
128	5	74	12	bathroom	sun_aapitsgbtktqubfy.tif	1929546.824118	1929547.082707	1929547.789587	7.924708e-01	2	none	NaN	NaN
128	5	75	38	bathroom	sun_anhioqovhscjqqwb.tif	1929548.559166	1929548.817758	1929549.524495	6.923692e-01	28	none	NaN	NaN
128	5	76	47	bathroom	sun_apynckhmoftszqoq.tif	1929550.294220	1929550.552813	1929551.259733	6.923692e-01	37	none	NaN	NaN
128	5	77	55	bathroom	sun_avhrdrntsqrjzccq.tif	1929552.029272	1929552.287863	1929552.994632	6.840274e-01	45	none	NaN	NaN
128	5	78	29	bathroom	sun_ahqjwnzgolcaoidx.tif	1929553.764321	1929554.022915	1929554.729773	8.425216e-01	19	none	NaN	NaN
128	5	79	20	bathroom	sun_afcoljnjfoxjtgja.tif	1929555.499381	1929555.757963	1929556.464892	7.841290e-01	10	39	1929557.299730	0
128	5	80	59	bathroom	sun_axyrejkiiaqiurjk.tif	1929558.076929	1929558.335519	1929559.042291	6.506602e-01	49	none	NaN	NaN
128	5	81	39	bathroom	sun_anryaplzeujmzfkd.tif	1929559.811979	1929560.070574	1929560.777349	7.257364e-01	29	none	NaN	NaN
128	5	82	18	bathroom	sun_acgyywnybuveqsro.tif	1929561.547033	1929561.805620	1929562.512483	7.340782e-01	8	none	NaN	NaN
128	5	83	21	bathroom	sun_aggnnqpdorgxpvce.tif	1929563.282083	1929563.540669	1929564.247485	7.090528e-01	11	none	NaN	NaN
128	5	84	37	bathroom	sun_amzlamotzwfkwjco.tif	1929565.017083	1929565.275725	1929565.982601	7.173946e-01	27	39	1929566.723693	1
128	5	85	11	bathroom	labelme_sfxiulhjbhlyiyt.tif	1929567.494588	1929567.753176	1929568.460111	7.340782e-01	1	39	1929569.363758	0
128	5	86	35	bathroom	sun_alotolagknyrgtsk.tif	1929570.138875	1929570.397463	1929571.104397	7.507618e-01	25	39	1929571.795763	0
128	5	87	30	bathroom	sun_ajlawzvmubibwbpy.tif	1929572.566278	1929572.824867	1929573.531722	7.674454e-01	20	none	NaN	NaN
128	5	88	57	bathroom	sun_axldvoqbuvuggfmq.tif	1929574.301334	1929574.559915	1929575.266698	6.840274e-01	47	none	NaN	NaN
128	5	89	22	bathroom	sun_agguqiubmwhqqunb.tif	1929576.036387	1929576.294973	1929577.001734	6.756856e-01	12	none	NaN	NaN
128	5	90	19	bathroom	sun_aclfzgynxzxlbepz.tif	1929577.771438	1929578.030021	1929578.736934	7.340782e-01	9	none	NaN	NaN
128	5	91	25	bathroom	sun_agyqfjcfkdcydepw.tif	1929579.506491	1929579.765075	1929580.471817	6.673438e-01	15	39	1929581.195745	0
128	5	92	43	bathroom	sun_apjevzvycyhuqghb.tif	1929581.967256	1929582.225852	1929582.932703	6.673438e-01	33	none	NaN	NaN
128	5	93	54	bathroom	sun_auzqhkafidnkrwmo.tif	1929583.702306	1929583.960894	1929584.667733	7.757872e-01	44	none	NaN	NaN
128	5	94	51	bathroom	sun_atstyziqcmkahyxk.tif	1929585.437363	1929585.695948	1929586.402841	7.424200e-01	41	none	NaN	NaN
128	5	95	24	bathroom	sun_agrwbmhcpmfuwmsg.tif	1929587.172415	1929587.431004	1929588.137903	6.840274e-01	14	none	NaN	NaN
128	5	96	23	bathroom	sun_aghyqhbptboemmoq.tif	1929588.907466	1929589.166050	1929589.872806	6.923692e-01	13	39	1929590.587634	1
128	5	97	40	bathroom	sun_aofnryafpsjimzsb.tif	1929591.359891	1929591.618480	1929592.325395	6.506602e-01	30	none	NaN	NaN
128	5	98	41	bathroom	sun_aoybiabnpadelefl.tif	1929593.094945	1929593.353537	1929594.060331	7.507618e-01	31	none	NaN	NaN
128	5	99	48	bathroom	sun_aqrpegblszgcoujh.tif	1929594.829996	1929595.088585	1929595.795483	7.924708e-01	38	none	NaN	NaN
128	5	100	17	bathroom	sun_acegryoqftbzowsg.tif	1929596.565048	1929596.823639	1929597.530379	8.258380e-01	7	none	NaN	NaN
128	6	1	64	kitchen	sun_aadbddgrdsjugojn.tif	1929607.884592	1929608.143182	1929608.883384	8.425216e-01	54	none	NaN	NaN
128	6	2	81	kitchen	sun_aehawpgmrlhlvcow.tif	1929609.653009	1929609.911598	1929610.651779	7.090528e-01	71	none	NaN	NaN
128	6	3	108	kitchen	sun_aymvwlarqodbwuoc.tif	1929611.421429	1929611.680021	1929612.420297	6.840274e-01	98	none	NaN	NaN
128	6	4	65	kitchen	sun_aamedkxepzlwuxes.tif	1929613.189848	1929613.448432	1929614.188636	8.258380e-01	55	none	NaN	NaN
128	6	5	87	kitchen	sun_agorklincwxrdtga.tif	1929614.958263	1929615.216851	1929615.957150	8.174962e-01	77	none	NaN	NaN
128	6	6	90	kitchen	sun_ahdycvpopffkzzsu.tif	1929616.726683	1929616.985268	1929617.725527	7.507618e-01	80	none	NaN	NaN
128	6	7	99	kitchen	sun_akcjzhbbjlbogpdi.tif	1929618.495103	1929618.753696	1929619.493938	7.674454e-01	89	37	1929621.307428	0
128	6	8	93	kitchen	sun_ahspylgoovwmwvgk.tif	1929622.081982	1929622.340591	1929623.080841	7.007110e-01	83	none	NaN	NaN
128	6	9	62	kitchen	labelme_kxvouciolcpqplr.tif	1929623.850407	1929624.108991	1929624.849177	6.673438e-01	52	none	NaN	NaN
128	6	10	69	kitchen	sun_abdenxonkemggwsq.tif	1929625.618825	1929625.877413	1929626.617706	6.840274e-01	59	none	NaN	NaN
128	6	11	98	kitchen	sun_akchetnepxlcxhsu.tif	1929627.387240	1929627.645825	1929628.385961	7.841290e-01	88	none	NaN	NaN
128	6	12	106	kitchen	sun_awcpdzzznmweyyhv.tif	1929629.155654	1929629.414251	1929630.154342	7.924708e-01	96	none	NaN	NaN
128	6	13	109	kitchen	sun_aypmqwcualkenuoe.tif	1929630.924077	1929631.182666	1929631.922860	6.923692e-01	99	none	NaN	NaN
128	6	14	100	kitchen	sun_amjjdeyrggfqgmom.tif	1929632.692495	1929632.951081	1929633.691311	7.173946e-01	90	none	NaN	NaN
128	6	15	89	kitchen	sun_agzzivivdpnawacl.tif	1929634.460912	1929634.719504	1929635.459673	8.258380e-01	79	none	NaN	NaN
128	6	16	103	kitchen	sun_aunzlwrbjumxhwdj.tif	1929636.229332	1929636.487922	1929637.228096	6.923692e-01	93	none	NaN	NaN
128	6	17	78	kitchen	sun_adgqasybjyktddhj.tif	1929637.997752	1929638.256338	1929638.996444	8.341798e-01	68	none	NaN	NaN
128	6	18	68	kitchen	sun_aaxxjlsuzvqlgylf.tif	1929639.766167	1929640.024759	1929640.764983	8.258380e-01	58	none	NaN	NaN
128	6	19	71	kitchen	sun_abftihopvusyfakt.tif	1929641.534584	1929641.793178	1929642.533437	7.090528e-01	61	none	NaN	NaN
128	6	20	105	kitchen	sun_avszsnwsbuqfgzbn.tif	1929643.302999	1929643.561589	1929644.301745	6.506602e-01	95	37	1929645.387576	0
128	6	21	73	kitchen	sun_abrcnpqqhmjwekyf.tif	1929646.164170	1929646.422760	1929647.163057	7.591036e-01	63	none	NaN	NaN
128	6	22	67	kitchen	sun_aarfiyshqohlwkmo.tif	1929647.932590	1929648.191178	1929648.931370	7.757872e-01	57	none	NaN	NaN
128	6	23	86	kitchen	sun_aggjlwcdjsjcaemh.tif	1929649.701006	1929649.959593	1929650.699822	8.008126e-01	76	none	NaN	NaN
128	6	24	74	kitchen	sun_acfmftudsenhrfhy.tif	1929651.469421	1929651.728017	1929652.468232	6.590020e-01	64	none	NaN	NaN
128	6	25	66	kitchen	sun_aapllqyqlykszopd.tif	1929653.237844	1929653.496430	1929654.236546	7.173946e-01	56	none	NaN	NaN
128	6	26	95	kitchen	sun_aixorpehvfykdynp.tif	1929655.006261	1929655.264851	1929656.005058	7.591036e-01	85	none	NaN	NaN
128	6	27	70	kitchen	sun_abdxkyyxwfskuaqb.tif	1929656.774680	1929657.033266	1929657.773575	8.341798e-01	60	39	1929659.323805	1
128	6	28	75	kitchen	sun_acgtpgfybqjmzeyw.tif	1929660.094634	1929660.353220	1929661.093334	8.425216e-01	65	none	NaN	NaN
128	6	29	94	kitchen	sun_ahywdevtimnqcsln.tif	1929661.854709	1929662.113299	1929662.853423	7.424200e-01	84	none	NaN	NaN
128	6	30	85	kitchen	sun_afuyedyxivkhecmu.tif	1929663.623125	1929663.881715	1929664.621880	7.841290e-01	75	none	NaN	NaN
128	6	31	107	kitchen	sun_axyyrmzcupyhlivc.tif	1929665.391543	1929665.650137	1929666.390392	8.174962e-01	97	none	NaN	NaN
128	6	32	91	kitchen	sun_ahljzhgcdpomplvg.tif	1929667.159962	1929667.418552	1929668.158708	7.257364e-01	81	none	NaN	NaN
128	6	33	96	kitchen	sun_ajcbwwvdlsvjyzje.tif	1929668.928384	1929669.186974	1929669.927075	7.757872e-01	86	39	1929672.827654	1
128	6	34	82	kitchen	sun_aenotlpyftoioydp.tif	1929673.599677	1929673.858262	1929674.598443	7.591036e-01	72	39	1929675.747747	0
128	6	35	102	kitchen	sun_auaiucuqpdausiva.tif	1929676.519234	1929676.777822	1929677.517923	8.008126e-01	92	37	1929679.035432	1
128	6	36	72	kitchen	sun_abpwyqmlzafvklqo.tif	1929679.814165	1929680.072749	1929680.813020	7.257364e-01	62	none	NaN	NaN
128	6	37	84	kitchen	sun_aexklacwqwezaorf.tif	1929681.582583	1929681.841172	1929682.581333	7.674454e-01	74	39	1929683.507755	1
128	6	38	101	kitchen	sun_aqeaevwwwjoqhzvl.tif	1929684.285258	1929684.543845	1929685.284147	7.674454e-01	91	none	NaN	NaN
128	6	39	110	kitchen	sun_azmutvzbxypaceni.tif	1929686.053676	1929686.312262	1929687.052511	6.590020e-01	100	none	NaN	NaN
128	6	40	83	kitchen	sun_aeqdocilnnpuvuhx.tif	1929687.822093	1929688.080682	1929688.820883	8.008126e-01	73	none	NaN	NaN
128	6	41	77	kitchen	sun_acxkpeoqbwcxfvip.tif	1929689.590513	1929689.849100	1929690.589275	8.258380e-01	67	none	NaN	NaN
128	6	42	63	kitchen	labelme_rykdqxenmhulbdn.tif	1929691.358928	1929691.617523	1929692.357662	6.506602e-01	53	none	NaN	NaN
128	6	43	80	kitchen	sun_aegoxogugdkwpmpj.tif	1929693.127348	1929693.385935	1929694.126228	7.090528e-01	70	none	NaN	NaN
128	6	44	79	kitchen	sun_admlmbcdswaszruo.tif	1929694.895767	1929695.154355	1929695.894626	7.924708e-01	69	39	1929696.963596	0
128	6	45	61	kitchen	labelme_brsyyvweiuaazfr.tif	1929697.740250	1929697.998841	1929698.739093	7.007110e-01	51	none	NaN	NaN
128	6	46	97	kitchen	sun_ajkqhtgcbgpcwrwn.tif	1929699.508665	1929699.767255	1929700.507522	7.090528e-01	87	none	NaN	NaN
128	6	47	88	kitchen	sun_agubuxuukhzyzpdp.tif	1929701.277083	1929701.535673	1929702.275940	7.340782e-01	78	none	NaN	NaN
128	6	48	104	kitchen	sun_auticobqsbwgoppi.tif	1929703.045506	1929703.304091	1929704.044394	7.757872e-01	94	none	NaN	NaN
128	6	49	76	kitchen	sun_acwjdupvyjsugpay.tif	1929704.813925	1929705.072507	1929705.812712	7.591036e-01	66	none	NaN	NaN
128	6	50	92	kitchen	sun_ahpczsiumwwocjkv.tif	1929706.582345	1929706.840929	1929707.581112	7.173946e-01	82	none	NaN	NaN
128	6	51	105	kitchen	sun_avszsnwsbuqfgzbn.tif	1929708.350761	1929708.609347	1929709.349603	8.258380e-01	95	none	NaN	NaN
128	6	52	92	kitchen	sun_ahpczsiumwwocjkv.tif	1929710.119179	1929710.377769	1929711.117950	8.341798e-01	82	none	NaN	NaN
128	6	53	83	kitchen	sun_aeqdocilnnpuvuhx.tif	1929711.887595	1929712.146182	1929712.886366	7.340782e-01	73	none	NaN	NaN
128	6	54	94	kitchen	sun_ahywdevtimnqcsln.tif	1929713.656017	1929713.914606	1929714.654836	8.091544e-01	84	none	NaN	NaN
128	6	55	101	kitchen	sun_aqeaevwwwjoqhzvl.tif	1929715.424434	1929715.683019	1929716.423136	7.007110e-01	91	none	NaN	NaN
128	6	56	81	kitchen	sun_aehawpgmrlhlvcow.tif	1929717.192848	1929717.451437	1929718.191594	6.840274e-01	71	none	NaN	NaN
128	6	57	87	kitchen	sun_agorklincwxrdtga.tif	1929718.961266	1929719.219851	1929719.960089	8.091544e-01	77	none	NaN	NaN
128	6	58	89	kitchen	sun_agzzivivdpnawacl.tif	1929720.729684	1929720.988275	1929721.728437	7.257364e-01	79	none	NaN	NaN
128	6	59	74	kitchen	sun_acfmftudsenhrfhy.tif	1929722.498107	1929722.756693	1929723.496865	8.008126e-01	64	none	NaN	NaN
128	6	60	67	kitchen	sun_aarfiyshqohlwkmo.tif	1929724.266519	1929724.525107	1929725.265287	6.923692e-01	57	none	NaN	NaN
128	6	61	63	kitchen	labelme_rykdqxenmhulbdn.tif	1929726.034941	1929726.293530	1929727.033723	6.673438e-01	53	none	NaN	NaN
128	6	62	84	kitchen	sun_aexklacwqwezaorf.tif	1929727.803356	1929728.061946	1929728.802178	6.590020e-01	74	none	NaN	NaN
128	6	63	103	kitchen	sun_aunzlwrbjumxhwdj.tif	1929729.571775	1929729.830361	1929730.570668	6.923692e-01	93	37	1929731.811737	1
128	6	64	91	kitchen	sun_ahljzhgcdpomplvg.tif	1929732.583092	1929732.841678	1929733.581988	6.923692e-01	81	none	NaN	NaN
128	6	65	62	kitchen	labelme_kxvouciolcpqplr.tif	1929734.351515	1929734.610105	1929735.350205	7.424200e-01	52	37	1929736.267746	0
128	6	66	106	kitchen	sun_awcpdzzznmweyyhv.tif	1929737.045846	1929737.304434	1929738.044683	6.673438e-01	96	none	NaN	NaN
128	6	67	68	kitchen	sun_aaxxjlsuzvqlgylf.tif	1929738.814262	1929739.072853	1929739.812951	7.507618e-01	58	none	NaN	NaN
128	6	68	65	kitchen	sun_aamedkxepzlwuxes.tif	1929740.582680	1929740.841274	1929741.581486	7.340782e-01	55	none	NaN	NaN
128	6	69	96	kitchen	sun_ajcbwwvdlsvjyzje.tif	1929742.351097	1929742.609686	1929743.349976	7.007110e-01	86	none	NaN	NaN
128	6	70	110	kitchen	sun_azmutvzbxypaceni.tif	1929744.119519	1929744.378114	1929745.118332	8.425216e-01	100	none	NaN	NaN
128	6	71	77	kitchen	sun_acxkpeoqbwcxfvip.tif	1929745.887932	1929746.146523	1929746.886733	8.508634e-01	67	39	1929748.011431	1
128	6	72	86	kitchen	sun_aggjlwcdjsjcaemh.tif	1929748.782466	1929749.041060	1929749.781193	7.924708e-01	76	none	NaN	NaN
128	6	73	64	kitchen	sun_aadbddgrdsjugojn.tif	1929750.550882	1929750.809471	1929751.549701	6.756856e-01	54	none	NaN	NaN
128	6	74	76	kitchen	sun_acwjdupvyjsugpay.tif	1929752.319306	1929752.577894	1929753.318043	8.174962e-01	66	none	NaN	NaN
128	6	75	104	kitchen	sun_auticobqsbwgoppi.tif	1929754.087725	1929754.346315	1929755.086431	8.508634e-01	94	none	NaN	NaN
128	6	76	95	kitchen	sun_aixorpehvfykdynp.tif	1929755.856139	1929756.114733	1929756.854874	7.507618e-01	85	none	NaN	NaN
128	6	77	109	kitchen	sun_aypmqwcualkenuoe.tif	1929757.624557	1929757.883149	1929758.623410	8.341798e-01	99	none	NaN	NaN
128	6	78	108	kitchen	sun_aymvwlarqodbwuoc.tif	1929759.392975	1929759.651564	1929760.391841	6.756856e-01	98	37	1929761.251595	1
128	6	79	100	kitchen	sun_amjjdeyrggfqgmom.tif	1929762.028924	1929762.287507	1929763.027757	7.591036e-01	90	none	NaN	NaN
128	6	80	99	kitchen	sun_akcjzhbbjlbogpdi.tif	1929763.797340	1929764.055926	1929764.796078	6.590020e-01	89	none	NaN	NaN
128	6	81	70	kitchen	sun_abdxkyyxwfskuaqb.tif	1929765.565756	1929765.824343	1929766.564563	7.173946e-01	60	none	NaN	NaN
128	6	82	75	kitchen	sun_acgtpgfybqjmzeyw.tif	1929767.334179	1929767.592765	1929768.333051	6.673438e-01	65	37	1929769.563603	1
128	6	83	90	kitchen	sun_ahdycvpopffkzzsu.tif	1929770.337149	1929770.595740	1929771.335931	6.756856e-01	80	none	NaN	NaN
128	6	84	97	kitchen	sun_ajkqhtgcbgpcwrwn.tif	1929772.105569	1929772.364158	1929773.104430	6.840274e-01	87	none	NaN	NaN
128	6	85	88	kitchen	sun_agubuxuukhzyzpdp.tif	1929773.873985	1929774.132577	1929774.872814	6.506602e-01	78	none	NaN	NaN
128	6	86	80	kitchen	sun_aegoxogugdkwpmpj.tif	1929775.642404	1929775.900990	1929776.641165	8.091544e-01	70	none	NaN	NaN
128	6	87	82	kitchen	sun_aenotlpyftoioydp.tif	1929777.410822	1929777.669413	1929778.409528	7.257364e-01	72	none	NaN	NaN
128	6	88	102	kitchen	sun_auaiucuqpdausiva.tif	1929779.179237	1929779.437831	1929780.177975	7.924708e-01	92	39	1929781.123565	1
128	6	89	66	kitchen	sun_aapllqyqlykszopd.tif	1929781.898599	1929782.157192	1929782.897358	7.841290e-01	56	none	NaN	NaN
128	6	90	78	kitchen	sun_adgqasybjyktddhj.tif	1929783.667015	1929783.925604	1929784.665887	8.091544e-01	68	none	NaN	NaN
128	6	91	61	kitchen	labelme_brsyyvweiuaazfr.tif	1929785.435436	1929785.694021	1929786.434279	8.174962e-01	51	none	NaN	NaN
128	6	92	79	kitchen	sun_admlmbcdswaszruo.tif	1929787.203856	1929787.462445	1929788.202725	8.425216e-01	69	37	1929789.275602	1
128	6	93	73	kitchen	sun_abrcnpqqhmjwekyf.tif	1929790.048337	1929790.306925	1929791.047186	7.674454e-01	63	none	NaN	NaN
128	6	94	69	kitchen	sun_abdenxonkemggwsq.tif	1929791.816755	1929792.075346	1929792.815561	6.756856e-01	59	none	NaN	NaN
128	6	95	98	kitchen	sun_akchetnepxlcxhsu.tif	1929793.585170	1929793.843757	1929794.584015	7.757872e-01	88	none	NaN	NaN
128	6	96	107	kitchen	sun_axyyrmzcupyhlivc.tif	1929795.353591	1929795.612187	1929796.352403	7.841290e-01	97	none	NaN	NaN
128	6	97	71	kitchen	sun_abftihopvusyfakt.tif	1929797.122010	1929797.380596	1929798.120840	7.507618e-01	61	none	NaN	NaN
128	6	98	85	kitchen	sun_afuyedyxivkhecmu.tif	1929798.890429	1929799.149017	1929799.889204	7.340782e-01	75	none	NaN	NaN
128	6	99	93	kitchen	sun_ahspylgoovwmwvgk.tif	1929800.658848	1929800.917434	1929801.657719	7.424200e-01	83	none	NaN	NaN
128	6	100	72	kitchen	sun_abpwyqmlzafvklqo.tif	1929802.427261	1929802.685857	1929803.426151	7.424200e-01	62	none	NaN	NaN
128	7	1	30	bathroom	sun_ajlawzvmubibwbpy.tif	1929812.136884	1929812.395469	1929813.085557	6.673438e-01	20	37	1929813.795593	1
128	7	2	24	bathroom	sun_agrwbmhcpmfuwmsg.tif	1929814.572623	1929814.831215	1929815.521334	7.424200e-01	14	none	NaN	NaN
128	7	3	18	bathroom	sun_acgyywnybuveqsro.tif	1929816.291001	1929816.549585	1929817.239692	7.674454e-01	8	none	NaN	NaN
128	7	4	11	bathroom	labelme_sfxiulhjbhlyiyt.tif	1929818.009361	1929818.267954	1929818.958094	7.507618e-01	1	none	NaN	NaN
128	7	5	36	bathroom	sun_ambriybtogmepttm.tif	1929819.727731	1929819.986321	1929820.676378	7.841290e-01	26	none	NaN	NaN
128	7	6	59	bathroom	sun_axyrejkiiaqiurjk.tif	1929821.446104	1929821.704689	1929822.394741	8.008126e-01	49	37	1929823.235797	0
128	7	7	41	bathroom	sun_aoybiabnpadelefl.tif	1929824.006970	1929824.265561	1929824.955769	7.007110e-01	31	none	NaN	NaN
128	7	8	27	bathroom	sun_ahcvzmoyaycdoftf.tif	1929825.725339	1929825.983930	1929826.674180	7.340782e-01	17	none	NaN	NaN
128	7	9	33	bathroom	sun_aljolscmmzydegqp.tif	1929827.443709	1929827.702296	1929828.392408	7.424200e-01	23	none	NaN	NaN
128	7	10	19	bathroom	sun_aclfzgynxzxlbepz.tif	1929829.153733	1929829.412323	1929830.102433	6.756856e-01	9	none	NaN	NaN
128	7	11	50	bathroom	sun_aspsyogrekjtfozg.tif	1929830.872104	1929831.130693	1929831.820822	7.507618e-01	40	none	NaN	NaN
128	7	12	25	bathroom	sun_agyqfjcfkdcydepw.tif	1929832.590467	1929832.849063	1929833.539313	6.506602e-01	15	39	1929834.251772	0
128	7	13	48	bathroom	sun_aqrpegblszgcoujh.tif	1929835.026214	1929835.284805	1929835.974859	8.008126e-01	38	none	NaN	NaN
128	7	14	52	bathroom	sun_aunuadmjocsddsrl.tif	1929836.744588	1929837.003178	1929837.693244	8.341798e-01	42	none	NaN	NaN
128	7	15	45	bathroom	sun_apkxzenqapsujocq.tif	1929838.462952	1929838.721541	1929839.411739	7.924708e-01	35	none	NaN	NaN
128	7	16	54	bathroom	sun_auzqhkafidnkrwmo.tif	1929840.181319	1929840.439906	1929841.130015	6.840274e-01	44	none	NaN	NaN
128	7	17	43	bathroom	sun_apjevzvycyhuqghb.tif	1929841.899689	1929842.158282	1929842.848465	6.923692e-01	33	37	1929843.779418	1
128	7	18	23	bathroom	sun_aghyqhbptboemmoq.tif	1929844.552318	1929844.810910	1929845.501011	7.591036e-01	13	none	NaN	NaN
128	7	19	57	bathroom	sun_axldvoqbuvuggfmq.tif	1929846.270684	1929846.529275	1929847.219522	7.507618e-01	47	none	NaN	NaN
128	7	20	13	bathroom	sun_aavhrsfjbserjtht.tif	1929847.989055	1929848.247645	1929848.937825	8.174962e-01	3	none	NaN	NaN
128	7	21	28	bathroom	sun_ahijqszoswveeyji.tif	1929849.707424	1929849.966010	1929850.656081	7.340782e-01	18	39	1929852.147591	1
128	7	22	51	bathroom	sun_atstyziqcmkahyxk.tif	1929852.918958	1929853.177524	1929853.867774	7.257364e-01	41	none	NaN	NaN
128	7	23	55	bathroom	sun_avhrdrntsqrjzccq.tif	1929854.637307	1929854.895894	1929855.586109	7.090528e-01	45	none	NaN	NaN
128	7	24	40	bathroom	sun_aofnryafpsjimzsb.tif	1929856.355674	1929856.614268	1929857.304441	6.923692e-01	30	none	NaN	NaN
128	7	25	44	bathroom	sun_apkruvsevgegsdwp.tif	1929858.074046	1929858.332632	1929859.022693	8.091544e-01	34	none	NaN	NaN
128	7	26	42	bathroom	sun_apeeialkgkuxddgh.tif	1929859.792411	1929860.050998	1929860.741149	8.174962e-01	32	none	NaN	NaN
128	7	27	20	bathroom	sun_afcoljnjfoxjtgja.tif	1929861.510786	1929861.769365	1929862.459451	7.173946e-01	10	none	NaN	NaN
128	7	28	17	bathroom	sun_acegryoqftbzowsg.tif	1929863.229149	1929863.487736	1929864.177988	8.258380e-01	7	none	NaN	NaN
128	7	29	37	bathroom	sun_amzlamotzwfkwjco.tif	1929864.947519	1929865.206110	1929865.896251	6.923692e-01	27	none	NaN	NaN
128	7	30	16	bathroom	sun_acduarbnmmoglmiv.tif	1929866.665885	1929866.924474	1929867.614638	6.840274e-01	6	none	NaN	NaN
128	7	31	34	bathroom	sun_alkosphxlxwjwgjd.tif	1929868.384251	1929868.642843	1929869.332922	8.341798e-01	24	none	NaN	NaN
128	7	32	49	bathroom	sun_asfwthctfqerjvxr.tif	1929870.102620	1929870.361209	1929871.051347	7.674454e-01	39	none	NaN	NaN
128	7	33	31	bathroom	sun_akiytfaagpdsphgz.tif	1929871.820992	1929872.079578	1929872.769830	7.924708e-01	21	none	NaN	NaN
128	7	34	53	bathroom	sun_ausgutylgojavyoq.tif	1929873.539361	1929873.797949	1929874.488079	7.090528e-01	43	39	1929876.275713	1
128	7	35	39	bathroom	sun_anryaplzeujmzfkd.tif	1929877.051175	1929877.309761	1929877.999920	8.425216e-01	29	none	NaN	NaN
128	7	36	21	bathroom	sun_aggnnqpdorgxpvce.tif	1929878.769541	1929879.028131	1929879.718459	7.924708e-01	11	39	1929881.555866	1
128	7	37	56	bathroom	sun_awnqiikzaispgmwo.tif	1929882.331400	1929882.589988	1929883.280195	7.340782e-01	46	none	NaN	NaN
128	7	38	14	bathroom	sun_abapwbhyhkfixyex.tif	1929884.049771	1929884.308361	1929884.998616	8.174962e-01	4	none	NaN	NaN
128	7	39	60	bathroom	sun_azqyogdvyhahyram.tif	1929885.768139	1929886.026726	1929886.716902	7.591036e-01	50	none	NaN	NaN
128	7	40	38	bathroom	sun_anhioqovhscjqqwb.tif	1929887.486504	1929887.745094	1929888.435292	8.258380e-01	28	none	NaN	NaN
128	7	41	47	bathroom	sun_apynckhmoftszqoq.tif	1929889.204875	1929889.463465	1929890.153536	6.506602e-01	37	none	NaN	NaN
128	7	42	12	bathroom	sun_aapitsgbtktqubfy.tif	1929890.923247	1929891.181834	1929891.871914	8.008126e-01	2	none	NaN	NaN
128	7	43	22	bathroom	sun_agguqiubmwhqqunb.tif	1929892.641607	1929892.900202	1929893.590267	7.424200e-01	12	37	1929894.755793	1
128	7	44	46	bathroom	sun_apmqjbnwghzuhhzh.tif	1929895.527835	1929895.786388	1929896.476560	8.341798e-01	36	none	NaN	NaN
128	7	45	58	bathroom	sun_axxbkopsgyouuebh.tif	1929897.246170	1929897.504758	1929898.194903	8.258380e-01	48	none	NaN	NaN
128	7	46	35	bathroom	sun_alotolagknyrgtsk.tif	1929898.964544	1929899.223151	1929899.913306	8.425216e-01	25	none	NaN	NaN
128	7	47	26	bathroom	sun_ahaulkltgpkeeemi.tif	1929900.682912	1929900.941500	1929901.631705	8.091544e-01	16	none	NaN	NaN
128	7	48	29	bathroom	sun_ahqjwnzgolcaoidx.tif	1929902.401279	1929902.659865	1929903.350093	6.673438e-01	19	none	NaN	NaN
128	7	49	32	bathroom	sun_aleqenyvunhactkl.tif	1929904.119648	1929904.378234	1929905.068476	7.591036e-01	22	none	NaN	NaN
128	7	50	15	bathroom	sun_abjtwfukuwddzted.tif	1929905.838013	1929906.096607	1929906.786787	6.590020e-01	5	none	NaN	NaN
128	7	51	16	bathroom	sun_acduarbnmmoglmiv.tif	1929907.556384	1929907.814977	1929908.505116	7.173946e-01	6	none	NaN	NaN
128	7	52	53	bathroom	sun_ausgutylgojavyoq.tif	1929909.274751	1929909.533339	1929910.223432	8.341798e-01	43	none	NaN	NaN
128	7	53	23	bathroom	sun_aghyqhbptboemmoq.tif	1929910.993119	1929911.251709	1929911.941809	7.757872e-01	13	none	NaN	NaN
128	7	54	17	bathroom	sun_acegryoqftbzowsg.tif	1929912.711487	1929912.970078	1929913.660304	6.673438e-01	7	none	NaN	NaN
128	7	55	32	bathroom	sun_aleqenyvunhactkl.tif	1929914.429856	1929914.688447	1929915.378688	8.425216e-01	22	37	1929916.923584	1
128	7	56	37	bathroom	sun_amzlamotzwfkwjco.tif	1929917.699765	1929917.958352	1929918.648438	8.091544e-01	27	none	NaN	NaN
128	7	57	59	bathroom	sun_axyrejkiiaqiurjk.tif	1929919.418131	1929919.676721	1929920.366845	7.507618e-01	49	39	1929921.547562	1
128	7	58	41	bathroom	sun_aoybiabnpadelefl.tif	1929922.321006	1929922.579596	1929923.269736	7.007110e-01	31	none	NaN	NaN
128	7	59	26	bathroom	sun_ahaulkltgpkeeemi.tif	1929924.039375	1929924.297956	1929924.988181	8.091544e-01	16	none	NaN	NaN
128	7	60	55	bathroom	sun_avhrdrntsqrjzccq.tif	1929925.757742	1929926.016337	1929926.706567	6.756856e-01	45	none	NaN	NaN
128	7	61	40	bathroom	sun_aofnryafpsjimzsb.tif	1929927.476112	1929927.734701	1929928.424777	7.340782e-01	30	none	NaN	NaN
128	7	62	33	bathroom	sun_aljolscmmzydegqp.tif	1929929.194480	1929929.453069	1929930.143138	6.923692e-01	23	none	NaN	NaN
128	7	63	24	bathroom	sun_agrwbmhcpmfuwmsg.tif	1929930.912853	1929931.171442	1929931.861513	7.591036e-01	14	none	NaN	NaN
128	7	64	39	bathroom	sun_anryaplzeujmzfkd.tif	1929932.631219	1929932.889809	1929933.580051	8.508634e-01	29	none	NaN	NaN
128	7	65	38	bathroom	sun_anhioqovhscjqqwb.tif	1929934.349587	1929934.608172	1929935.298280	6.590020e-01	28	none	NaN	NaN
128	7	66	15	bathroom	sun_abjtwfukuwddzted.tif	1929936.067953	1929936.326540	1929937.016787	6.756856e-01	5	none	NaN	NaN
128	7	67	42	bathroom	sun_apeeialkgkuxddgh.tif	1929937.786319	1929938.044908	1929938.735091	7.841290e-01	32	none	NaN	NaN
128	7	68	11	bathroom	labelme_sfxiulhjbhlyiyt.tif	1929939.504690	1929939.763280	1929940.453405	8.508634e-01	1	none	NaN	NaN
128	7	69	12	bathroom	sun_aapitsgbtktqubfy.tif	1929941.223063	1929941.481651	1929942.171742	6.840274e-01	2	none	NaN	NaN
128	7	70	43	bathroom	sun_apjevzvycyhuqghb.tif	1929942.941428	1929943.200023	1929943.890151	7.257364e-01	33	none	NaN	NaN
128	7	71	47	bathroom	sun_apynckhmoftszqoq.tif	1929944.659797	1929944.918384	1929945.608521	8.008126e-01	37	37	1929946.683773	1
128	7	72	34	bathroom	sun_alkosphxlxwjwgjd.tif	1929947.454234	1929947.712819	1929948.403223	7.591036e-01	24	none	NaN	NaN
128	7	73	30	bathroom	sun_ajlawzvmubibwbpy.tif	1929949.172600	1929949.431188	1929950.121329	7.173946e-01	20	none	NaN	NaN
128	7	74	56	bathroom	sun_awnqiikzaispgmwo.tif	1929950.890969	1929951.149560	1929951.839652	6.590020e-01	46	none	NaN	NaN
128	7	75	36	bathroom	sun_ambriybtogmepttm.tif	1929952.609334	1929952.867927	1929953.558099	8.174962e-01	26	none	NaN	NaN
128	7	76	46	bathroom	sun_apmqjbnwghzuhhzh.tif	1929954.327706	1929954.586294	1929955.276453	6.673438e-01	36	none	NaN	NaN
128	7	77	14	bathroom	sun_abapwbhyhkfixyex.tif	1929956.046074	1929956.304665	1929956.994714	7.757872e-01	4	none	NaN	NaN
128	7	78	19	bathroom	sun_aclfzgynxzxlbepz.tif	1929957.764444	1929958.023028	1929958.713293	6.923692e-01	9	none	NaN	NaN
128	7	79	25	bathroom	sun_agyqfjcfkdcydepw.tif	1929959.482811	1929959.741400	1929960.431566	7.007110e-01	15	none	NaN	NaN
128	7	80	13	bathroom	sun_aavhrsfjbserjtht.tif	1929961.201177	1929961.459770	1929962.149871	7.257364e-01	3	none	NaN	NaN
128	7	81	60	bathroom	sun_azqyogdvyhahyram.tif	1929962.919545	1929963.178139	1929963.868230	7.424200e-01	50	none	NaN	NaN
128	7	82	50	bathroom	sun_aspsyogrekjtfozg.tif	1929964.637915	1929964.896502	1929965.586571	6.506602e-01	40	40	1929966.843397	0
128	7	83	22	bathroom	sun_agguqiubmwhqqunb.tif	1929967.615866	1929967.874458	1929968.564525	6.590020e-01	12	none	NaN	NaN
128	7	84	20	bathroom	sun_afcoljnjfoxjtgja.tif	1929969.334237	1929969.592822	1929970.282887	8.258380e-01	10	none	NaN	NaN
128	7	85	18	bathroom	sun_acgyywnybuveqsro.tif	1929971.052602	1929971.311191	1929972.001406	6.756856e-01	8	none	NaN	NaN
128	7	86	58	bathroom	sun_axxbkopsgyouuebh.tif	1929972.770970	1929973.029557	1929973.719617	7.757872e-01	48	none	NaN	NaN
128	7	87	35	bathroom	sun_alotolagknyrgtsk.tif	1929974.489336	1929974.747930	1929975.437987	7.257364e-01	25	none	NaN	NaN
128	7	88	44	bathroom	sun_apkruvsevgegsdwp.tif	1929976.207712	1929976.466295	1929977.156460	7.007110e-01	34	none	NaN	NaN
128	7	89	48	bathroom	sun_aqrpegblszgcoujh.tif	1929977.926077	1929978.184662	1929978.874800	7.841290e-01	38	none	NaN	NaN
128	7	90	45	bathroom	sun_apkxzenqapsujocq.tif	1929979.644442	1929979.903034	1929980.593183	7.841290e-01	35	none	NaN	NaN
128	7	91	57	bathroom	sun_axldvoqbuvuggfmq.tif	1929981.362813	1929981.621400	1929982.311529	7.090528e-01	47	39	1929983.691651	1
128	7	92	51	bathroom	sun_atstyziqcmkahyxk.tif	1929984.465887	1929984.724479	1929985.414545	7.173946e-01	41	none	NaN	NaN
128	7	93	31	bathroom	sun_akiytfaagpdsphgz.tif	1929986.184254	1929986.442844	1929987.132994	7.924708e-01	21	none	NaN	NaN
128	7	94	29	bathroom	sun_ahqjwnzgolcaoidx.tif	1929987.902620	1929988.161224	1929988.851457	8.258380e-01	19	none	NaN	NaN
128	7	95	54	bathroom	sun_auzqhkafidnkrwmo.tif	1929989.620988	1929989.879578	1929990.569761	8.425216e-01	44	37	1929991.651727	1
128	7	96	49	bathroom	sun_asfwthctfqerjvxr.tif	1929992.423768	1929992.682357	1929993.372595	7.757872e-01	39	none	NaN	NaN
128	7	97	52	bathroom	sun_aunuadmjocsddsrl.tif	1929994.142135	1929994.400721	1929995.090915	7.674454e-01	42	none	NaN	NaN
128	7	98	28	bathroom	sun_ahijqszoswveeyji.tif	1929995.860504	1929996.119092	1929996.809180	6.840274e-01	18	none	NaN	NaN
128	7	99	21	bathroom	sun_aggnnqpdorgxpvce.tif	1929997.578873	1929997.837465	1929998.527601	7.090528e-01	11	37	1929999.379595	1
128	7	100	27	bathroom	sun_ahcvzmoyaycdoftf.tif	1930000.156425	1930000.415016	1930001.105228	7.674454e-01	17	none	NaN	NaN
128	8	1	66	kitchen	sun_aapllqyqlykszopd.tif	1930008.898418	1930009.157004	1930009.838857	6.756856e-01	56	none	NaN	NaN
128	8	2	91	kitchen	sun_ahljzhgcdpomplvg.tif	1930010.608445	1930010.867036	1930011.548801	7.591036e-01	81	39	1930012.979741	0
128	8	3	104	kitchen	sun_auticobqsbwgoppi.tif	1930013.753227	1930014.011816	1930014.693537	8.508634e-01	94	none	NaN	NaN
128	8	4	109	kitchen	sun_aypmqwcualkenuoe.tif	1930015.463256	1930015.721840	1930016.403667	7.757872e-01	99	none	NaN	NaN
128	8	5	81	kitchen	sun_aehawpgmrlhlvcow.tif	1930017.173280	1930017.431871	1930018.113624	7.090528e-01	71	37	1930019.283783	1
128	8	6	101	kitchen	sun_aqeaevwwwjoqhzvl.tif	1930020.059471	1930020.318062	1930020.999948	7.257364e-01	91	none	NaN	NaN
128	8	7	85	kitchen	sun_afuyedyxivkhecmu.tif	1930021.769499	1930022.028083	1930022.709900	8.258380e-01	75	none	NaN	NaN
128	8	8	83	kitchen	sun_aeqdocilnnpuvuhx.tif	1930023.479525	1930023.738114	1930024.419954	6.923692e-01	73	none	NaN	NaN
128	8	9	80	kitchen	sun_aegoxogugdkwpmpj.tif	1930025.189551	1930025.448140	1930026.130011	8.091544e-01	70	none	NaN	NaN
128	8	10	86	kitchen	sun_aggjlwcdjsjcaemh.tif	1930026.899585	1930027.158170	1930027.839901	6.673438e-01	76	39	1930029.091414	1
128	8	11	65	kitchen	sun_aamedkxepzlwuxes.tif	1930029.869184	1930030.127778	1930030.809563	7.007110e-01	55	none	NaN	NaN
128	8	12	98	kitchen	sun_akchetnepxlcxhsu.tif	1930031.579213	1930031.837801	1930032.519634	7.007110e-01	88	none	NaN	NaN
128	8	13	77	kitchen	sun_acxkpeoqbwcxfvip.tif	1930033.289267	1930033.547829	1930034.229576	8.008126e-01	67	none	NaN	NaN
128	8	14	96	kitchen	sun_ajcbwwvdlsvjyzje.tif	1930034.999267	1930035.257853	1930035.939595	8.258380e-01	86	none	NaN	NaN
128	8	15	84	kitchen	sun_aexklacwqwezaorf.tif	1930036.709293	1930036.967884	1930037.649765	7.257364e-01	74	37	1930038.651548	0
128	8	16	79	kitchen	sun_admlmbcdswaszruo.tif	1930039.428654	1930039.687247	1930040.369112	7.507618e-01	69	none	NaN	NaN
128	8	17	89	kitchen	sun_agzzivivdpnawacl.tif	1930041.138683	1930041.397271	1930042.079071	8.425216e-01	79	37	1930043.035671	1
128	8	18	92	kitchen	sun_ahpczsiumwwocjkv.tif	1930043.807988	1930044.066578	1930044.748339	8.425216e-01	82	none	NaN	NaN
128	8	19	93	kitchen	sun_ahspylgoovwmwvgk.tif	1930045.518015	1930045.776609	1930046.458478	7.757872e-01	83	39	1930047.827893	1
128	8	20	87	kitchen	sun_agorklincwxrdtga.tif	1930048.604410	1930048.863000	1930049.544846	7.841290e-01	77	37	1930050.475733	1
128	8	21	68	kitchen	sun_aaxxjlsuzvqlgylf.tif	1930051.248698	1930051.507285	1930052.189169	6.840274e-01	58	none	NaN	NaN
128	8	22	76	kitchen	sun_acwjdupvyjsugpay.tif	1930052.958722	1930053.217312	1930053.899012	6.590020e-01	66	none	NaN	NaN
128	8	23	67	kitchen	sun_aarfiyshqohlwkmo.tif	1930054.668747	1930054.927336	1930055.609231	6.590020e-01	57	none	NaN	NaN
128	8	24	97	kitchen	sun_ajkqhtgcbgpcwrwn.tif	1930056.378772	1930056.637365	1930057.319156	7.507618e-01	87	none	NaN	NaN
128	8	25	110	kitchen	sun_azmutvzbxypaceni.tif	1930058.088802	1930058.347395	1930059.029268	7.173946e-01	100	none	NaN	NaN
128	8	26	105	kitchen	sun_avszsnwsbuqfgzbn.tif	1930059.798827	1930060.057415	1930060.739163	7.841290e-01	95	none	NaN	NaN
128	8	27	70	kitchen	sun_abdxkyyxwfskuaqb.tif	1930061.508858	1930061.767447	1930062.449296	8.508634e-01	60	none	NaN	NaN
128	8	28	69	kitchen	sun_abdenxonkemggwsq.tif	1930063.218879	1930063.477471	1930064.159284	7.507618e-01	59	none	NaN	NaN
128	8	29	64	kitchen	sun_aadbddgrdsjugojn.tif	1930064.928913	1930065.187501	1930065.869207	8.425216e-01	54	none	NaN	NaN
128	8	30	72	kitchen	sun_abpwyqmlzafvklqo.tif	1930066.638935	1930066.897525	1930067.579386	7.674454e-01	62	none	NaN	NaN
128	8	31	71	kitchen	sun_abftihopvusyfakt.tif	1930068.348962	1930068.607556	1930069.289334	7.591036e-01	61	none	NaN	NaN
128	8	32	108	kitchen	sun_aymvwlarqodbwuoc.tif	1930070.058996	1930070.317578	1930070.999357	8.341798e-01	98	none	NaN	NaN
128	8	33	102	kitchen	sun_auaiucuqpdausiva.tif	1930071.769017	1930072.027604	1930072.709454	7.340782e-01	92	none	NaN	NaN
128	8	34	75	kitchen	sun_acgtpgfybqjmzeyw.tif	1930073.479045	1930073.737631	1930074.419350	7.924708e-01	65	none	NaN	NaN
128	8	35	100	kitchen	sun_amjjdeyrggfqgmom.tif	1930075.189072	1930075.447667	1930076.129441	8.258380e-01	90	none	NaN	NaN
128	8	36	74	kitchen	sun_acfmftudsenhrfhy.tif	1930076.899101	1930077.157689	1930077.839463	7.674454e-01	64	none	NaN	NaN
128	8	37	73	kitchen	sun_abrcnpqqhmjwekyf.tif	1930078.609122	1930078.867713	1930079.549506	8.008126e-01	63	none	NaN	NaN
128	8	38	94	kitchen	sun_ahywdevtimnqcsln.tif	1930080.319150	1930080.577743	1930081.259625	8.174962e-01	84	none	NaN	NaN
128	8	39	106	kitchen	sun_awcpdzzznmweyyhv.tif	1930082.029175	1930082.287766	1930082.969502	6.923692e-01	96	none	NaN	NaN
128	8	40	103	kitchen	sun_aunzlwrbjumxhwdj.tif	1930083.739209	1930083.997796	1930084.679518	7.173946e-01	93	none	NaN	NaN
128	8	41	99	kitchen	sun_akcjzhbbjlbogpdi.tif	1930085.449229	1930085.707821	1930086.389728	7.424200e-01	89	none	NaN	NaN
128	8	42	63	kitchen	labelme_rykdqxenmhulbdn.tif	1930087.159261	1930087.417848	1930088.099727	8.258380e-01	53	none	NaN	NaN
128	8	43	61	kitchen	labelme_brsyyvweiuaazfr.tif	1930088.869286	1930089.127872	1930089.809706	7.507618e-01	51	none	NaN	NaN
128	8	44	88	kitchen	sun_agubuxuukhzyzpdp.tif	1930090.579280	1930090.837900	1930091.519690	7.591036e-01	78	none	NaN	NaN
128	8	45	95	kitchen	sun_aixorpehvfykdynp.tif	1930092.289341	1930092.547924	1930093.229686	7.090528e-01	85	none	NaN	NaN
128	8	46	62	kitchen	labelme_kxvouciolcpqplr.tif	1930093.991026	1930094.249615	1930094.931456	7.841290e-01	52	none	NaN	NaN
128	8	47	78	kitchen	sun_adgqasybjyktddhj.tif	1930095.701054	1930095.959642	1930096.641541	8.425216e-01	68	none	NaN	NaN
128	8	48	82	kitchen	sun_aenotlpyftoioydp.tif	1930097.411081	1930097.669669	1930098.351560	6.756856e-01	72	39	1930099.795652	0
128	8	49	90	kitchen	sun_ahdycvpopffkzzsu.tif	1930100.572546	1930100.831132	1930101.512890	7.424200e-01	80	none	NaN	NaN
128	8	50	107	kitchen	sun_axyyrmzcupyhlivc.tif	1930102.282571	1930102.541157	1930103.222954	6.840274e-01	97	none	NaN	NaN
128	8	51	109	kitchen	sun_aypmqwcualkenuoe.tif	1930103.992597	1930104.251182	1930104.932981	7.757872e-01	99	none	NaN	NaN
128	8	52	75	kitchen	sun_acgtpgfybqjmzeyw.tif	1930105.702626	1930105.961215	1930106.642983	7.173946e-01	65	none	NaN	NaN
128	8	53	76	kitchen	sun_acwjdupvyjsugpay.tif	1930107.412653	1930107.671237	1930108.352977	6.756856e-01	66	none	NaN	NaN
128	8	54	66	kitchen	sun_aapllqyqlykszopd.tif	1930109.122677	1930109.381262	1930110.063026	6.506602e-01	56	none	NaN	NaN
128	8	55	107	kitchen	sun_axyyrmzcupyhlivc.tif	1930110.832706	1930111.091297	1930111.773160	7.007110e-01	97	37	1930112.619683	1
128	8	56	64	kitchen	sun_aadbddgrdsjugojn.tif	1930113.393573	1930113.652159	1930114.333923	8.258380e-01	54	37	1930115.211354	1
128	8	57	101	kitchen	sun_aqeaevwwwjoqhzvl.tif	1930115.987808	1930116.246401	1930116.928138	6.923692e-01	91	none	NaN	NaN
128	8	58	79	kitchen	sun_admlmbcdswaszruo.tif	1930117.697842	1930117.956424	1930118.638227	7.257364e-01	69	none	NaN	NaN
128	8	59	61	kitchen	labelme_brsyyvweiuaazfr.tif	1930119.407860	1930119.666453	1930120.348282	7.591036e-01	51	none	NaN	NaN
128	8	60	92	kitchen	sun_ahpczsiumwwocjkv.tif	1930121.117892	1930121.376477	1930122.058186	7.591036e-01	82	none	NaN	NaN
128	8	61	63	kitchen	labelme_rykdqxenmhulbdn.tif	1930122.827916	1930123.086508	1930123.768269	7.340782e-01	53	none	NaN	NaN
128	8	62	93	kitchen	sun_ahspylgoovwmwvgk.tif	1930124.537947	1930124.796533	1930125.478331	7.257364e-01	83	none	NaN	NaN
128	8	63	106	kitchen	sun_awcpdzzznmweyyhv.tif	1930126.247970	1930126.506561	1930127.188437	6.923692e-01	96	none	NaN	NaN
128	8	64	83	kitchen	sun_aeqdocilnnpuvuhx.tif	1930127.957997	1930128.216589	1930128.898493	6.840274e-01	73	none	NaN	NaN
128	8	65	70	kitchen	sun_abdxkyyxwfskuaqb.tif	1930129.668025	1930129.926617	1930130.608419	7.007110e-01	60	none	NaN	NaN
128	8	66	84	kitchen	sun_aexklacwqwezaorf.tif	1930131.378052	1930131.636641	1930132.318504	7.757872e-01	74	none	NaN	NaN
128	8	67	78	kitchen	sun_adgqasybjyktddhj.tif	1930133.088079	1930133.346673	1930134.028423	7.924708e-01	68	none	NaN	NaN
128	8	68	77	kitchen	sun_acxkpeoqbwcxfvip.tif	1930134.798107	1930135.056695	1930135.738607	7.841290e-01	67	none	NaN	NaN
128	8	69	74	kitchen	sun_acfmftudsenhrfhy.tif	1930136.508130	1930136.766724	1930137.448580	8.091544e-01	64	none	NaN	NaN
128	8	70	94	kitchen	sun_ahywdevtimnqcsln.tif	1930138.218159	1930138.476752	1930139.158471	7.090528e-01	84	39	1930140.315694	1
128	8	71	95	kitchen	sun_aixorpehvfykdynp.tif	1930141.087663	1930141.346256	1930142.028163	6.673438e-01	85	39	1930143.203395	1
128	8	72	73	kitchen	sun_abrcnpqqhmjwekyf.tif	1930143.973858	1930144.232452	1930144.914358	8.008126e-01	63	37	1930145.675681	1
128	8	73	88	kitchen	sun_agubuxuukhzyzpdp.tif	1930146.451312	1930146.709904	1930147.391739	8.174962e-01	78	none	NaN	NaN
128	8	74	98	kitchen	sun_akchetnepxlcxhsu.tif	1930148.161343	1930148.419926	1930149.101847	8.008126e-01	88	none	NaN	NaN
128	8	75	80	kitchen	sun_aegoxogugdkwpmpj.tif	1930149.871369	1930150.129955	1930150.811713	6.673438e-01	70	39	1930152.179692	1
128	8	76	65	kitchen	sun_aamedkxepzlwuxes.tif	1930152.957760	1930153.216345	1930153.898228	7.674454e-01	55	none	NaN	NaN
128	8	77	103	kitchen	sun_aunzlwrbjumxhwdj.tif	1930154.667790	1930154.926376	1930155.608154	7.424200e-01	93	none	NaN	NaN
128	8	78	86	kitchen	sun_aggjlwcdjsjcaemh.tif	1930156.377808	1930156.636402	1930157.318272	8.091544e-01	76	none	NaN	NaN
128	8	79	71	kitchen	sun_abftihopvusyfakt.tif	1930158.087839	1930158.346430	1930159.028191	7.424200e-01	61	none	NaN	NaN
128	8	80	81	kitchen	sun_aehawpgmrlhlvcow.tif	1930159.789520	1930160.048113	1930160.729872	8.341798e-01	71	none	NaN	NaN
128	8	81	96	kitchen	sun_ajcbwwvdlsvjyzje.tif	1930161.499556	1930161.758157	1930162.439845	6.590020e-01	86	none	NaN	NaN
128	8	82	102	kitchen	sun_auaiucuqpdausiva.tif	1930163.209576	1930163.468164	1930164.150043	6.923692e-01	92	none	NaN	NaN
128	8	83	62	kitchen	labelme_kxvouciolcpqplr.tif	1930164.919601	1930165.178193	1930165.859994	7.340782e-01	52	none	NaN	NaN
128	8	84	108	kitchen	sun_aymvwlarqodbwuoc.tif	1930166.629630	1930166.888221	1930167.569964	6.590020e-01	98	none	NaN	NaN
128	8	85	72	kitchen	sun_abpwyqmlzafvklqo.tif	1930168.339657	1930168.598245	1930169.280111	8.174962e-01	62	none	NaN	NaN
128	8	86	87	kitchen	sun_agorklincwxrdtga.tif	1930170.049687	1930170.308273	1930170.990005	7.340782e-01	77	none	NaN	NaN
128	8	87	90	kitchen	sun_ahdycvpopffkzzsu.tif	1930171.759713	1930172.018301	1930172.700212	7.924708e-01	80	none	NaN	NaN
128	8	88	82	kitchen	sun_aenotlpyftoioydp.tif	1930173.469736	1930173.728337	1930174.410209	6.840274e-01	72	none	NaN	NaN
128	8	89	100	kitchen	sun_amjjdeyrggfqgmom.tif	1930175.179767	1930175.438353	1930176.120158	7.173946e-01	90	39	1930177.443545	1
128	8	90	67	kitchen	sun_aarfiyshqohlwkmo.tif	1930178.216109	1930178.474696	1930179.156410	7.090528e-01	57	none	NaN	NaN
128	8	91	104	kitchen	sun_auticobqsbwgoppi.tif	1930179.926135	1930180.184721	1930180.866511	8.091544e-01	94	none	NaN	NaN
128	8	92	110	kitchen	sun_azmutvzbxypaceni.tif	1930181.636156	1930181.894748	1930182.576471	7.674454e-01	100	none	NaN	NaN
128	8	93	105	kitchen	sun_avszsnwsbuqfgzbn.tif	1930183.346189	1930183.604778	1930184.286477	8.174962e-01	95	none	NaN	NaN
128	8	94	97	kitchen	sun_ajkqhtgcbgpcwrwn.tif	1930185.056213	1930185.314801	1930185.996721	8.341798e-01	87	none	NaN	NaN
128	8	95	85	kitchen	sun_afuyedyxivkhecmu.tif	1930186.766241	1930187.024831	1930187.706731	8.341798e-01	75	none	NaN	NaN
128	8	96	89	kitchen	sun_agzzivivdpnawacl.tif	1930188.476265	1930188.734857	1930189.416608	7.924708e-01	79	none	NaN	NaN
128	8	97	91	kitchen	sun_ahljzhgcdpomplvg.tif	1930190.186294	1930190.444886	1930191.126673	6.673438e-01	81	none	NaN	NaN
128	8	98	99	kitchen	sun_akcjzhbbjlbogpdi.tif	1930191.896322	1930192.154910	1930192.836720	6.506602e-01	89	none	NaN	NaN
128	8	99	68	kitchen	sun_aaxxjlsuzvqlgylf.tif	1930193.606353	1930193.864941	1930194.546837	6.756856e-01	58	none	NaN	NaN
128	8	100	69	kitchen	sun_abdenxonkemggwsq.tif	1930195.316375	1930195.574969	1930196.256831	6.506602e-01	59	none	NaN	NaN
128	9	1	11	bathroom	labelme_sfxiulhjbhlyiyt.tif	1930204.992624	1930205.251211	1930205.899756	7.757872e-01	1	none	NaN	NaN
128	9	2	24	bathroom	sun_agrwbmhcpmfuwmsg.tif	1930206.669290	1930206.927877	1930207.576336	8.508634e-01	14	none	NaN	NaN
128	9	3	60	bathroom	sun_azqyogdvyhahyram.tif	1930208.345942	1930208.604539	1930209.252939	7.007110e-01	50	none	NaN	NaN
128	9	4	19	bathroom	sun_aclfzgynxzxlbepz.tif	1930210.022608	1930210.281192	1930210.929674	7.924708e-01	9	none	NaN	NaN
128	9	5	14	bathroom	sun_abapwbhyhkfixyex.tif	1930211.699267	1930211.957857	1930212.606313	8.174962e-01	4	none	NaN	NaN
128	9	6	15	bathroom	sun_abjtwfukuwddzted.tif	1930213.375925	1930213.634519	1930214.282986	6.923692e-01	5	39	1930215.299555	1
128	9	7	21	bathroom	sun_aggnnqpdorgxpvce.tif	1930216.070265	1930216.328857	1930216.977302	7.507618e-01	11	none	NaN	NaN
128	9	8	38	bathroom	sun_anhioqovhscjqqwb.tif	1930217.746926	1930218.005513	1930218.654033	6.506602e-01	28	none	NaN	NaN
128	9	9	44	bathroom	sun_apkruvsevgegsdwp.tif	1930219.423583	1930219.682167	1930220.330674	6.590020e-01	34	none	NaN	NaN
128	9	10	56	bathroom	sun_awnqiikzaispgmwo.tif	1930221.100243	1930221.358838	1930222.007347	6.590020e-01	46	none	NaN	NaN
128	9	11	16	bathroom	sun_acduarbnmmoglmiv.tif	1930222.776903	1930223.035495	1930223.684032	8.258380e-01	6	none	NaN	NaN
128	9	12	45	bathroom	sun_apkxzenqapsujocq.tif	1930224.453562	1930224.712157	1930225.360573	8.008126e-01	35	none	NaN	NaN
128	9	13	18	bathroom	sun_acgyywnybuveqsro.tif	1930226.130230	1930226.388820	1930227.037186	8.425216e-01	8	none	NaN	NaN
128	9	14	20	bathroom	sun_afcoljnjfoxjtgja.tif	1930227.806883	1930228.065477	1930228.713845	7.757872e-01	10	37	1930229.883563	1
128	9	15	49	bathroom	sun_asfwthctfqerjvxr.tif	1930230.659709	1930230.918298	1930231.566691	8.091544e-01	39	none	NaN	NaN
128	9	16	31	bathroom	sun_akiytfaagpdsphgz.tif	1930232.336375	1930232.594965	1930233.243428	7.591036e-01	21	none	NaN	NaN
128	9	17	17	bathroom	sun_acegryoqftbzowsg.tif	1930234.013032	1930234.271624	1930234.920060	7.424200e-01	7	none	NaN	NaN
128	9	18	54	bathroom	sun_auzqhkafidnkrwmo.tif	1930235.689693	1930235.948292	1930236.596757	8.508634e-01	44	none	NaN	NaN
128	9	19	50	bathroom	sun_aspsyogrekjtfozg.tif	1930237.366358	1930237.624941	1930238.273289	8.174962e-01	40	none	NaN	NaN
128	9	20	34	bathroom	sun_alkosphxlxwjwgjd.tif	1930239.043012	1930239.301604	1930239.949978	7.340782e-01	24	37	1930240.803742	1
128	9	21	53	bathroom	sun_ausgutylgojavyoq.tif	1930241.578857	1930241.837449	1930242.485834	6.840274e-01	43	none	NaN	NaN
128	9	22	13	bathroom	sun_aavhrsfjbserjtht.tif	1930243.255519	1930243.514103	1930244.162496	6.673438e-01	3	none	NaN	NaN
128	9	23	52	bathroom	sun_aunuadmjocsddsrl.tif	1930244.932181	1930245.190772	1930245.839308	6.506602e-01	42	none	NaN	NaN
128	9	24	12	bathroom	sun_aapitsgbtktqubfy.tif	1930246.608841	1930246.867443	1930247.515914	7.591036e-01	2	none	NaN	NaN
128	9	25	39	bathroom	sun_anryaplzeujmzfkd.tif	1930248.285501	1930248.544093	1930249.192523	7.340782e-01	29	none	NaN	NaN
128	9	26	29	bathroom	sun_ahqjwnzgolcaoidx.tif	1930249.962164	1930250.220752	1930250.869139	7.090528e-01	19	none	NaN	NaN
128	9	27	26	bathroom	sun_ahaulkltgpkeeemi.tif	1930251.638821	1930251.897414	1930252.545777	6.673438e-01	16	37	1930253.283578	1
128	9	28	51	bathroom	sun_atstyziqcmkahyxk.tif	1930254.057885	1930254.316473	1930254.964916	7.090528e-01	41	none	NaN	NaN
128	9	29	41	bathroom	sun_aoybiabnpadelefl.tif	1930255.734549	1930255.993138	1930256.641551	7.841290e-01	31	none	NaN	NaN
128	9	30	28	bathroom	sun_ahijqszoswveeyji.tif	1930257.411203	1930257.669796	1930258.318288	7.424200e-01	18	none	NaN	NaN
128	9	31	57	bathroom	sun_axldvoqbuvuggfmq.tif	1930259.087867	1930259.346454	1930259.994892	7.924708e-01	47	none	NaN	NaN
128	9	32	32	bathroom	sun_aleqenyvunhactkl.tif	1930260.764531	1930261.023118	1930261.671475	6.923692e-01	22	37	1930262.611436	0
128	9	33	25	bathroom	sun_agyqfjcfkdcydepw.tif	1930263.383791	1930263.642387	1930264.290823	8.008126e-01	15	none	NaN	NaN
128	9	34	30	bathroom	sun_ajlawzvmubibwbpy.tif	1930265.060449	1930265.319040	1930265.967481	8.258380e-01	20	none	NaN	NaN
128	9	35	58	bathroom	sun_axxbkopsgyouuebh.tif	1930266.737108	1930266.995701	1930267.644210	7.507618e-01	48	none	NaN	NaN
128	9	36	48	bathroom	sun_aqrpegblszgcoujh.tif	1930268.413769	1930268.672359	1930269.320691	7.674454e-01	38	none	NaN	NaN
128	9	37	36	bathroom	sun_ambriybtogmepttm.tif	1930270.090429	1930270.349019	1930270.997367	8.258380e-01	26	none	NaN	NaN
128	9	38	33	bathroom	sun_aljolscmmzydegqp.tif	1930271.767092	1930272.025676	1930272.674055	7.674454e-01	23	none	NaN	NaN
128	9	39	42	bathroom	sun_apeeialkgkuxddgh.tif	1930273.443753	1930273.702342	1930274.350806	7.841290e-01	32	none	NaN	NaN
128	9	40	55	bathroom	sun_avhrdrntsqrjzccq.tif	1930275.120411	1930275.379006	1930276.027477	6.756856e-01	45	37	1930276.755738	1
128	9	41	46	bathroom	sun_apmqjbnwghzuhhzh.tif	1930277.531140	1930277.789722	1930278.438241	6.840274e-01	36	none	NaN	NaN
128	9	42	22	bathroom	sun_agguqiubmwhqqunb.tif	1930279.207794	1930279.466382	1930280.114874	6.590020e-01	12	none	NaN	NaN
128	9	43	27	bathroom	sun_ahcvzmoyaycdoftf.tif	1930280.884454	1930281.143046	1930281.791391	6.756856e-01	17	none	NaN	NaN
128	9	44	47	bathroom	sun_apynckhmoftszqoq.tif	1930282.561112	1930282.819702	1930283.468209	6.840274e-01	37	none	NaN	NaN
128	9	45	59	bathroom	sun_axyrejkiiaqiurjk.tif	1930284.237776	1930284.496368	1930285.144771	7.424200e-01	49	none	NaN	NaN
128	9	46	35	bathroom	sun_alotolagknyrgtsk.tif	1930285.914439	1930286.173025	1930286.821511	6.673438e-01	25	37	1930287.571374	1
128	9	47	40	bathroom	sun_aofnryafpsjimzsb.tif	1930288.341834	1930288.600426	1930289.248902	7.090528e-01	30	39	1930290.491736	1
128	9	48	23	bathroom	sun_aghyqhbptboemmoq.tif	1930291.269738	1930291.528328	1930292.176754	7.841290e-01	13	none	NaN	NaN
128	9	49	43	bathroom	sun_apjevzvycyhuqghb.tif	1930292.946400	1930293.204987	1930293.853499	6.673438e-01	33	none	NaN	NaN
128	9	50	37	bathroom	sun_amzlamotzwfkwjco.tif	1930294.623066	1930294.881648	1930295.530158	8.091544e-01	27	none	NaN	NaN
128	9	51	26	bathroom	sun_ahaulkltgpkeeemi.tif	1930296.299723	1930296.558310	1930297.206802	7.591036e-01	16	none	NaN	NaN
128	9	52	56	bathroom	sun_awnqiikzaispgmwo.tif	1930297.976381	1930298.234976	1930298.883381	8.008126e-01	46	none	NaN	NaN
128	9	53	15	bathroom	sun_abjtwfukuwddzted.tif	1930299.653045	1930299.911631	1930300.560173	8.091544e-01	5	37	1930301.915591	0
128	9	54	14	bathroom	sun_abapwbhyhkfixyex.tif	1930302.689381	1930302.947975	1930303.596468	7.924708e-01	4	none	NaN	NaN
128	9	55	58	bathroom	sun_axxbkopsgyouuebh.tif	1930304.366044	1930304.624634	1930305.273142	7.257364e-01	48	none	NaN	NaN
128	9	56	53	bathroom	sun_ausgutylgojavyoq.tif	1930306.042698	1930306.301290	1930306.949811	7.591036e-01	43	none	NaN	NaN
128	9	57	50	bathroom	sun_aspsyogrekjtfozg.tif	1930307.719363	1930307.977952	1930308.626474	8.425216e-01	40	none	NaN	NaN
128	9	58	19	bathroom	sun_aclfzgynxzxlbepz.tif	1930309.396024	1930309.654613	1930310.303019	8.341798e-01	9	none	NaN	NaN
128	9	59	46	bathroom	sun_apmqjbnwghzuhhzh.tif	1930311.072683	1930311.331275	1930311.979621	7.674454e-01	36	none	NaN	NaN
128	9	60	18	bathroom	sun_acgyywnybuveqsro.tif	1930312.749348	1930313.007929	1930313.656431	7.007110e-01	8	none	NaN	NaN
128	9	61	16	bathroom	sun_acduarbnmmoglmiv.tif	1930314.426006	1930314.684599	1930315.333102	7.924708e-01	6	none	NaN	NaN
128	9	62	49	bathroom	sun_asfwthctfqerjvxr.tif	1930316.102668	1930316.361260	1930317.009689	7.257364e-01	39	none	NaN	NaN
128	9	63	28	bathroom	sun_ahijqszoswveeyji.tif	1930317.779327	1930318.037913	1930318.686255	7.507618e-01	18	none	NaN	NaN
128	9	64	33	bathroom	sun_aljolscmmzydegqp.tif	1930319.455987	1930319.714578	1930320.362967	8.341798e-01	23	none	NaN	NaN
128	9	65	34	bathroom	sun_alkosphxlxwjwgjd.tif	1930321.132649	1930321.391240	1930322.039629	7.173946e-01	24	none	NaN	NaN
128	9	66	45	bathroom	sun_apkxzenqapsujocq.tif	1930322.809308	1930323.067896	1930323.716440	7.340782e-01	35	none	NaN	NaN
128	9	67	35	bathroom	sun_alotolagknyrgtsk.tif	1930324.485985	1930324.744559	1930325.392912	8.341798e-01	25	none	NaN	NaN
128	9	68	24	bathroom	sun_agrwbmhcpmfuwmsg.tif	1930326.162634	1930326.421215	1930327.069742	8.425216e-01	14	none	NaN	NaN
128	9	69	52	bathroom	sun_aunuadmjocsddsrl.tif	1930327.839291	1930328.097879	1930328.746284	7.257364e-01	42	none	NaN	NaN
128	9	70	43	bathroom	sun_apjevzvycyhuqghb.tif	1930329.515949	1930329.774543	1930330.423047	7.173946e-01	33	none	NaN	NaN
128	9	71	29	bathroom	sun_ahqjwnzgolcaoidx.tif	1930331.192608	1930331.451202	1930332.099783	7.173946e-01	19	none	NaN	NaN
128	9	72	20	bathroom	sun_afcoljnjfoxjtgja.tif	1930332.869273	1930333.127863	1930333.776409	7.841290e-01	10	37	1930334.835765	0
128	9	73	27	bathroom	sun_ahcvzmoyaycdoftf.tif	1930335.613655	1930335.872250	1930336.520681	8.008126e-01	17	none	NaN	NaN
128	9	74	32	bathroom	sun_aleqenyvunhactkl.tif	1930337.290321	1930337.548909	1930338.197386	8.174962e-01	22	none	NaN	NaN
128	9	75	37	bathroom	sun_amzlamotzwfkwjco.tif	1930338.966980	1930339.225566	1930339.873934	8.341798e-01	27	none	NaN	NaN
128	9	76	40	bathroom	sun_aofnryafpsjimzsb.tif	1930340.643639	1930340.902229	1930341.550576	7.007110e-01	30	none	NaN	NaN
128	9	77	30	bathroom	sun_ajlawzvmubibwbpy.tif	1930342.320298	1930342.578885	1930343.227428	6.756856e-01	20	none	NaN	NaN
128	9	78	13	bathroom	sun_aavhrsfjbserjtht.tif	1930343.996959	1930344.255547	1930344.903961	7.507618e-01	3	none	NaN	NaN
128	9	79	21	bathroom	sun_aggnnqpdorgxpvce.tif	1930345.673620	1930345.932206	1930346.580612	6.923692e-01	11	none	NaN	NaN
128	9	80	54	bathroom	sun_auzqhkafidnkrwmo.tif	1930347.350276	1930347.608872	1930348.257319	8.258380e-01	44	37	1930349.459554	1
128	9	81	48	bathroom	sun_aqrpegblszgcoujh.tif	1930350.236472	1930350.495058	1930351.143582	6.923692e-01	38	none	NaN	NaN
128	9	82	39	bathroom	sun_anryaplzeujmzfkd.tif	1930351.913130	1930352.171721	1930352.820178	7.340782e-01	29	none	NaN	NaN
128	9	83	31	bathroom	sun_akiytfaagpdsphgz.tif	1930353.589794	1930353.848384	1930354.496861	6.923692e-01	21	none	NaN	NaN
128	9	84	57	bathroom	sun_axldvoqbuvuggfmq.tif	1930355.266456	1930355.525045	1930356.173583	6.590020e-01	47	none	NaN	NaN
128	9	85	51	bathroom	sun_atstyziqcmkahyxk.tif	1930356.943112	1930357.201703	1930357.850219	7.257364e-01	41	none	NaN	NaN
128	9	86	42	bathroom	sun_apeeialkgkuxddgh.tif	1930358.619776	1930358.878366	1930359.526897	7.757872e-01	32	37	1930360.587582	0
128	9	87	38	bathroom	sun_anhioqovhscjqqwb.tif	1930361.364159	1930361.622747	1930362.271169	7.591036e-01	28	none	NaN	NaN
128	9	88	47	bathroom	sun_apynckhmoftszqoq.tif	1930363.040818	1930363.299408	1930363.947768	8.091544e-01	37	37	1930364.747506	1
128	9	89	55	bathroom	sun_avhrdrntsqrjzccq.tif	1930365.518276	1930365.776860	1930366.425385	7.424200e-01	45	none	NaN	NaN
128	9	90	12	bathroom	sun_aapitsgbtktqubfy.tif	1930367.194935	1930367.453523	1930368.101895	7.173946e-01	2	none	NaN	NaN
128	9	91	11	bathroom	labelme_sfxiulhjbhlyiyt.tif	1930368.871591	1930369.130189	1930369.778514	7.757872e-01	1	none	NaN	NaN
128	9	92	22	bathroom	sun_agguqiubmwhqqunb.tif	1930370.548257	1930370.806837	1930371.455263	6.840274e-01	12	none	NaN	NaN
128	9	93	36	bathroom	sun_ambriybtogmepttm.tif	1930372.224917	1930372.483508	1930373.131995	8.174962e-01	26	none	NaN	NaN
128	9	94	41	bathroom	sun_aoybiabnpadelefl.tif	1930373.901578	1930374.160162	1930374.808682	8.425216e-01	31	none	NaN	NaN
128	9	95	60	bathroom	sun_azqyogdvyhahyram.tif	1930375.578236	1930375.836828	1930376.485176	8.258380e-01	50	none	NaN	NaN
128	9	96	59	bathroom	sun_axyrejkiiaqiurjk.tif	1930377.254895	1930377.513491	1930378.161992	6.506602e-01	49	39	1930379.619545	1
128	9	97	17	bathroom	sun_acegryoqftbzowsg.tif	1930380.391338	1930380.649925	1930381.298315	7.007110e-01	7	none	NaN	NaN
128	9	98	23	bathroom	sun_aghyqhbptboemmoq.tif	1930382.067999	1930382.326587	1930382.975136	7.674454e-01	13	none	NaN	NaN
128	9	99	25	bathroom	sun_agyqfjcfkdcydepw.tif	1930383.744660	1930384.003249	1930384.651781	6.756856e-01	15	none	NaN	NaN
128	9	100	44	bathroom	sun_apkruvsevgegsdwp.tif	1930385.421316	1930385.679906	1930386.328434	7.090528e-01	34	39	1930387.491666	1
128	10	1	73	kitchen	sun_abrcnpqqhmjwekyf.tif	1930397.299751	1930397.558343	1930398.381910	8.174962e-01	63	none	NaN	NaN
128	10	2	62	kitchen	labelme_kxvouciolcpqplr.tif	1930399.151581	1930399.410178	1930400.233758	7.257364e-01	52	none	NaN	NaN
128	10	3	99	kitchen	sun_akcjzhbbjlbogpdi.tif	1930401.003416	1930401.262010	1930402.085645	8.008126e-01	89	none	NaN	NaN
128	10	4	70	kitchen	sun_abdxkyyxwfskuaqb.tif	1930402.855256	1930403.113844	1930403.937510	7.757872e-01	60	37	1930405.043602	1
128	10	5	95	kitchen	sun_aixorpehvfykdynp.tif	1930405.816513	1930406.075105	1930406.898616	6.673438e-01	85	39	1930408.395373	1
128	10	6	97	kitchen	sun_ajkqhtgcbgpcwrwn.tif	1930409.169839	1930409.428432	1930410.252081	7.757872e-01	87	none	NaN	NaN
128	10	7	82	kitchen	sun_aenotlpyftoioydp.tif	1930411.021674	1930411.280261	1930412.103897	7.090528e-01	72	none	NaN	NaN
128	10	8	110	kitchen	sun_azmutvzbxypaceni.tif	1930412.873507	1930413.132097	1930413.955740	6.756856e-01	100	none	NaN	NaN
128	10	9	69	kitchen	sun_abdenxonkemggwsq.tif	1930414.725338	1930414.983929	1930415.807552	6.506602e-01	59	none	NaN	NaN
128	10	10	67	kitchen	sun_aarfiyshqohlwkmo.tif	1930416.577173	1930416.835766	1930417.659487	8.341798e-01	57	none	NaN	NaN
128	10	11	103	kitchen	sun_aunzlwrbjumxhwdj.tif	1930418.429007	1930418.687605	1930419.511161	7.591036e-01	93	none	NaN	NaN
128	10	12	66	kitchen	sun_aapllqyqlykszopd.tif	1930420.280841	1930420.539432	1930421.362961	8.508634e-01	56	none	NaN	NaN
128	10	13	78	kitchen	sun_adgqasybjyktddhj.tif	1930422.132675	1930422.391266	1930423.214957	8.341798e-01	68	none	NaN	NaN
128	10	14	107	kitchen	sun_axyyrmzcupyhlivc.tif	1930423.984507	1930424.243101	1930425.066645	7.507618e-01	97	39	1930426.163715	1
128	10	15	96	kitchen	sun_ajcbwwvdlsvjyzje.tif	1930426.937433	1930427.196023	1930428.019714	6.923692e-01	86	none	NaN	NaN
128	10	16	94	kitchen	sun_ahywdevtimnqcsln.tif	1930428.789271	1930429.047860	1930429.871529	6.840274e-01	84	none	NaN	NaN
128	10	17	109	kitchen	sun_aypmqwcualkenuoe.tif	1930430.641100	1930430.899690	1930431.723334	8.258380e-01	99	none	NaN	NaN
128	10	18	105	kitchen	sun_avszsnwsbuqfgzbn.tif	1930432.492935	1930432.751527	1930433.575069	7.007110e-01	95	none	NaN	NaN
128	10	19	83	kitchen	sun_aeqdocilnnpuvuhx.tif	1930434.344768	1930434.603364	1930435.426947	7.424200e-01	73	none	NaN	NaN
128	10	20	86	kitchen	sun_aggjlwcdjsjcaemh.tif	1930436.196605	1930436.455190	1930437.278911	6.756856e-01	76	none	NaN	NaN
128	10	21	85	kitchen	sun_afuyedyxivkhecmu.tif	1930438.048441	1930438.307027	1930439.130709	7.507618e-01	75	37	1930440.523654	0
128	10	22	65	kitchen	sun_aamedkxepzlwuxes.tif	1930441.301664	1930441.560248	1930442.383950	7.841290e-01	55	none	NaN	NaN
128	10	23	74	kitchen	sun_acfmftudsenhrfhy.tif	1930443.153496	1930443.412085	1930444.235693	8.174962e-01	64	39	1930445.403556	1
128	10	24	88	kitchen	sun_agubuxuukhzyzpdp.tif	1930446.181494	1930446.440082	1930447.263671	8.091544e-01	78	none	NaN	NaN
128	10	25	92	kitchen	sun_ahpczsiumwwocjkv.tif	1930448.033330	1930448.291919	1930449.115620	6.840274e-01	82	none	NaN	NaN
128	10	26	81	kitchen	sun_aehawpgmrlhlvcow.tif	1930449.885163	1930450.143753	1930450.967305	7.007110e-01	71	none	NaN	NaN
128	10	27	101	kitchen	sun_aqeaevwwwjoqhzvl.tif	1930451.736997	1930451.995592	1930452.819246	7.674454e-01	91	none	NaN	NaN
128	10	28	90	kitchen	sun_ahdycvpopffkzzsu.tif	1930453.588832	1930453.847423	1930454.670954	8.341798e-01	80	none	NaN	NaN
128	10	29	76	kitchen	sun_acwjdupvyjsugpay.tif	1930455.440665	1930455.699255	1930456.522818	6.923692e-01	66	none	NaN	NaN
128	10	30	87	kitchen	sun_agorklincwxrdtga.tif	1930457.292499	1930457.551089	1930458.374671	7.173946e-01	77	none	NaN	NaN
128	10	31	100	kitchen	sun_amjjdeyrggfqgmom.tif	1930459.144340	1930459.402924	1930460.226470	7.090528e-01	90	39	1930461.267584	1
128	10	32	63	kitchen	labelme_rykdqxenmhulbdn.tif	1930462.038864	1930462.297454	1930463.121121	8.425216e-01	53	37	1930464.075594	1
128	10	33	89	kitchen	sun_agzzivivdpnawacl.tif	1930464.849986	1930465.108571	1930465.932271	7.674454e-01	79	none	NaN	NaN
128	10	34	84	kitchen	sun_aexklacwqwezaorf.tif	1930466.701816	1930466.960410	1930467.783920	6.673438e-01	74	none	NaN	NaN
128	10	35	71	kitchen	sun_abftihopvusyfakt.tif	1930468.553652	1930468.812241	1930469.635782	6.840274e-01	61	37	1930470.595666	1
128	10	36	80	kitchen	sun_aegoxogugdkwpmpj.tif	1930471.373109	1930471.631699	1930472.455293	8.258380e-01	70	none	NaN	NaN
128	10	37	77	kitchen	sun_acxkpeoqbwcxfvip.tif	1930473.224896	1930473.483529	1930474.307035	6.673438e-01	67	none	NaN	NaN
128	10	38	64	kitchen	sun_aadbddgrdsjugojn.tif	1930475.076777	1930475.335369	1930476.159040	8.508634e-01	54	none	NaN	NaN
128	10	39	106	kitchen	sun_awcpdzzznmweyyhv.tif	1930476.928614	1930477.187204	1930478.010895	6.923692e-01	96	none	NaN	NaN
128	10	40	68	kitchen	sun_aaxxjlsuzvqlgylf.tif	1930478.780451	1930479.039030	1930479.862722	7.173946e-01	58	none	NaN	NaN
128	10	41	61	kitchen	labelme_brsyyvweiuaazfr.tif	1930480.632284	1930480.890874	1930481.714555	7.841290e-01	51	none	NaN	NaN
128	10	42	91	kitchen	sun_ahljzhgcdpomplvg.tif	1930482.484115	1930482.742701	1930483.566431	8.258380e-01	81	none	NaN	NaN
128	10	43	75	kitchen	sun_acgtpgfybqjmzeyw.tif	1930484.335950	1930484.594540	1930485.418200	7.424200e-01	65	37	1930486.411616	1
128	10	44	102	kitchen	sun_auaiucuqpdausiva.tif	1930487.188780	1930487.447362	1930488.270910	7.674454e-01	92	none	NaN	NaN
128	10	45	98	kitchen	sun_akchetnepxlcxhsu.tif	1930489.040607	1930489.299199	1930490.122717	7.507618e-01	88	none	NaN	NaN
128	10	46	104	kitchen	sun_auticobqsbwgoppi.tif	1930490.892443	1930491.151035	1930491.974612	7.757872e-01	94	none	NaN	NaN
128	10	47	108	kitchen	sun_aymvwlarqodbwuoc.tif	1930492.744278	1930493.002863	1930493.826468	8.258380e-01	98	none	NaN	NaN
128	10	48	93	kitchen	sun_ahspylgoovwmwvgk.tif	1930494.596111	1930494.854703	1930495.678216	8.091544e-01	83	none	NaN	NaN
128	10	49	79	kitchen	sun_admlmbcdswaszruo.tif	1930496.447946	1930496.706533	1930497.530149	6.590020e-01	69	39	1930498.683647	0
128	10	50	72	kitchen	sun_abpwyqmlzafvklqo.tif	1930499.459264	1930499.717846	1930500.541507	7.007110e-01	62	none	NaN	NaN
128	10	51	96	kitchen	sun_ajcbwwvdlsvjyzje.tif	1930501.311095	1930501.569683	1930502.393288	8.091544e-01	86	none	NaN	NaN
128	10	52	75	kitchen	sun_acgtpgfybqjmzeyw.tif	1930503.162933	1930503.421520	1930504.245196	7.591036e-01	65	none	NaN	NaN
128	10	53	81	kitchen	sun_aehawpgmrlhlvcow.tif	1930505.014765	1930505.273356	1930506.096943	6.756856e-01	71	37	1930506.939645	1
128	10	54	86	kitchen	sun_aggjlwcdjsjcaemh.tif	1930507.717439	1930507.976026	1930508.799627	8.091544e-01	76	none	NaN	NaN
128	10	55	103	kitchen	sun_aunzlwrbjumxhwdj.tif	1930509.569275	1930509.827864	1930510.651476	7.257364e-01	93	none	NaN	NaN
128	10	56	77	kitchen	sun_acxkpeoqbwcxfvip.tif	1930511.421107	1930511.679701	1930512.503212	7.090528e-01	67	none	NaN	NaN
128	10	57	62	kitchen	labelme_kxvouciolcpqplr.tif	1930513.272943	1930513.531532	1930514.355207	7.841290e-01	52	none	NaN	NaN
128	10	58	64	kitchen	sun_aadbddgrdsjugojn.tif	1930515.124773	1930515.383367	1930516.206960	7.340782e-01	54	none	NaN	NaN
128	10	59	98	kitchen	sun_akchetnepxlcxhsu.tif	1930516.976607	1930517.235202	1930518.058939	6.673438e-01	88	none	NaN	NaN
128	10	60	70	kitchen	sun_abdxkyyxwfskuaqb.tif	1930518.828446	1930519.087039	1930519.910643	7.591036e-01	60	none	NaN	NaN
128	10	61	94	kitchen	sun_ahywdevtimnqcsln.tif	1930520.680278	1930520.938865	1930521.762555	7.257364e-01	84	37	1930522.579640	1
128	10	62	102	kitchen	sun_auaiucuqpdausiva.tif	1930523.357931	1930523.616517	1930524.440199	7.340782e-01	92	none	NaN	NaN
128	10	63	95	kitchen	sun_aixorpehvfykdynp.tif	1930525.209761	1930525.468355	1930526.291863	8.425216e-01	85	none	NaN	NaN
128	10	64	97	kitchen	sun_ajkqhtgcbgpcwrwn.tif	1930527.061595	1930527.320181	1930528.143824	6.506602e-01	87	none	NaN	NaN
128	10	65	78	kitchen	sun_adgqasybjyktddhj.tif	1930528.913432	1930529.172024	1930529.995650	7.424200e-01	68	none	NaN	NaN
128	10	66	83	kitchen	sun_aeqdocilnnpuvuhx.tif	1930530.765268	1930531.023856	1930531.847584	6.590020e-01	73	none	NaN	NaN
128	10	67	109	kitchen	sun_aypmqwcualkenuoe.tif	1930532.617101	1930532.875691	1930533.699245	7.674454e-01	99	none	NaN	NaN
128	10	68	79	kitchen	sun_admlmbcdswaszruo.tif	1930534.468934	1930534.727523	1930535.551047	7.007110e-01	69	none	NaN	NaN
128	10	69	105	kitchen	sun_avszsnwsbuqfgzbn.tif	1930536.320768	1930536.579361	1930537.402954	7.924708e-01	95	none	NaN	NaN
128	10	70	85	kitchen	sun_afuyedyxivkhecmu.tif	1930538.172599	1930538.431211	1930539.254797	7.924708e-01	75	none	NaN	NaN
128	10	71	76	kitchen	sun_acwjdupvyjsugpay.tif	1930540.024437	1930540.283026	1930541.106657	8.008126e-01	66	none	NaN	NaN
128	10	72	65	kitchen	sun_aamedkxepzlwuxes.tif	1930541.876270	1930542.134865	1930542.958548	7.090528e-01	55	none	NaN	NaN
128	10	73	61	kitchen	labelme_brsyyvweiuaazfr.tif	1930543.728104	1930543.986691	1930544.810275	8.425216e-01	51	none	NaN	NaN
128	10	74	90	kitchen	sun_ahdycvpopffkzzsu.tif	1930545.579936	1930545.838531	1930546.662123	6.756856e-01	80	none	NaN	NaN
128	10	75	82	kitchen	sun_aenotlpyftoioydp.tif	1930547.431771	1930547.690364	1930548.514015	7.507618e-01	72	none	NaN	NaN
128	10	76	108	kitchen	sun_aymvwlarqodbwuoc.tif	1930549.283606	1930549.542198	1930550.365851	7.424200e-01	98	none	NaN	NaN
128	10	77	68	kitchen	sun_aaxxjlsuzvqlgylf.tif	1930551.135440	1930551.394028	1930552.217740	8.341798e-01	58	none	NaN	NaN
128	10	78	101	kitchen	sun_aqeaevwwwjoqhzvl.tif	1930552.987276	1930553.245865	1930554.069377	6.590020e-01	91	none	NaN	NaN
128	10	79	106	kitchen	sun_awcpdzzznmweyyhv.tif	1930554.839113	1930555.097699	1930555.921271	8.258380e-01	96	none	NaN	NaN
128	10	80	92	kitchen	sun_ahpczsiumwwocjkv.tif	1930556.690942	1930556.949534	1930557.773106	6.923692e-01	82	none	NaN	NaN
128	10	81	110	kitchen	sun_azmutvzbxypaceni.tif	1930558.542777	1930558.801364	1930559.625033	7.757872e-01	100	none	NaN	NaN
128	10	82	73	kitchen	sun_abrcnpqqhmjwekyf.tif	1930560.394613	1930560.653199	1930561.476808	8.008126e-01	63	none	NaN	NaN
128	10	83	99	kitchen	sun_akcjzhbbjlbogpdi.tif	1930562.246445	1930562.505029	1930563.328717	6.923692e-01	89	none	NaN	NaN
128	10	84	100	kitchen	sun_amjjdeyrggfqgmom.tif	1930564.098278	1930564.356864	1930565.180478	8.008126e-01	90	none	NaN	NaN
128	10	85	74	kitchen	sun_acfmftudsenhrfhy.tif	1930565.950113	1930566.208700	1930567.032247	6.590020e-01	64	none	NaN	NaN
128	10	86	71	kitchen	sun_abftihopvusyfakt.tif	1930567.801950	1930568.060536	1930568.884232	7.924708e-01	61	37	1930569.651594	1
128	10	87	93	kitchen	sun_ahspylgoovwmwvgk.tif	1930570.429551	1930570.688137	1930571.511706	7.340782e-01	83	none	NaN	NaN
128	10	88	91	kitchen	sun_ahljzhgcdpomplvg.tif	1930572.281383	1930572.539975	1930573.363639	7.591036e-01	81	none	NaN	NaN
128	10	89	84	kitchen	sun_aexklacwqwezaorf.tif	1930574.133221	1930574.391806	1930575.215321	8.425216e-01	74	none	NaN	NaN
128	10	90	88	kitchen	sun_agubuxuukhzyzpdp.tif	1930575.985052	1930576.243639	1930577.067241	7.591036e-01	78	37	1930577.995698	0
128	10	91	80	kitchen	sun_aegoxogugdkwpmpj.tif	1930578.771151	1930579.029741	1930579.853268	7.841290e-01	70	none	NaN	NaN
128	10	92	63	kitchen	labelme_rykdqxenmhulbdn.tif	1930580.622976	1930580.881566	1930581.705216	8.174962e-01	53	none	NaN	NaN
128	10	93	69	kitchen	sun_abdenxonkemggwsq.tif	1930582.474812	1930582.733398	1930583.557011	7.924708e-01	59	none	NaN	NaN
128	10	94	89	kitchen	sun_agzzivivdpnawacl.tif	1930584.326651	1930584.585235	1930585.408900	8.174962e-01	79	none	NaN	NaN
128	10	95	87	kitchen	sun_agorklincwxrdtga.tif	1930586.178482	1930586.437070	1930587.260790	6.506602e-01	77	39	1930588.403612	1
128	10	96	72	kitchen	sun_abpwyqmlzafvklqo.tif	1930589.181456	1930589.440043	1930590.263608	7.340782e-01	62	none	NaN	NaN
128	10	97	66	kitchen	sun_aapllqyqlykszopd.tif	1930591.033290	1930591.291877	1930592.115545	6.840274e-01	56	none	NaN	NaN
128	10	98	107	kitchen	sun_axyyrmzcupyhlivc.tif	1930592.885120	1930593.143711	1930593.967412	7.173946e-01	97	none	NaN	NaN
128	10	99	104	kitchen	sun_auticobqsbwgoppi.tif	1930594.736957	1930594.995544	1930595.819165	7.173946e-01	94	none	NaN	NaN
128	10	100	67	kitchen	sun_aarfiyshqohlwkmo.tif	1930596.588791	1930596.847382	1930597.671107	7.257364e-01	57	none	NaN	NaN
128	11	1	17	bathroom	sun_acegryoqftbzowsg.tif	1930858.831873	1930859.090460	1930859.789024	8.508634e-01	7	none	NaN	NaN
128	11	2	12	bathroom	sun_aapitsgbtktqubfy.tif	1930860.558578	1930860.817166	1930861.515751	7.591036e-01	2	none	NaN	NaN
128	11	3	27	bathroom	sun_ahcvzmoyaycdoftf.tif	1930862.285291	1930862.543879	1930863.242378	7.674454e-01	17	none	NaN	NaN
128	11	4	39	bathroom	sun_anryaplzeujmzfkd.tif	1930864.012004	1930864.270593	1930864.969143	8.091544e-01	29	39	1930865.971630	1
128	11	5	51	bathroom	sun_atstyziqcmkahyxk.tif	1930866.748042	1930867.006632	1930867.705220	7.924708e-01	41	none	NaN	NaN
128	11	6	53	bathroom	sun_ausgutylgojavyoq.tif	1930868.474752	1930868.733349	1930869.431868	7.757872e-01	43	none	NaN	NaN
128	11	7	55	bathroom	sun_avhrdrntsqrjzccq.tif	1930870.201462	1930870.460048	1930871.158563	7.674454e-01	45	none	NaN	NaN
128	11	8	36	bathroom	sun_ambriybtogmepttm.tif	1930871.928172	1930872.186763	1930872.885237	8.091544e-01	26	none	NaN	NaN
128	11	9	22	bathroom	sun_agguqiubmwhqqunb.tif	1930873.654889	1930873.913476	1930874.611910	6.673438e-01	12	39  40	1930875.603770	0
128	11	10	35	bathroom	sun_alotolagknyrgtsk.tif	1930876.382583	1930876.641175	1930877.339658	6.590020e-01	25	none	NaN	NaN
128	11	11	28	bathroom	sun_ahijqszoswveeyji.tif	1930878.109295	1930878.367889	1930879.066306	7.090528e-01	18	none	NaN	NaN
128	11	12	30	bathroom	sun_ajlawzvmubibwbpy.tif	1930879.836010	1930880.094597	1930880.793079	7.424200e-01	20	none	NaN	NaN
128	11	13	25	bathroom	sun_agyqfjcfkdcydepw.tif	1930881.562716	1930881.821310	1930882.519882	7.507618e-01	15	none	NaN	NaN
128	11	14	11	bathroom	labelme_sfxiulhjbhlyiyt.tif	1930883.289425	1930883.548018	1930884.246525	8.341798e-01	1	none	NaN	NaN
128	11	15	49	bathroom	sun_asfwthctfqerjvxr.tif	1930885.016138	1930885.274725	1930885.973141	8.258380e-01	39	none	NaN	NaN
128	11	16	56	bathroom	sun_awnqiikzaispgmwo.tif	1930886.742848	1930887.001439	1930887.699931	8.258380e-01	46	none	NaN	NaN
128	11	17	29	bathroom	sun_ahqjwnzgolcaoidx.tif	1930888.469564	1930888.728151	1930889.426572	6.506602e-01	19	none	NaN	NaN
128	11	18	34	bathroom	sun_alkosphxlxwjwgjd.tif	1930890.196271	1930890.454861	1930891.153458	7.340782e-01	24	none	NaN	NaN
128	11	19	54	bathroom	sun_auzqhkafidnkrwmo.tif	1930891.922982	1930892.181568	1930892.880092	7.674454e-01	44	none	NaN	NaN
128	11	20	48	bathroom	sun_aqrpegblszgcoujh.tif	1930893.649692	1930893.908276	1930894.606834	7.257364e-01	38	none	NaN	NaN
128	11	21	33	bathroom	sun_aljolscmmzydegqp.tif	1930895.376406	1930895.634991	1930896.333379	8.091544e-01	23	none	NaN	NaN
128	11	22	52	bathroom	sun_aunuadmjocsddsrl.tif	1930897.103116	1930897.361704	1930898.060287	7.757872e-01	42	none	NaN	NaN
128	11	23	41	bathroom	sun_aoybiabnpadelefl.tif	1930898.829824	1930899.088407	1930899.786956	8.341798e-01	31	none	NaN	NaN
128	11	24	15	bathroom	sun_abjtwfukuwddzted.tif	1930900.556541	1930900.815123	1930901.513642	6.756856e-01	5	none	NaN	NaN
128	11	25	13	bathroom	sun_aavhrsfjbserjtht.tif	1930902.283244	1930902.541836	1930903.240405	6.923692e-01	3	37	1930904.443520	1
128	11	26	40	bathroom	sun_aofnryafpsjimzsb.tif	1930905.219487	1930905.478075	1930906.176674	8.258380e-01	30	37	1930906.971575	1
128	11	27	16	bathroom	sun_acduarbnmmoglmiv.tif	1930907.746986	1930908.005578	1930908.703995	8.425216e-01	6	none	NaN	NaN
128	11	28	18	bathroom	sun_acgyywnybuveqsro.tif	1930909.473701	1930909.732288	1930910.430817	8.341798e-01	8	none	NaN	NaN
128	11	29	45	bathroom	sun_apkxzenqapsujocq.tif	1930911.200413	1930911.458999	1930912.157456	6.590020e-01	35	37	1930913.195517	1
128	11	30	60	bathroom	sun_azqyogdvyhahyram.tif	1930913.969821	1930914.228410	1930914.926906	6.590020e-01	50	37	1930915.675558	1
128	11	31	38	bathroom	sun_anhioqovhscjqqwb.tif	1930916.447280	1930916.705869	1930917.404467	8.008126e-01	28	none	NaN	NaN
128	11	32	44	bathroom	sun_apkruvsevgegsdwp.tif	1930918.173985	1930918.432572	1930919.131044	7.173946e-01	34	none	NaN	NaN
128	11	33	26	bathroom	sun_ahaulkltgpkeeemi.tif	1930919.900698	1930920.159292	1930920.857807	6.506602e-01	16	none	NaN	NaN
128	11	34	37	bathroom	sun_amzlamotzwfkwjco.tif	1930921.627408	1930921.885998	1930922.584391	8.425216e-01	27	none	NaN	NaN
128	11	35	43	bathroom	sun_apjevzvycyhuqghb.tif	1930923.354116	1930923.612708	1930924.311215	6.673438e-01	33	none	NaN	NaN
128	11	36	14	bathroom	sun_abapwbhyhkfixyex.tif	1930925.080828	1930925.339418	1930926.037857	7.924708e-01	4	37	1930926.987580	1
128	11	37	21	bathroom	sun_aggnnqpdorgxpvce.tif	1930927.758479	1930928.017063	1930928.715667	7.591036e-01	11	none	NaN	NaN
128	11	38	31	bathroom	sun_akiytfaagpdsphgz.tif	1930929.485190	1930929.743789	1930930.442317	8.008126e-01	21	none	NaN	NaN
128	11	39	57	bathroom	sun_axldvoqbuvuggfmq.tif	1930931.211902	1930931.470492	1930932.169026	7.173946e-01	47	none	NaN	NaN
128	11	40	59	bathroom	sun_axyrejkiiaqiurjk.tif	1930932.938615	1930933.197202	1930933.895624	6.840274e-01	49	37	1930934.963536	0
128	11	41	50	bathroom	sun_aspsyogrekjtfozg.tif	1930935.741385	1930935.999985	1930936.698378	7.257364e-01	40	none	NaN	NaN
128	11	42	32	bathroom	sun_aleqenyvunhactkl.tif	1930937.468099	1930937.726690	1930938.425202	8.508634e-01	22	none	NaN	NaN
128	11	43	42	bathroom	sun_apeeialkgkuxddgh.tif	1930939.194808	1930939.453399	1930940.151944	6.590020e-01	32	37	1930940.963556	1
128	11	44	20	bathroom	sun_afcoljnjfoxjtgja.tif	1930941.738997	1930941.997584	1930942.696110	7.007110e-01	10	none	NaN	NaN
128	11	45	24	bathroom	sun_agrwbmhcpmfuwmsg.tif	1930943.465707	1930943.724296	1930944.422858	7.841290e-01	14	37	1930945.115732	1
128	11	46	23	bathroom	sun_aghyqhbptboemmoq.tif	1930945.893113	1930946.151698	1930946.850156	7.841290e-01	13	none	NaN	NaN
128	11	47	58	bathroom	sun_axxbkopsgyouuebh.tif	1930947.611480	1930947.870074	1930948.568484	6.923692e-01	48	none	NaN	NaN
128	11	48	19	bathroom	sun_aclfzgynxzxlbepz.tif	1930949.338195	1930949.596778	1930950.295342	7.007110e-01	9	none	NaN	NaN
128	11	49	46	bathroom	sun_apmqjbnwghzuhhzh.tif	1930951.064901	1930951.323492	1930952.021972	7.424200e-01	36	none	NaN	NaN
128	11	50	47	bathroom	sun_apynckhmoftszqoq.tif	1930952.791610	1930953.050202	1930953.748781	6.923692e-01	37	none	NaN	NaN
128	11	51	39	bathroom	sun_anryaplzeujmzfkd.tif	1930954.518322	1930954.776913	1930955.475310	7.424200e-01	29	none	NaN	NaN
128	11	52	17	bathroom	sun_acegryoqftbzowsg.tif	1930956.245032	1930956.503623	1930957.202042	6.840274e-01	7	37	1930957.891303	1
128	11	53	16	bathroom	sun_acduarbnmmoglmiv.tif	1930958.664095	1930958.922686	1930959.621263	7.340782e-01	6	none	NaN	NaN
128	11	54	38	bathroom	sun_anhioqovhscjqqwb.tif	1930960.390810	1930960.649399	1930961.347853	7.007110e-01	28	none	NaN	NaN
128	11	55	13	bathroom	sun_aavhrsfjbserjtht.tif	1930962.117518	1930962.376106	1930963.074539	7.591036e-01	3	none	NaN	NaN
128	11	56	46	bathroom	sun_apmqjbnwghzuhhzh.tif	1930963.844231	1930964.102815	1930964.801372	7.173946e-01	36	none	NaN	NaN
128	11	57	53	bathroom	sun_ausgutylgojavyoq.tif	1930965.570939	1930965.829529	1930966.527990	7.340782e-01	43	none	NaN	NaN
128	11	58	19	bathroom	sun_aclfzgynxzxlbepz.tif	1930967.297653	1930967.556242	1930968.254732	7.924708e-01	9	none	NaN	NaN
128	11	59	57	bathroom	sun_axldvoqbuvuggfmq.tif	1930969.024363	1930969.282946	1930969.981546	6.756856e-01	47	39	1930971.555692	1
128	11	60	31	bathroom	sun_akiytfaagpdsphgz.tif	1930972.327631	1930972.586221	1930973.284743	6.756856e-01	21	none	NaN	NaN
128	11	61	55	bathroom	sun_avhrdrntsqrjzccq.tif	1930974.054343	1930974.312929	1930975.011487	7.591036e-01	45	none	NaN	NaN
128	11	62	34	bathroom	sun_alkosphxlxwjwgjd.tif	1930975.781052	1930976.039646	1930976.738053	7.007110e-01	24	none	NaN	NaN
128	11	63	24	bathroom	sun_agrwbmhcpmfuwmsg.tif	1930977.507766	1930977.766351	1930978.464759	6.756856e-01	14	none	NaN	NaN
128	11	64	12	bathroom	sun_aapitsgbtktqubfy.tif	1930979.234474	1930979.493063	1930980.191497	8.341798e-01	2	none	NaN	NaN
128	11	65	36	bathroom	sun_ambriybtogmepttm.tif	1930980.961184	1930981.219778	1930981.918228	8.008126e-01	26	none	NaN	NaN
128	11	66	45	bathroom	sun_apkxzenqapsujocq.tif	1930982.687894	1930982.946486	1930983.644892	7.674454e-01	35	none	NaN	NaN
128	11	67	23	bathroom	sun_aghyqhbptboemmoq.tif	1930984.414604	1930984.673193	1930985.371657	8.174962e-01	13	none	NaN	NaN
128	11	68	44	bathroom	sun_apkruvsevgegsdwp.tif	1930986.141318	1930986.399906	1930987.098410	6.673438e-01	34	none	NaN	NaN
128	11	69	14	bathroom	sun_abapwbhyhkfixyex.tif	1930987.868030	1930988.126607	1930988.825013	7.424200e-01	4	none	NaN	NaN
128	11	70	56	bathroom	sun_awnqiikzaispgmwo.tif	1930989.594740	1930989.853328	1930990.551849	6.923692e-01	46	none	NaN	NaN
128	11	71	41	bathroom	sun_aoybiabnpadelefl.tif	1930991.321449	1930991.580035	1930992.278587	7.591036e-01	31	none	NaN	NaN
128	11	72	37	bathroom	sun_amzlamotzwfkwjco.tif	1930993.048159	1930993.306746	1930994.005249	8.425216e-01	27	none	NaN	NaN
128	11	73	58	bathroom	sun_axxbkopsgyouuebh.tif	1930994.774871	1930995.033454	1930995.731859	7.841290e-01	48	none	NaN	NaN
128	11	74	60	bathroom	sun_azqyogdvyhahyram.tif	1930996.501578	1930996.760168	1930997.458757	8.258380e-01	50	none	NaN	NaN
128	11	75	35	bathroom	sun_alotolagknyrgtsk.tif	1930998.228290	1930998.486880	1930999.185424	8.174962e-01	25	none	NaN	NaN
128	11	76	11	bathroom	labelme_sfxiulhjbhlyiyt.tif	1930999.954997	1931000.213592	1931000.912022	6.840274e-01	1	none	NaN	NaN
128	11	77	42	bathroom	sun_apeeialkgkuxddgh.tif	1931001.681711	1931001.940302	1931002.638759	8.091544e-01	32	none	NaN	NaN
128	11	78	29	bathroom	sun_ahqjwnzgolcaoidx.tif	1931003.408423	1931003.667012	1931004.365504	7.090528e-01	19	none	NaN	NaN
128	11	79	51	bathroom	sun_atstyziqcmkahyxk.tif	1931005.135133	1931005.393727	1931006.092113	6.506602e-01	41	none	NaN	NaN
128	11	80	27	bathroom	sun_ahcvzmoyaycdoftf.tif	1931006.861843	1931007.120432	1931007.818839	7.757872e-01	17	none	NaN	NaN
128	11	81	59	bathroom	sun_axyrejkiiaqiurjk.tif	1931008.588556	1931008.847145	1931009.545559	8.425216e-01	49	none	NaN	NaN
128	11	82	52	bathroom	sun_aunuadmjocsddsrl.tif	1931010.315264	1931010.573852	1931011.272337	6.840274e-01	42	none	NaN	NaN
128	11	83	20	bathroom	sun_afcoljnjfoxjtgja.tif	1931012.041976	1931012.300566	1931012.999100	8.174962e-01	10	39	1931014.019318	1
128	11	84	15	bathroom	sun_abjtwfukuwddzted.tif	1931014.794699	1931015.053290	1931015.751782	7.173946e-01	5	none	NaN	NaN
128	11	85	49	bathroom	sun_asfwthctfqerjvxr.tif	1931016.521413	1931016.780000	1931017.478465	7.924708e-01	39	39	1931018.651631	1
128	11	86	21	bathroom	sun_aggnnqpdorgxpvce.tif	1931019.424286	1931019.682872	1931020.381260	6.923692e-01	11	none	NaN	NaN
128	11	87	32	bathroom	sun_aleqenyvunhactkl.tif	1931021.150999	1931021.409584	1931022.107988	7.507618e-01	22	none	NaN	NaN
128	11	88	43	bathroom	sun_apjevzvycyhuqghb.tif	1931022.877705	1931023.136297	1931023.834757	7.257364e-01	33	none	NaN	NaN
128	11	89	40	bathroom	sun_aofnryafpsjimzsb.tif	1931024.604420	1931024.863012	1931025.561465	7.340782e-01	30	none	NaN	NaN
128	11	90	26	bathroom	sun_ahaulkltgpkeeemi.tif	1931026.322790	1931026.581376	1931027.279854	7.090528e-01	16	none	NaN	NaN
128	11	91	54	bathroom	sun_auzqhkafidnkrwmo.tif	1931028.049499	1931028.308086	1931029.006555	8.008126e-01	44	none	NaN	NaN
128	11	92	18	bathroom	sun_acgyywnybuveqsro.tif	1931029.776213	1931030.034801	1931030.733385	8.174962e-01	8	none	NaN	NaN
128	11	93	47	bathroom	sun_apynckhmoftszqoq.tif	1931031.502918	1931031.761503	1931032.460032	7.507618e-01	37	none	NaN	NaN
128	11	94	25	bathroom	sun_agyqfjcfkdcydepw.tif	1931033.229628	1931033.488221	1931034.186816	7.257364e-01	15	none	NaN	NaN
128	11	95	28	bathroom	sun_ahijqszoswveeyji.tif	1931034.956337	1931035.214928	1931035.913315	8.258380e-01	18	none	NaN	NaN
128	11	96	48	bathroom	sun_aqrpegblszgcoujh.tif	1931036.683051	1931036.941641	1931037.640140	7.507618e-01	38	none	NaN	NaN
128	11	97	50	bathroom	sun_aspsyogrekjtfozg.tif	1931038.409759	1931038.668352	1931039.366750	7.090528e-01	40	none	NaN	NaN
128	11	98	22	bathroom	sun_agguqiubmwhqqunb.tif	1931040.136471	1931040.395062	1931041.093553	6.673438e-01	12	none	NaN	NaN
128	11	99	33	bathroom	sun_aljolscmmzydegqp.tif	1931041.863179	1931042.121769	1931042.820342	7.841290e-01	23	39	1931043.923549	1
128	11	100	30	bathroom	sun_ajlawzvmubibwbpy.tif	1931044.699321	1931044.957912	1931045.656334	7.757872e-01	20	none	NaN	NaN
128	12	1	75	kitchen	sun_acgtpgfybqjmzeyw.tif	1931056.819666	1931057.078254	1931057.768469	7.173946e-01	65	none	NaN	NaN
128	12	2	65	kitchen	sun_aamedkxepzlwuxes.tif	1931058.538031	1931058.796623	1931059.486682	7.257364e-01	55	none	NaN	NaN
128	12	3	82	kitchen	sun_aenotlpyftoioydp.tif	1931060.248065	1931060.506653	1931061.196731	7.757872e-01	72	none	NaN	NaN
128	12	4	68	kitchen	sun_aaxxjlsuzvqlgylf.tif	1931061.966431	1931062.225024	1931062.915068	8.174962e-01	58	39	1931064.099456	1
128	12	5	110	kitchen	sun_azmutvzbxypaceni.tif	1931064.877639	1931065.136257	1931065.826409	7.090528e-01	100	39	1931067.379459	1
128	12	6	84	kitchen	sun_aexklacwqwezaorf.tif	1931068.155893	1931068.414483	1931069.104619	6.590020e-01	74	none	NaN	NaN
128	12	7	83	kitchen	sun_aeqdocilnnpuvuhx.tif	1931069.874259	1931070.132854	1931070.822956	7.257364e-01	73	none	NaN	NaN
128	12	8	70	kitchen	sun_abdxkyyxwfskuaqb.tif	1931071.592631	1931071.851222	1931072.541377	7.924708e-01	60	none	NaN	NaN
128	12	9	61	kitchen	labelme_brsyyvweiuaazfr.tif	1931073.310999	1931073.569591	1931074.259784	8.174962e-01	51	none	NaN	NaN
128	12	10	80	kitchen	sun_aegoxogugdkwpmpj.tif	1931075.029372	1931075.287960	1931075.978162	7.007110e-01	70	none	NaN	NaN
128	12	11	103	kitchen	sun_aunzlwrbjumxhwdj.tif	1931076.747739	1931077.006326	1931077.696386	7.841290e-01	93	none	NaN	NaN
128	12	12	63	kitchen	labelme_rykdqxenmhulbdn.tif	1931078.466108	1931078.724696	1931079.414935	7.007110e-01	53	none	NaN	NaN
128	12	13	71	kitchen	sun_abftihopvusyfakt.tif	1931080.184472	1931080.443061	1931081.133157	6.923692e-01	61	none	NaN	NaN
128	12	14	89	kitchen	sun_agzzivivdpnawacl.tif	1931081.902845	1931082.161436	1931082.851642	7.591036e-01	79	37	1931083.995483	1
128	12	15	85	kitchen	sun_afuyedyxivkhecmu.tif	1931084.772353	1931085.030943	1931085.721099	8.091544e-01	75	37	1931086.507474	1
128	12	16	92	kitchen	sun_ahpczsiumwwocjkv.tif	1931087.283205	1931087.541764	1931088.232011	7.340782e-01	82	none	NaN	NaN
128	12	17	93	kitchen	sun_ahspylgoovwmwvgk.tif	1931089.001540	1931089.260129	1931089.950244	7.173946e-01	83	none	NaN	NaN
128	12	18	108	kitchen	sun_aymvwlarqodbwuoc.tif	1931090.719914	1931090.978505	1931091.668554	6.923692e-01	98	none	NaN	NaN
128	12	19	101	kitchen	sun_aqeaevwwwjoqhzvl.tif	1931092.438279	1931092.696872	1931093.386909	6.673438e-01	91	none	NaN	NaN
128	12	20	99	kitchen	sun_akcjzhbbjlbogpdi.tif	1931094.156649	1931094.415239	1931095.105452	6.756856e-01	89	none	NaN	NaN
128	12	21	105	kitchen	sun_avszsnwsbuqfgzbn.tif	1931095.875014	1931096.133607	1931096.823855	6.673438e-01	95	none	NaN	NaN
128	12	22	106	kitchen	sun_awcpdzzznmweyyhv.tif	1931097.593390	1931097.851978	1931098.542025	7.424200e-01	96	none	NaN	NaN
128	12	23	100	kitchen	sun_amjjdeyrggfqgmom.tif	1931099.311758	1931099.570346	1931100.260524	7.841290e-01	90	39	1931101.771461	1
128	12	24	107	kitchen	sun_axyyrmzcupyhlivc.tif	1931102.548292	1931102.806882	1931103.497123	6.923692e-01	97	none	NaN	NaN
128	12	25	109	kitchen	sun_aypmqwcualkenuoe.tif	1931104.266662	1931104.525251	1931105.215474	8.341798e-01	99	none	NaN	NaN
128	12	26	87	kitchen	sun_agorklincwxrdtga.tif	1931105.985033	1931106.243624	1931106.933786	7.090528e-01	77	none	NaN	NaN
128	12	27	78	kitchen	sun_adgqasybjyktddhj.tif	1931107.703398	1931107.961996	1931108.652220	7.591036e-01	68	none	NaN	NaN
128	12	28	76	kitchen	sun_acwjdupvyjsugpay.tif	1931109.421769	1931109.680361	1931110.370448	6.590020e-01	66	none	NaN	NaN
128	12	29	64	kitchen	sun_aadbddgrdsjugojn.tif	1931111.140139	1931111.398735	1931112.088782	7.257364e-01	54	none	NaN	NaN
128	12	30	77	kitchen	sun_acxkpeoqbwcxfvip.tif	1931112.858511	1931113.117103	1931113.807246	7.424200e-01	67	none	NaN	NaN
128	12	31	72	kitchen	sun_abpwyqmlzafvklqo.tif	1931114.576881	1931114.835466	1931115.525594	8.008126e-01	62	none	NaN	NaN
128	12	32	95	kitchen	sun_aixorpehvfykdynp.tif	1931116.295247	1931116.553835	1931117.243990	6.840274e-01	85	none	NaN	NaN
128	12	33	86	kitchen	sun_aggjlwcdjsjcaemh.tif	1931118.013615	1931118.272203	1931118.962402	7.173946e-01	76	none	NaN	NaN
128	12	34	91	kitchen	sun_ahljzhgcdpomplvg.tif	1931119.731984	1931119.990582	1931120.680770	7.674454e-01	81	39	1931121.835486	1
128	12	35	90	kitchen	sun_ahdycvpopffkzzsu.tif	1931122.609830	1931122.868425	1931123.558627	7.674454e-01	80	none	NaN	NaN
128	12	36	62	kitchen	labelme_kxvouciolcpqplr.tif	1931124.328202	1931124.586791	1931125.276917	7.173946e-01	52	none	NaN	NaN
128	12	37	81	kitchen	sun_aehawpgmrlhlvcow.tif	1931126.046574	1931126.305161	1931126.995405	7.591036e-01	71	none	NaN	NaN
128	12	38	97	kitchen	sun_ajkqhtgcbgpcwrwn.tif	1931127.764940	1931128.023530	1931128.713604	6.673438e-01	87	none	NaN	NaN
128	12	39	79	kitchen	sun_admlmbcdswaszruo.tif	1931129.483313	1931129.741904	1931130.431950	6.506602e-01	69	none	NaN	NaN
128	12	40	88	kitchen	sun_agubuxuukhzyzpdp.tif	1931131.201679	1931131.460271	1931132.150531	7.924708e-01	78	none	NaN	NaN
128	12	41	98	kitchen	sun_akchetnepxlcxhsu.tif	1931132.920047	1931133.178636	1931133.868812	6.923692e-01	88	none	NaN	NaN
128	12	42	74	kitchen	sun_acfmftudsenhrfhy.tif	1931134.638418	1931134.897005	1931135.587049	6.756856e-01	64	none	NaN	NaN
128	12	43	67	kitchen	sun_aarfiyshqohlwkmo.tif	1931136.356783	1931136.615377	1931137.305624	7.507618e-01	57	39	1931138.667586	1
128	12	44	66	kitchen	sun_aapllqyqlykszopd.tif	1931139.443181	1931139.701768	1931140.392001	7.924708e-01	56	none	NaN	NaN
128	12	45	73	kitchen	sun_abrcnpqqhmjwekyf.tif	1931141.161546	1931141.420135	1931142.110350	6.756856e-01	63	39	1931143.339469	0
128	12	46	96	kitchen	sun_ajcbwwvdlsvjyzje.tif	1931144.114468	1931144.373063	1931145.063161	8.425216e-01	86	none	NaN	NaN
128	12	47	69	kitchen	sun_abdenxonkemggwsq.tif	1931145.832841	1931146.091430	1931146.781499	8.258380e-01	59	none	NaN	NaN
128	12	48	104	kitchen	sun_auticobqsbwgoppi.tif	1931147.551207	1931147.809795	1931148.500003	7.424200e-01	94	none	NaN	NaN
128	12	49	94	kitchen	sun_ahywdevtimnqcsln.tif	1931149.269582	1931149.528164	1931150.218375	6.840274e-01	84	none	NaN	NaN
128	12	50	102	kitchen	sun_auaiucuqpdausiva.tif	1931150.987947	1931151.246538	1931151.936729	8.091544e-01	92	none	NaN	NaN
128	12	51	106	kitchen	sun_awcpdzzznmweyyhv.tif	1931152.706316	1931152.964907	1931153.655085	8.425216e-01	96	none	NaN	NaN
128	12	52	109	kitchen	sun_aypmqwcualkenuoe.tif	1931154.424684	1931154.683277	1931155.373332	8.425216e-01	99	39	1931156.459570	1
128	12	53	64	kitchen	sun_aadbddgrdsjugojn.tif	1931157.235800	1931157.494387	1931158.184522	7.424200e-01	54	none	NaN	NaN
128	12	54	89	kitchen	sun_agzzivivdpnawacl.tif	1931158.954172	1931159.212759	1931159.902893	7.757872e-01	79	none	NaN	NaN
128	12	55	70	kitchen	sun_abdxkyyxwfskuaqb.tif	1931160.672539	1931160.931128	1931161.621320	8.258380e-01	60	none	NaN	NaN
128	12	56	67	kitchen	sun_aarfiyshqohlwkmo.tif	1931162.390912	1931162.649497	1931163.339610	6.506602e-01	57	37	1931164.139541	1
128	12	57	87	kitchen	sun_agorklincwxrdtga.tif	1931164.910068	1931165.168663	1931165.858713	7.257364e-01	77	none	NaN	NaN
128	12	58	61	kitchen	labelme_brsyyvweiuaazfr.tif	1931166.628443	1931166.887028	1931167.577232	6.590020e-01	51	none	NaN	NaN
128	12	59	73	kitchen	sun_abrcnpqqhmjwekyf.tif	1931168.346805	1931168.605395	1931169.295553	7.007110e-01	63	none	NaN	NaN
128	12	60	85	kitchen	sun_afuyedyxivkhecmu.tif	1931170.065176	1931170.323769	1931171.013851	6.506602e-01	75	none	NaN	NaN
128	12	61	66	kitchen	sun_aapllqyqlykszopd.tif	1931171.783547	1931172.042156	1931172.732282	7.674454e-01	56	none	NaN	NaN
128	12	62	74	kitchen	sun_acfmftudsenhrfhy.tif	1931173.501917	1931173.760506	1931174.450586	7.757872e-01	64	none	NaN	NaN
128	12	63	100	kitchen	sun_amjjdeyrggfqgmom.tif	1931175.220285	1931175.478871	1931176.169120	7.090528e-01	90	none	NaN	NaN
128	12	64	65	kitchen	sun_aamedkxepzlwuxes.tif	1931176.938651	1931177.197244	1931177.887399	8.258380e-01	55	none	NaN	NaN
128	12	65	99	kitchen	sun_akcjzhbbjlbogpdi.tif	1931178.657021	1931178.915610	1931179.605670	7.924708e-01	89	none	NaN	NaN
128	12	66	98	kitchen	sun_akchetnepxlcxhsu.tif	1931180.375389	1931180.633983	1931181.324107	8.341798e-01	88	37	1931182.163648	1
128	12	67	102	kitchen	sun_auaiucuqpdausiva.tif	1931182.936262	1931183.194850	1931183.885104	7.591036e-01	92	none	NaN	NaN
128	12	68	69	kitchen	sun_abdenxonkemggwsq.tif	1931184.654635	1931184.913219	1931185.603418	7.507618e-01	59	none	NaN	NaN
128	12	69	82	kitchen	sun_aenotlpyftoioydp.tif	1931186.372999	1931186.631587	1931187.321726	6.840274e-01	72	37	1931187.963665	1
128	12	70	94	kitchen	sun_ahywdevtimnqcsln.tif	1931188.742012	1931189.000598	1931189.690794	7.507618e-01	84	none	NaN	NaN
128	12	71	78	kitchen	sun_adgqasybjyktddhj.tif	1931190.460377	1931190.718974	1931191.409026	7.090528e-01	68	none	NaN	NaN
128	12	72	83	kitchen	sun_aeqdocilnnpuvuhx.tif	1931192.178749	1931192.437334	1931193.127427	8.508634e-01	73	none	NaN	NaN
128	12	73	76	kitchen	sun_acwjdupvyjsugpay.tif	1931193.897118	1931194.155705	1931194.845843	7.841290e-01	66	none	NaN	NaN
128	12	74	77	kitchen	sun_acxkpeoqbwcxfvip.tif	1931195.615485	1931195.874079	1931196.564311	7.507618e-01	67	none	NaN	NaN
128	12	75	68	kitchen	sun_aaxxjlsuzvqlgylf.tif	1931197.333854	1931197.592443	1931198.282676	8.008126e-01	58	39	1931199.579481	1
128	12	76	71	kitchen	sun_abftihopvusyfakt.tif	1931200.353515	1931200.612098	1931201.302347	7.591036e-01	61	none	NaN	NaN
128	12	77	88	kitchen	sun_agubuxuukhzyzpdp.tif	1931202.071886	1931202.330467	1931203.020551	8.174962e-01	78	37	1931203.851652	1
128	12	78	81	kitchen	sun_aehawpgmrlhlvcow.tif	1931204.624410	1931204.882997	1931205.573201	8.341798e-01	71	none	NaN	NaN
128	12	79	80	kitchen	sun_aegoxogugdkwpmpj.tif	1931206.342781	1931206.601371	1931207.291460	7.757872e-01	70	none	NaN	NaN
128	12	80	97	kitchen	sun_ajkqhtgcbgpcwrwn.tif	1931208.061148	1931208.319741	1931209.009808	6.840274e-01	87	none	NaN	NaN
128	12	81	63	kitchen	labelme_rykdqxenmhulbdn.tif	1931209.779516	1931210.038103	1931210.728329	6.923692e-01	53	none	NaN	NaN
128	12	82	91	kitchen	sun_ahljzhgcdpomplvg.tif	1931211.497886	1931211.756475	1931212.446525	6.590020e-01	81	none	NaN	NaN
128	12	83	75	kitchen	sun_acgtpgfybqjmzeyw.tif	1931213.216256	1931213.474845	1931214.164969	8.341798e-01	65	none	NaN	NaN
128	12	84	110	kitchen	sun_azmutvzbxypaceni.tif	1931214.934620	1931215.193219	1931215.883352	7.340782e-01	100	none	NaN	NaN
128	12	85	90	kitchen	sun_ahdycvpopffkzzsu.tif	1931216.652994	1931216.911574	1931217.601752	8.174962e-01	80	none	NaN	NaN
128	12	86	95	kitchen	sun_aixorpehvfykdynp.tif	1931218.371362	1931218.629952	1931219.320061	6.756856e-01	85	none	NaN	NaN
128	12	87	105	kitchen	sun_avszsnwsbuqfgzbn.tif	1931220.089733	1931220.348320	1931221.038421	8.258380e-01	95	39	1931222.171492	1
128	12	88	62	kitchen	labelme_kxvouciolcpqplr.tif	1931222.942554	1931223.201146	1931223.891345	6.673438e-01	52	none	NaN	NaN
128	12	89	72	kitchen	sun_abpwyqmlzafvklqo.tif	1931224.660923	1931224.919512	1931225.609569	7.340782e-01	62	none	NaN	NaN
128	12	90	104	kitchen	sun_auticobqsbwgoppi.tif	1931226.379294	1931226.637886	1931227.328002	8.091544e-01	94	none	NaN	NaN
128	12	91	92	kitchen	sun_ahpczsiumwwocjkv.tif	1931228.097663	1931228.356256	1931229.046441	7.007110e-01	82	none	NaN	NaN
128	12	92	84	kitchen	sun_aexklacwqwezaorf.tif	1931229.816032	1931230.074619	1931230.764685	8.425216e-01	74	none	NaN	NaN
128	12	93	79	kitchen	sun_admlmbcdswaszruo.tif	1931231.534401	1931231.792986	1931232.483148	8.091544e-01	69	none	NaN	NaN
128	12	94	107	kitchen	sun_axyyrmzcupyhlivc.tif	1931233.252769	1931233.511357	1931234.201606	7.841290e-01	97	none	NaN	NaN
128	12	95	108	kitchen	sun_aymvwlarqodbwuoc.tif	1931234.971141	1931235.229727	1931235.919870	7.340782e-01	98	none	NaN	NaN
128	12	96	96	kitchen	sun_ajcbwwvdlsvjyzje.tif	1931236.689508	1931236.948097	1931237.638261	8.008126e-01	86	none	NaN	NaN
128	12	97	93	kitchen	sun_ahspylgoovwmwvgk.tif	1931238.407878	1931238.666461	1931239.356588	8.008126e-01	83	none	NaN	NaN
128	12	98	86	kitchen	sun_aggjlwcdjsjcaemh.tif	1931240.126248	1931240.384833	1931241.074965	8.258380e-01	76	none	NaN	NaN
128	12	99	103	kitchen	sun_aunzlwrbjumxhwdj.tif	1931241.844616	1931242.103205	1931242.793248	7.674454e-01	93	none	NaN	NaN
128	12	100	101	kitchen	sun_aqeaevwwwjoqhzvl.tif	1931243.562982	1931243.821573	1931244.511808	8.508634e-01	91	none	NaN	NaN
128	13	1	47	bathroom	sun_apynckhmoftszqoq.tif	1931253.522850	1931253.781437	1931254.538262	7.924708e-01	37	37	1931255.419662	1
128	13	2	39	bathroom	sun_anryaplzeujmzfkd.tif	1931256.192158	1931256.450746	1931257.207585	7.007110e-01	29	none	NaN	NaN
128	13	3	29	bathroom	sun_ahqjwnzgolcaoidx.tif	1931257.977261	1931258.235848	1931258.992657	6.840274e-01	19	none	NaN	NaN
128	13	4	35	bathroom	sun_alotolagknyrgtsk.tif	1931259.762363	1931260.020952	1931260.777794	7.340782e-01	25	none	NaN	NaN
128	13	5	21	bathroom	sun_aggnnqpdorgxpvce.tif	1931261.547464	1931261.806053	1931262.562992	7.507618e-01	11	none	NaN	NaN
128	13	6	23	bathroom	sun_aghyqhbptboemmoq.tif	1931263.332564	1931263.591154	1931264.348118	6.673438e-01	13	39	1931265.659450	1
128	13	7	36	bathroom	sun_ambriybtogmepttm.tif	1931266.435638	1931266.694230	1931267.451217	7.340782e-01	26	none	NaN	NaN
128	13	8	60	bathroom	sun_azqyogdvyhahyram.tif	1931268.220741	1931268.479328	1931269.236238	7.007110e-01	50	none	NaN	NaN
128	13	9	42	bathroom	sun_apeeialkgkuxddgh.tif	1931270.005842	1931270.264424	1931271.021209	8.425216e-01	32	none	NaN	NaN
128	13	10	32	bathroom	sun_aleqenyvunhactkl.tif	1931271.790944	1931272.049535	1931272.806510	7.173946e-01	22	none	NaN	NaN
128	13	11	12	bathroom	sun_aapitsgbtktqubfy.tif	1931273.576045	1931273.834630	1931274.591437	7.841290e-01	2	none	NaN	NaN
128	13	12	54	bathroom	sun_auzqhkafidnkrwmo.tif	1931275.361149	1931275.619736	1931276.376597	8.174962e-01	44	none	NaN	NaN
128	13	13	48	bathroom	sun_aqrpegblszgcoujh.tif	1931277.146250	1931277.404841	1931278.161817	7.674454e-01	38	none	NaN	NaN
128	13	14	56	bathroom	sun_awnqiikzaispgmwo.tif	1931278.931349	1931279.189940	1931279.946735	6.756856e-01	46	none	NaN	NaN
128	13	15	27	bathroom	sun_ahcvzmoyaycdoftf.tif	1931280.716450	1931280.975044	1931281.731817	7.674454e-01	17	39	1931283.187285	1
128	13	16	51	bathroom	sun_atstyziqcmkahyxk.tif	1931283.961331	1931284.219925	1931284.976778	8.008126e-01	41	none	NaN	NaN
128	13	17	22	bathroom	sun_agguqiubmwhqqunb.tif	1931285.746432	1931286.005026	1931286.761874	7.507618e-01	12	none	NaN	NaN
128	13	18	33	bathroom	sun_aljolscmmzydegqp.tif	1931287.531534	1931287.790129	1931288.546944	8.091544e-01	23	none	NaN	NaN
128	13	19	50	bathroom	sun_aspsyogrekjtfozg.tif	1931289.316633	1931289.575231	1931290.332102	7.173946e-01	40	none	NaN	NaN
128	13	20	28	bathroom	sun_ahijqszoswveeyji.tif	1931291.101736	1931291.360325	1931292.117139	6.673438e-01	18	none	NaN	NaN
128	13	21	30	bathroom	sun_ajlawzvmubibwbpy.tif	1931292.886841	1931293.145431	1931293.902421	7.424200e-01	20	none	NaN	NaN
128	13	22	25	bathroom	sun_agyqfjcfkdcydepw.tif	1931294.671943	1931294.930531	1931295.687322	8.258380e-01	15	none	NaN	NaN
128	13	23	57	bathroom	sun_axldvoqbuvuggfmq.tif	1931296.457045	1931296.715635	1931297.472464	8.508634e-01	47	none	NaN	NaN
128	13	24	16	bathroom	sun_acduarbnmmoglmiv.tif	1931298.242143	1931298.500733	1931299.257676	7.757872e-01	6	none	NaN	NaN
128	13	25	55	bathroom	sun_avhrdrntsqrjzccq.tif	1931300.027251	1931300.285837	1931301.042804	7.090528e-01	45	39	1931302.499465	1
128	13	26	45	bathroom	sun_apkxzenqapsujocq.tif	1931303.272127	1931303.530717	1931304.287613	7.591036e-01	35	none	NaN	NaN
128	13	27	44	bathroom	sun_apkruvsevgegsdwp.tif	1931305.057230	1931305.315821	1931306.072642	6.756856e-01	34	none	NaN	NaN
128	13	28	58	bathroom	sun_axxbkopsgyouuebh.tif	1931306.842330	1931307.100924	1931307.857804	8.091544e-01	48	none	NaN	NaN
128	13	29	17	bathroom	sun_acegryoqftbzowsg.tif	1931308.627434	1931308.886020	1931309.642809	8.174962e-01	7	none	NaN	NaN
128	13	30	37	bathroom	sun_amzlamotzwfkwjco.tif	1931310.412536	1931310.671120	1931311.428075	6.673438e-01	27	none	NaN	NaN
128	13	31	19	bathroom	sun_aclfzgynxzxlbepz.tif	1931312.197634	1931312.456226	1931313.213056	8.341798e-01	9	none	NaN	NaN
128	13	32	43	bathroom	sun_apjevzvycyhuqghb.tif	1931313.982739	1931314.241327	1931314.998246	6.590020e-01	33	none	NaN	NaN
128	13	33	26	bathroom	sun_ahaulkltgpkeeemi.tif	1931315.767840	1931316.026422	1931316.783254	6.756856e-01	16	37	1931317.627620	1
128	13	34	52	bathroom	sun_aunuadmjocsddsrl.tif	1931318.403786	1931318.662367	1931319.419172	6.923692e-01	42	none	NaN	NaN
128	13	35	49	bathroom	sun_asfwthctfqerjvxr.tif	1931320.188883	1931320.447478	1931321.204399	7.424200e-01	39	none	NaN	NaN
128	13	36	20	bathroom	sun_afcoljnjfoxjtgja.tif	1931321.973989	1931322.232580	1931322.989406	6.590020e-01	10	none	NaN	NaN
128	13	37	40	bathroom	sun_aofnryafpsjimzsb.tif	1931323.759086	1931324.017682	1931324.774450	6.840274e-01	30	none	NaN	NaN
128	13	38	59	bathroom	sun_axyrejkiiaqiurjk.tif	1931325.544190	1931325.802784	1931326.559685	7.424200e-01	49	none	NaN	NaN
128	13	39	18	bathroom	sun_acgyywnybuveqsro.tif	1931327.329298	1931327.587884	1931328.344837	6.506602e-01	8	none	NaN	NaN
128	13	40	11	bathroom	labelme_sfxiulhjbhlyiyt.tif	1931329.114395	1931329.372983	1931330.129944	8.341798e-01	1	none	NaN	NaN
128	13	41	41	bathroom	sun_aoybiabnpadelefl.tif	1931330.899497	1931331.158086	1931331.914930	6.756856e-01	31	37	1931332.867465	1
128	13	42	13	bathroom	sun_aavhrsfjbserjtht.tif	1931333.643883	1931333.902467	1931334.659281	7.591036e-01	3	none	NaN	NaN
128	13	43	24	bathroom	sun_agrwbmhcpmfuwmsg.tif	1931335.428981	1931335.687569	1931336.444552	8.508634e-01	14	none	NaN	NaN
128	13	44	38	bathroom	sun_anhioqovhscjqqwb.tif	1931337.214084	1931337.472670	1931338.229578	8.091544e-01	28	none	NaN	NaN
128	13	45	34	bathroom	sun_alkosphxlxwjwgjd.tif	1931338.999188	1931339.257773	1931340.014556	7.507618e-01	24	none	NaN	NaN
128	13	46	53	bathroom	sun_ausgutylgojavyoq.tif	1931340.784284	1931341.042878	1931341.799694	8.341798e-01	43	none	NaN	NaN
128	13	47	31	bathroom	sun_akiytfaagpdsphgz.tif	1931342.569389	1931342.827979	1931343.584925	8.008126e-01	21	none	NaN	NaN
128	13	48	46	bathroom	sun_apmqjbnwghzuhhzh.tif	1931344.354492	1931344.613076	1931345.370045	7.090528e-01	36	none	NaN	NaN
128	13	49	14	bathroom	sun_abapwbhyhkfixyex.tif	1931346.139591	1931346.398184	1931347.155153	7.591036e-01	4	none	NaN	NaN
128	13	50	15	bathroom	sun_abjtwfukuwddzted.tif	1931347.924696	1931348.183283	1931348.940139	7.257364e-01	5	39	1931350.243289	1
128	13	51	22	bathroom	sun_agguqiubmwhqqunb.tif	1931351.019425	1931351.278014	1931352.034847	6.923692e-01	12	none	NaN	NaN
128	13	52	57	bathroom	sun_axldvoqbuvuggfmq.tif	1931352.804525	1931353.063120	1931353.819942	8.258380e-01	47	none	NaN	NaN
128	13	53	54	bathroom	sun_auzqhkafidnkrwmo.tif	1931354.589632	1931354.848223	1931355.605187	7.757872e-01	44	none	NaN	NaN
128	13	54	14	bathroom	sun_abapwbhyhkfixyex.tif	1931356.374726	1931356.633323	1931357.390129	7.424200e-01	4	none	NaN	NaN
128	13	55	32	bathroom	sun_aleqenyvunhactkl.tif	1931358.159833	1931358.418422	1931359.175385	8.258380e-01	22	none	NaN	NaN
128	13	56	53	bathroom	sun_ausgutylgojavyoq.tif	1931359.944932	1931360.203523	1931360.960488	7.674454e-01	43	37	1931361.811598	1
128	13	57	43	bathroom	sun_apjevzvycyhuqghb.tif	1931362.589220	1931362.847805	1931363.604746	7.591036e-01	33	none	NaN	NaN
128	13	58	37	bathroom	sun_amzlamotzwfkwjco.tif	1931364.374324	1931364.632914	1931365.389883	6.923692e-01	27	none	NaN	NaN
128	13	59	13	bathroom	sun_aavhrsfjbserjtht.tif	1931366.159428	1931366.418014	1931367.174847	7.173946e-01	3	none	NaN	NaN
128	13	60	50	bathroom	sun_aspsyogrekjtfozg.tif	1931367.944524	1931368.203115	1931368.959955	7.924708e-01	40	none	NaN	NaN
128	13	61	25	bathroom	sun_agyqfjcfkdcydepw.tif	1931369.729626	1931369.988221	1931370.745020	7.090528e-01	15	none	NaN	NaN
128	13	62	16	bathroom	sun_acduarbnmmoglmiv.tif	1931371.514725	1931371.773317	1931372.530269	7.924708e-01	6	none	NaN	NaN
128	13	63	46	bathroom	sun_apmqjbnwghzuhhzh.tif	1931373.299829	1931373.558425	1931374.315392	7.591036e-01	36	none	NaN	NaN
128	13	64	26	bathroom	sun_ahaulkltgpkeeemi.tif	1931375.084931	1931375.343522	1931376.100399	6.923692e-01	16	none	NaN	NaN
128	13	65	56	bathroom	sun_awnqiikzaispgmwo.tif	1931376.870035	1931377.128621	1931377.885420	8.174962e-01	46	none	NaN	NaN
128	13	66	45	bathroom	sun_apkxzenqapsujocq.tif	1931378.655133	1931378.913724	1931379.670523	7.340782e-01	35	37	1931380.387515	1
128	13	67	35	bathroom	sun_alotolagknyrgtsk.tif	1931381.165947	1931381.424546	1931382.181320	6.840274e-01	25	39	1931383.747518	1
128	13	68	38	bathroom	sun_anhioqovhscjqqwb.tif	1931384.519277	1931384.777864	1931385.534660	8.091544e-01	28	none	NaN	NaN
128	13	69	19	bathroom	sun_aclfzgynxzxlbepz.tif	1931386.304379	1931386.562968	1931387.319768	8.425216e-01	9	37	1931388.035624	1
128	13	70	15	bathroom	sun_abjtwfukuwddzted.tif	1931388.806855	1931389.065449	1931389.822334	6.590020e-01	5	none	NaN	NaN
128	13	71	58	bathroom	sun_axxbkopsgyouuebh.tif	1931390.591961	1931390.850545	1931391.607385	8.008126e-01	48	none	NaN	NaN
128	13	72	48	bathroom	sun_aqrpegblszgcoujh.tif	1931392.377059	1931392.635649	1931393.392446	7.507618e-01	38	none	NaN	NaN
128	13	73	34	bathroom	sun_alkosphxlxwjwgjd.tif	1931394.162164	1931394.420750	1931395.177685	8.258380e-01	24	none	NaN	NaN
128	13	74	24	bathroom	sun_agrwbmhcpmfuwmsg.tif	1931395.947264	1931396.205856	1931396.962709	6.506602e-01	14	37	1931397.651601	1
128	13	75	47	bathroom	sun_apynckhmoftszqoq.tif	1931398.424716	1931398.683306	1931399.440154	7.173946e-01	37	none	NaN	NaN
128	13	76	42	bathroom	sun_apeeialkgkuxddgh.tif	1931400.209816	1931400.468407	1931401.225182	7.841290e-01	32	none	NaN	NaN
128	13	77	27	bathroom	sun_ahcvzmoyaycdoftf.tif	1931401.994921	1931402.253505	1931403.010450	7.340782e-01	17	none	NaN	NaN
128	13	78	31	bathroom	sun_akiytfaagpdsphgz.tif	1931403.780024	1931404.038629	1931404.795496	7.257364e-01	21	39	1931405.867559	1
128	13	79	60	bathroom	sun_azqyogdvyhahyram.tif	1931406.641190	1931406.899783	1931407.656567	6.673438e-01	50	none	NaN	NaN
128	13	80	12	bathroom	sun_aapitsgbtktqubfy.tif	1931408.426291	1931408.684878	1931409.441836	7.257364e-01	2	none	NaN	NaN
128	13	81	21	bathroom	sun_aggnnqpdorgxpvce.tif	1931410.211400	1931410.469984	1931411.226769	6.840274e-01	11	none	NaN	NaN
128	13	82	40	bathroom	sun_aofnryafpsjimzsb.tif	1931411.996498	1931412.255086	1931413.012012	8.341798e-01	30	none	NaN	NaN
128	13	83	20	bathroom	sun_afcoljnjfoxjtgja.tif	1931413.781597	1931414.040186	1931414.797143	7.757872e-01	10	none	NaN	NaN
128	13	84	39	bathroom	sun_anryaplzeujmzfkd.tif	1931415.566698	1931415.825290	1931416.582178	7.007110e-01	29	none	NaN	NaN
128	13	85	59	bathroom	sun_axyrejkiiaqiurjk.tif	1931417.351796	1931417.610390	1931418.367175	7.007110e-01	49	none	NaN	NaN
128	13	86	52	bathroom	sun_aunuadmjocsddsrl.tif	1931419.136904	1931419.395487	1931420.152328	7.841290e-01	42	none	NaN	NaN
128	13	87	18	bathroom	sun_acgyywnybuveqsro.tif	1931420.922002	1931421.180584	1931421.937568	8.425216e-01	8	none	NaN	NaN
128	13	88	11	bathroom	labelme_sfxiulhjbhlyiyt.tif	1931422.707105	1931422.965694	1931423.722586	7.090528e-01	1	none	NaN	NaN
128	13	89	28	bathroom	sun_ahijqszoswveeyji.tif	1931424.492209	1931424.750796	1931425.507597	7.674454e-01	18	none	NaN	NaN
128	13	90	44	bathroom	sun_apkruvsevgegsdwp.tif	1931426.277305	1931426.535898	1931427.292772	6.590020e-01	34	none	NaN	NaN
128	13	91	23	bathroom	sun_aghyqhbptboemmoq.tif	1931428.062411	1931428.320996	1931429.077981	8.425216e-01	13	39	1931430.235469	1
128	13	92	51	bathroom	sun_atstyziqcmkahyxk.tif	1931431.006999	1931431.265579	1931432.022375	7.924708e-01	41	none	NaN	NaN
128	13	93	36	bathroom	sun_ambriybtogmepttm.tif	1931432.792093	1931433.050684	1931433.807509	7.757872e-01	26	none	NaN	NaN
128	13	94	30	bathroom	sun_ajlawzvmubibwbpy.tif	1931434.577199	1931434.835781	1931435.592740	6.923692e-01	20	39	1931437.003488	1
128	13	95	33	bathroom	sun_aljolscmmzydegqp.tif	1931437.780367	1931438.038951	1931438.795866	7.841290e-01	23	none	NaN	NaN
128	13	96	17	bathroom	sun_acegryoqftbzowsg.tif	1931439.565470	1931439.824063	1931440.581009	8.174962e-01	7	none	NaN	NaN
128	13	97	41	bathroom	sun_aoybiabnpadelefl.tif	1931441.350574	1931441.609163	1931442.366032	8.258380e-01	31	none	NaN	NaN
128	13	98	55	bathroom	sun_avhrdrntsqrjzccq.tif	1931443.135676	1931443.394264	1931444.151114	7.257364e-01	45	none	NaN	NaN
128	13	99	49	bathroom	sun_asfwthctfqerjvxr.tif	1931444.920775	1931445.179364	1931445.936314	6.506602e-01	39	none	NaN	NaN
128	13	100	29	bathroom	sun_ahqjwnzgolcaoidx.tif	1931446.705879	1931446.964465	1931447.721340	8.008126e-01	19	none	NaN	NaN
128	14	1	74	kitchen	sun_acfmftudsenhrfhy.tif	1931462.796815	1931463.055408	1931463.703831	6.673438e-01	64	none	NaN	NaN
128	14	2	64	kitchen	sun_aadbddgrdsjugojn.tif	1931464.473478	1931464.732068	1931465.380566	7.841290e-01	54	none	NaN	NaN
128	14	3	104	kitchen	sun_auticobqsbwgoppi.tif	1931466.150139	1931466.408729	1931467.057232	8.425216e-01	94	none	NaN	NaN
128	14	4	94	kitchen	sun_ahywdevtimnqcsln.tif	1931467.826797	1931468.085387	1931468.733747	8.508634e-01	84	none	NaN	NaN
128	14	5	92	kitchen	sun_ahpczsiumwwocjkv.tif	1931469.503462	1931469.762049	1931470.410429	6.923692e-01	82	none	NaN	NaN
128	14	6	82	kitchen	sun_aenotlpyftoioydp.tif	1931471.180124	1931471.438713	1931472.087119	7.424200e-01	72	none	NaN	NaN
128	14	7	89	kitchen	sun_agzzivivdpnawacl.tif	1931472.856779	1931473.115371	1931473.763881	6.506602e-01	79	none	NaN	NaN
128	14	8	100	kitchen	sun_amjjdeyrggfqgmom.tif	1931474.533442	1931474.792034	1931475.440409	7.924708e-01	90	none	NaN	NaN
128	14	9	76	kitchen	sun_acwjdupvyjsugpay.tif	1931476.210105	1931476.468693	1931477.117154	7.173946e-01	66	39	1931478.187321	1
128	14	10	70	kitchen	sun_abdxkyyxwfskuaqb.tif	1931478.962831	1931479.221417	1931479.869784	7.090528e-01	60	none	NaN	NaN
128	14	11	86	kitchen	sun_aggjlwcdjsjcaemh.tif	1931480.639491	1931480.898083	1931481.546618	8.425216e-01	76	none	NaN	NaN
128	14	12	107	kitchen	sun_axyyrmzcupyhlivc.tif	1931482.316151	1931482.574747	1931483.223134	7.257364e-01	97	none	NaN	NaN
128	14	13	83	kitchen	sun_aeqdocilnnpuvuhx.tif	1931483.992817	1931484.251402	1931484.899739	6.590020e-01	73	none	NaN	NaN
128	14	14	65	kitchen	sun_aamedkxepzlwuxes.tif	1931485.669467	1931485.928062	1931486.576498	6.590020e-01	55	none	NaN	NaN
128	14	15	105	kitchen	sun_avszsnwsbuqfgzbn.tif	1931487.346136	1931487.604724	1931488.253213	7.340782e-01	95	none	NaN	NaN
128	14	16	68	kitchen	sun_aaxxjlsuzvqlgylf.tif	1931489.022799	1931489.281384	1931489.929794	7.007110e-01	58	37	1931491.155534	1
128	14	17	90	kitchen	sun_ahdycvpopffkzzsu.tif	1931491.925672	1931492.184280	1931492.832617	7.591036e-01	80	none	NaN	NaN
128	14	18	72	kitchen	sun_abpwyqmlzafvklqo.tif	1931493.602332	1931493.860925	1931494.509266	6.923692e-01	62	none	NaN	NaN
128	14	19	101	kitchen	sun_aqeaevwwwjoqhzvl.tif	1931495.278992	1931495.537591	1931496.186067	7.591036e-01	91	none	NaN	NaN
128	14	20	103	kitchen	sun_aunzlwrbjumxhwdj.tif	1931496.955653	1931497.214239	1931497.862584	8.341798e-01	93	none	NaN	NaN
128	14	21	78	kitchen	sun_adgqasybjyktddhj.tif	1931498.632310	1931498.890904	1931499.539378	8.258380e-01	68	none	NaN	NaN
128	14	22	97	kitchen	sun_ajkqhtgcbgpcwrwn.tif	1931500.308976	1931500.567567	1931501.216145	6.506602e-01	87	none	NaN	NaN
128	14	23	99	kitchen	sun_akcjzhbbjlbogpdi.tif	1931501.985634	1931502.244222	1931502.892747	8.425216e-01	89	none	NaN	NaN
128	14	24	108	kitchen	sun_aymvwlarqodbwuoc.tif	1931503.662299	1931503.920887	1931504.569281	7.841290e-01	98	none	NaN	NaN
128	14	25	84	kitchen	sun_aexklacwqwezaorf.tif	1931505.338962	1931505.597546	1931506.245990	8.008126e-01	74	none	NaN	NaN
128	14	26	67	kitchen	sun_aarfiyshqohlwkmo.tif	1931507.015618	1931507.274205	1931507.922545	6.840274e-01	57	37	1931508.995618	1
128	14	27	61	kitchen	labelme_brsyyvweiuaazfr.tif	1931509.768343	1931510.026935	1931510.675308	7.173946e-01	51	none	NaN	NaN
128	14	28	73	kitchen	sun_abrcnpqqhmjwekyf.tif	1931511.445004	1931511.703594	1931512.351988	6.673438e-01	63	none	NaN	NaN
128	14	29	69	kitchen	sun_abdenxonkemggwsq.tif	1931513.121670	1931513.380256	1931514.028645	7.424200e-01	59	none	NaN	NaN
128	14	30	88	kitchen	sun_agubuxuukhzyzpdp.tif	1931514.798322	1931515.056919	1931515.705245	6.590020e-01	78	none	NaN	NaN
128	14	31	85	kitchen	sun_afuyedyxivkhecmu.tif	1931516.474986	1931516.733578	1931517.382033	7.507618e-01	75	none	NaN	NaN
128	14	32	75	kitchen	sun_acgtpgfybqjmzeyw.tif	1931518.151649	1931518.410236	1931519.058604	6.756856e-01	65	none	NaN	NaN
128	14	33	87	kitchen	sun_agorklincwxrdtga.tif	1931519.828314	1931520.086900	1931520.735337	8.091544e-01	77	none	NaN	NaN
128	14	34	102	kitchen	sun_auaiucuqpdausiva.tif	1931521.504973	1931521.763564	1931522.412110	7.007110e-01	92	none	NaN	NaN
128	14	35	95	kitchen	sun_aixorpehvfykdynp.tif	1931523.181628	1931523.440218	1931524.088723	8.091544e-01	85	none	NaN	NaN
128	14	36	109	kitchen	sun_aypmqwcualkenuoe.tif	1931524.858294	1931525.116881	1931525.765285	7.090528e-01	99	none	NaN	NaN
128	14	37	96	kitchen	sun_ajcbwwvdlsvjyzje.tif	1931526.534951	1931526.793541	1931527.441949	6.840274e-01	86	none	NaN	NaN
128	14	38	93	kitchen	sun_ahspylgoovwmwvgk.tif	1931528.211615	1931528.470205	1931529.118559	6.506602e-01	83	none	NaN	NaN
128	14	39	79	kitchen	sun_admlmbcdswaszruo.tif	1931529.888279	1931530.146865	1931530.795396	8.425216e-01	69	39	1931532.211683	1
128	14	40	80	kitchen	sun_aegoxogugdkwpmpj.tif	1931532.982997	1931533.241596	1931533.890126	7.424200e-01	70	none	NaN	NaN
128	14	41	62	kitchen	labelme_kxvouciolcpqplr.tif	1931534.659671	1931534.918256	1931535.566796	7.674454e-01	52	39	1931536.531448	1
128	14	42	71	kitchen	sun_abftihopvusyfakt.tif	1931537.303956	1931537.562543	1931538.210938	8.341798e-01	61	none	NaN	NaN
128	14	43	63	kitchen	labelme_rykdqxenmhulbdn.tif	1931538.980614	1931539.239204	1931539.887585	7.007110e-01	53	37	1931540.571387	1
128	14	44	81	kitchen	sun_aehawpgmrlhlvcow.tif	1931541.349626	1931541.608215	1931542.256632	6.923692e-01	71	none	NaN	NaN
128	14	45	91	kitchen	sun_ahljzhgcdpomplvg.tif	1931543.026287	1931543.284881	1931543.933283	8.174962e-01	81	none	NaN	NaN
128	14	46	77	kitchen	sun_acxkpeoqbwcxfvip.tif	1931544.702957	1931544.961541	1931545.609931	7.340782e-01	67	none	NaN	NaN
128	14	47	110	kitchen	sun_azmutvzbxypaceni.tif	1931546.379610	1931546.638200	1931547.286730	8.258380e-01	100	37	1931548.003543	1
128	14	48	66	kitchen	sun_aapllqyqlykszopd.tif	1931548.781989	1931549.040582	1931549.689147	7.674454e-01	56	none	NaN	NaN
128	14	49	98	kitchen	sun_akchetnepxlcxhsu.tif	1931550.458653	1931550.717236	1931551.365749	8.091544e-01	88	none	NaN	NaN
128	14	50	106	kitchen	sun_awcpdzzznmweyyhv.tif	1931552.135316	1931552.393893	1931553.042344	7.591036e-01	96	none	NaN	NaN
128	14	51	92	kitchen	sun_ahpczsiumwwocjkv.tif	1931553.811975	1931554.070563	1931554.719013	8.258380e-01	82	none	NaN	NaN
128	14	52	80	kitchen	sun_aegoxogugdkwpmpj.tif	1931555.488639	1931555.747227	1931556.395699	7.507618e-01	70	none	NaN	NaN
128	14	53	94	kitchen	sun_ahywdevtimnqcsln.tif	1931557.165291	1931557.423879	1931558.072421	8.174962e-01	84	none	NaN	NaN
128	14	54	89	kitchen	sun_agzzivivdpnawacl.tif	1931558.841953	1931559.100548	1931559.748971	6.756856e-01	79	none	NaN	NaN
128	14	55	97	kitchen	sun_ajkqhtgcbgpcwrwn.tif	1931560.518615	1931560.777202	1931561.425736	7.173946e-01	87	none	NaN	NaN
128	14	56	108	kitchen	sun_aymvwlarqodbwuoc.tif	1931562.195273	1931562.453862	1931563.102345	7.757872e-01	98	39	1931564.459537	0
128	14	57	67	kitchen	sun_aarfiyshqohlwkmo.tif	1931565.231619	1931565.490212	1931566.138655	7.090528e-01	57	none	NaN	NaN
128	14	58	75	kitchen	sun_acgtpgfybqjmzeyw.tif	1931566.908276	1931567.166866	1931567.815372	7.757872e-01	65	none	NaN	NaN
128	14	59	63	kitchen	labelme_rykdqxenmhulbdn.tif	1931568.584939	1931568.843528	1931569.491946	7.507618e-01	53	none	NaN	NaN
128	14	60	73	kitchen	sun_abrcnpqqhmjwekyf.tif	1931570.261600	1931570.520190	1931571.168716	7.340782e-01	63	none	NaN	NaN
128	14	61	76	kitchen	sun_acwjdupvyjsugpay.tif	1931571.938259	1931572.196851	1931572.845257	7.924708e-01	66	none	NaN	NaN
128	14	62	82	kitchen	sun_aenotlpyftoioydp.tif	1931573.614923	1931573.873512	1931574.521947	8.008126e-01	72	none	NaN	NaN
128	14	63	61	kitchen	labelme_brsyyvweiuaazfr.tif	1931575.291585	1931575.550171	1931576.198525	8.008126e-01	51	none	NaN	NaN
128	14	64	64	kitchen	sun_aadbddgrdsjugojn.tif	1931576.968242	1931577.226835	1931577.875284	7.257364e-01	54	none	NaN	NaN
128	14	65	62	kitchen	labelme_kxvouciolcpqplr.tif	1931578.644908	1931578.903499	1931579.551960	8.091544e-01	52	39	1931580.915593	1
128	14	66	86	kitchen	sun_aggjlwcdjsjcaemh.tif	1931581.689585	1931581.948177	1931582.596554	7.841290e-01	76	none	NaN	NaN
128	14	67	91	kitchen	sun_ahljzhgcdpomplvg.tif	1931583.366252	1931583.624839	1931584.273344	8.341798e-01	81	none	NaN	NaN
128	14	68	66	kitchen	sun_aapllqyqlykszopd.tif	1931585.042908	1931585.301500	1931585.949939	8.174962e-01	56	none	NaN	NaN
128	14	69	81	kitchen	sun_aehawpgmrlhlvcow.tif	1931586.719569	1931586.978154	1931587.626545	7.924708e-01	71	none	NaN	NaN
128	14	70	104	kitchen	sun_auticobqsbwgoppi.tif	1931588.396231	1931588.654824	1931589.303358	7.424200e-01	94	none	NaN	NaN
128	14	71	87	kitchen	sun_agorklincwxrdtga.tif	1931590.072890	1931590.331481	1931590.979898	7.841290e-01	77	none	NaN	NaN
128	14	72	78	kitchen	sun_adgqasybjyktddhj.tif	1931591.749549	1931592.008147	1931592.656487	7.257364e-01	68	none	NaN	NaN
128	14	73	99	kitchen	sun_akcjzhbbjlbogpdi.tif	1931593.426211	1931593.684803	1931594.333157	8.008126e-01	89	none	NaN	NaN
128	14	74	105	kitchen	sun_avszsnwsbuqfgzbn.tif	1931595.102872	1931595.361467	1931596.009844	6.840274e-01	95	none	NaN	NaN
128	14	75	77	kitchen	sun_acxkpeoqbwcxfvip.tif	1931596.779540	1931597.038122	1931597.686506	7.674454e-01	67	none	NaN	NaN
128	14	76	69	kitchen	sun_abdenxonkemggwsq.tif	1931598.456198	1931598.714782	1931599.363290	8.341798e-01	59	none	NaN	NaN
128	14	77	88	kitchen	sun_agubuxuukhzyzpdp.tif	1931600.132853	1931600.391445	1931601.039899	6.923692e-01	78	none	NaN	NaN
128	14	78	68	kitchen	sun_aaxxjlsuzvqlgylf.tif	1931601.809518	1931602.068107	1931602.716598	7.507618e-01	58	none	NaN	NaN
128	14	79	96	kitchen	sun_ajcbwwvdlsvjyzje.tif	1931603.486177	1931603.744768	1931604.393161	6.756856e-01	86	none	NaN	NaN
128	14	80	83	kitchen	sun_aeqdocilnnpuvuhx.tif	1931605.162839	1931605.421429	1931606.069959	6.673438e-01	73	39	1931607.659523	1
128	14	81	98	kitchen	sun_akchetnepxlcxhsu.tif	1931608.432744	1931608.691338	1931609.339751	7.007110e-01	88	none	NaN	NaN
128	14	82	74	kitchen	sun_acfmftudsenhrfhy.tif	1931610.109406	1931610.367998	1931611.016500	8.258380e-01	64	none	NaN	NaN
128	14	83	100	kitchen	sun_amjjdeyrggfqgmom.tif	1931611.786067	1931612.044658	1931612.693179	7.924708e-01	90	none	NaN	NaN
128	14	84	90	kitchen	sun_ahdycvpopffkzzsu.tif	1931613.462728	1931613.721316	1931614.369738	8.508634e-01	80	none	NaN	NaN
128	14	85	84	kitchen	sun_aexklacwqwezaorf.tif	1931615.139392	1931615.397982	1931616.046370	7.757872e-01	74	39	1931617.643602	0
128	14	86	71	kitchen	sun_abftihopvusyfakt.tif	1931618.417631	1931618.676189	1931619.324686	6.590020e-01	61	37	1931620.571510	1
128	14	87	72	kitchen	sun_abpwyqmlzafvklqo.tif	1931621.345539	1931621.604125	1931622.252500	7.257364e-01	62	none	NaN	NaN
128	14	88	107	kitchen	sun_axyyrmzcupyhlivc.tif	1931623.022197	1931623.280787	1931623.929297	6.673438e-01	97	37	1931624.667487	1
128	14	89	85	kitchen	sun_afuyedyxivkhecmu.tif	1931625.441257	1931625.699854	1931626.348369	7.090528e-01	75	none	NaN	NaN
128	14	90	109	kitchen	sun_aypmqwcualkenuoe.tif	1931627.117918	1931627.376506	1931628.024848	6.923692e-01	99	none	NaN	NaN
128	14	91	103	kitchen	sun_aunzlwrbjumxhwdj.tif	1931628.794581	1931629.053171	1931629.701656	7.674454e-01	93	none	NaN	NaN
128	14	92	95	kitchen	sun_aixorpehvfykdynp.tif	1931630.471241	1931630.729825	1931631.378253	6.840274e-01	85	none	NaN	NaN
128	14	93	79	kitchen	sun_admlmbcdswaszruo.tif	1931632.147897	1931632.406488	1931633.055010	6.756856e-01	69	39	1931634.203470	1
128	14	94	70	kitchen	sun_abdxkyyxwfskuaqb.tif	1931634.975695	1931635.234288	1931635.882657	7.757872e-01	60	none	NaN	NaN
128	14	95	106	kitchen	sun_awcpdzzznmweyyhv.tif	1931636.652367	1931636.910951	1931637.559319	7.173946e-01	96	37	1931638.419594	0
128	14	96	101	kitchen	sun_aqeaevwwwjoqhzvl.tif	1931639.196554	1931639.455140	1931640.103652	8.174962e-01	91	none	NaN	NaN
128	14	97	93	kitchen	sun_ahspylgoovwmwvgk.tif	1931640.873214	1931641.131803	1931641.780155	7.340782e-01	83	none	NaN	NaN
128	14	98	110	kitchen	sun_azmutvzbxypaceni.tif	1931642.549877	1931642.808459	1931643.456922	7.591036e-01	100	none	NaN	NaN
128	14	99	102	kitchen	sun_auaiucuqpdausiva.tif	1931644.226533	1931644.485123	1931645.133581	7.591036e-01	92	none	NaN	NaN
128	14	100	65	kitchen	sun_aamedkxepzlwuxes.tif	1931645.903193	1931646.161780	1931646.810144	8.258380e-01	55	none	NaN	NaN
128	15	1	55	bathroom	sun_avhrdrntsqrjzccq.tif	1931663.153618	1931663.412199	1931664.102438	6.673438e-01	45	none	NaN	NaN
128	15	2	58	bathroom	sun_axxbkopsgyouuebh.tif	1931664.871979	1931665.130579	1931665.820624	6.506602e-01	48	none	NaN	NaN
128	15	3	29	bathroom	sun_ahqjwnzgolcaoidx.tif	1931666.590352	1931666.848946	1931667.539184	8.091544e-01	19	none	NaN	NaN
128	15	4	28	bathroom	sun_ahijqszoswveeyji.tif	1931668.308725	1931668.567311	1931669.257526	7.674454e-01	18	none	NaN	NaN
128	15	5	13	bathroom	sun_aavhrsfjbserjtht.tif	1931670.027096	1931670.285671	1931670.975789	8.091544e-01	3	none	NaN	NaN
128	15	6	52	bathroom	sun_aunuadmjocsddsrl.tif	1931671.745457	1931672.004046	1931672.694128	7.424200e-01	42	none	NaN	NaN
128	15	7	53	bathroom	sun_ausgutylgojavyoq.tif	1931673.463829	1931673.722422	1931674.412536	7.757872e-01	43	none	NaN	NaN
128	15	8	51	bathroom	sun_atstyziqcmkahyxk.tif	1931675.182197	1931675.440785	1931676.130835	7.007110e-01	41	none	NaN	NaN
128	15	9	37	bathroom	sun_amzlamotzwfkwjco.tif	1931676.900563	1931677.159154	1931677.849281	7.591036e-01	27	none	NaN	NaN
128	15	10	19	bathroom	sun_aclfzgynxzxlbepz.tif	1931678.618939	1931678.877524	1931679.567657	7.924708e-01	9	none	NaN	NaN
128	15	11	57	bathroom	sun_axldvoqbuvuggfmq.tif	1931680.337303	1931680.595890	1931681.285956	7.340782e-01	47	none	NaN	NaN
128	15	12	39	bathroom	sun_anryaplzeujmzfkd.tif	1931682.055673	1931682.314269	1931683.004502	6.756856e-01	29	none	NaN	NaN
128	15	13	27	bathroom	sun_ahcvzmoyaycdoftf.tif	1931683.774043	1931684.032629	1931684.722788	7.591036e-01	17	none	NaN	NaN
128	15	14	12	bathroom	sun_aapitsgbtktqubfy.tif	1931685.492403	1931685.751000	1931686.441173	6.840274e-01	2	none	NaN	NaN
128	15	15	30	bathroom	sun_ajlawzvmubibwbpy.tif	1931687.210776	1931687.469366	1931688.159565	7.007110e-01	20	none	NaN	NaN
128	15	16	26	bathroom	sun_ahaulkltgpkeeemi.tif	1931688.929149	1931689.187737	1931689.877780	8.258380e-01	16	none	NaN	NaN
128	15	17	20	bathroom	sun_afcoljnjfoxjtgja.tif	1931690.647518	1931690.906111	1931691.596299	6.673438e-01	10	37	1931692.779544	1
128	15	18	22	bathroom	sun_agguqiubmwhqqunb.tif	1931693.550391	1931693.808977	1931694.499207	8.341798e-01	12	none	NaN	NaN
128	15	19	15	bathroom	sun_abjtwfukuwddzted.tif	1931695.268760	1931695.527342	1931696.217463	8.425216e-01	5	none	NaN	NaN
128	15	20	41	bathroom	sun_aoybiabnpadelefl.tif	1931696.987134	1931697.245719	1931697.935971	7.340782e-01	31	none	NaN	NaN
128	15	21	18	bathroom	sun_acgyywnybuveqsro.tif	1931698.705498	1931698.964086	1931699.654256	7.841290e-01	8	none	NaN	NaN
128	15	22	17	bathroom	sun_acegryoqftbzowsg.tif	1931700.423869	1931700.682454	1931701.372664	8.341798e-01	7	none	NaN	NaN
128	15	23	14	bathroom	sun_abapwbhyhkfixyex.tif	1931702.142232	1931702.400822	1931703.091081	7.757872e-01	4	39	1931704.283594	1
128	15	24	44	bathroom	sun_apkruvsevgegsdwp.tif	1931705.061790	1931705.320383	1931706.010467	8.174962e-01	34	none	NaN	NaN
128	15	25	32	bathroom	sun_aleqenyvunhactkl.tif	1931706.780166	1931707.038753	1931707.728942	6.840274e-01	22	37	1931708.379611	0
128	15	26	49	bathroom	sun_asfwthctfqerjvxr.tif	1931709.157522	1931709.416106	1931710.106353	7.090528e-01	39	none	NaN	NaN
128	15	27	48	bathroom	sun_aqrpegblszgcoujh.tif	1931710.875888	1931711.134477	1931711.824576	7.924708e-01	38	none	NaN	NaN
128	15	28	50	bathroom	sun_aspsyogrekjtfozg.tif	1931712.594255	1931712.852852	1931713.543888	7.090528e-01	40	none	NaN	NaN
128	15	29	47	bathroom	sun_apynckhmoftszqoq.tif	1931714.312628	1931714.571214	1931715.261400	7.924708e-01	37	none	NaN	NaN
128	15	30	60	bathroom	sun_azqyogdvyhahyram.tif	1931716.030994	1931716.289585	1931716.979688	8.258380e-01	50	none	NaN	NaN
128	15	31	38	bathroom	sun_anhioqovhscjqqwb.tif	1931717.749363	1931718.007956	1931718.698191	8.258380e-01	28	none	NaN	NaN
128	15	32	34	bathroom	sun_alkosphxlxwjwgjd.tif	1931719.467732	1931719.726315	1931720.416421	7.424200e-01	24	none	NaN	NaN
128	15	33	56	bathroom	sun_awnqiikzaispgmwo.tif	1931721.186099	1931721.444692	1931722.134916	8.508634e-01	46	none	NaN	NaN
128	15	34	35	bathroom	sun_alotolagknyrgtsk.tif	1931722.904472	1931723.163061	1931723.853155	7.674454e-01	25	none	NaN	NaN
128	15	35	16	bathroom	sun_acduarbnmmoglmiv.tif	1931724.622835	1931724.881423	1931725.571656	7.257364e-01	6	none	NaN	NaN
128	15	36	42	bathroom	sun_apeeialkgkuxddgh.tif	1931726.341211	1931726.599795	1931727.289873	6.923692e-01	32	none	NaN	NaN
128	15	37	40	bathroom	sun_aofnryafpsjimzsb.tif	1931728.059577	1931728.318168	1931729.008417	8.425216e-01	30	none	NaN	NaN
128	15	38	45	bathroom	sun_apkxzenqapsujocq.tif	1931729.777946	1931730.036536	1931730.726645	7.090528e-01	35	37	1931731.867377	1
128	15	39	59	bathroom	sun_axyrejkiiaqiurjk.tif	1931732.639109	1931732.897696	1931733.587918	7.173946e-01	49	none	NaN	NaN
128	15	40	46	bathroom	sun_apmqjbnwghzuhhzh.tif	1931734.357483	1931734.616071	1931735.306301	6.923692e-01	36	39	1931736.355248	1
128	15	41	43	bathroom	sun_apjevzvycyhuqghb.tif	1931737.126891	1931737.385479	1931738.075723	8.341798e-01	33	none	NaN	NaN
128	15	42	54	bathroom	sun_auzqhkafidnkrwmo.tif	1931738.845258	1931739.103845	1931739.793916	7.007110e-01	44	37	1931740.667464	1
128	15	43	23	bathroom	sun_aghyqhbptboemmoq.tif	1931741.439496	1931741.698085	1931742.388293	8.008126e-01	13	none	NaN	NaN
128	15	44	33	bathroom	sun_aljolscmmzydegqp.tif	1931743.157868	1931743.416452	1931744.106538	7.841290e-01	23	none	NaN	NaN
128	15	45	25	bathroom	sun_agyqfjcfkdcydepw.tif	1931744.876232	1931745.134821	1931745.824947	8.174962e-01	15	none	NaN	NaN
128	15	46	11	bathroom	labelme_sfxiulhjbhlyiyt.tif	1931746.594599	1931746.853188	1931747.543369	7.173946e-01	1	none	NaN	NaN
128	15	47	24	bathroom	sun_agrwbmhcpmfuwmsg.tif	1931748.312972	1931748.571560	1931749.261612	7.340782e-01	14	none	NaN	NaN
128	15	48	21	bathroom	sun_aggnnqpdorgxpvce.tif	1931750.031337	1931750.289931	1931750.980019	8.341798e-01	11	none	NaN	NaN
128	15	49	36	bathroom	sun_ambriybtogmepttm.tif	1931751.749713	1931752.008298	1931752.698381	7.507618e-01	26	37	1931753.795428	0
128	15	50	31	bathroom	sun_akiytfaagpdsphgz.tif	1931754.569163	1931754.827754	1931755.517991	7.924708e-01	21	none	NaN	NaN
128	15	51	51	bathroom	sun_atstyziqcmkahyxk.tif	1931756.287534	1931756.546129	1931757.236252	6.756856e-01	41	none	NaN	NaN
128	15	52	34	bathroom	sun_alkosphxlxwjwgjd.tif	1931758.005909	1931758.264496	1931758.954755	6.673438e-01	24	37	1931759.635280	1
128	15	53	20	bathroom	sun_afcoljnjfoxjtgja.tif	1931760.408283	1931760.666876	1931761.357056	7.257364e-01	10	39	1931763.099537	1
128	15	54	52	bathroom	sun_aunuadmjocsddsrl.tif	1931763.870049	1931764.128642	1931764.818835	7.257364e-01	42	39	1931766.043492	1
128	15	55	22	bathroom	sun_agguqiubmwhqqunb.tif	1931766.814627	1931767.073220	1931767.763437	7.674454e-01	12	none	NaN	NaN
128	15	56	33	bathroom	sun_aljolscmmzydegqp.tif	1931768.533000	1931768.791595	1931769.481700	6.923692e-01	23	none	NaN	NaN
128	15	57	41	bathroom	sun_aoybiabnpadelefl.tif	1931770.251368	1931770.509958	1931771.200187	8.174962e-01	31	none	NaN	NaN
128	15	58	13	bathroom	sun_aavhrsfjbserjtht.tif	1931771.969736	1931772.228325	1931772.918396	6.590020e-01	3	none	NaN	NaN
128	15	59	57	bathroom	sun_axldvoqbuvuggfmq.tif	1931773.688133	1931773.946698	1931774.636853	8.425216e-01	47	none	NaN	NaN
128	15	60	50	bathroom	sun_aspsyogrekjtfozg.tif	1931775.406476	1931775.665067	1931776.355291	6.923692e-01	40	none	NaN	NaN
128	15	61	37	bathroom	sun_amzlamotzwfkwjco.tif	1931777.124848	1931777.383435	1931778.073658	6.506602e-01	27	none	NaN	NaN
128	15	62	32	bathroom	sun_aleqenyvunhactkl.tif	1931778.843216	1931779.101799	1931779.791998	6.590020e-01	22	none	NaN	NaN
128	15	63	19	bathroom	sun_aclfzgynxzxlbepz.tif	1931780.561578	1931780.820175	1931781.510346	7.507618e-01	9	none	NaN	NaN
128	15	64	43	bathroom	sun_apjevzvycyhuqghb.tif	1931782.279955	1931782.538535	1931783.228695	7.424200e-01	33	none	NaN	NaN
128	15	65	42	bathroom	sun_apeeialkgkuxddgh.tif	1931783.998319	1931784.256904	1931784.946955	6.756856e-01	32	none	NaN	NaN
128	15	66	12	bathroom	sun_aapitsgbtktqubfy.tif	1931785.716690	1931785.975281	1931786.665326	7.173946e-01	2	none	NaN	NaN
128	15	67	46	bathroom	sun_apmqjbnwghzuhhzh.tif	1931787.435060	1931787.693649	1931788.383780	6.673438e-01	36	none	NaN	NaN
128	15	68	15	bathroom	sun_abjtwfukuwddzted.tif	1931789.153425	1931789.412014	1931790.102239	7.007110e-01	5	none	NaN	NaN
128	15	69	60	bathroom	sun_azqyogdvyhahyram.tif	1931790.871799	1931791.130389	1931791.820597	7.257364e-01	50	none	NaN	NaN
128	15	70	21	bathroom	sun_aggnnqpdorgxpvce.tif	1931792.590168	1931792.848755	1931793.538926	8.425216e-01	11	none	NaN	NaN
128	15	71	53	bathroom	sun_ausgutylgojavyoq.tif	1931794.308535	1931794.567122	1931795.257327	7.841290e-01	43	37	1931796.819265	1
128	15	72	58	bathroom	sun_axxbkopsgyouuebh.tif	1931797.595116	1931797.853707	1931798.543907	7.340782e-01	48	none	NaN	NaN
128	15	73	27	bathroom	sun_ahcvzmoyaycdoftf.tif	1931799.313491	1931799.572074	1931800.262220	8.174962e-01	17	none	NaN	NaN
128	15	74	18	bathroom	sun_acgyywnybuveqsro.tif	1931801.031857	1931801.290447	1931801.980595	7.591036e-01	8	none	NaN	NaN
128	15	75	30	bathroom	sun_ajlawzvmubibwbpy.tif	1931802.750226	1931803.008836	1931803.699046	6.840274e-01	20	none	NaN	NaN
128	15	76	24	bathroom	sun_agrwbmhcpmfuwmsg.tif	1931804.468604	1931804.727189	1931805.417340	8.091544e-01	14	none	NaN	NaN
128	15	77	54	bathroom	sun_auzqhkafidnkrwmo.tif	1931806.186967	1931806.445554	1931807.135647	6.756856e-01	44	none	NaN	NaN
128	15	78	48	bathroom	sun_aqrpegblszgcoujh.tif	1931807.905340	1931808.163921	1931808.853993	7.507618e-01	38	none	NaN	NaN
128	15	79	25	bathroom	sun_agyqfjcfkdcydepw.tif	1931809.623706	1931809.882296	1931810.572381	7.674454e-01	15	none	NaN	NaN
128	15	80	38	bathroom	sun_anhioqovhscjqqwb.tif	1931811.342073	1931811.600665	1931812.290813	7.424200e-01	28	none	NaN	NaN
128	15	81	44	bathroom	sun_apkruvsevgegsdwp.tif	1931813.060448	1931813.319034	1931814.009294	8.258380e-01	34	none	NaN	NaN
128	15	82	55	bathroom	sun_avhrdrntsqrjzccq.tif	1931814.778810	1931815.037398	1931815.727504	8.008126e-01	45	none	NaN	NaN
128	15	83	28	bathroom	sun_ahijqszoswveeyji.tif	1931816.497182	1931816.755765	1931817.445971	8.008126e-01	18	none	NaN	NaN
128	15	84	47	bathroom	sun_apynckhmoftszqoq.tif	1931818.215547	1931818.474137	1931819.164350	7.507618e-01	37	none	NaN	NaN
128	15	85	36	bathroom	sun_ambriybtogmepttm.tif	1931819.933918	1931820.192507	1931820.882568	7.090528e-01	26	none	NaN	NaN
128	15	86	14	bathroom	sun_abapwbhyhkfixyex.tif	1931821.652283	1931821.910877	1931822.600984	7.173946e-01	4	37	1931823.947485	1
128	15	87	26	bathroom	sun_ahaulkltgpkeeemi.tif	1931824.721989	1931824.980585	1931825.670811	7.591036e-01	16	39	1931826.811442	1
128	15	88	23	bathroom	sun_aghyqhbptboemmoq.tif	1931827.583156	1931827.841751	1931828.531962	7.841290e-01	13	none	NaN	NaN
128	15	89	45	bathroom	sun_apkxzenqapsujocq.tif	1931829.301529	1931829.560125	1931830.250264	6.506602e-01	35	none	NaN	NaN
128	15	90	16	bathroom	sun_acduarbnmmoglmiv.tif	1931831.019896	1931831.278488	1931831.968543	8.508634e-01	6	39	1931833.147451	1
128	15	91	17	bathroom	sun_acegryoqftbzowsg.tif	1931833.922775	1931834.181365	1931834.871560	6.590020e-01	7	none	NaN	NaN
128	15	92	29	bathroom	sun_ahqjwnzgolcaoidx.tif	1931835.641145	1931835.899726	1931836.589952	6.840274e-01	19	none	NaN	NaN
128	15	93	40	bathroom	sun_aofnryafpsjimzsb.tif	1931837.359514	1931837.618104	1931838.308144	8.258380e-01	30	none	NaN	NaN
128	15	94	56	bathroom	sun_awnqiikzaispgmwo.tif	1931839.077877	1931839.336475	1931840.026605	8.091544e-01	46	none	NaN	NaN
128	15	95	31	bathroom	sun_akiytfaagpdsphgz.tif	1931840.796248	1931841.054840	1931841.745081	8.008126e-01	21	none	NaN	NaN
128	15	96	35	bathroom	sun_alotolagknyrgtsk.tif	1931842.514612	1931842.773205	1931843.463311	7.757872e-01	25	40	1931844.507546	0
128	15	97	49	bathroom	sun_asfwthctfqerjvxr.tif	1931845.284024	1931845.542618	1931846.232837	7.757872e-01	39	none	NaN	NaN
128	15	98	39	bathroom	sun_anryaplzeujmzfkd.tif	1931847.002400	1931847.260983	1931847.951066	7.591036e-01	29	none	NaN	NaN
128	15	99	59	bathroom	sun_axyrejkiiaqiurjk.tif	1931848.720761	1931848.979350	1931849.669409	6.590020e-01	49	none	NaN	NaN
128	15	100	11	bathroom	labelme_sfxiulhjbhlyiyt.tif	1931850.439135	1931850.697729	1931851.387866	6.923692e-01	1	none	NaN	NaN
128	16	1	100	kitchen	sun_amjjdeyrggfqgmom.tif	1931869.257774	1931869.516363	1931870.239968	6.756856e-01	90	39	1931871.859560	1
128	16	2	86	kitchen	sun_aggjlwcdjsjcaemh.tif	1931872.636126	1931872.894707	1931873.618168	8.341798e-01	76	none	NaN	NaN
128	16	3	64	kitchen	sun_aadbddgrdsjugojn.tif	1931874.387858	1931874.646446	1931875.370026	8.091544e-01	54	none	NaN	NaN
128	16	4	93	kitchen	sun_ahspylgoovwmwvgk.tif	1931876.139591	1931876.398184	1931877.121801	8.341798e-01	83	none	NaN	NaN
128	16	5	69	kitchen	sun_abdenxonkemggwsq.tif	1931877.891329	1931878.149917	1931878.873416	7.007110e-01	59	none	NaN	NaN
128	16	6	91	kitchen	sun_ahljzhgcdpomplvg.tif	1931879.643061	1931879.901650	1931880.625116	8.174962e-01	81	none	NaN	NaN
128	16	7	72	kitchen	sun_abpwyqmlzafvklqo.tif	1931881.394797	1931881.653382	1931882.377014	7.507618e-01	62	none	NaN	NaN
128	16	8	81	kitchen	sun_aehawpgmrlhlvcow.tif	1931883.146533	1931883.405120	1931884.128648	8.258380e-01	71	none	NaN	NaN
128	16	9	103	kitchen	sun_aunzlwrbjumxhwdj.tif	1931884.898273	1931885.156861	1931885.880310	7.591036e-01	93	none	NaN	NaN
128	16	10	74	kitchen	sun_acfmftudsenhrfhy.tif	1931886.650003	1931886.908588	1931887.632218	7.007110e-01	64	none	NaN	NaN
128	16	11	68	kitchen	sun_aaxxjlsuzvqlgylf.tif	1931888.401739	1931888.660327	1931889.383841	7.424200e-01	58	none	NaN	NaN
128	16	12	107	kitchen	sun_axyyrmzcupyhlivc.tif	1931890.153473	1931890.412062	1931891.135645	7.007110e-01	97	none	NaN	NaN
128	16	13	79	kitchen	sun_admlmbcdswaszruo.tif	1931891.905209	1931892.163794	1931892.887379	6.756856e-01	69	none	NaN	NaN
128	16	14	110	kitchen	sun_azmutvzbxypaceni.tif	1931893.656942	1931893.915531	1931894.639139	7.591036e-01	100	none	NaN	NaN
128	16	15	66	kitchen	sun_aapllqyqlykszopd.tif	1931895.408679	1931895.667270	1931896.390805	7.757872e-01	56	none	NaN	NaN
128	16	16	61	kitchen	labelme_brsyyvweiuaazfr.tif	1931897.160417	1931897.419004	1931898.142438	7.340782e-01	51	none	NaN	NaN
128	16	17	106	kitchen	sun_awcpdzzznmweyyhv.tif	1931898.912149	1931899.170739	1931899.894182	7.507618e-01	96	none	NaN	NaN
128	16	18	75	kitchen	sun_acgtpgfybqjmzeyw.tif	1931900.663884	1931900.922472	1931901.646086	7.340782e-01	65	none	NaN	NaN
128	16	19	99	kitchen	sun_akcjzhbbjlbogpdi.tif	1931902.415621	1931902.674211	1931903.397707	6.673438e-01	89	none	NaN	NaN
128	16	20	108	kitchen	sun_aymvwlarqodbwuoc.tif	1931904.167353	1931904.425947	1931905.149359	6.590020e-01	98	none	NaN	NaN
128	16	21	76	kitchen	sun_acwjdupvyjsugpay.tif	1931905.919085	1931906.177681	1931906.901122	7.924708e-01	66	none	NaN	NaN
128	16	22	85	kitchen	sun_afuyedyxivkhecmu.tif	1931907.670828	1931907.929417	1931908.653002	8.258380e-01	75	none	NaN	NaN
128	16	23	105	kitchen	sun_avszsnwsbuqfgzbn.tif	1931909.422555	1931909.681151	1931910.404616	8.008126e-01	95	none	NaN	NaN
128	16	24	65	kitchen	sun_aamedkxepzlwuxes.tif	1931911.174293	1931911.432886	1931912.156436	7.173946e-01	55	none	NaN	NaN
128	16	25	95	kitchen	sun_aixorpehvfykdynp.tif	1931912.926032	1931913.184619	1931913.908061	8.425216e-01	85	none	NaN	NaN
128	16	26	80	kitchen	sun_aegoxogugdkwpmpj.tif	1931914.677765	1931914.936348	1931915.659852	8.174962e-01	70	none	NaN	NaN
128	16	27	78	kitchen	sun_adgqasybjyktddhj.tif	1931916.429505	1931916.688090	1931917.411635	8.341798e-01	68	39	1931919.171428	0
128	16	28	96	kitchen	sun_ajcbwwvdlsvjyzje.tif	1931919.949650	1931920.208240	1931920.931829	7.340782e-01	86	none	NaN	NaN
128	16	29	84	kitchen	sun_aexklacwqwezaorf.tif	1931921.701387	1931921.959983	1931922.683546	7.674454e-01	74	none	NaN	NaN
128	16	30	62	kitchen	labelme_kxvouciolcpqplr.tif	1931923.453124	1931923.711714	1931924.435224	6.590020e-01	52	none	NaN	NaN
128	16	31	88	kitchen	sun_agubuxuukhzyzpdp.tif	1931925.204861	1931925.463447	1931926.187039	6.756856e-01	78	none	NaN	NaN
128	16	32	63	kitchen	labelme_rykdqxenmhulbdn.tif	1931926.956598	1931927.215184	1931927.938718	6.673438e-01	53	none	NaN	NaN
128	16	33	71	kitchen	sun_abftihopvusyfakt.tif	1931928.708331	1931928.966918	1931929.690502	8.258380e-01	61	none	NaN	NaN
128	16	34	83	kitchen	sun_aeqdocilnnpuvuhx.tif	1931930.460065	1931930.718654	1931931.442255	6.840274e-01	73	none	NaN	NaN
128	16	35	104	kitchen	sun_auticobqsbwgoppi.tif	1931932.211801	1931932.470401	1931933.193831	7.257364e-01	94	none	NaN	NaN
128	16	36	92	kitchen	sun_ahpczsiumwwocjkv.tif	1931933.963536	1931934.222126	1931934.945600	7.757872e-01	82	none	NaN	NaN
128	16	37	97	kitchen	sun_ajkqhtgcbgpcwrwn.tif	1931935.715272	1931935.973862	1931936.697309	7.257364e-01	87	39	1931938.019511	0
128	16	38	94	kitchen	sun_ahywdevtimnqcsln.tif	1931938.793320	1931939.051910	1931939.775536	8.174962e-01	84	none	NaN	NaN
128	16	39	67	kitchen	sun_aarfiyshqohlwkmo.tif	1931940.545054	1931940.803644	1931941.527114	7.924708e-01	57	37	1931942.523266	1
128	16	40	98	kitchen	sun_akchetnepxlcxhsu.tif	1931943.297781	1931943.556372	1931944.279852	7.507618e-01	88	none	NaN	NaN
128	16	41	77	kitchen	sun_acxkpeoqbwcxfvip.tif	1931945.049524	1931945.308100	1931946.031551	8.008126e-01	67	none	NaN	NaN
128	16	42	73	kitchen	sun_abrcnpqqhmjwekyf.tif	1931946.801252	1931947.059842	1931947.783265	6.840274e-01	63	37	1931948.603609	1
128	16	43	87	kitchen	sun_agorklincwxrdtga.tif	1931949.378802	1931949.637396	1931950.360892	6.506602e-01	77	none	NaN	NaN
128	16	44	89	kitchen	sun_agzzivivdpnawacl.tif	1931951.130544	1931951.389125	1931952.112620	8.508634e-01	79	none	NaN	NaN
128	16	45	101	kitchen	sun_aqeaevwwwjoqhzvl.tif	1931952.882277	1931953.140870	1931953.864277	7.841290e-01	91	none	NaN	NaN
128	16	46	90	kitchen	sun_ahdycvpopffkzzsu.tif	1931954.634011	1931954.892604	1931955.616009	6.923692e-01	80	none	NaN	NaN
128	16	47	102	kitchen	sun_auaiucuqpdausiva.tif	1931956.385751	1931956.644337	1931957.367895	7.507618e-01	92	none	NaN	NaN
128	16	48	82	kitchen	sun_aenotlpyftoioydp.tif	1931958.137481	1931958.396070	1931959.119540	7.674454e-01	72	none	NaN	NaN
128	16	49	70	kitchen	sun_abdxkyyxwfskuaqb.tif	1931959.889221	1931960.147808	1931960.871388	7.757872e-01	60	none	NaN	NaN
128	16	50	109	kitchen	sun_aypmqwcualkenuoe.tif	1931961.640954	1931961.899546	1931962.623061	7.090528e-01	99	none	NaN	NaN
128	16	51	62	kitchen	labelme_kxvouciolcpqplr.tif	1931963.392685	1931963.651276	1931964.374838	7.841290e-01	52	none	NaN	NaN
128	16	52	73	kitchen	sun_abrcnpqqhmjwekyf.tif	1931965.144425	1931965.403013	1931966.126555	7.757872e-01	63	39	1931967.443556	1
128	16	53	99	kitchen	sun_akcjzhbbjlbogpdi.tif	1931968.214132	1931968.472724	1931969.196329	7.924708e-01	89	none	NaN	NaN
128	16	54	87	kitchen	sun_agorklincwxrdtga.tif	1931969.965863	1931970.224454	1931970.947957	7.674454e-01	77	none	NaN	NaN
128	16	55	102	kitchen	sun_auaiucuqpdausiva.tif	1931971.717605	1931971.976188	1931972.699740	7.424200e-01	92	none	NaN	NaN
128	16	56	81	kitchen	sun_aehawpgmrlhlvcow.tif	1931973.469337	1931973.727923	1931974.451526	6.756856e-01	71	37	1931975.291545	1
128	16	57	106	kitchen	sun_awcpdzzznmweyyhv.tif	1931976.063575	1931976.322166	1931977.045628	6.923692e-01	96	39	1931978.371516	1
128	16	58	86	kitchen	sun_aggjlwcdjsjcaemh.tif	1931979.141625	1931979.400216	1931980.123655	7.090528e-01	76	none	NaN	NaN
128	16	59	82	kitchen	sun_aenotlpyftoioydp.tif	1931980.893358	1931981.151943	1931981.875564	6.673438e-01	72	none	NaN	NaN
128	16	60	64	kitchen	sun_aadbddgrdsjugojn.tif	1931982.645092	1931982.903685	1931983.627235	7.841290e-01	54	37	1931984.427469	1
128	16	61	95	kitchen	sun_aixorpehvfykdynp.tif	1931985.205965	1931985.464554	1931986.188005	6.923692e-01	85	none	NaN	NaN
128	16	62	85	kitchen	sun_afuyedyxivkhecmu.tif	1931986.957702	1931987.216287	1931987.939730	8.091544e-01	75	none	NaN	NaN
128	16	63	61	kitchen	labelme_brsyyvweiuaazfr.tif	1931988.709430	1931988.968022	1931989.691540	7.340782e-01	51	none	NaN	NaN
128	16	64	104	kitchen	sun_auticobqsbwgoppi.tif	1931990.461170	1931990.719754	1931991.443206	7.173946e-01	94	none	NaN	NaN
128	16	65	84	kitchen	sun_aexklacwqwezaorf.tif	1931992.212904	1931992.471489	1931993.195087	8.174962e-01	74	none	NaN	NaN
128	16	66	94	kitchen	sun_ahywdevtimnqcsln.tif	1931993.964637	1931994.223230	1931994.946660	7.424200e-01	84	none	NaN	NaN
128	16	67	88	kitchen	sun_agubuxuukhzyzpdp.tif	1931995.716377	1931995.974966	1931996.698554	6.590020e-01	78	none	NaN	NaN
128	16	68	67	kitchen	sun_aarfiyshqohlwkmo.tif	1931997.468109	1931997.726696	1931998.450121	8.258380e-01	57	none	NaN	NaN
128	16	69	71	kitchen	sun_abftihopvusyfakt.tif	1931999.219843	1931999.478435	1932000.201909	6.923692e-01	61	none	NaN	NaN
128	16	70	93	kitchen	sun_ahspylgoovwmwvgk.tif	1932000.971581	1932001.230165	1932001.953608	6.923692e-01	83	none	NaN	NaN
128	16	71	76	kitchen	sun_acwjdupvyjsugpay.tif	1932002.723318	1932002.981901	1932003.705430	8.008126e-01	66	39	1932004.947641	1
128	16	72	77	kitchen	sun_acxkpeoqbwcxfvip.tif	1932005.717948	1932005.976543	1932006.700049	8.425216e-01	67	none	NaN	NaN
128	16	73	89	kitchen	sun_agzzivivdpnawacl.tif	1932007.469686	1932007.728273	1932008.451828	7.090528e-01	79	37	1932009.219469	0
128	16	74	66	kitchen	sun_aapllqyqlykszopd.tif	1932009.997186	1932010.255777	1932010.979214	6.506602e-01	56	none	NaN	NaN
128	16	75	100	kitchen	sun_amjjdeyrggfqgmom.tif	1932011.748919	1932012.007513	1932012.730937	7.424200e-01	90	39	1932013.795483	1
128	16	76	63	kitchen	labelme_rykdqxenmhulbdn.tif	1932014.568373	1932014.826971	1932015.550536	7.924708e-01	53	none	NaN	NaN
128	16	77	108	kitchen	sun_aymvwlarqodbwuoc.tif	1932016.320116	1932016.578699	1932017.302244	8.091544e-01	98	none	NaN	NaN
128	16	78	105	kitchen	sun_avszsnwsbuqfgzbn.tif	1932018.071854	1932018.330443	1932019.053879	7.591036e-01	95	39	1932020.011426	1
128	16	79	75	kitchen	sun_acgtpgfybqjmzeyw.tif	1932020.782869	1932021.041459	1932021.764892	7.173946e-01	65	37	1932022.595463	1
128	16	80	79	kitchen	sun_admlmbcdswaszruo.tif	1932023.368767	1932023.627354	1932024.350770	8.341798e-01	69	none	NaN	NaN
128	16	81	68	kitchen	sun_aaxxjlsuzvqlgylf.tif	1932025.120502	1932025.379089	1932026.102546	8.425216e-01	58	none	NaN	NaN
128	16	82	83	kitchen	sun_aeqdocilnnpuvuhx.tif	1932026.872234	1932027.130828	1932027.854356	7.173946e-01	73	none	NaN	NaN
128	16	83	78	kitchen	sun_adgqasybjyktddhj.tif	1932028.623972	1932028.882559	1932029.606013	6.590020e-01	68	none	NaN	NaN
128	16	84	74	kitchen	sun_acfmftudsenhrfhy.tif	1932030.375706	1932030.634294	1932031.357759	8.091544e-01	64	39	1932032.451546	1
128	16	85	90	kitchen	sun_ahdycvpopffkzzsu.tif	1932033.228533	1932033.487111	1932034.210682	8.425216e-01	80	none	NaN	NaN
128	16	86	65	kitchen	sun_aamedkxepzlwuxes.tif	1932034.980269	1932035.238856	1932035.962382	8.258380e-01	55	none	NaN	NaN
128	16	87	98	kitchen	sun_akchetnepxlcxhsu.tif	1932036.731999	1932036.990583	1932037.714147	7.090528e-01	88	none	NaN	NaN
128	16	88	80	kitchen	sun_aegoxogugdkwpmpj.tif	1932038.483735	1932038.742329	1932039.465762	7.257364e-01	70	none	NaN	NaN
128	16	89	70	kitchen	sun_abdxkyyxwfskuaqb.tif	1932040.235474	1932040.494062	1932041.217623	7.591036e-01	60	none	NaN	NaN
128	16	90	96	kitchen	sun_ajcbwwvdlsvjyzje.tif	1932041.987212	1932042.245787	1932042.969219	6.840274e-01	86	none	NaN	NaN
128	16	91	91	kitchen	sun_ahljzhgcdpomplvg.tif	1932043.738947	1932043.997533	1932044.720975	7.591036e-01	81	none	NaN	NaN
128	16	92	110	kitchen	sun_azmutvzbxypaceni.tif	1932045.490675	1932045.749267	1932046.472720	6.673438e-01	100	none	NaN	NaN
128	16	93	97	kitchen	sun_ajkqhtgcbgpcwrwn.tif	1932047.242413	1932047.501000	1932048.224566	7.841290e-01	87	none	NaN	NaN
128	16	94	109	kitchen	sun_aypmqwcualkenuoe.tif	1932048.994149	1932049.252738	1932049.976357	6.840274e-01	99	none	NaN	NaN
128	16	95	101	kitchen	sun_aqeaevwwwjoqhzvl.tif	1932050.745885	1932051.004474	1932051.727920	6.506602e-01	91	none	NaN	NaN
128	16	96	72	kitchen	sun_abpwyqmlzafvklqo.tif	1932052.497621	1932052.756205	1932053.479695	8.508634e-01	62	none	NaN	NaN
128	16	97	107	kitchen	sun_axyyrmzcupyhlivc.tif	1932054.249356	1932054.507947	1932055.231530	7.007110e-01	97	none	NaN	NaN
128	16	98	92	kitchen	sun_ahpczsiumwwocjkv.tif	1932056.001089	1932056.259678	1932056.983177	7.674454e-01	82	none	NaN	NaN
128	16	99	69	kitchen	sun_abdenxonkemggwsq.tif	1932057.752823	1932058.011414	1932058.734991	7.257364e-01	59	none	NaN	NaN
128	16	100	103	kitchen	sun_aunzlwrbjumxhwdj.tif	1932059.504562	1932059.763147	1932060.486712	8.008126e-01	93	none	NaN	NaN
128	17	1	19	bathroom	sun_aclfzgynxzxlbepz.tif	1932072.225494	1932072.484078	1932073.299288	8.174962e-01	9	none	NaN	NaN
128	17	2	25	bathroom	sun_agyqfjcfkdcydepw.tif	1932074.060643	1932074.319232	1932075.134592	8.258380e-01	15	none	NaN	NaN
128	17	3	38	bathroom	sun_anhioqovhscjqqwb.tif	1932075.904138	1932076.162727	1932076.977897	7.007110e-01	28	none	NaN	NaN
128	17	4	22	bathroom	sun_agguqiubmwhqqunb.tif	1932077.747631	1932078.006215	1932078.821585	7.507618e-01	12	none	NaN	NaN
128	17	5	14	bathroom	sun_abapwbhyhkfixyex.tif	1932079.591121	1932079.849714	1932080.664993	7.924708e-01	4	none	NaN	NaN
128	17	6	52	bathroom	sun_aunuadmjocsddsrl.tif	1932081.434617	1932081.693205	1932082.508428	7.924708e-01	42	none	NaN	NaN
128	17	7	44	bathroom	sun_apkruvsevgegsdwp.tif	1932083.278108	1932083.536695	1932084.352004	6.590020e-01	34	none	NaN	NaN
128	17	8	48	bathroom	sun_aqrpegblszgcoujh.tif	1932085.121602	1932085.380187	1932086.195472	6.840274e-01	38	none	NaN	NaN
128	17	9	58	bathroom	sun_axxbkopsgyouuebh.tif	1932086.965109	1932087.223679	1932088.039034	8.091544e-01	48	none	NaN	NaN
128	17	10	36	bathroom	sun_ambriybtogmepttm.tif	1932088.808584	1932089.067169	1932089.882482	7.257364e-01	26	none	NaN	NaN
128	17	11	37	bathroom	sun_amzlamotzwfkwjco.tif	1932090.652082	1932090.910673	1932091.725883	6.840274e-01	27	37	1932092.931531	1
128	17	12	46	bathroom	sun_apmqjbnwghzuhhzh.tif	1932093.705101	1932093.963698	1932094.778878	7.507618e-01	36	39	1932096.027664	1
128	17	13	13	bathroom	sun_aavhrsfjbserjtht.tif	1932096.799833	1932097.058428	1932097.873744	7.340782e-01	3	none	NaN	NaN
128	17	14	41	bathroom	sun_aoybiabnpadelefl.tif	1932098.643330	1932098.901918	1932099.717184	8.341798e-01	31	none	NaN	NaN
128	17	15	30	bathroom	sun_ajlawzvmubibwbpy.tif	1932100.486825	1932100.745415	1932101.560763	8.174962e-01	20	none	NaN	NaN
128	17	16	40	bathroom	sun_aofnryafpsjimzsb.tif	1932102.330315	1932102.588905	1932103.404099	7.007110e-01	30	none	NaN	NaN
128	17	17	11	bathroom	labelme_sfxiulhjbhlyiyt.tif	1932104.165470	1932104.424060	1932105.239399	8.258380e-01	1	none	NaN	NaN
128	17	18	31	bathroom	sun_akiytfaagpdsphgz.tif	1932106.008958	1932106.267547	1932107.082827	7.924708e-01	21	none	NaN	NaN
128	17	19	20	bathroom	sun_afcoljnjfoxjtgja.tif	1932107.852452	1932108.111041	1932108.926389	7.757872e-01	10	none	NaN	NaN
128	17	20	33	bathroom	sun_aljolscmmzydegqp.tif	1932109.695943	1932109.954532	1932110.769922	7.424200e-01	23	none	NaN	NaN
128	17	21	35	bathroom	sun_alotolagknyrgtsk.tif	1932111.539438	1932111.798032	1932112.613278	8.258380e-01	25	none	NaN	NaN
128	17	22	49	bathroom	sun_asfwthctfqerjvxr.tif	1932113.382933	1932113.641524	1932114.456768	7.507618e-01	39	37	1932115.187347	1
128	17	23	29	bathroom	sun_ahqjwnzgolcaoidx.tif	1932115.960480	1932116.219072	1932117.034314	7.340782e-01	19	none	NaN	NaN
128	17	24	12	bathroom	sun_aapitsgbtktqubfy.tif	1932117.803982	1932118.062567	1932118.878014	7.173946e-01	2	none	NaN	NaN
128	17	25	45	bathroom	sun_apkxzenqapsujocq.tif	1932119.647468	1932119.906061	1932120.721327	8.425216e-01	35	none	NaN	NaN
128	17	26	27	bathroom	sun_ahcvzmoyaycdoftf.tif	1932121.490962	1932121.749552	1932122.564788	8.008126e-01	17	none	NaN	NaN
128	17	27	32	bathroom	sun_aleqenyvunhactkl.tif	1932123.334452	1932123.593047	1932124.408379	7.090528e-01	22	none	NaN	NaN
128	17	28	43	bathroom	sun_apjevzvycyhuqghb.tif	1932125.177944	1932125.436536	1932126.251895	6.840274e-01	33	37	1932127.099585	0
128	17	29	18	bathroom	sun_acgyywnybuveqsro.tif	1932127.872285	1932128.130873	1932128.946231	6.590020e-01	8	none	NaN	NaN
128	17	30	28	bathroom	sun_ahijqszoswveeyji.tif	1932129.715777	1932129.974367	1932130.789655	7.924708e-01	18	none	NaN	NaN
128	17	31	17	bathroom	sun_acegryoqftbzowsg.tif	1932131.559269	1932131.817855	1932132.633130	8.008126e-01	7	none	NaN	NaN
128	17	32	26	bathroom	sun_ahaulkltgpkeeemi.tif	1932133.402762	1932133.661355	1932134.476570	7.591036e-01	16	none	NaN	NaN
128	17	33	16	bathroom	sun_acduarbnmmoglmiv.tif	1932135.246255	1932135.504847	1932136.320159	7.424200e-01	6	none	NaN	NaN
128	17	34	54	bathroom	sun_auzqhkafidnkrwmo.tif	1932137.089747	1932137.348335	1932138.163714	7.340782e-01	44	none	NaN	NaN
128	17	35	47	bathroom	sun_apynckhmoftszqoq.tif	1932138.933239	1932139.191828	1932140.007063	6.756856e-01	37	none	NaN	NaN
128	17	36	39	bathroom	sun_anryaplzeujmzfkd.tif	1932140.776733	1932141.035322	1932141.850567	7.591036e-01	29	none	NaN	NaN
128	17	37	55	bathroom	sun_avhrdrntsqrjzccq.tif	1932142.620227	1932142.878811	1932143.694064	8.091544e-01	45	39	1932144.851467	1
128	17	38	56	bathroom	sun_awnqiikzaispgmwo.tif	1932145.623197	1932145.881786	1932146.697136	8.258380e-01	46	none	NaN	NaN
128	17	39	59	bathroom	sun_axyrejkiiaqiurjk.tif	1932147.466695	1932147.725283	1932148.540528	6.506602e-01	49	none	NaN	NaN
128	17	40	15	bathroom	sun_abjtwfukuwddzted.tif	1932149.301843	1932149.560434	1932150.375670	7.257364e-01	5	none	NaN	NaN
128	17	41	34	bathroom	sun_alkosphxlxwjwgjd.tif	1932151.145338	1932151.403930	1932152.219211	6.673438e-01	24	none	NaN	NaN
128	17	42	51	bathroom	sun_atstyziqcmkahyxk.tif	1932152.988829	1932153.247436	1932154.062596	7.591036e-01	41	none	NaN	NaN
128	17	43	42	bathroom	sun_apeeialkgkuxddgh.tif	1932154.832320	1932155.090915	1932155.906083	6.923692e-01	32	37	1932156.571516	1
128	17	44	60	bathroom	sun_azqyogdvyhahyram.tif	1932157.343142	1932157.601737	1932158.416907	7.090528e-01	50	none	NaN	NaN
128	17	45	23	bathroom	sun_aghyqhbptboemmoq.tif	1932159.186634	1932159.445233	1932160.260605	7.757872e-01	13	none	NaN	NaN
128	17	46	24	bathroom	sun_agrwbmhcpmfuwmsg.tif	1932161.030131	1932161.288720	1932162.104071	6.673438e-01	14	none	NaN	NaN
128	17	47	57	bathroom	sun_axldvoqbuvuggfmq.tif	1932162.873622	1932163.132210	1932163.947527	8.008126e-01	47	none	NaN	NaN
128	17	48	50	bathroom	sun_aspsyogrekjtfozg.tif	1932164.717117	1932164.975702	1932165.790969	6.756856e-01	40	none	NaN	NaN
128	17	49	21	bathroom	sun_aggnnqpdorgxpvce.tif	1932166.560610	1932166.819195	1932167.634455	7.674454e-01	11	none	NaN	NaN
128	17	50	53	bathroom	sun_ausgutylgojavyoq.tif	1932168.404098	1932168.662692	1932169.477869	6.506602e-01	43	none	NaN	NaN
128	17	51	26	bathroom	sun_ahaulkltgpkeeemi.tif	1932170.247595	1932170.506179	1932171.321439	6.673438e-01	16	none	NaN	NaN
128	17	52	12	bathroom	sun_aapitsgbtktqubfy.tif	1932172.091084	1932172.349674	1932173.164894	8.091544e-01	2	none	NaN	NaN
128	17	53	44	bathroom	sun_apkruvsevgegsdwp.tif	1932173.934579	1932174.193169	1932175.008369	7.841290e-01	34	none	NaN	NaN
128	17	54	19	bathroom	sun_aclfzgynxzxlbepz.tif	1932175.778074	1932176.036657	1932176.851974	8.508634e-01	9	none	NaN	NaN
128	17	55	56	bathroom	sun_awnqiikzaispgmwo.tif	1932177.621569	1932177.880153	1932178.695395	6.923692e-01	46	none	NaN	NaN
128	17	56	35	bathroom	sun_alotolagknyrgtsk.tif	1932179.465055	1932179.723646	1932180.539027	8.174962e-01	25	none	NaN	NaN
128	17	57	24	bathroom	sun_agrwbmhcpmfuwmsg.tif	1932181.308550	1932181.567137	1932182.382344	7.257364e-01	14	37	1932183.043218	1
128	17	58	48	bathroom	sun_aqrpegblszgcoujh.tif	1932183.819370	1932184.077958	1932184.893313	7.257364e-01	38	none	NaN	NaN
128	17	59	17	bathroom	sun_acegryoqftbzowsg.tif	1932185.662863	1932185.921451	1932186.736772	8.258380e-01	7	none	NaN	NaN
128	17	60	23	bathroom	sun_aghyqhbptboemmoq.tif	1932187.506359	1932187.764949	1932188.580127	8.341798e-01	13	none	NaN	NaN
128	17	61	41	bathroom	sun_aoybiabnpadelefl.tif	1932189.349847	1932189.608438	1932190.423786	8.174962e-01	31	39	1932191.843523	1
128	17	62	32	bathroom	sun_aleqenyvunhactkl.tif	1932192.619749	1932192.878339	1932193.693517	7.340782e-01	22	none	NaN	NaN
128	17	63	42	bathroom	sun_apeeialkgkuxddgh.tif	1932194.463244	1932194.721840	1932195.537186	7.757872e-01	32	none	NaN	NaN
128	17	64	31	bathroom	sun_akiytfaagpdsphgz.tif	1932196.306740	1932196.565330	1932197.380627	7.090528e-01	21	none	NaN	NaN
128	17	65	33	bathroom	sun_aljolscmmzydegqp.tif	1932198.150232	1932198.408825	1932199.224170	7.591036e-01	23	none	NaN	NaN
128	17	66	40	bathroom	sun_aofnryafpsjimzsb.tif	1932199.993724	1932200.252313	1932201.067496	6.840274e-01	30	39	1932201.931505	1
128	17	67	13	bathroom	sun_aavhrsfjbserjtht.tif	1932202.704738	1932202.963332	1932203.778708	8.425216e-01	3	none	NaN	NaN
128	17	68	14	bathroom	sun_abapwbhyhkfixyex.tif	1932204.548236	1932204.806824	1932205.622214	6.923692e-01	4	none	NaN	NaN
128	17	69	45	bathroom	sun_apkxzenqapsujocq.tif	1932206.391732	1932206.650318	1932207.465629	7.173946e-01	35	none	NaN	NaN
128	17	70	46	bathroom	sun_apmqjbnwghzuhhzh.tif	1932208.235227	1932208.493807	1932209.309149	6.923692e-01	36	none	NaN	NaN
128	17	71	16	bathroom	sun_acduarbnmmoglmiv.tif	1932210.078715	1932210.337305	1932211.152632	8.341798e-01	6	none	NaN	NaN
128	17	72	55	bathroom	sun_avhrdrntsqrjzccq.tif	1932211.922205	1932212.180799	1932212.996099	7.591036e-01	45	none	NaN	NaN
128	17	73	51	bathroom	sun_atstyziqcmkahyxk.tif	1932213.765700	1932214.024285	1932214.840448	8.425216e-01	41	none	NaN	NaN
128	17	74	15	bathroom	sun_abjtwfukuwddzted.tif	1932215.609197	1932215.867778	1932216.682995	6.506602e-01	5	none	NaN	NaN
128	17	75	52	bathroom	sun_aunuadmjocsddsrl.tif	1932217.452687	1932217.711211	1932218.526453	7.507618e-01	42	none	NaN	NaN
128	17	76	49	bathroom	sun_asfwthctfqerjvxr.tif	1932219.296180	1932219.554767	1932220.370097	7.007110e-01	39	none	NaN	NaN
128	17	77	20	bathroom	sun_afcoljnjfoxjtgja.tif	1932221.139672	1932221.398260	1932222.213449	6.756856e-01	10	none	NaN	NaN
128	17	78	21	bathroom	sun_aggnnqpdorgxpvce.tif	1932222.983167	1932223.241751	1932224.057079	7.424200e-01	11	none	NaN	NaN
128	17	79	47	bathroom	sun_apynckhmoftszqoq.tif	1932224.826654	1932225.085239	1932225.900532	7.424200e-01	37	none	NaN	NaN
128	17	80	36	bathroom	sun_ambriybtogmepttm.tif	1932226.670150	1932226.928737	1932227.744065	7.173946e-01	26	37	1932229.219468	1
128	17	81	38	bathroom	sun_anhioqovhscjqqwb.tif	1932229.990102	1932230.248695	1932231.063984	7.841290e-01	28	none	NaN	NaN
128	17	82	58	bathroom	sun_axxbkopsgyouuebh.tif	1932231.833602	1932232.092188	1932232.907492	8.091544e-01	48	37	1932233.747223	1
128	17	83	34	bathroom	sun_alkosphxlxwjwgjd.tif	1932234.519589	1932234.778183	1932235.593387	6.590020e-01	24	none	NaN	NaN
128	17	84	43	bathroom	sun_apjevzvycyhuqghb.tif	1932236.363085	1932236.621673	1932237.436921	7.674454e-01	33	none	NaN	NaN
128	17	85	59	bathroom	sun_axyrejkiiaqiurjk.tif	1932238.206576	1932238.465170	1932239.280402	6.590020e-01	49	39	1932240.491484	1
128	17	86	28	bathroom	sun_ahijqszoswveeyji.tif	1932241.267947	1932241.526531	1932242.341760	7.674454e-01	18	none	NaN	NaN
128	17	87	39	bathroom	sun_anryaplzeujmzfkd.tif	1932243.111437	1932243.370021	1932244.185207	8.008126e-01	29	37	1932244.835435	1
128	17	88	27	bathroom	sun_ahcvzmoyaycdoftf.tif	1932245.613909	1932245.872505	1932246.687882	7.007110e-01	17	none	NaN	NaN
128	17	89	60	bathroom	sun_azqyogdvyhahyram.tif	1932247.457406	1932247.716000	1932248.531350	6.673438e-01	50	none	NaN	NaN
128	17	90	11	bathroom	labelme_sfxiulhjbhlyiyt.tif	1932249.300899	1932249.559489	1932250.374807	8.341798e-01	1	none	NaN	NaN
128	17	91	54	bathroom	sun_auzqhkafidnkrwmo.tif	1932251.144394	1932251.402985	1932252.218246	8.425216e-01	44	none	NaN	NaN
128	17	92	37	bathroom	sun_amzlamotzwfkwjco.tif	1932252.987886	1932253.246474	1932254.061829	7.090528e-01	27	none	NaN	NaN
128	17	93	57	bathroom	sun_axldvoqbuvuggfmq.tif	1932254.831380	1932255.089968	1932255.905158	7.757872e-01	47	none	NaN	NaN
128	17	94	29	bathroom	sun_ahqjwnzgolcaoidx.tif	1932256.674872	1932256.933464	1932257.748712	7.674454e-01	19	none	NaN	NaN
128	17	95	25	bathroom	sun_agyqfjcfkdcydepw.tif	1932258.518363	1932258.776946	1932259.592337	6.756856e-01	15	39	1932261.003506	1
128	17	96	30	bathroom	sun_ajlawzvmubibwbpy.tif	1932261.779928	1932262.038523	1932262.853741	7.173946e-01	20	none	NaN	NaN
128	17	97	22	bathroom	sun_agguqiubmwhqqunb.tif	1932263.623423	1932263.882013	1932264.697423	7.841290e-01	12	37	1932265.492182	1
128	17	98	50	bathroom	sun_aspsyogrekjtfozg.tif	1932266.267710	1932266.526298	1932267.341663	6.923692e-01	40	none	NaN	NaN
128	17	99	18	bathroom	sun_acgyywnybuveqsro.tif	1932268.111202	1932268.369792	1932269.185136	7.841290e-01	8	none	NaN	NaN
128	17	100	53	bathroom	sun_ausgutylgojavyoq.tif	1932269.954690	1932270.213319	1932271.028448	8.508634e-01	43	none	NaN	NaN
128	18	1	101	kitchen	sun_aqeaevwwwjoqhzvl.tif	1932307.141532	1932307.400115	1932308.073583	7.674454e-01	91	none	NaN	NaN
128	18	2	105	kitchen	sun_avszsnwsbuqfgzbn.tif	1932308.843212	1932309.101801	1932309.775325	6.840274e-01	95	none	NaN	NaN
128	18	3	110	kitchen	sun_azmutvzbxypaceni.tif	1932310.544896	1932310.803494	1932311.476994	6.923692e-01	100	none	NaN	NaN
128	18	4	74	kitchen	sun_acfmftudsenhrfhy.tif	1932312.246585	1932312.505175	1932313.178677	7.173946e-01	64	39	1932314.475348	1
128	18	5	70	kitchen	sun_abdxkyyxwfskuaqb.tif	1932315.249558	1932315.508151	1932316.181686	8.174962e-01	60	none	NaN	NaN
128	18	6	104	kitchen	sun_auticobqsbwgoppi.tif	1932316.951242	1932317.209834	1932317.883190	7.674454e-01	94	39	1932319.067384	1
128	18	7	109	kitchen	sun_aypmqwcualkenuoe.tif	1932319.845779	1932320.104363	1932320.777894	6.923692e-01	99	none	NaN	NaN
128	18	8	75	kitchen	sun_acgtpgfybqjmzeyw.tif	1932321.547463	1932321.806053	1932322.479604	8.341798e-01	65	none	NaN	NaN
128	18	9	64	kitchen	sun_aadbddgrdsjugojn.tif	1932323.249151	1932323.507736	1932324.181292	7.340782e-01	54	none	NaN	NaN
128	18	10	96	kitchen	sun_ajcbwwvdlsvjyzje.tif	1932324.950832	1932325.209428	1932325.882934	7.007110e-01	86	37	1932326.867394	0
128	18	11	85	kitchen	sun_afuyedyxivkhecmu.tif	1932327.645169	1932327.903760	1932328.577164	8.425216e-01	75	none	NaN	NaN
128	18	12	79	kitchen	sun_admlmbcdswaszruo.tif	1932329.346855	1932329.605444	1932330.278895	7.257364e-01	69	none	NaN	NaN
128	18	13	89	kitchen	sun_agzzivivdpnawacl.tif	1932331.048541	1932331.307131	1932331.980531	6.673438e-01	79	none	NaN	NaN
128	18	14	108	kitchen	sun_aymvwlarqodbwuoc.tif	1932332.750230	1932333.008819	1932333.682238	7.173946e-01	98	none	NaN	NaN
128	18	15	69	kitchen	sun_abdenxonkemggwsq.tif	1932334.451915	1932334.710503	1932335.384014	8.008126e-01	59	none	NaN	NaN
128	18	16	106	kitchen	sun_awcpdzzznmweyyhv.tif	1932336.153597	1932336.412191	1932337.085593	8.425216e-01	96	none	NaN	NaN
128	18	17	92	kitchen	sun_ahpczsiumwwocjkv.tif	1932337.855283	1932338.113870	1932338.787410	6.756856e-01	82	none	NaN	NaN
128	18	18	76	kitchen	sun_acwjdupvyjsugpay.tif	1932339.556968	1932339.815559	1932340.488934	6.840274e-01	66	none	NaN	NaN
128	18	19	93	kitchen	sun_ahspylgoovwmwvgk.tif	1932341.258656	1932341.517245	1932342.190760	7.757872e-01	83	37	1932343.371577	1
128	18	20	91	kitchen	sun_ahljzhgcdpomplvg.tif	1932344.144854	1932344.403442	1932345.077010	8.258380e-01	81	none	NaN	NaN
128	18	21	82	kitchen	sun_aenotlpyftoioydp.tif	1932345.846530	1932346.105125	1932346.778691	8.425216e-01	72	none	NaN	NaN
128	18	22	87	kitchen	sun_agorklincwxrdtga.tif	1932347.548221	1932347.806811	1932348.480243	7.340782e-01	77	none	NaN	NaN
128	18	23	62	kitchen	labelme_kxvouciolcpqplr.tif	1932349.249903	1932349.508494	1932350.182048	7.507618e-01	52	none	NaN	NaN
128	18	24	99	kitchen	sun_akcjzhbbjlbogpdi.tif	1932350.951593	1932351.210181	1932351.883729	7.924708e-01	89	none	NaN	NaN
128	18	25	103	kitchen	sun_aunzlwrbjumxhwdj.tif	1932352.653273	1932352.911868	1932353.585411	7.591036e-01	93	none	NaN	NaN
128	18	26	95	kitchen	sun_aixorpehvfykdynp.tif	1932354.354961	1932354.613554	1932355.287009	7.591036e-01	85	37	1932356.587190	1
128	18	27	100	kitchen	sun_amjjdeyrggfqgmom.tif	1932357.357935	1932357.616528	1932358.289995	8.008126e-01	90	none	NaN	NaN
128	18	28	71	kitchen	sun_abftihopvusyfakt.tif	1932359.059625	1932359.318212	1932359.991739	8.341798e-01	61	none	NaN	NaN
128	18	29	98	kitchen	sun_akchetnepxlcxhsu.tif	1932360.761309	1932361.019896	1932361.693274	8.258380e-01	88	39	1932362.483202	1
128	18	30	61	kitchen	labelme_brsyyvweiuaazfr.tif	1932363.255447	1932363.514036	1932364.187443	7.757872e-01	51	none	NaN	NaN
128	18	31	80	kitchen	sun_aegoxogugdkwpmpj.tif	1932364.957130	1932365.215722	1932365.889164	7.007110e-01	70	37	1932367.083344	0
128	18	32	67	kitchen	sun_aarfiyshqohlwkmo.tif	1932367.860002	1932368.118597	1932368.792079	7.173946e-01	57	39	1932369.891340	1
128	18	33	88	kitchen	sun_agubuxuukhzyzpdp.tif	1932370.662780	1932370.921376	1932371.594726	7.507618e-01	78	none	NaN	NaN
128	18	34	77	kitchen	sun_acxkpeoqbwcxfvip.tif	1932372.364468	1932372.623053	1932373.296595	8.508634e-01	67	none	NaN	NaN
128	18	35	102	kitchen	sun_auaiucuqpdausiva.tif	1932374.066158	1932374.324744	1932374.998167	8.341798e-01	92	none	NaN	NaN
128	18	36	81	kitchen	sun_aehawpgmrlhlvcow.tif	1932375.767841	1932376.043109	1932376.699797	6.673438e-01	71	none	NaN	NaN
128	18	37	97	kitchen	sun_ajkqhtgcbgpcwrwn.tif	1932377.469527	1932377.728118	1932378.401535	7.090528e-01	87	none	NaN	NaN
128	18	38	73	kitchen	sun_abrcnpqqhmjwekyf.tif	1932379.171208	1932379.429800	1932380.103248	6.506602e-01	63	none	NaN	NaN
128	18	39	66	kitchen	sun_aapllqyqlykszopd.tif	1932380.872897	1932381.131488	1932381.804995	6.840274e-01	56	none	NaN	NaN
128	18	40	83	kitchen	sun_aeqdocilnnpuvuhx.tif	1932382.574583	1932382.833175	1932383.506555	8.425216e-01	73	37	1932384.563189	1
128	18	41	90	kitchen	sun_ahdycvpopffkzzsu.tif	1932385.335647	1932385.594235	1932386.267754	6.590020e-01	80	none	NaN	NaN
128	18	42	84	kitchen	sun_aexklacwqwezaorf.tif	1932387.037337	1932387.295927	1932387.969322	7.424200e-01	74	none	NaN	NaN
128	18	43	94	kitchen	sun_ahywdevtimnqcsln.tif	1932388.739027	1932388.997609	1932389.671006	8.008126e-01	84	none	NaN	NaN
128	18	44	72	kitchen	sun_abpwyqmlzafvklqo.tif	1932390.440707	1932390.699299	1932391.372698	7.340782e-01	62	none	NaN	NaN
128	18	45	65	kitchen	sun_aamedkxepzlwuxes.tif	1932392.142391	1932392.400985	1932393.074512	7.507618e-01	55	none	NaN	NaN
128	18	46	78	kitchen	sun_adgqasybjyktddhj.tif	1932393.844079	1932394.102668	1932394.776048	6.506602e-01	68	none	NaN	NaN
128	18	47	63	kitchen	labelme_rykdqxenmhulbdn.tif	1932395.545762	1932395.804354	1932396.477845	8.258380e-01	53	none	NaN	NaN
128	18	48	86	kitchen	sun_aggjlwcdjsjcaemh.tif	1932397.247474	1932397.506038	1932398.179563	7.090528e-01	76	none	NaN	NaN
128	18	49	68	kitchen	sun_aaxxjlsuzvqlgylf.tif	1932398.949134	1932399.207724	1932399.881213	6.590020e-01	58	none	NaN	NaN
128	18	50	107	kitchen	sun_axyyrmzcupyhlivc.tif	1932400.650819	1932400.909421	1932401.582785	6.756856e-01	97	none	NaN	NaN
128	18	51	66	kitchen	sun_aapllqyqlykszopd.tif	1932402.352504	1932402.611098	1932403.284503	7.007110e-01	56	none	NaN	NaN
128	18	52	82	kitchen	sun_aenotlpyftoioydp.tif	1932404.054192	1932404.312779	1932404.986188	8.174962e-01	72	none	NaN	NaN
128	18	53	103	kitchen	sun_aunzlwrbjumxhwdj.tif	1932405.755875	1932406.014465	1932406.687839	7.090528e-01	93	none	NaN	NaN
128	18	54	95	kitchen	sun_aixorpehvfykdynp.tif	1932407.457560	1932407.716152	1932408.389681	6.923692e-01	85	37	1932409.835377	1
128	18	55	99	kitchen	sun_akcjzhbbjlbogpdi.tif	1932410.610685	1932410.869276	1932411.542765	6.673438e-01	89	none	NaN	NaN
128	18	56	86	kitchen	sun_aggjlwcdjsjcaemh.tif	1932412.312372	1932412.570961	1932413.244358	8.258380e-01	76	none	NaN	NaN
128	18	57	89	kitchen	sun_agzzivivdpnawacl.tif	1932414.014058	1932414.272647	1932414.946035	8.174962e-01	79	none	NaN	NaN
128	18	58	100	kitchen	sun_amjjdeyrggfqgmom.tif	1932415.715743	1932415.974330	1932416.647846	6.923692e-01	90	none	NaN	NaN
128	18	59	110	kitchen	sun_azmutvzbxypaceni.tif	1932417.417432	1932417.676021	1932418.349517	6.673438e-01	100	37	1932419.323470	1
128	18	60	105	kitchen	sun_avszsnwsbuqfgzbn.tif	1932420.095081	1932420.353670	1932421.027124	7.757872e-01	95	none	NaN	NaN
128	18	61	63	kitchen	labelme_rykdqxenmhulbdn.tif	1932421.796769	1932422.055353	1932422.728731	6.590020e-01	53	37	1932423.443530	1
128	18	62	104	kitchen	sun_auticobqsbwgoppi.tif	1932424.215848	1932424.474416	1932425.147938	6.506602e-01	94	none	NaN	NaN
128	18	63	78	kitchen	sun_adgqasybjyktddhj.tif	1932425.917516	1932426.176107	1932426.849645	7.257364e-01	68	none	NaN	NaN
128	18	64	70	kitchen	sun_abdxkyyxwfskuaqb.tif	1932427.619202	1932427.877797	1932428.551162	7.257364e-01	60	none	NaN	NaN
128	18	65	88	kitchen	sun_agubuxuukhzyzpdp.tif	1932429.320887	1932429.579474	1932430.252882	8.091544e-01	78	none	NaN	NaN
128	18	66	61	kitchen	labelme_brsyyvweiuaazfr.tif	1932431.022572	1932431.281161	1932431.954569	7.674454e-01	51	none	NaN	NaN
128	18	67	102	kitchen	sun_auaiucuqpdausiva.tif	1932432.724258	1932432.982849	1932433.656220	8.091544e-01	92	none	NaN	NaN
128	18	68	87	kitchen	sun_agorklincwxrdtga.tif	1932434.425944	1932434.684536	1932435.357970	7.924708e-01	77	none	NaN	NaN
128	18	69	101	kitchen	sun_aqeaevwwwjoqhzvl.tif	1932436.127628	1932436.386218	1932437.059608	7.674454e-01	91	none	NaN	NaN
128	18	70	97	kitchen	sun_ajkqhtgcbgpcwrwn.tif	1932437.829316	1932438.087903	1932438.761469	7.090528e-01	87	none	NaN	NaN
128	18	71	106	kitchen	sun_awcpdzzznmweyyhv.tif	1932439.531004	1932439.789587	1932440.463163	6.756856e-01	96	none	NaN	NaN
128	18	72	84	kitchen	sun_aexklacwqwezaorf.tif	1932441.232692	1932441.491277	1932442.164662	7.841290e-01	74	none	NaN	NaN
128	18	73	77	kitchen	sun_acxkpeoqbwcxfvip.tif	1932442.934376	1932443.192966	1932443.866457	7.257364e-01	67	none	NaN	NaN
128	18	74	98	kitchen	sun_akchetnepxlcxhsu.tif	1932444.636057	1932444.894648	1932445.568009	7.424200e-01	88	none	NaN	NaN
128	18	75	73	kitchen	sun_abrcnpqqhmjwekyf.tif	1932446.337746	1932446.596334	1932447.269803	8.174962e-01	63	none	NaN	NaN
128	18	76	85	kitchen	sun_afuyedyxivkhecmu.tif	1932448.039425	1932448.298020	1932448.971507	7.591036e-01	75	none	NaN	NaN
128	18	77	75	kitchen	sun_acgtpgfybqjmzeyw.tif	1932449.741115	1932449.999700	1932450.673114	7.173946e-01	65	none	NaN	NaN
128	18	78	69	kitchen	sun_abdenxonkemggwsq.tif	1932451.442799	1932451.701387	1932452.374902	7.424200e-01	59	none	NaN	NaN
128	18	79	91	kitchen	sun_ahljzhgcdpomplvg.tif	1932453.144485	1932453.403083	1932454.076589	7.340782e-01	81	39	1932455.387190	1
128	18	80	94	kitchen	sun_ahywdevtimnqcsln.tif	1932456.164145	1932456.422734	1932457.096287	7.924708e-01	84	none	NaN	NaN
128	18	81	81	kitchen	sun_aehawpgmrlhlvcow.tif	1932457.865830	1932458.124419	1932458.797907	6.756856e-01	71	none	NaN	NaN
128	18	82	71	kitchen	sun_abftihopvusyfakt.tif	1932459.567516	1932459.826103	1932460.499629	8.008126e-01	61	none	NaN	NaN
128	18	83	76	kitchen	sun_acwjdupvyjsugpay.tif	1932461.269197	1932461.527792	1932462.201313	7.591036e-01	66	none	NaN	NaN
128	18	84	68	kitchen	sun_aaxxjlsuzvqlgylf.tif	1932462.970888	1932463.229478	1932463.903050	7.841290e-01	58	none	NaN	NaN
128	18	85	80	kitchen	sun_aegoxogugdkwpmpj.tif	1932464.672569	1932464.931166	1932465.604612	7.424200e-01	70	none	NaN	NaN
128	18	86	108	kitchen	sun_aymvwlarqodbwuoc.tif	1932466.374257	1932466.632846	1932467.306323	7.007110e-01	98	none	NaN	NaN
128	18	87	72	kitchen	sun_abpwyqmlzafvklqo.tif	1932468.075944	1932468.334532	1932469.008090	6.923692e-01	62	37	1932469.851436	1
128	18	88	67	kitchen	sun_aarfiyshqohlwkmo.tif	1932470.628475	1932470.887063	1932471.560594	7.757872e-01	57	none	NaN	NaN
128	18	89	96	kitchen	sun_ajcbwwvdlsvjyzje.tif	1932472.330157	1932472.588746	1932473.262290	8.341798e-01	86	none	NaN	NaN
128	18	90	93	kitchen	sun_ahspylgoovwmwvgk.tif	1932474.031843	1932474.290421	1932474.963833	6.590020e-01	83	none	NaN	NaN
128	18	91	90	kitchen	sun_ahdycvpopffkzzsu.tif	1932475.733527	1932475.992119	1932476.665674	7.591036e-01	80	none	NaN	NaN
128	18	92	109	kitchen	sun_aypmqwcualkenuoe.tif	1932477.435211	1932477.693802	1932478.367356	8.091544e-01	99	none	NaN	NaN
128	18	93	62	kitchen	labelme_kxvouciolcpqplr.tif	1932479.136897	1932479.395489	1932480.068907	7.924708e-01	52	none	NaN	NaN
128	18	94	107	kitchen	sun_axyyrmzcupyhlivc.tif	1932480.838582	1932481.097173	1932481.770572	8.508634e-01	97	none	NaN	NaN
128	18	95	92	kitchen	sun_ahpczsiumwwocjkv.tif	1932482.540272	1932482.798860	1932483.472372	7.507618e-01	82	none	NaN	NaN
128	18	96	83	kitchen	sun_aeqdocilnnpuvuhx.tif	1932484.241959	1932484.500545	1932485.173908	7.841290e-01	73	none	NaN	NaN
128	18	97	64	kitchen	sun_aadbddgrdsjugojn.tif	1932485.943638	1932486.202230	1932486.875696	6.840274e-01	54	none	NaN	NaN
128	18	98	79	kitchen	sun_admlmbcdswaszruo.tif	1932487.645332	1932487.903921	1932488.577290	7.841290e-01	69	none	NaN	NaN
128	18	99	74	kitchen	sun_acfmftudsenhrfhy.tif	1932489.347014	1932489.605600	1932490.279081	8.258380e-01	64	39	1932491.707569	0
128	18	100	65	kitchen	sun_aamedkxepzlwuxes.tif	1932492.483452	1932492.742042	1932493.415416	8.091544e-01	55	none	NaN	NaN
128	19	1	53	bathroom	sun_ausgutylgojavyoq.tif	1932501.142031	1932501.400622	1932502.215968	6.840274e-01	43	37	1932503.683211	0
128	19	2	51	bathroom	sun_atstyziqcmkahyxk.tif	1932504.453643	1932504.712236	1932505.527585	8.341798e-01	41	none	NaN	NaN
128	19	3	48	bathroom	sun_aqrpegblszgcoujh.tif	1932506.297151	1932506.555726	1932507.371000	8.341798e-01	38	none	NaN	NaN
128	19	4	41	bathroom	sun_aoybiabnpadelefl.tif	1932508.140630	1932508.399216	1932509.214504	7.173946e-01	31	none	NaN	NaN
128	19	5	52	bathroom	sun_aunuadmjocsddsrl.tif	1932509.984126	1932510.242711	1932511.057932	7.674454e-01	42	none	NaN	NaN
128	19	6	16	bathroom	sun_acduarbnmmoglmiv.tif	1932511.827614	1932512.086205	1932512.901581	8.008126e-01	6	none	NaN	NaN
128	19	7	11	bathroom	labelme_sfxiulhjbhlyiyt.tif	1932513.671107	1932513.929699	1932514.745005	7.090528e-01	1	none	NaN	NaN
128	19	8	25	bathroom	sun_agyqfjcfkdcydepw.tif	1932515.514601	1932515.773191	1932516.588373	7.173946e-01	15	none	NaN	NaN
128	19	9	14	bathroom	sun_abapwbhyhkfixyex.tif	1932517.358097	1932517.616685	1932518.431868	7.674454e-01	4	none	NaN	NaN
128	19	10	27	bathroom	sun_ahcvzmoyaycdoftf.tif	1932519.201585	1932519.460175	1932520.275373	7.757872e-01	17	none	NaN	NaN
128	19	11	46	bathroom	sun_apmqjbnwghzuhhzh.tif	1932521.045080	1932521.303672	1932522.119012	7.340782e-01	36	none	NaN	NaN
128	19	12	56	bathroom	sun_awnqiikzaispgmwo.tif	1932522.888575	1932523.147160	1932523.962419	7.507618e-01	46	none	NaN	NaN
128	19	13	21	bathroom	sun_aggnnqpdorgxpvce.tif	1932524.732065	1932524.990656	1932525.805890	8.091544e-01	11	none	NaN	NaN
128	19	14	24	bathroom	sun_agrwbmhcpmfuwmsg.tif	1932526.575554	1932526.834145	1932527.649378	8.425216e-01	14	none	NaN	NaN
128	19	15	13	bathroom	sun_aavhrsfjbserjtht.tif	1932528.419049	1932528.677638	1932529.492917	6.923692e-01	3	none	NaN	NaN
128	19	16	37	bathroom	sun_amzlamotzwfkwjco.tif	1932530.262546	1932530.521132	1932531.336431	8.258380e-01	27	none	NaN	NaN
128	19	17	39	bathroom	sun_anryaplzeujmzfkd.tif	1932532.106032	1932532.364624	1932533.179847	7.173946e-01	29	none	NaN	NaN
128	19	18	15	bathroom	sun_abjtwfukuwddzted.tif	1932533.949533	1932534.208116	1932535.023407	8.174962e-01	5	none	NaN	NaN
128	19	19	45	bathroom	sun_apkxzenqapsujocq.tif	1932535.793016	1932536.051611	1932536.866783	8.258380e-01	35	37	1932537.787534	1
128	19	20	57	bathroom	sun_axldvoqbuvuggfmq.tif	1932538.562431	1932538.821019	1932539.636240	8.258380e-01	47	none	NaN	NaN
128	19	21	31	bathroom	sun_akiytfaagpdsphgz.tif	1932540.405925	1932540.664508	1932541.479685	8.341798e-01	21	none	NaN	NaN
128	19	22	29	bathroom	sun_ahqjwnzgolcaoidx.tif	1932542.249414	1932542.508001	1932543.323335	7.841290e-01	19	none	NaN	NaN
128	19	23	59	bathroom	sun_axyrejkiiaqiurjk.tif	1932544.092908	1932544.351502	1932545.166833	7.173946e-01	49	none	NaN	NaN
128	19	24	26	bathroom	sun_ahaulkltgpkeeemi.tif	1932545.936405	1932546.194988	1932547.010252	6.840274e-01	16	none	NaN	NaN
128	19	25	28	bathroom	sun_ahijqszoswveeyji.tif	1932547.779896	1932548.038481	1932548.853861	7.257364e-01	18	37	1932550.003311	1
128	19	26	47	bathroom	sun_apynckhmoftszqoq.tif	1932550.774533	1932551.033118	1932551.848499	7.257364e-01	37	none	NaN	NaN
128	19	27	23	bathroom	sun_aghyqhbptboemmoq.tif	1932552.618014	1932552.876606	1932553.691820	7.591036e-01	13	none	NaN	NaN
128	19	28	22	bathroom	sun_agguqiubmwhqqunb.tif	1932554.461514	1932554.720102	1932555.535395	6.673438e-01	12	none	NaN	NaN
128	19	29	43	bathroom	sun_apjevzvycyhuqghb.tif	1932556.305008	1932556.563592	1932557.378863	8.508634e-01	33	none	NaN	NaN
128	19	30	44	bathroom	sun_apkruvsevgegsdwp.tif	1932558.148500	1932558.407090	1932559.222430	7.591036e-01	34	none	NaN	NaN
128	19	31	55	bathroom	sun_avhrdrntsqrjzccq.tif	1932559.991988	1932560.250579	1932561.065823	8.425216e-01	45	none	NaN	NaN
128	19	32	34	bathroom	sun_alkosphxlxwjwgjd.tif	1932561.835491	1932562.094071	1932562.909354	7.841290e-01	24	37	1932563.739423	1
128	19	33	35	bathroom	sun_alotolagknyrgtsk.tif	1932564.513135	1932564.771723	1932565.586965	8.008126e-01	25	none	NaN	NaN
128	19	34	20	bathroom	sun_afcoljnjfoxjtgja.tif	1932566.356626	1932566.615222	1932567.430482	7.424200e-01	10	none	NaN	NaN
128	19	35	36	bathroom	sun_ambriybtogmepttm.tif	1932568.200122	1932568.458708	1932569.273996	7.924708e-01	26	none	NaN	NaN
128	19	36	17	bathroom	sun_acegryoqftbzowsg.tif	1932570.043617	1932570.302207	1932571.117466	7.007110e-01	7	none	NaN	NaN
128	19	37	30	bathroom	sun_ajlawzvmubibwbpy.tif	1932571.887112	1932572.145697	1932572.961026	7.841290e-01	20	none	NaN	NaN
128	19	38	42	bathroom	sun_apeeialkgkuxddgh.tif	1932573.730602	1932573.989191	1932574.804466	7.090528e-01	32	none	NaN	NaN
128	19	39	40	bathroom	sun_aofnryafpsjimzsb.tif	1932575.574091	1932575.832682	1932576.648035	7.424200e-01	30	none	NaN	NaN
128	19	40	50	bathroom	sun_aspsyogrekjtfozg.tif	1932577.417586	1932577.676176	1932578.491466	7.257364e-01	40	none	NaN	NaN
128	19	41	38	bathroom	sun_anhioqovhscjqqwb.tif	1932579.261075	1932579.519666	1932580.334882	7.007110e-01	28	none	NaN	NaN
128	19	42	12	bathroom	sun_aapitsgbtktqubfy.tif	1932581.104572	1932581.363164	1932582.178452	7.090528e-01	2	none	NaN	NaN
128	19	43	33	bathroom	sun_aljolscmmzydegqp.tif	1932582.948065	1932583.206650	1932584.021822	6.506602e-01	23	none	NaN	NaN
128	19	44	18	bathroom	sun_acgyywnybuveqsro.tif	1932584.791558	1932585.050143	1932585.865487	8.091544e-01	8	none	NaN	NaN
128	19	45	49	bathroom	sun_asfwthctfqerjvxr.tif	1932586.635051	1932586.893640	1932587.708960	6.673438e-01	39	none	NaN	NaN
128	19	46	58	bathroom	sun_axxbkopsgyouuebh.tif	1932588.478542	1932588.737137	1932589.552319	7.340782e-01	48	none	NaN	NaN
128	19	47	32	bathroom	sun_aleqenyvunhactkl.tif	1932590.322032	1932590.580622	1932591.395962	6.756856e-01	22	none	NaN	NaN
128	19	48	60	bathroom	sun_azqyogdvyhahyram.tif	1932592.165526	1932592.424119	1932593.239498	7.340782e-01	50	none	NaN	NaN
128	19	49	19	bathroom	sun_aclfzgynxzxlbepz.tif	1932594.009022	1932594.267612	1932595.082827	8.174962e-01	9	none	NaN	NaN
128	19	50	54	bathroom	sun_auzqhkafidnkrwmo.tif	1932595.852512	1932596.111105	1932596.926452	7.591036e-01	44	37	1932597.955556	1
128	19	51	20	bathroom	sun_afcoljnjfoxjtgja.tif	1932598.730365	1932598.988953	1932599.804228	7.591036e-01	10	none	NaN	NaN
128	19	52	45	bathroom	sun_apkxzenqapsujocq.tif	1932600.573857	1932600.832450	1932601.647655	8.341798e-01	35	39	1932602.779350	1
128	19	53	54	bathroom	sun_auzqhkafidnkrwmo.tif	1932603.551807	1932603.810397	1932604.625608	8.258380e-01	44	none	NaN	NaN
128	19	54	55	bathroom	sun_avhrdrntsqrjzccq.tif	1932605.395299	1932605.653887	1932606.469126	8.508634e-01	45	none	NaN	NaN
128	19	55	60	bathroom	sun_azqyogdvyhahyram.tif	1932607.238791	1932607.497379	1932608.312555	8.425216e-01	50	none	NaN	NaN
128	19	56	33	bathroom	sun_aljolscmmzydegqp.tif	1932609.082286	1932609.340869	1932610.156099	6.923692e-01	23	none	NaN	NaN
128	19	57	11	bathroom	labelme_sfxiulhjbhlyiyt.tif	1932610.925781	1932611.184363	1932611.999705	8.008126e-01	1	none	NaN	NaN
128	19	58	38	bathroom	sun_anhioqovhscjqqwb.tif	1932612.769272	1932613.027880	1932613.843163	7.674454e-01	28	none	NaN	NaN
128	19	59	29	bathroom	sun_ahqjwnzgolcaoidx.tif	1932614.612761	1932614.871351	1932615.686697	7.841290e-01	19	none	NaN	NaN
128	19	60	34	bathroom	sun_alkosphxlxwjwgjd.tif	1932616.456254	1932616.714845	1932617.530214	8.008126e-01	24	none	NaN	NaN
128	19	61	22	bathroom	sun_agguqiubmwhqqunb.tif	1932618.299752	1932618.558336	1932619.373648	7.424200e-01	12	none	NaN	NaN
128	19	62	56	bathroom	sun_awnqiikzaispgmwo.tif	1932620.143239	1932620.401831	1932621.217211	7.507618e-01	46	none	NaN	NaN
128	19	63	47	bathroom	sun_apynckhmoftszqoq.tif	1932621.986734	1932622.245324	1932623.060552	7.591036e-01	37	none	NaN	NaN
128	19	64	36	bathroom	sun_ambriybtogmepttm.tif	1932623.830228	1932624.088821	1932624.904168	7.257364e-01	26	39	1932626.115471	1
128	19	65	57	bathroom	sun_axldvoqbuvuggfmq.tif	1932626.891591	1932627.150181	1932627.965554	7.007110e-01	47	none	NaN	NaN
128	19	66	48	bathroom	sun_aqrpegblszgcoujh.tif	1932628.735088	1932628.993680	1932629.808932	7.757872e-01	38	none	NaN	NaN
128	19	67	50	bathroom	sun_aspsyogrekjtfozg.tif	1932630.578577	1932630.837165	1932631.652541	7.507618e-01	40	none	NaN	NaN
128	19	68	28	bathroom	sun_ahijqszoswveeyji.tif	1932632.422071	1932632.680662	1932633.495879	7.424200e-01	18	none	NaN	NaN
128	19	69	58	bathroom	sun_axxbkopsgyouuebh.tif	1932634.265563	1932634.524151	1932635.339391	7.507618e-01	48	none	NaN	NaN
128	19	70	40	bathroom	sun_aofnryafpsjimzsb.tif	1932636.109051	1932636.367650	1932637.182988	7.340782e-01	30	none	NaN	NaN
128	19	71	43	bathroom	sun_apjevzvycyhuqghb.tif	1932637.952549	1932638.211138	1932639.026415	6.673438e-01	33	none	NaN	NaN
128	19	72	53	bathroom	sun_ausgutylgojavyoq.tif	1932639.796041	1932640.054634	1932640.869812	7.007110e-01	43	none	NaN	NaN
128	19	73	30	bathroom	sun_ajlawzvmubibwbpy.tif	1932641.639532	1932641.898123	1932642.713334	7.674454e-01	20	none	NaN	NaN
128	19	74	32	bathroom	sun_aleqenyvunhactkl.tif	1932643.483028	1932643.741618	1932644.556815	6.590020e-01	22	37	1932645.795429	0
128	19	75	19	bathroom	sun_aclfzgynxzxlbepz.tif	1932646.569416	1932646.828004	1932647.643277	6.590020e-01	9	none	NaN	NaN
128	19	76	46	bathroom	sun_apmqjbnwghzuhhzh.tif	1932648.412911	1932648.671501	1932649.486787	6.840274e-01	36	none	NaN	NaN
128	19	77	18	bathroom	sun_acgyywnybuveqsro.tif	1932650.256405	1932650.514993	1932651.330318	7.757872e-01	8	none	NaN	NaN
128	19	78	27	bathroom	sun_ahcvzmoyaycdoftf.tif	1932652.099901	1932652.358487	1932653.173798	6.756856e-01	17	none	NaN	NaN
128	19	79	51	bathroom	sun_atstyziqcmkahyxk.tif	1932653.943389	1932654.201980	1932655.017214	8.425216e-01	41	none	NaN	NaN
128	19	80	41	bathroom	sun_aoybiabnpadelefl.tif	1932655.786882	1932656.045476	1932656.860842	7.924708e-01	31	none	NaN	NaN
128	19	81	16	bathroom	sun_acduarbnmmoglmiv.tif	1932657.630378	1932657.888962	1932658.704276	8.174962e-01	6	39	1932659.771465	1
128	19	82	42	bathroom	sun_apeeialkgkuxddgh.tif	1932660.549932	1932660.808523	1932661.623890	6.923692e-01	32	none	NaN	NaN
128	19	83	12	bathroom	sun_aapitsgbtktqubfy.tif	1932662.393427	1932662.652016	1932663.467353	6.506602e-01	2	none	NaN	NaN
128	19	84	23	bathroom	sun_aghyqhbptboemmoq.tif	1932664.236918	1932664.495505	1932665.310817	6.506602e-01	13	39	1932666.979521	1
128	19	85	49	bathroom	sun_asfwthctfqerjvxr.tif	1932667.757074	1932668.015666	1932668.830928	6.756856e-01	39	none	NaN	NaN
128	19	86	31	bathroom	sun_akiytfaagpdsphgz.tif	1932669.600561	1932669.859153	1932670.674518	7.924708e-01	21	none	NaN	NaN
128	19	87	26	bathroom	sun_ahaulkltgpkeeemi.tif	1932671.444052	1932671.702653	1932672.517934	7.757872e-01	16	none	NaN	NaN
128	19	88	59	bathroom	sun_axyrejkiiaqiurjk.tif	1932673.287550	1932673.546137	1932674.361509	8.091544e-01	49	none	NaN	NaN
128	19	89	21	bathroom	sun_aggnnqpdorgxpvce.tif	1932675.131043	1932675.389636	1932676.205013	6.923692e-01	11	37	1932676.899696	1
128	19	90	37	bathroom	sun_amzlamotzwfkwjco.tif	1932677.675229	1932677.933816	1932678.749000	6.840274e-01	27	37	1932679.419321	1
128	19	91	25	bathroom	sun_agyqfjcfkdcydepw.tif	1932680.194393	1932680.452981	1932681.268203	8.258380e-01	15	none	NaN	NaN
128	19	92	44	bathroom	sun_apkruvsevgegsdwp.tif	1932682.037882	1932682.296476	1932683.111759	6.923692e-01	34	37	1932683.739439	1
128	19	93	13	bathroom	sun_aavhrsfjbserjtht.tif	1932684.515339	1932684.773932	1932685.589236	8.174962e-01	3	none	NaN	NaN
128	19	94	14	bathroom	sun_abapwbhyhkfixyex.tif	1932686.358832	1932686.617422	1932687.432733	7.924708e-01	4	none	NaN	NaN
128	19	95	15	bathroom	sun_abjtwfukuwddzted.tif	1932688.202323	1932688.460911	1932689.276274	6.673438e-01	5	none	NaN	NaN
128	19	96	17	bathroom	sun_acegryoqftbzowsg.tif	1932690.045822	1932690.304407	1932691.119677	8.091544e-01	7	none	NaN	NaN
128	19	97	39	bathroom	sun_anryaplzeujmzfkd.tif	1932691.889310	1932692.147897	1932692.963075	7.090528e-01	29	37	1932693.811470	0
128	19	98	24	bathroom	sun_agrwbmhcpmfuwmsg.tif	1932694.583643	1932694.842239	1932695.657609	6.590020e-01	14	none	NaN	NaN
128	19	99	52	bathroom	sun_aunuadmjocsddsrl.tif	1932696.427145	1932696.685732	1932697.501075	6.590020e-01	42	39	1932698.731342	1
128	19	100	35	bathroom	sun_alotolagknyrgtsk.tif	1932699.505155	1932699.763781	1932700.579118	6.756856e-01	25	none	NaN	NaN
128	20	1	65	kitchen	sun_aamedkxepzlwuxes.tif	1932709.389979	1932709.648570	1932710.455539	7.257364e-01	55	none	NaN	NaN
128	20	2	76	kitchen	sun_acwjdupvyjsugpay.tif	1932711.225129	1932711.483719	1932712.290566	6.923692e-01	66	none	NaN	NaN
128	20	3	94	kitchen	sun_ahywdevtimnqcsln.tif	1932713.060279	1932713.318870	1932714.125709	8.425216e-01	84	none	NaN	NaN
128	20	4	77	kitchen	sun_acxkpeoqbwcxfvip.tif	1932714.895431	1932715.154023	1932715.960858	7.340782e-01	67	none	NaN	NaN
128	20	5	110	kitchen	sun_azmutvzbxypaceni.tif	1932716.730586	1932716.989177	1932717.796003	6.840274e-01	100	none	NaN	NaN
128	20	6	107	kitchen	sun_axyyrmzcupyhlivc.tif	1932718.565738	1932718.824324	1932719.631155	7.424200e-01	97	none	NaN	NaN
128	20	7	84	kitchen	sun_aexklacwqwezaorf.tif	1932720.400886	1932720.659477	1932721.466476	7.674454e-01	74	37	1932722.315343	1
128	20	8	70	kitchen	sun_abdxkyyxwfskuaqb.tif	1932723.086882	1932723.345471	1932724.152324	6.840274e-01	60	none	NaN	NaN
128	20	9	79	kitchen	sun_admlmbcdswaszruo.tif	1932724.922031	1932725.180623	1932725.987525	8.258380e-01	69	none	NaN	NaN
128	20	10	80	kitchen	sun_aegoxogugdkwpmpj.tif	1932726.757183	1932727.015773	1932727.822634	6.756856e-01	70	none	NaN	NaN
128	20	11	105	kitchen	sun_avszsnwsbuqfgzbn.tif	1932728.592332	1932728.850926	1932729.657837	8.174962e-01	95	none	NaN	NaN
128	20	12	99	kitchen	sun_akcjzhbbjlbogpdi.tif	1932730.427481	1932730.686079	1932731.492933	7.424200e-01	89	none	NaN	NaN
128	20	13	93	kitchen	sun_ahspylgoovwmwvgk.tif	1932732.262634	1932732.521230	1932733.328174	6.923692e-01	83	none	NaN	NaN
128	20	14	71	kitchen	sun_abftihopvusyfakt.tif	1932734.097788	1932734.356380	1932735.163204	6.756856e-01	61	39	1932736.371168	1
128	20	15	100	kitchen	sun_amjjdeyrggfqgmom.tif	1932737.142465	1932737.401058	1932738.208086	7.757872e-01	90	none	NaN	NaN
128	20	16	103	kitchen	sun_aunzlwrbjumxhwdj.tif	1932738.977615	1932739.236213	1932740.043051	7.257364e-01	93	37	1932740.891478	1
128	20	17	97	kitchen	sun_ajkqhtgcbgpcwrwn.tif	1932741.663612	1932741.922206	1932742.729165	7.924708e-01	87	none	NaN	NaN
128	20	18	67	kitchen	sun_aarfiyshqohlwkmo.tif	1932743.498763	1932743.757356	1932744.564248	7.507618e-01	57	37	1932745.275290	1
128	20	19	104	kitchen	sun_auticobqsbwgoppi.tif	1932746.051294	1932746.309878	1932747.116762	7.924708e-01	94	none	NaN	NaN
128	20	20	89	kitchen	sun_agzzivivdpnawacl.tif	1932747.886446	1932748.145035	1932748.952067	8.174962e-01	79	none	NaN	NaN
128	20	21	96	kitchen	sun_ajcbwwvdlsvjyzje.tif	1932749.721596	1932749.980180	1932750.787132	6.506602e-01	86	none	NaN	NaN
128	20	22	86	kitchen	sun_aggjlwcdjsjcaemh.tif	1932751.556746	1932751.815335	1932752.622220	6.840274e-01	76	none	NaN	NaN
128	20	23	90	kitchen	sun_ahdycvpopffkzzsu.tif	1932753.391901	1932753.650489	1932754.457396	6.673438e-01	80	37	1932755.563508	1
128	20	24	98	kitchen	sun_akchetnepxlcxhsu.tif	1932756.336481	1932756.595072	1932757.401999	6.590020e-01	88	none	NaN	NaN
128	20	25	68	kitchen	sun_aaxxjlsuzvqlgylf.tif	1932758.171633	1932758.430224	1932759.237214	7.591036e-01	58	none	NaN	NaN
128	20	26	102	kitchen	sun_auaiucuqpdausiva.tif	1932760.006785	1932760.265372	1932761.072393	7.173946e-01	92	none	NaN	NaN
128	20	27	83	kitchen	sun_aeqdocilnnpuvuhx.tif	1932761.841936	1932762.100524	1932762.907373	6.506602e-01	73	none	NaN	NaN
128	20	28	106	kitchen	sun_awcpdzzznmweyyhv.tif	1932763.677090	1932763.935677	1932764.742566	8.341798e-01	96	none	NaN	NaN
128	20	29	61	kitchen	labelme_brsyyvweiuaazfr.tif	1932765.512242	1932765.770830	1932766.577800	6.590020e-01	51	39	1932768.067569	1
128	20	30	108	kitchen	sun_aymvwlarqodbwuoc.tif	1932768.840537	1932769.099128	1932769.905962	7.674454e-01	98	none	NaN	NaN
128	20	31	101	kitchen	sun_aqeaevwwwjoqhzvl.tif	1932770.675686	1932770.934273	1932771.741137	6.673438e-01	91	none	NaN	NaN
128	20	32	87	kitchen	sun_agorklincwxrdtga.tif	1932772.510840	1932772.769430	1932773.576342	8.008126e-01	77	37	1932774.283522	1
128	20	33	92	kitchen	sun_ahpczsiumwwocjkv.tif	1932775.055023	1932775.313620	1932776.120559	6.673438e-01	82	none	NaN	NaN
128	20	34	69	kitchen	sun_abdenxonkemggwsq.tif	1932776.890174	1932777.148762	1932777.955593	6.590020e-01	59	none	NaN	NaN
128	20	35	91	kitchen	sun_ahljzhgcdpomplvg.tif	1932778.725324	1932778.983927	1932779.790845	7.090528e-01	81	none	NaN	NaN
128	20	36	66	kitchen	sun_aapllqyqlykszopd.tif	1932780.560481	1932780.819069	1932781.626083	8.091544e-01	56	none	NaN	NaN
128	20	37	72	kitchen	sun_abpwyqmlzafvklqo.tif	1932782.395627	1932782.654215	1932783.461059	7.090528e-01	62	none	NaN	NaN
128	20	38	78	kitchen	sun_adgqasybjyktddhj.tif	1932784.230784	1932784.489373	1932785.296334	6.923692e-01	68	none	NaN	NaN
128	20	39	85	kitchen	sun_afuyedyxivkhecmu.tif	1932786.065933	1932786.324518	1932787.131503	8.174962e-01	75	none	NaN	NaN
128	20	40	95	kitchen	sun_aixorpehvfykdynp.tif	1932787.901080	1932788.159673	1932788.966579	7.507618e-01	85	none	NaN	NaN
128	20	41	75	kitchen	sun_acgtpgfybqjmzeyw.tif	1932789.736235	1932789.994825	1932790.801752	7.507618e-01	65	none	NaN	NaN
128	20	42	73	kitchen	sun_abrcnpqqhmjwekyf.tif	1932791.571385	1932791.829977	1932792.636817	7.674454e-01	63	none	NaN	NaN
128	20	43	64	kitchen	sun_aadbddgrdsjugojn.tif	1932793.406537	1932793.665129	1932794.472076	7.674454e-01	54	none	NaN	NaN
128	20	44	109	kitchen	sun_aypmqwcualkenuoe.tif	1932795.241684	1932795.500273	1932796.307205	8.008126e-01	99	none	NaN	NaN
128	20	45	88	kitchen	sun_agubuxuukhzyzpdp.tif	1932797.076837	1932797.335429	1932798.142445	8.091544e-01	78	none	NaN	NaN
128	20	46	74	kitchen	sun_acfmftudsenhrfhy.tif	1932798.911986	1932799.170576	1932799.977477	8.425216e-01	64	none	NaN	NaN
128	20	47	81	kitchen	sun_aehawpgmrlhlvcow.tif	1932800.747138	1932801.005733	1932801.812744	7.841290e-01	71	none	NaN	NaN
128	20	48	63	kitchen	labelme_rykdqxenmhulbdn.tif	1932802.582287	1932802.840877	1932803.647875	7.007110e-01	53	none	NaN	NaN
128	20	49	62	kitchen	labelme_kxvouciolcpqplr.tif	1932804.417446	1932804.676033	1932805.483054	7.757872e-01	52	none	NaN	NaN
128	20	50	82	kitchen	sun_aenotlpyftoioydp.tif	1932806.252591	1932806.511188	1932807.318129	8.508634e-01	72	none	NaN	NaN
128	20	51	103	kitchen	sun_aunzlwrbjumxhwdj.tif	1932808.087746	1932808.346338	1932809.153258	7.257364e-01	93	none	NaN	NaN
128	20	52	72	kitchen	sun_abpwyqmlzafvklqo.tif	1932809.922894	1932810.181484	1932810.988340	8.008126e-01	62	none	NaN	NaN
128	20	53	91	kitchen	sun_ahljzhgcdpomplvg.tif	1932811.758045	1932812.016634	1932812.823596	7.841290e-01	81	none	NaN	NaN
128	20	54	80	kitchen	sun_aegoxogugdkwpmpj.tif	1932813.593197	1932813.851789	1932814.658615	8.258380e-01	70	none	NaN	NaN
128	20	55	99	kitchen	sun_akcjzhbbjlbogpdi.tif	1932815.428353	1932815.686940	1932816.493785	6.673438e-01	89	39	1932817.987397	1
128	20	56	100	kitchen	sun_amjjdeyrggfqgmom.tif	1932818.764986	1932819.023573	1932819.830533	7.757872e-01	90	none	NaN	NaN
128	20	57	104	kitchen	sun_auticobqsbwgoppi.tif	1932820.600137	1932820.858729	1932821.665701	7.591036e-01	94	none	NaN	NaN
128	20	58	96	kitchen	sun_ajcbwwvdlsvjyzje.tif	1932822.435292	1932822.693875	1932823.500803	7.591036e-01	86	none	NaN	NaN
128	20	59	94	kitchen	sun_ahywdevtimnqcsln.tif	1932824.270444	1932824.529030	1932825.335958	8.008126e-01	84	40	1932826.211404	0
128	20	60	89	kitchen	sun_agzzivivdpnawacl.tif	1932826.989807	1932827.248409	1932828.055404	7.090528e-01	79	40	1932828.947424	0
128	20	61	98	kitchen	sun_akchetnepxlcxhsu.tif	1932829.725845	1932829.984433	1932830.791355	8.258380e-01	88	none	NaN	NaN
128	20	62	78	kitchen	sun_adgqasybjyktddhj.tif	1932831.560994	1932831.819584	1932832.626439	6.756856e-01	68	none	NaN	NaN
128	20	63	93	kitchen	sun_ahspylgoovwmwvgk.tif	1932833.396147	1932833.654733	1932834.461590	7.090528e-01	83	none	NaN	NaN
128	20	64	95	kitchen	sun_aixorpehvfykdynp.tif	1932835.231304	1932835.489889	1932836.296906	8.258380e-01	85	none	NaN	NaN
128	20	65	85	kitchen	sun_afuyedyxivkhecmu.tif	1932837.066449	1932837.325036	1932838.132023	6.923692e-01	75	none	NaN	NaN
128	20	66	77	kitchen	sun_acxkpeoqbwcxfvip.tif	1932838.901599	1932839.160189	1932839.967134	7.173946e-01	67	none	NaN	NaN
128	20	67	62	kitchen	labelme_kxvouciolcpqplr.tif	1932840.736752	1932840.995345	1932841.802371	8.258380e-01	52	39	1932843.171362	1
128	20	68	110	kitchen	sun_azmutvzbxypaceni.tif	1932843.948268	1932844.206857	1932845.013829	7.591036e-01	100	none	NaN	NaN
128	20	69	69	kitchen	sun_abdenxonkemggwsq.tif	1932845.783418	1932846.042007	1932846.848965	7.340782e-01	59	none	NaN	NaN
128	20	70	76	kitchen	sun_acwjdupvyjsugpay.tif	1932847.618571	1932847.877160	1932848.684013	7.424200e-01	66	none	NaN	NaN
128	20	71	71	kitchen	sun_abftihopvusyfakt.tif	1932849.453721	1932849.712311	1932850.519137	7.507618e-01	61	none	NaN	NaN
128	20	72	70	kitchen	sun_abdxkyyxwfskuaqb.tif	1932851.288874	1932851.547459	1932852.354313	7.007110e-01	60	37	1932853.211637	1
128	20	73	106	kitchen	sun_awcpdzzznmweyyhv.tif	1932853.983212	1932854.241797	1932855.048747	8.091544e-01	96	none	NaN	NaN
128	20	74	87	kitchen	sun_agorklincwxrdtga.tif	1932855.818359	1932856.076949	1932856.883820	7.924708e-01	77	none	NaN	NaN
128	20	75	79	kitchen	sun_admlmbcdswaszruo.tif	1932857.653507	1932857.912102	1932858.718923	7.340782e-01	69	none	NaN	NaN
128	20	76	108	kitchen	sun_aymvwlarqodbwuoc.tif	1932859.488658	1932859.747246	1932860.554222	8.341798e-01	98	none	NaN	NaN
128	20	77	66	kitchen	sun_aapllqyqlykszopd.tif	1932861.323810	1932861.582404	1932862.389278	7.173946e-01	56	none	NaN	NaN
128	20	78	90	kitchen	sun_ahdycvpopffkzzsu.tif	1932863.158959	1932863.417547	1932864.224444	8.425216e-01	80	none	NaN	NaN
128	20	79	74	kitchen	sun_acfmftudsenhrfhy.tif	1932864.994115	1932865.252704	1932866.059709	6.840274e-01	64	none	NaN	NaN
128	20	80	81	kitchen	sun_aehawpgmrlhlvcow.tif	1932866.829269	1932867.087858	1932867.894803	6.506602e-01	71	none	NaN	NaN
128	20	81	68	kitchen	sun_aaxxjlsuzvqlgylf.tif	1932868.664425	1932868.923006	1932869.729868	8.425216e-01	58	none	NaN	NaN
128	20	82	88	kitchen	sun_agubuxuukhzyzpdp.tif	1932870.499567	1932870.758156	1932871.565100	6.590020e-01	78	none	NaN	NaN
128	20	83	67	kitchen	sun_aarfiyshqohlwkmo.tif	1932872.334720	1932872.593305	1932873.400238	7.257364e-01	57	none	NaN	NaN
128	20	84	92	kitchen	sun_ahpczsiumwwocjkv.tif	1932874.169869	1932874.428461	1932875.235452	7.841290e-01	82	none	NaN	NaN
128	20	85	86	kitchen	sun_aggjlwcdjsjcaemh.tif	1932876.005017	1932876.263607	1932877.070574	7.424200e-01	76	none	NaN	NaN
128	20	86	73	kitchen	sun_abrcnpqqhmjwekyf.tif	1932877.840169	1932878.098754	1932878.905735	7.757872e-01	63	39	1932879.771451	1
128	20	87	61	kitchen	labelme_brsyyvweiuaazfr.tif	1932880.542848	1932880.801439	1932881.608444	8.341798e-01	51	none	NaN	NaN
128	20	88	101	kitchen	sun_aqeaevwwwjoqhzvl.tif	1932882.377998	1932882.636592	1932883.443539	7.007110e-01	91	none	NaN	NaN
128	20	89	109	kitchen	sun_aypmqwcualkenuoe.tif	1932884.213154	1932884.471740	1932885.278686	8.341798e-01	99	none	NaN	NaN
128	20	90	75	kitchen	sun_acgtpgfybqjmzeyw.tif	1932886.048302	1932886.306900	1932887.113914	7.173946e-01	65	37	1932887.883238	0
128	20	91	63	kitchen	labelme_rykdqxenmhulbdn.tif	1932888.659224	1932888.917812	1932889.724719	8.091544e-01	53	none	NaN	NaN
128	20	92	65	kitchen	sun_aamedkxepzlwuxes.tif	1932890.494373	1932890.752962	1932891.559929	7.924708e-01	55	none	NaN	NaN
128	20	93	64	kitchen	sun_aadbddgrdsjugojn.tif	1932892.329524	1932892.588116	1932893.395094	7.841290e-01	54	none	NaN	NaN
128	20	94	102	kitchen	sun_auaiucuqpdausiva.tif	1932894.164674	1932894.423262	1932895.230228	6.756856e-01	92	none	NaN	NaN
128	20	95	84	kitchen	sun_aexklacwqwezaorf.tif	1932895.999829	1932896.258415	1932897.065451	7.591036e-01	74	none	NaN	NaN
128	20	96	105	kitchen	sun_avszsnwsbuqfgzbn.tif	1932897.834978	1932898.093568	1932898.900567	8.508634e-01	95	none	NaN	NaN
128	20	97	83	kitchen	sun_aeqdocilnnpuvuhx.tif	1932899.670132	1932899.928717	1932900.735618	7.007110e-01	73	none	NaN	NaN
128	20	98	97	kitchen	sun_ajkqhtgcbgpcwrwn.tif	1932901.496937	1932901.755526	1932902.562509	8.174962e-01	87	none	NaN	NaN
128	20	99	107	kitchen	sun_axyyrmzcupyhlivc.tif	1932903.332089	1932903.590679	1932904.397654	7.340782e-01	97	none	NaN	NaN
128	20	100	82	kitchen	sun_aenotlpyftoioydp.tif	1932905.167242	1932905.425828	1932906.232775	6.923692e-01	72	39	1932907.515358	0
