subject	block	trial	texture	category	image	trialOnset	itiOnset	trialEnd	iti	EEGtrigger	responseKey	responseTime	accuracy
142	1	1	13	bathroom	sun_aavhrsfjbserjtht.tif	1099884.379712	1099884.638304	1099885.378558	7.507958e-01	3	none	NaN	NaN
142	1	2	49	bathroom	sun_asfwthctfqerjvxr.tif	1099886.148133	1099886.406723	1099887.147028	8.425598e-01	39	none	NaN	NaN
142	1	3	25	bathroom	sun_agyqfjcfkdcydepw.tif	1099887.916557	1099888.175139	1099888.915325	6.590319e-01	15	39	1099893.900606	1
142	1	4	38	bathroom	sun_anhioqovhscjqqwb.tif	1099894.673254	1099894.931839	1099895.672180	7.841645e-01	28	none	NaN	NaN
142	1	5	37	bathroom	sun_amzlamotzwfkwjco.tif	1099896.441675	1099896.700267	1099897.440502	7.174271e-01	27	none	NaN	NaN
142	1	6	16	bathroom	sun_acduarbnmmoglmiv.tif	1099898.210096	1099898.468683	1099899.208962	6.924006e-01	6	none	NaN	NaN
142	1	7	41	bathroom	sun_aoybiabnpadelefl.tif	1099899.978517	1099900.237107	1099900.977278	6.924006e-01	31	39	1099904.276684	1
142	1	8	55	bathroom	sun_avhrdrntsqrjzccq.tif	1099905.050212	1099905.308802	1099906.048999	6.924006e-01	45	none	NaN	NaN
142	1	9	60	bathroom	sun_azqyogdvyhahyram.tif	1099906.818636	1099907.077220	1099907.817410	7.424537e-01	50	37	1099909.356677	1
142	1	10	29	bathroom	sun_ahqjwnzgolcaoidx.tif	1099910.130250	1099910.388840	1099911.129109	7.341115e-01	19	none	NaN	NaN
142	1	11	15	bathroom	sun_abjtwfukuwddzted.tif	1099911.898668	1099912.157262	1099912.897535	8.342176e-01	5	37	1099914.420707	1
142	1	12	39	bathroom	sun_anryaplzeujmzfkd.tif	1099915.193608	1099915.452190	1099916.192358	6.757163e-01	29	none	NaN	NaN
142	1	13	17	bathroom	sun_acegryoqftbzowsg.tif	1099916.962024	1099917.220614	1099917.960830	8.091911e-01	7	none	NaN	NaN
142	1	14	30	bathroom	sun_ajlawzvmubibwbpy.tif	1099918.730444	1099918.989030	1099919.729376	8.175332e-01	20	none	NaN	NaN
142	1	15	23	bathroom	sun_aghyqhbptboemmoq.tif	1099920.498868	1099920.757454	1099921.497673	7.841645e-01	13	none	NaN	NaN
142	1	16	53	bathroom	sun_ausgutylgojavyoq.tif	1099922.267289	1099922.525874	1099923.266111	7.507958e-01	43	none	NaN	NaN
142	1	17	59	bathroom	sun_axyrejkiiaqiurjk.tif	1099924.035709	1099924.294294	1099925.034587	7.424537e-01	49	none	NaN	NaN
142	1	18	58	bathroom	sun_axxbkopsgyouuebh.tif	1099925.804128	1099926.062717	1099926.803070	7.341115e-01	48	none	NaN	NaN
142	1	19	14	bathroom	sun_abapwbhyhkfixyex.tif	1099927.572546	1099927.831140	1099928.571297	7.090850e-01	4	none	NaN	NaN
142	1	20	33	bathroom	sun_aljolscmmzydegqp.tif	1099929.340963	1099929.599555	1099930.339765	6.924006e-01	23	none	NaN	NaN
142	1	21	46	bathroom	sun_apmqjbnwghzuhhzh.tif	1099931.109388	1099931.367975	1099932.108138	7.341115e-01	36	39	1099936.020604	1
142	1	22	18	bathroom	sun_acgyywnybuveqsro.tif	1099936.798361	1099937.056950	1099937.797324	6.757163e-01	8	none	NaN	NaN
142	1	23	19	bathroom	sun_aclfzgynxzxlbepz.tif	1099938.566785	1099938.825369	1099939.565680	7.758224e-01	9	none	NaN	NaN
142	1	24	11	bathroom	labelme_sfxiulhjbhlyiyt.tif	1099940.335203	1099940.593793	1099941.333975	6.673741e-01	1	39	1099942.764647	1
142	1	25	27	bathroom	sun_ahcvzmoyaycdoftf.tif	1099943.538381	1099943.796973	1099944.537232	8.258754e-01	17	none	NaN	NaN
142	1	26	21	bathroom	sun_aggnnqpdorgxpvce.tif	1099945.306803	1099945.565388	1099946.305560	7.591380e-01	11	none	NaN	NaN
142	1	27	42	bathroom	sun_apeeialkgkuxddgh.tif	1099947.075219	1099947.333808	1099948.073953	7.591380e-01	32	none	NaN	NaN
142	1	28	56	bathroom	sun_awnqiikzaispgmwo.tif	1099948.843642	1099949.102230	1099949.842502	8.175332e-01	46	none	NaN	NaN
142	1	29	44	bathroom	sun_apkruvsevgegsdwp.tif	1099950.612062	1099950.870650	1099951.610829	7.424537e-01	34	none	NaN	NaN
142	1	30	20	bathroom	sun_afcoljnjfoxjtgja.tif	1099952.380484	1099952.639071	1099953.379250	7.174271e-01	10	none	NaN	NaN
142	1	31	28	bathroom	sun_ahijqszoswveeyji.tif	1099954.148904	1099954.407492	1099955.147730	8.425598e-01	18	none	NaN	NaN
142	1	32	26	bathroom	sun_ahaulkltgpkeeemi.tif	1099955.917324	1099956.175910	1099956.916126	7.674802e-01	16	none	NaN	NaN
142	1	33	22	bathroom	sun_agguqiubmwhqqunb.tif	1099957.685741	1099957.944328	1099958.684696	6.924006e-01	12	none	NaN	NaN
142	1	34	47	bathroom	sun_apynckhmoftszqoq.tif	1099959.454162	1099959.712749	1099960.453106	7.591380e-01	37	none	NaN	NaN
142	1	35	45	bathroom	sun_apkxzenqapsujocq.tif	1099961.222583	1099961.481173	1099962.221388	8.175332e-01	35	none	NaN	NaN
142	1	36	34	bathroom	sun_alkosphxlxwjwgjd.tif	1099962.990998	1099963.249587	1099963.989741	8.342176e-01	24	none	NaN	NaN
142	1	37	12	bathroom	sun_aapitsgbtktqubfy.tif	1099964.759423	1099965.018009	1099965.758299	8.091911e-01	2	none	NaN	NaN
142	1	38	52	bathroom	sun_aunuadmjocsddsrl.tif	1099966.527842	1099966.786429	1099967.526643	7.090850e-01	42	none	NaN	NaN
142	1	39	50	bathroom	sun_aspsyogrekjtfozg.tif	1099968.296265	1099968.554849	1099969.295165	7.925067e-01	40	none	NaN	NaN
142	1	40	54	bathroom	sun_auzqhkafidnkrwmo.tif	1099970.064686	1099970.323272	1099971.063615	6.506897e-01	44	none	NaN	NaN
142	1	41	31	bathroom	sun_akiytfaagpdsphgz.tif	1099971.833103	1099972.091692	1099972.831979	6.590319e-01	21	39	1100065.212826	1
142	1	42	48	bathroom	sun_aqrpegblszgcoujh.tif	1100065.984799	1100066.243386	1100066.983696	8.091911e-01	38	none	NaN	NaN
142	1	43	35	bathroom	sun_alotolagknyrgtsk.tif	1100067.753213	1100068.011804	1100068.752073	8.008489e-01	25	none	NaN	NaN
142	1	44	24	bathroom	sun_agrwbmhcpmfuwmsg.tif	1100069.521634	1100069.780224	1100070.520422	7.257693e-01	14	none	NaN	NaN
142	1	45	40	bathroom	sun_aofnryafpsjimzsb.tif	1100071.290053	1100071.548646	1100072.288805	7.841645e-01	30	none	NaN	NaN
142	1	46	36	bathroom	sun_ambriybtogmepttm.tif	1100073.058474	1100073.317064	1100074.057245	7.758224e-01	26	none	NaN	NaN
142	1	47	57	bathroom	sun_axldvoqbuvuggfmq.tif	1100074.826897	1100075.085484	1100075.825841	8.258754e-01	47	none	NaN	NaN
142	1	48	43	bathroom	sun_apjevzvycyhuqghb.tif	1100076.595319	1100076.853906	1100077.594140	6.506897e-01	33	none	NaN	NaN
142	1	49	32	bathroom	sun_aleqenyvunhactkl.tif	1100078.363735	1100078.622321	1100079.362519	7.007428e-01	22	none	NaN	NaN
142	1	50	51	bathroom	sun_atstyziqcmkahyxk.tif	1100080.132158	1100080.390746	1100081.131081	8.008489e-01	41	none	NaN	NaN
142	1	51	59	bathroom	sun_axyrejkiiaqiurjk.tif	1100081.900575	1100082.159167	1100082.899411	7.007428e-01	49	none	NaN	NaN
142	1	52	11	bathroom	labelme_sfxiulhjbhlyiyt.tif	1100083.668999	1100083.927586	1100084.667810	7.341115e-01	1	none	NaN	NaN
142	1	53	25	bathroom	sun_agyqfjcfkdcydepw.tif	1100085.437414	1100085.696005	1100086.436334	7.507958e-01	15	none	NaN	NaN
142	1	54	16	bathroom	sun_acduarbnmmoglmiv.tif	1100087.205837	1100087.464423	1100088.204562	7.174271e-01	6	none	NaN	NaN
142	1	55	21	bathroom	sun_aggnnqpdorgxpvce.tif	1100088.974254	1100089.232847	1100089.973089	7.591380e-01	11	none	NaN	NaN
142	1	56	51	bathroom	sun_atstyziqcmkahyxk.tif	1100090.742680	1100091.001265	1100091.741406	7.925067e-01	41	none	NaN	NaN
142	1	57	32	bathroom	sun_aleqenyvunhactkl.tif	1100092.511118	1100092.769683	1100093.509843	7.925067e-01	22	none	NaN	NaN
142	1	58	33	bathroom	sun_aljolscmmzydegqp.tif	1100094.279516	1100094.538107	1100095.278245	7.674802e-01	23	none	NaN	NaN
142	1	59	18	bathroom	sun_acgyywnybuveqsro.tif	1100096.047938	1100096.306522	1100097.046840	7.090850e-01	8	none	NaN	NaN
142	1	60	36	bathroom	sun_ambriybtogmepttm.tif	1100097.816357	1100098.074946	1100098.815237	7.841645e-01	26	none	NaN	NaN
142	1	61	13	bathroom	sun_aavhrsfjbserjtht.tif	1100099.584777	1100099.843367	1100100.583620	8.509020e-01	3	none	NaN	NaN
142	1	62	56	bathroom	sun_awnqiikzaispgmwo.tif	1100101.353198	1100101.611787	1100102.352040	7.758224e-01	46	39	1100104.924811	1
142	1	63	14	bathroom	sun_abapwbhyhkfixyex.tif	1100105.699176	1100105.957766	1100106.697949	6.590319e-01	4	none	NaN	NaN
142	1	64	45	bathroom	sun_apkxzenqapsujocq.tif	1100107.467595	1100107.726188	1100108.466474	8.091911e-01	35	none	NaN	NaN
142	1	65	38	bathroom	sun_anhioqovhscjqqwb.tif	1100109.236006	1100109.494602	1100110.234909	8.258754e-01	28	37	1100111.228783	1
142	1	66	44	bathroom	sun_apkruvsevgegsdwp.tif	1100112.005420	1100112.264011	1100113.004416	8.008489e-01	34	37	1100114.500468	1
142	1	67	35	bathroom	sun_alotolagknyrgtsk.tif	1100115.275331	1100115.533927	1100116.274114	6.673741e-01	25	none	NaN	NaN
142	1	68	55	bathroom	sun_avhrdrntsqrjzccq.tif	1100117.043756	1100117.302343	1100118.042486	6.757163e-01	45	39	1100120.380649	1
142	1	69	22	bathroom	sun_agguqiubmwhqqunb.tif	1100121.156167	1100121.414752	1100122.155122	6.840584e-01	12	none	NaN	NaN
142	1	70	24	bathroom	sun_agrwbmhcpmfuwmsg.tif	1100122.924582	1100123.183172	1100123.923371	7.424537e-01	14	none	NaN	NaN
142	1	71	47	bathroom	sun_apynckhmoftszqoq.tif	1100124.693003	1100124.951602	1100125.691941	8.342176e-01	37	none	NaN	NaN
142	1	72	53	bathroom	sun_ausgutylgojavyoq.tif	1100126.461423	1100126.720016	1100127.460148	7.591380e-01	43	none	NaN	NaN
142	1	73	15	bathroom	sun_abjtwfukuwddzted.tif	1100128.229849	1100128.488367	1100129.228665	8.008489e-01	5	none	NaN	NaN
142	1	74	28	bathroom	sun_ahijqszoswveeyji.tif	1100129.998264	1100130.256855	1100130.997002	7.257693e-01	18	none	NaN	NaN
142	1	75	26	bathroom	sun_ahaulkltgpkeeemi.tif	1100131.766687	1100132.025272	1100132.765532	8.175332e-01	16	37	1100133.428728	1
142	1	76	58	bathroom	sun_axxbkopsgyouuebh.tif	1100134.202434	1100134.461026	1100135.201195	6.840584e-01	48	none	NaN	NaN
142	1	77	17	bathroom	sun_acegryoqftbzowsg.tif	1100135.970852	1100136.229443	1100136.969622	6.840584e-01	7	37	1100138.100699	1
142	1	78	54	bathroom	sun_auzqhkafidnkrwmo.tif	1100138.873734	1100139.132325	1100139.872652	8.342176e-01	44	none	NaN	NaN
142	1	79	30	bathroom	sun_ajlawzvmubibwbpy.tif	1100140.642153	1100140.900742	1100141.640967	7.174271e-01	20	none	NaN	NaN
142	1	80	19	bathroom	sun_aclfzgynxzxlbepz.tif	1100142.410572	1100142.669168	1100143.409285	8.258754e-01	9	none	NaN	NaN
142	1	81	60	bathroom	sun_azqyogdvyhahyram.tif	1100144.178996	1100144.437578	1100145.177905	7.257693e-01	50	none	NaN	NaN
142	1	82	50	bathroom	sun_aspsyogrekjtfozg.tif	1100145.947417	1100146.206006	1100146.946267	7.758224e-01	40	none	NaN	NaN
142	1	83	42	bathroom	sun_apeeialkgkuxddgh.tif	1100147.715832	1100147.974424	1100148.714717	7.007428e-01	32	none	NaN	NaN
142	1	84	49	bathroom	sun_asfwthctfqerjvxr.tif	1100149.484253	1100149.742847	1100150.483133	7.674802e-01	39	none	NaN	NaN
142	1	85	27	bathroom	sun_ahcvzmoyaycdoftf.tif	1100151.252670	1100151.511260	1100152.251616	7.007428e-01	17	none	NaN	NaN
142	1	86	12	bathroom	sun_aapitsgbtktqubfy.tif	1100153.021093	1100153.279681	1100154.019836	7.257693e-01	2	none	NaN	NaN
142	1	87	23	bathroom	sun_aghyqhbptboemmoq.tif	1100154.789514	1100155.048106	1100155.788463	6.506897e-01	13	39	1100156.580834	1
142	1	88	20	bathroom	sun_afcoljnjfoxjtgja.tif	1100157.358725	1100157.617312	1100158.357466	8.425598e-01	10	none	NaN	NaN
142	1	89	40	bathroom	sun_aofnryafpsjimzsb.tif	1100159.127148	1100159.385733	1100160.126056	6.590319e-01	30	none	NaN	NaN
142	1	90	39	bathroom	sun_anryaplzeujmzfkd.tif	1100160.895565	1100161.154158	1100161.894444	6.840584e-01	29	none	NaN	NaN
142	1	91	43	bathroom	sun_apjevzvycyhuqghb.tif	1100162.664008	1100162.922573	1100163.662859	8.258754e-01	33	none	NaN	NaN
142	1	92	34	bathroom	sun_alkosphxlxwjwgjd.tif	1100164.432407	1100164.690999	1100165.431217	6.673741e-01	24	none	NaN	NaN
142	1	93	41	bathroom	sun_aoybiabnpadelefl.tif	1100166.200833	1100166.459419	1100167.199785	8.425598e-01	31	none	NaN	NaN
142	1	94	46	bathroom	sun_apmqjbnwghzuhhzh.tif	1100167.969247	1100168.227844	1100168.968095	6.757163e-01	36	none	NaN	NaN
142	1	95	57	bathroom	sun_axldvoqbuvuggfmq.tif	1100169.737669	1100169.996259	1100170.736600	8.509020e-01	47	none	NaN	NaN
142	1	96	31	bathroom	sun_akiytfaagpdsphgz.tif	1100171.506087	1100171.764677	1100172.504846	7.507958e-01	21	37	1100173.172955	1
142	1	97	37	bathroom	sun_amzlamotzwfkwjco.tif	1100173.950183	1100174.208767	1100174.948980	7.090850e-01	27	none	NaN	NaN
142	1	98	29	bathroom	sun_ahqjwnzgolcaoidx.tif	1100175.718599	1100175.977186	1100176.717458	7.674802e-01	19	none	NaN	NaN
142	1	99	52	bathroom	sun_aunuadmjocsddsrl.tif	1100177.487017	1100177.745612	1100178.485803	7.925067e-01	42	none	NaN	NaN
142	1	100	48	bathroom	sun_aqrpegblszgcoujh.tif	1100179.255437	1100179.514024	1100180.254394	6.673741e-01	38	none	NaN	NaN
142	2	1	62	kitchen	labelme_kxvouciolcpqplr.tif	1100186.137264	1100186.395847	1100187.086062	8.258754e-01	52	none	NaN	NaN
142	2	2	82	kitchen	sun_aenotlpyftoioydp.tif	1100187.855630	1100188.114222	1100188.804494	7.007428e-01	72	none	NaN	NaN
142	2	3	80	kitchen	sun_aegoxogugdkwpmpj.tif	1100189.574002	1100189.832594	1100190.522667	8.258754e-01	70	none	NaN	NaN
142	2	4	84	kitchen	sun_aexklacwqwezaorf.tif	1100191.292376	1100191.550968	1100192.241145	7.507958e-01	74	none	NaN	NaN
142	2	5	88	kitchen	sun_agubuxuukhzyzpdp.tif	1100193.010745	1100193.269338	1100193.959492	7.424537e-01	78	none	NaN	NaN
142	2	6	85	kitchen	sun_afuyedyxivkhecmu.tif	1100194.729117	1100194.987708	1100195.677992	7.925067e-01	75	37	1100197.220701	1
142	2	7	73	kitchen	sun_abrcnpqqhmjwekyf.tif	1100197.999023	1100198.257616	1100198.947917	7.591380e-01	63	none	NaN	NaN
142	2	8	99	kitchen	sun_akcjzhbbjlbogpdi.tif	1100199.717391	1100199.975982	1100200.666223	7.257693e-01	89	none	NaN	NaN
142	2	9	75	kitchen	sun_acgtpgfybqjmzeyw.tif	1100201.435768	1100201.694350	1100202.384509	7.591380e-01	65	none	NaN	NaN
142	2	10	92	kitchen	sun_ahpczsiumwwocjkv.tif	1100203.154134	1100203.412721	1100204.102898	7.591380e-01	82	none	NaN	NaN
142	2	11	67	kitchen	sun_aarfiyshqohlwkmo.tif	1100204.872506	1100205.131094	1100205.821335	7.507958e-01	57	37	1100206.588913	1
142	2	12	89	kitchen	sun_agzzivivdpnawacl.tif	1100207.366648	1100207.625234	1100208.315366	7.090850e-01	79	none	NaN	NaN
142	2	13	87	kitchen	sun_agorklincwxrdtga.tif	1100209.085014	1100209.343604	1100210.033798	8.342176e-01	77	none	NaN	NaN
142	2	14	70	kitchen	sun_abdxkyyxwfskuaqb.tif	1100210.803385	1100211.061977	1100211.752158	7.007428e-01	60	none	NaN	NaN
142	2	15	69	kitchen	sun_abdenxonkemggwsq.tif	1100212.521760	1100212.780343	1100213.470630	6.506897e-01	59	none	NaN	NaN
142	2	16	66	kitchen	sun_aapllqyqlykszopd.tif	1100214.240130	1100214.498718	1100215.188986	7.341115e-01	56	39	1100216.180944	1
142	2	17	104	kitchen	sun_auticobqsbwgoppi.tif	1100216.951143	1100217.209743	1100217.899999	8.008489e-01	94	none	NaN	NaN
142	2	18	90	kitchen	sun_ahdycvpopffkzzsu.tif	1100218.669517	1100218.928107	1100219.618256	6.840584e-01	80	none	NaN	NaN
142	2	19	96	kitchen	sun_ajcbwwvdlsvjyzje.tif	1100220.387893	1100220.646482	1100221.336730	6.924006e-01	86	none	NaN	NaN
142	2	20	65	kitchen	sun_aamedkxepzlwuxes.tif	1100222.106259	1100222.364844	1100223.055115	7.090850e-01	55	none	NaN	NaN
142	2	21	106	kitchen	sun_awcpdzzznmweyyhv.tif	1100223.824632	1100224.083218	1100224.773295	7.674802e-01	96	none	NaN	NaN
142	2	22	83	kitchen	sun_aeqdocilnnpuvuhx.tif	1100225.542998	1100225.801592	1100226.491670	8.425598e-01	73	none	NaN	NaN
142	2	23	64	kitchen	sun_aadbddgrdsjugojn.tif	1100227.261370	1100227.519960	1100228.210117	7.841645e-01	54	none	NaN	NaN
142	2	24	61	kitchen	labelme_brsyyvweiuaazfr.tif	1100228.979745	1100229.238351	1100229.928586	7.174271e-01	51	none	NaN	NaN
142	2	25	107	kitchen	sun_axyyrmzcupyhlivc.tif	1100230.698115	1100230.956705	1100231.646905	7.341115e-01	97	none	NaN	NaN
142	2	26	91	kitchen	sun_ahljzhgcdpomplvg.tif	1100232.416478	1100232.675075	1100233.365313	6.590319e-01	81	none	NaN	NaN
142	2	27	94	kitchen	sun_ahywdevtimnqcsln.tif	1100234.134844	1100234.393441	1100235.083588	7.507958e-01	84	none	NaN	NaN
142	2	28	78	kitchen	sun_adgqasybjyktddhj.tif	1100235.853221	1100236.111817	1100236.801985	7.257693e-01	68	none	NaN	NaN
142	2	29	102	kitchen	sun_auaiucuqpdausiva.tif	1100237.571593	1100237.830183	1100238.520400	6.924006e-01	92	none	NaN	NaN
142	2	30	95	kitchen	sun_aixorpehvfykdynp.tif	1100239.289965	1100239.548556	1100240.238683	6.673741e-01	85	none	NaN	NaN
142	2	31	81	kitchen	sun_aehawpgmrlhlvcow.tif	1100240.999994	1100241.258583	1100241.948772	7.007428e-01	71	39	1100242.741015	1
142	2	32	74	kitchen	sun_acfmftudsenhrfhy.tif	1100243.519156	1100243.777748	1100244.468065	8.342176e-01	64	37	1100245.325055	1
142	2	33	72	kitchen	sun_abpwyqmlzafvklqo.tif	1100246.096710	1100246.355304	1100247.045502	7.090850e-01	62	none	NaN	NaN
142	2	34	109	kitchen	sun_aypmqwcualkenuoe.tif	1100247.815089	1100248.073676	1100248.763938	7.174271e-01	99	37	1100250.260950	1
142	2	35	63	kitchen	labelme_rykdqxenmhulbdn.tif	1100251.034942	1100251.293537	1100251.983635	7.758224e-01	53	none	NaN	NaN
142	2	36	105	kitchen	sun_avszsnwsbuqfgzbn.tif	1100252.753314	1100253.011902	1100253.702014	7.090850e-01	95	none	NaN	NaN
142	2	37	98	kitchen	sun_akchetnepxlcxhsu.tif	1100254.471683	1100254.730276	1100255.420482	8.091911e-01	88	none	NaN	NaN
142	2	38	86	kitchen	sun_aggjlwcdjsjcaemh.tif	1100256.190055	1100256.448639	1100257.138843	6.673741e-01	76	none	NaN	NaN
142	2	39	68	kitchen	sun_aaxxjlsuzvqlgylf.tif	1100257.908428	1100258.167016	1100258.857263	7.591380e-01	58	none	NaN	NaN
142	2	40	71	kitchen	sun_abftihopvusyfakt.tif	1100259.626795	1100259.885381	1100260.575498	8.425598e-01	61	none	NaN	NaN
142	2	41	93	kitchen	sun_ahspylgoovwmwvgk.tif	1100261.345171	1100261.603751	1100262.294076	7.674802e-01	83	39	1100263.060906	1
142	2	42	100	kitchen	sun_amjjdeyrggfqgmom.tif	1100263.839306	1100264.097899	1100264.787993	8.175332e-01	90	none	NaN	NaN
142	2	43	108	kitchen	sun_aymvwlarqodbwuoc.tif	1100265.557675	1100265.816263	1100266.506491	6.757163e-01	98	none	NaN	NaN
142	2	44	76	kitchen	sun_acwjdupvyjsugpay.tif	1100267.276046	1100267.534638	1100268.224853	7.841645e-01	66	none	NaN	NaN
142	2	45	97	kitchen	sun_ajkqhtgcbgpcwrwn.tif	1100268.994424	1100269.253005	1100269.943332	7.758224e-01	87	none	NaN	NaN
142	2	46	79	kitchen	sun_admlmbcdswaszruo.tif	1100270.712786	1100270.971381	1100271.661529	8.258754e-01	69	none	NaN	NaN
142	2	47	77	kitchen	sun_acxkpeoqbwcxfvip.tif	1100272.431157	1100272.689748	1100273.380067	7.925067e-01	67	none	NaN	NaN
142	2	48	103	kitchen	sun_aunzlwrbjumxhwdj.tif	1100274.149530	1100274.408115	1100275.098365	7.841645e-01	93	none	NaN	NaN
142	2	49	110	kitchen	sun_azmutvzbxypaceni.tif	1100275.867900	1100276.126490	1100276.816779	8.008489e-01	100	none	NaN	NaN
142	2	50	101	kitchen	sun_aqeaevwwwjoqhzvl.tif	1100277.586272	1100277.844856	1100278.535057	7.174271e-01	91	none	NaN	NaN
142	2	51	88	kitchen	sun_agubuxuukhzyzpdp.tif	1100279.304640	1100279.563230	1100280.253324	8.175332e-01	78	none	NaN	NaN
142	2	52	92	kitchen	sun_ahpczsiumwwocjkv.tif	1100281.023011	1100281.281602	1100281.971845	6.924006e-01	82	39	1100282.724943	1
142	2	53	66	kitchen	sun_aapllqyqlykszopd.tif	1100283.500463	1100283.759055	1100284.449222	8.091911e-01	56	none	NaN	NaN
142	2	54	102	kitchen	sun_auaiucuqpdausiva.tif	1100285.218840	1100285.477426	1100286.167678	7.925067e-01	92	37	1100287.324633	1
142	2	55	78	kitchen	sun_adgqasybjyktddhj.tif	1100288.096688	1100288.355277	1100289.045428	7.925067e-01	68	none	NaN	NaN
142	2	56	68	kitchen	sun_aaxxjlsuzvqlgylf.tif	1100289.815061	1100290.073652	1100290.763960	6.757163e-01	58	none	NaN	NaN
142	2	57	62	kitchen	labelme_kxvouciolcpqplr.tif	1100291.533430	1100291.792023	1100292.482161	6.590319e-01	52	none	NaN	NaN
142	2	58	100	kitchen	sun_amjjdeyrggfqgmom.tif	1100293.251806	1100293.510392	1100294.200522	6.924006e-01	90	none	NaN	NaN
142	2	59	74	kitchen	sun_acfmftudsenhrfhy.tif	1100294.970173	1100295.228766	1100295.918998	7.174271e-01	64	none	NaN	NaN
142	2	60	109	kitchen	sun_aypmqwcualkenuoe.tif	1100296.688544	1100296.947126	1100297.637431	8.425598e-01	99	none	NaN	NaN
142	2	61	105	kitchen	sun_avszsnwsbuqfgzbn.tif	1100298.406912	1100298.665505	1100299.355645	7.591380e-01	95	none	NaN	NaN
142	2	62	67	kitchen	sun_aarfiyshqohlwkmo.tif	1100300.125282	1100300.383875	1100301.073991	6.840584e-01	57	none	NaN	NaN
142	2	63	83	kitchen	sun_aeqdocilnnpuvuhx.tif	1100301.843659	1100302.102249	1100302.792348	6.673741e-01	73	none	NaN	NaN
142	2	64	90	kitchen	sun_ahdycvpopffkzzsu.tif	1100303.562033	1100303.820617	1100304.510886	6.757163e-01	80	none	NaN	NaN
142	2	65	75	kitchen	sun_acgtpgfybqjmzeyw.tif	1100305.280396	1100305.538986	1100306.229064	7.758224e-01	65	none	NaN	NaN
142	2	66	101	kitchen	sun_aqeaevwwwjoqhzvl.tif	1100306.998764	1100307.257353	1100307.947551	7.758224e-01	91	none	NaN	NaN
142	2	67	82	kitchen	sun_aenotlpyftoioydp.tif	1100308.717136	1100308.975725	1100309.665878	6.840584e-01	72	39	1100311.837180	1
142	2	68	97	kitchen	sun_ajkqhtgcbgpcwrwn.tif	1100312.612660	1100312.871254	1100313.561467	7.007428e-01	87	none	NaN	NaN
142	2	69	77	kitchen	sun_acxkpeoqbwcxfvip.tif	1100314.331034	1100314.589622	1100315.279820	7.341115e-01	67	none	NaN	NaN
142	2	70	63	kitchen	labelme_rykdqxenmhulbdn.tif	1100316.049409	1100316.307995	1100316.998281	7.424537e-01	53	none	NaN	NaN
142	2	71	87	kitchen	sun_agorklincwxrdtga.tif	1100317.767775	1100318.026371	1100318.716567	8.342176e-01	77	none	NaN	NaN
142	2	72	84	kitchen	sun_aexklacwqwezaorf.tif	1100319.486145	1100319.744744	1100320.434816	7.674802e-01	74	none	NaN	NaN
142	2	73	94	kitchen	sun_ahywdevtimnqcsln.tif	1100321.204518	1100321.463110	1100322.153244	6.924006e-01	84	39	1100323.756979	0
142	2	74	65	kitchen	sun_aamedkxepzlwuxes.tif	1100324.532820	1100324.791410	1100325.481569	8.509020e-01	55	none	NaN	NaN
142	2	75	96	kitchen	sun_ajcbwwvdlsvjyzje.tif	1100326.251187	1100326.509780	1100327.199860	7.507958e-01	86	39	1100330.557047	1
142	2	76	106	kitchen	sun_awcpdzzznmweyyhv.tif	1100331.331223	1100331.589816	1100332.279973	8.008489e-01	96	none	NaN	NaN
142	2	77	80	kitchen	sun_aegoxogugdkwpmpj.tif	1100333.049592	1100333.308184	1100333.998483	8.258754e-01	70	37	1100334.524905	1
142	2	78	95	kitchen	sun_aixorpehvfykdynp.tif	1100335.301829	1100335.560419	1100336.250514	7.424537e-01	85	none	NaN	NaN
142	2	79	81	kitchen	sun_aehawpgmrlhlvcow.tif	1100337.020200	1100337.278789	1100337.969108	8.175332e-01	71	none	NaN	NaN
142	2	80	76	kitchen	sun_acwjdupvyjsugpay.tif	1100338.738574	1100338.997159	1100339.687296	6.590319e-01	66	39	1100343.900957	1
142	2	81	61	kitchen	labelme_brsyyvweiuaazfr.tif	1100344.677795	1100344.936379	1100345.626601	8.091911e-01	51	none	NaN	NaN
142	2	82	98	kitchen	sun_akchetnepxlcxhsu.tif	1100346.396159	1100346.654755	1100347.345002	8.008489e-01	88	none	NaN	NaN
142	2	83	91	kitchen	sun_ahljzhgcdpomplvg.tif	1100348.114531	1100348.373123	1100349.063437	6.506897e-01	81	none	NaN	NaN
142	2	84	72	kitchen	sun_abpwyqmlzafvklqo.tif	1100349.832896	1100350.091494	1100350.781776	6.590319e-01	62	none	NaN	NaN
142	2	85	107	kitchen	sun_axyyrmzcupyhlivc.tif	1100351.551274	1100351.809865	1100352.500046	7.424537e-01	97	39	1100353.477008	1
142	2	86	104	kitchen	sun_auticobqsbwgoppi.tif	1100354.253951	1100354.512543	1100355.202818	6.840584e-01	94	none	NaN	NaN
142	2	87	108	kitchen	sun_aymvwlarqodbwuoc.tif	1100355.972324	1100356.230915	1100356.921085	7.257693e-01	98	none	NaN	NaN
142	2	88	93	kitchen	sun_ahspylgoovwmwvgk.tif	1100357.690694	1100357.949282	1100358.639602	8.258754e-01	83	none	NaN	NaN
142	2	89	86	kitchen	sun_aggjlwcdjsjcaemh.tif	1100359.409068	1100359.667657	1100360.357919	8.175332e-01	76	none	NaN	NaN
142	2	90	103	kitchen	sun_aunzlwrbjumxhwdj.tif	1100361.127439	1100361.386030	1100362.076253	6.506897e-01	93	none	NaN	NaN
142	2	91	73	kitchen	sun_abrcnpqqhmjwekyf.tif	1100362.845808	1100363.104394	1100363.794618	7.341115e-01	63	none	NaN	NaN
142	2	92	89	kitchen	sun_agzzivivdpnawacl.tif	1100364.564176	1100364.822765	1100365.512862	7.674802e-01	79	none	NaN	NaN
142	2	93	71	kitchen	sun_abftihopvusyfakt.tif	1100366.282552	1100366.541135	1100367.231239	6.757163e-01	61	none	NaN	NaN
142	2	94	85	kitchen	sun_afuyedyxivkhecmu.tif	1100368.000917	1100368.259505	1100368.949657	8.509020e-01	75	none	NaN	NaN
142	2	95	64	kitchen	sun_aadbddgrdsjugojn.tif	1100369.719281	1100369.977875	1100370.667967	6.673741e-01	54	none	NaN	NaN
142	2	96	110	kitchen	sun_azmutvzbxypaceni.tif	1100371.437658	1100371.696249	1100372.386425	8.425598e-01	100	none	NaN	NaN
142	2	97	70	kitchen	sun_abdxkyyxwfskuaqb.tif	1100373.156027	1100373.414616	1100374.104866	8.342176e-01	60	none	NaN	NaN
142	2	98	99	kitchen	sun_akcjzhbbjlbogpdi.tif	1100374.874399	1100375.132992	1100375.823162	7.841645e-01	89	none	NaN	NaN
142	2	99	79	kitchen	sun_admlmbcdswaszruo.tif	1100376.592768	1100376.851361	1100377.541529	8.091911e-01	69	none	NaN	NaN
142	2	100	69	kitchen	sun_abdenxonkemggwsq.tif	1100378.311140	1100378.569729	1100379.259928	7.257693e-01	59	none	NaN	NaN
142	3	1	27	bathroom	sun_ahcvzmoyaycdoftf.tif	1100384.642422	1100384.901011	1100385.716383	8.258754e-01	17	none	NaN	NaN
142	3	2	21	bathroom	sun_aggnnqpdorgxpvce.tif	1100386.485915	1100386.744504	1100387.559786	6.924006e-01	11	39	1100391.580964	1
142	3	3	19	bathroom	sun_aclfzgynxzxlbepz.tif	1100392.358394	1100392.616994	1100393.432196	8.258754e-01	9	none	NaN	NaN
142	3	4	46	bathroom	sun_apmqjbnwghzuhhzh.tif	1100394.201899	1100394.460485	1100395.275763	7.090850e-01	36	none	NaN	NaN
142	3	5	17	bathroom	sun_acegryoqftbzowsg.tif	1100396.045391	1100396.303980	1100397.119244	8.425598e-01	7	none	NaN	NaN
142	3	6	34	bathroom	sun_alkosphxlxwjwgjd.tif	1100397.888884	1100398.147474	1100398.962926	7.257693e-01	24	none	NaN	NaN
142	3	7	18	bathroom	sun_acgyywnybuveqsro.tif	1100399.732381	1100399.990968	1100400.806240	7.090850e-01	8	none	NaN	NaN
142	3	8	38	bathroom	sun_anhioqovhscjqqwb.tif	1100401.575876	1100401.834465	1100402.649831	6.757163e-01	28	none	NaN	NaN
142	3	9	50	bathroom	sun_aspsyogrekjtfozg.tif	1100403.419403	1100403.677960	1100404.493354	8.425598e-01	40	none	NaN	NaN
142	3	10	29	bathroom	sun_ahqjwnzgolcaoidx.tif	1100405.262860	1100405.521455	1100406.336888	7.090850e-01	19	37	1100410.844992	1
142	3	11	53	bathroom	sun_ausgutylgojavyoq.tif	1100411.619169	1100411.877755	1100412.693029	6.590319e-01	43	none	NaN	NaN
142	3	12	59	bathroom	sun_axyrejkiiaqiurjk.tif	1100413.462662	1100413.721249	1100414.536477	7.841645e-01	49	none	NaN	NaN
142	3	13	24	bathroom	sun_agrwbmhcpmfuwmsg.tif	1100415.306158	1100415.564740	1100416.380163	8.008489e-01	14	none	NaN	NaN
142	3	14	58	bathroom	sun_axxbkopsgyouuebh.tif	1100417.149650	1100417.408235	1100418.223603	7.507958e-01	48	none	NaN	NaN
142	3	15	31	bathroom	sun_akiytfaagpdsphgz.tif	1100418.993143	1100419.251737	1100420.066991	6.840584e-01	21	none	NaN	NaN
142	3	16	13	bathroom	sun_aavhrsfjbserjtht.tif	1100420.836640	1100421.095228	1100421.910556	7.591380e-01	3	none	NaN	NaN
142	3	17	54	bathroom	sun_auzqhkafidnkrwmo.tif	1100422.680132	1100422.938728	1100423.754145	8.342176e-01	44	37	1100424.492982	1
142	3	18	37	bathroom	sun_amzlamotzwfkwjco.tif	1100425.266027	1100425.524623	1100426.340031	7.341115e-01	27	none	NaN	NaN
142	3	19	49	bathroom	sun_asfwthctfqerjvxr.tif	1100427.109523	1100427.368117	1100428.183532	7.174271e-01	39	none	NaN	NaN
142	3	20	45	bathroom	sun_apkxzenqapsujocq.tif	1100428.953019	1100429.211611	1100430.027029	6.757163e-01	35	none	NaN	NaN
142	3	21	39	bathroom	sun_anryaplzeujmzfkd.tif	1100430.796516	1100431.055102	1100431.870332	6.506897e-01	29	none	NaN	NaN
142	3	22	51	bathroom	sun_atstyziqcmkahyxk.tif	1100432.640012	1100432.898594	1100433.713906	7.674802e-01	41	none	NaN	NaN
142	3	23	30	bathroom	sun_ajlawzvmubibwbpy.tif	1100434.483502	1100434.742094	1100435.558095	6.924006e-01	20	none	NaN	NaN
142	3	24	33	bathroom	sun_aljolscmmzydegqp.tif	1100436.327000	1100436.585586	1100437.400922	7.841645e-01	23	none	NaN	NaN
142	3	25	20	bathroom	sun_afcoljnjfoxjtgja.tif	1100438.170489	1100438.429081	1100439.244489	6.757163e-01	10	none	NaN	NaN
142	3	26	60	bathroom	sun_azqyogdvyhahyram.tif	1100440.013985	1100440.272574	1100441.087866	8.091911e-01	50	none	NaN	NaN
142	3	27	22	bathroom	sun_agguqiubmwhqqunb.tif	1100441.857479	1100442.116074	1100442.931433	7.674802e-01	12	39	1100444.781026	1
142	3	28	55	bathroom	sun_avhrdrntsqrjzccq.tif	1100445.552810	1100445.811398	1100446.626751	7.174271e-01	45	none	NaN	NaN
142	3	29	52	bathroom	sun_aunuadmjocsddsrl.tif	1100447.396303	1100447.654899	1100448.470219	7.007428e-01	42	none	NaN	NaN
142	3	30	14	bathroom	sun_abapwbhyhkfixyex.tif	1100449.239800	1100449.498385	1100450.313716	7.925067e-01	4	none	NaN	NaN
142	3	31	35	bathroom	sun_alotolagknyrgtsk.tif	1100451.083294	1100451.341883	1100452.157263	7.758224e-01	25	39	1100453.293019	1
142	3	32	11	bathroom	labelme_sfxiulhjbhlyiyt.tif	1100454.069591	1100454.328183	1100455.143613	7.341115e-01	1	none	NaN	NaN
142	3	33	48	bathroom	sun_aqrpegblszgcoujh.tif	1100455.913081	1100456.171673	1100456.986912	8.258754e-01	38	none	NaN	NaN
142	3	34	28	bathroom	sun_ahijqszoswveeyji.tif	1100457.756581	1100458.015172	1100458.830452	7.507958e-01	18	39	1100459.965084	1
142	3	35	57	bathroom	sun_axldvoqbuvuggfmq.tif	1100460.742867	1100461.001463	1100461.816792	7.925067e-01	47	none	NaN	NaN
142	3	36	26	bathroom	sun_ahaulkltgpkeeemi.tif	1100462.586365	1100462.844957	1100463.660207	7.257693e-01	16	none	NaN	NaN
142	3	37	23	bathroom	sun_aghyqhbptboemmoq.tif	1100464.429862	1100464.688451	1100465.503873	8.175332e-01	13	none	NaN	NaN
142	3	38	47	bathroom	sun_apynckhmoftszqoq.tif	1100466.273358	1100466.531938	1100467.347157	7.424537e-01	37	none	NaN	NaN
142	3	39	42	bathroom	sun_apeeialkgkuxddgh.tif	1100468.116853	1100468.375441	1100469.190764	7.674802e-01	32	39	1100469.925105	1
142	3	40	25	bathroom	sun_agyqfjcfkdcydepw.tif	1100470.702745	1100470.961339	1100471.776556	6.840584e-01	15	none	NaN	NaN
142	3	41	32	bathroom	sun_aleqenyvunhactkl.tif	1100472.546239	1100472.804835	1100473.620171	7.507958e-01	22	39	1100477.524991	1
142	3	42	12	bathroom	sun_aapitsgbtktqubfy.tif	1100478.301946	1100478.560540	1100479.375766	8.008489e-01	2	none	NaN	NaN
142	3	43	36	bathroom	sun_ambriybtogmepttm.tif	1100480.145441	1100480.404035	1100481.219456	7.007428e-01	26	none	NaN	NaN
142	3	44	44	bathroom	sun_apkruvsevgegsdwp.tif	1100481.988938	1100482.247523	1100483.062844	8.509020e-01	34	none	NaN	NaN
142	3	45	56	bathroom	sun_awnqiikzaispgmwo.tif	1100483.832432	1100484.091022	1100484.906427	6.757163e-01	46	none	NaN	NaN
142	3	46	15	bathroom	sun_abjtwfukuwddzted.tif	1100485.675929	1100485.934516	1100486.749739	8.425598e-01	5	none	NaN	NaN
142	3	47	16	bathroom	sun_acduarbnmmoglmiv.tif	1100487.519423	1100487.778011	1100488.593360	6.924006e-01	6	none	NaN	NaN
142	3	48	43	bathroom	sun_apjevzvycyhuqghb.tif	1100489.362916	1100489.621509	1100490.436717	7.758224e-01	33	none	NaN	NaN
142	3	49	40	bathroom	sun_aofnryafpsjimzsb.tif	1100491.206412	1100491.464998	1100492.280213	6.673741e-01	30	none	NaN	NaN
142	3	50	41	bathroom	sun_aoybiabnpadelefl.tif	1100493.049908	1100493.308493	1100494.123706	6.673741e-01	31	none	NaN	NaN
142	3	51	27	bathroom	sun_ahcvzmoyaycdoftf.tif	1100494.893400	1100495.151994	1100495.967279	8.342176e-01	17	37	1100496.589040	1
142	3	52	36	bathroom	sun_ambriybtogmepttm.tif	1100497.362517	1100497.621105	1100498.436417	8.342176e-01	26	none	NaN	NaN
142	3	53	37	bathroom	sun_amzlamotzwfkwjco.tif	1100499.206012	1100499.464596	1100500.279967	8.091911e-01	27	none	NaN	NaN
142	3	54	14	bathroom	sun_abapwbhyhkfixyex.tif	1100501.049505	1100501.308093	1100502.123390	8.008489e-01	4	none	NaN	NaN
142	3	55	40	bathroom	sun_aofnryafpsjimzsb.tif	1100502.892999	1100503.151587	1100503.966845	7.174271e-01	30	none	NaN	NaN
142	3	56	41	bathroom	sun_aoybiabnpadelefl.tif	1100504.736496	1100504.995081	1100505.810535	6.590319e-01	31	none	NaN	NaN
142	3	57	39	bathroom	sun_anryaplzeujmzfkd.tif	1100506.579986	1100506.838580	1100507.654000	6.840584e-01	29	none	NaN	NaN
142	3	58	43	bathroom	sun_apjevzvycyhuqghb.tif	1100508.423484	1100508.682072	1100509.497319	6.924006e-01	33	none	NaN	NaN
142	3	59	60	bathroom	sun_azqyogdvyhahyram.tif	1100510.266975	1100510.525570	1100511.340964	7.007428e-01	50	39	1100511.989028	1
142	3	60	38	bathroom	sun_anhioqovhscjqqwb.tif	1100512.761115	1100513.019706	1100513.835146	7.257693e-01	28	none	NaN	NaN
142	3	61	12	bathroom	sun_aapitsgbtktqubfy.tif	1100514.604606	1100514.863200	1100515.678561	7.424537e-01	2	none	NaN	NaN
142	3	62	11	bathroom	labelme_sfxiulhjbhlyiyt.tif	1100516.448105	1100516.706699	1100517.522049	7.758224e-01	1	none	NaN	NaN
142	3	63	30	bathroom	sun_ajlawzvmubibwbpy.tif	1100518.291601	1100518.550189	1100519.365633	8.175332e-01	20	none	NaN	NaN
142	3	64	28	bathroom	sun_ahijqszoswveeyji.tif	1100520.135096	1100520.393682	1100521.208985	6.506897e-01	18	none	NaN	NaN
142	3	65	48	bathroom	sun_aqrpegblszgcoujh.tif	1100521.978589	1100522.237179	1100523.052401	7.507958e-01	38	none	NaN	NaN
142	3	66	25	bathroom	sun_agyqfjcfkdcydepw.tif	1100523.822086	1100524.080671	1100524.896000	7.424537e-01	15	none	NaN	NaN
142	3	67	23	bathroom	sun_aghyqhbptboemmoq.tif	1100525.665578	1100525.924169	1100526.739422	6.924006e-01	13	none	NaN	NaN
142	3	68	16	bathroom	sun_acduarbnmmoglmiv.tif	1100527.509073	1100527.767665	1100528.582955	7.341115e-01	6	none	NaN	NaN
142	3	69	58	bathroom	sun_axxbkopsgyouuebh.tif	1100529.352563	1100529.611153	1100530.426588	8.258754e-01	48	none	NaN	NaN
142	3	70	21	bathroom	sun_aggnnqpdorgxpvce.tif	1100531.196064	1100531.454649	1100532.269874	8.175332e-01	11	none	NaN	NaN
142	3	71	26	bathroom	sun_ahaulkltgpkeeemi.tif	1100533.039556	1100533.298142	1100534.113463	8.091911e-01	16	none	NaN	NaN
142	3	72	34	bathroom	sun_alkosphxlxwjwgjd.tif	1100534.883054	1100535.141640	1100535.957629	6.506897e-01	24	none	NaN	NaN
142	3	73	52	bathroom	sun_aunuadmjocsddsrl.tif	1100536.726542	1100536.985133	1100537.800490	6.673741e-01	42	none	NaN	NaN
142	3	74	15	bathroom	sun_abjtwfukuwddzted.tif	1100538.570039	1100538.828630	1100539.643896	7.591380e-01	5	none	NaN	NaN
142	3	75	13	bathroom	sun_aavhrsfjbserjtht.tif	1100540.413530	1100540.672126	1100541.487739	7.674802e-01	3	none	NaN	NaN
142	3	76	46	bathroom	sun_apmqjbnwghzuhhzh.tif	1100542.257031	1100542.515616	1100543.330860	8.425598e-01	36	none	NaN	NaN
142	3	77	59	bathroom	sun_axyrejkiiaqiurjk.tif	1100544.100525	1100544.359117	1100545.174512	7.925067e-01	49	none	NaN	NaN
142	3	78	42	bathroom	sun_apeeialkgkuxddgh.tif	1100545.944018	1100546.202609	1100547.017980	7.841645e-01	32	none	NaN	NaN
142	3	79	24	bathroom	sun_agrwbmhcpmfuwmsg.tif	1100547.787510	1100548.046104	1100548.861964	8.008489e-01	14	none	NaN	NaN
142	3	80	35	bathroom	sun_alotolagknyrgtsk.tif	1100549.631010	1100549.889597	1100550.705004	7.174271e-01	25	37	1100551.613160	1
142	3	81	57	bathroom	sun_axldvoqbuvuggfmq.tif	1100552.383739	1100552.642323	1100553.457578	8.258754e-01	47	none	NaN	NaN
142	3	82	32	bathroom	sun_aleqenyvunhactkl.tif	1100554.227232	1100554.485820	1100555.301177	7.424537e-01	22	none	NaN	NaN
142	3	83	55	bathroom	sun_avhrdrntsqrjzccq.tif	1100556.070724	1100556.329314	1100557.144662	7.925067e-01	45	37	1100560.844912	1
142	3	84	22	bathroom	sun_agguqiubmwhqqunb.tif	1100561.617894	1100561.876480	1100562.691881	6.590319e-01	12	none	NaN	NaN
142	3	85	45	bathroom	sun_apkxzenqapsujocq.tif	1100563.461386	1100563.719975	1100564.535284	7.341115e-01	35	none	NaN	NaN
142	3	86	20	bathroom	sun_afcoljnjfoxjtgja.tif	1100565.304881	1100565.563474	1100566.378908	7.841645e-01	10	37	1100567.117165	1
142	3	87	19	bathroom	sun_aclfzgynxzxlbepz.tif	1100567.890779	1100568.149360	1100568.964635	7.591380e-01	9	none	NaN	NaN
142	3	88	31	bathroom	sun_akiytfaagpdsphgz.tif	1100569.734275	1100569.992860	1100570.808197	7.591380e-01	21	none	NaN	NaN
142	3	89	47	bathroom	sun_apynckhmoftszqoq.tif	1100571.577770	1100571.836357	1100572.651735	8.509020e-01	37	none	NaN	NaN
142	3	90	17	bathroom	sun_acegryoqftbzowsg.tif	1100573.421258	1100573.679847	1100574.495122	6.840584e-01	7	none	NaN	NaN
142	3	91	33	bathroom	sun_aljolscmmzydegqp.tif	1100575.264757	1100575.523345	1100576.338726	7.257693e-01	23	none	NaN	NaN
142	3	92	51	bathroom	sun_atstyziqcmkahyxk.tif	1100577.108248	1100577.366843	1100578.182265	6.673741e-01	41	37	1100579.205089	1
142	3	93	54	bathroom	sun_auzqhkafidnkrwmo.tif	1100579.977758	1100580.236349	1100581.051560	8.175332e-01	44	none	NaN	NaN
142	3	94	18	bathroom	sun_acgyywnybuveqsro.tif	1100581.821259	1100582.079845	1100582.895295	7.007428e-01	8	none	NaN	NaN
142	3	95	50	bathroom	sun_aspsyogrekjtfozg.tif	1100583.664751	1100583.923335	1100584.738722	7.090850e-01	40	none	NaN	NaN
142	3	96	53	bathroom	sun_ausgutylgojavyoq.tif	1100585.508245	1100585.766825	1100586.582116	7.758224e-01	43	none	NaN	NaN
142	3	97	56	bathroom	sun_awnqiikzaispgmwo.tif	1100587.351740	1100587.610327	1100588.425577	8.091911e-01	46	37	1100589.237265	1
142	3	98	49	bathroom	sun_asfwthctfqerjvxr.tif	1100590.012707	1100590.271298	1100591.086658	7.591380e-01	39	none	NaN	NaN
142	3	99	44	bathroom	sun_apkruvsevgegsdwp.tif	1100591.856209	1100592.114794	1100592.930160	6.590319e-01	34	none	NaN	NaN
142	3	100	29	bathroom	sun_ahqjwnzgolcaoidx.tif	1100593.699705	1100593.958292	1100594.773632	8.342176e-01	19	none	NaN	NaN
142	4	1	68	kitchen	sun_aaxxjlsuzvqlgylf.tif	1100601.449054	1100601.707643	1100602.406266	7.257693e-01	58	none	NaN	NaN
142	4	2	77	kitchen	sun_acxkpeoqbwcxfvip.tif	1100603.175767	1100603.434355	1100604.132795	7.007428e-01	67	none	NaN	NaN
142	4	3	79	kitchen	sun_admlmbcdswaszruo.tif	1100604.902479	1100605.161066	1100605.859534	8.175332e-01	69	none	NaN	NaN
142	4	4	86	kitchen	sun_aggjlwcdjsjcaemh.tif	1100606.629187	1100606.887773	1100607.586270	7.090850e-01	76	none	NaN	NaN
142	4	5	94	kitchen	sun_ahywdevtimnqcsln.tif	1100608.355902	1100608.614491	1100609.312926	7.007428e-01	84	none	NaN	NaN
142	4	6	95	kitchen	sun_aixorpehvfykdynp.tif	1100610.082611	1100610.341197	1100611.039626	6.757163e-01	85	none	NaN	NaN
142	4	7	75	kitchen	sun_acgtpgfybqjmzeyw.tif	1100611.809326	1100612.067915	1100612.766584	7.507958e-01	65	none	NaN	NaN
142	4	8	88	kitchen	sun_agubuxuukhzyzpdp.tif	1100613.536035	1100613.794626	1100614.493213	6.590319e-01	78	none	NaN	NaN
142	4	9	85	kitchen	sun_afuyedyxivkhecmu.tif	1100615.262746	1100615.521337	1100616.219998	7.841645e-01	75	37	1100616.949371	1
142	4	10	104	kitchen	sun_auticobqsbwgoppi.tif	1100617.723519	1100617.982107	1100618.680738	7.591380e-01	94	39	1100620.101239	1
142	4	11	72	kitchen	sun_abpwyqmlzafvklqo.tif	1100620.876648	1100621.135234	1100621.833798	7.925067e-01	62	none	NaN	NaN
142	4	12	66	kitchen	sun_aapllqyqlykszopd.tif	1100622.603357	1100622.861951	1100623.560596	7.257693e-01	56	none	NaN	NaN
142	4	13	69	kitchen	sun_abdenxonkemggwsq.tif	1100624.330069	1100624.588662	1100625.287247	8.091911e-01	59	39	1100626.028983	1
142	4	14	108	kitchen	sun_aymvwlarqodbwuoc.tif	1100626.807525	1100627.066111	1100627.764609	6.757163e-01	98	none	NaN	NaN
142	4	15	105	kitchen	sun_avszsnwsbuqfgzbn.tif	1100628.534240	1100628.792828	1100629.491257	7.507958e-01	95	none	NaN	NaN
142	4	16	78	kitchen	sun_adgqasybjyktddhj.tif	1100630.260950	1100630.519542	1100631.217983	8.008489e-01	68	none	NaN	NaN
142	4	17	101	kitchen	sun_aqeaevwwwjoqhzvl.tif	1100631.987662	1100632.246256	1100632.944762	8.509020e-01	91	39	1100633.813106	1
142	4	18	99	kitchen	sun_akcjzhbbjlbogpdi.tif	1100634.590245	1100634.848834	1100635.547305	6.840584e-01	89	none	NaN	NaN
142	4	19	90	kitchen	sun_ahdycvpopffkzzsu.tif	1100636.316956	1100636.575547	1100637.274089	7.424537e-01	80	none	NaN	NaN
142	4	20	70	kitchen	sun_abdxkyyxwfskuaqb.tif	1100638.043669	1100638.302262	1100639.000683	8.342176e-01	60	none	NaN	NaN
142	4	21	81	kitchen	sun_aehawpgmrlhlvcow.tif	1100639.770381	1100640.028966	1100640.727454	8.008489e-01	71	39	1100641.653406	1
142	4	22	106	kitchen	sun_awcpdzzznmweyyhv.tif	1100642.431354	1100642.689937	1100643.388552	8.091911e-01	96	none	NaN	NaN
142	4	23	93	kitchen	sun_ahspylgoovwmwvgk.tif	1100644.158070	1100644.416653	1100645.115191	6.506897e-01	83	none	NaN	NaN
142	4	24	97	kitchen	sun_ajkqhtgcbgpcwrwn.tif	1100645.884775	1100646.143356	1100646.841781	7.174271e-01	87	none	NaN	NaN
142	4	25	91	kitchen	sun_ahljzhgcdpomplvg.tif	1100647.611488	1100647.870077	1100648.568606	7.257693e-01	81	none	NaN	NaN
142	4	26	96	kitchen	sun_ajcbwwvdlsvjyzje.tif	1100649.338199	1100649.596789	1100650.295246	8.091911e-01	86	none	NaN	NaN
142	4	27	62	kitchen	labelme_kxvouciolcpqplr.tif	1100651.064912	1100651.323499	1100652.022029	7.758224e-01	52	none	NaN	NaN
142	4	28	109	kitchen	sun_aypmqwcualkenuoe.tif	1100652.791625	1100653.050213	1100653.748778	7.758224e-01	99	37	1100654.469273	1
142	4	29	76	kitchen	sun_acwjdupvyjsugpay.tif	1100655.244055	1100655.502650	1100656.201274	8.091911e-01	66	none	NaN	NaN
142	4	30	87	kitchen	sun_agorklincwxrdtga.tif	1100656.970766	1100657.229357	1100657.927781	8.425598e-01	77	none	NaN	NaN
142	4	31	102	kitchen	sun_auaiucuqpdausiva.tif	1100658.697479	1100658.956069	1100659.654541	8.342176e-01	92	none	NaN	NaN
142	4	32	110	kitchen	sun_azmutvzbxypaceni.tif	1100660.424193	1100660.682781	1100661.381296	7.674802e-01	100	37	1100662.445339	0
142	4	33	98	kitchen	sun_akchetnepxlcxhsu.tif	1100663.218623	1100663.477216	1100664.175714	6.673741e-01	88	none	NaN	NaN
142	4	34	100	kitchen	sun_amjjdeyrggfqgmom.tif	1100664.945342	1100665.203932	1100665.902361	7.341115e-01	90	39	1100666.948989	0
142	4	35	107	kitchen	sun_axyyrmzcupyhlivc.tif	1100667.723097	1100667.981684	1100668.680247	7.674802e-01	97	none	NaN	NaN
142	4	36	65	kitchen	sun_aamedkxepzlwuxes.tif	1100669.449807	1100669.708392	1100670.406899	8.175332e-01	55	none	NaN	NaN
142	4	37	64	kitchen	sun_aadbddgrdsjugojn.tif	1100671.176520	1100671.435107	1100672.133604	7.341115e-01	54	37	1100674.533141	1
142	4	38	89	kitchen	sun_agzzivivdpnawacl.tif	1100675.305617	1100675.564204	1100676.262631	8.425598e-01	79	none	NaN	NaN
142	4	39	103	kitchen	sun_aunzlwrbjumxhwdj.tif	1100677.032326	1100677.290914	1100677.989506	6.840584e-01	93	none	NaN	NaN
142	4	40	71	kitchen	sun_abftihopvusyfakt.tif	1100678.759038	1100679.017626	1100679.716273	7.424537e-01	61	none	NaN	NaN
142	4	41	83	kitchen	sun_aeqdocilnnpuvuhx.tif	1100680.485754	1100680.744337	1100681.442799	6.506897e-01	73	none	NaN	NaN
142	4	42	73	kitchen	sun_abrcnpqqhmjwekyf.tif	1100682.212465	1100682.471050	1100683.169469	6.506897e-01	63	none	NaN	NaN
142	4	43	84	kitchen	sun_aexklacwqwezaorf.tif	1100683.939173	1100684.197768	1100684.896287	7.174271e-01	74	none	NaN	NaN
142	4	44	92	kitchen	sun_ahpczsiumwwocjkv.tif	1100685.665883	1100685.924475	1100686.622922	7.674802e-01	82	none	NaN	NaN
142	4	45	82	kitchen	sun_aenotlpyftoioydp.tif	1100687.392595	1100687.651187	1100688.349735	8.258754e-01	72	39	1100689.077354	1
142	4	46	80	kitchen	sun_aegoxogugdkwpmpj.tif	1100689.853368	1100690.111958	1100690.810522	6.924006e-01	70	none	NaN	NaN
142	4	47	61	kitchen	labelme_brsyyvweiuaazfr.tif	1100691.580084	1100691.838673	1100692.537240	7.090850e-01	51	none	NaN	NaN
142	4	48	63	kitchen	labelme_rykdqxenmhulbdn.tif	1100693.306795	1100693.565384	1100694.263851	8.175332e-01	53	37	1100694.741331	1
142	4	49	67	kitchen	sun_aarfiyshqohlwkmo.tif	1100695.517321	1100695.775907	1100696.474510	7.007428e-01	57	none	NaN	NaN
142	4	50	74	kitchen	sun_acfmftudsenhrfhy.tif	1100697.244033	1100697.502626	1100698.201108	7.424537e-01	64	none	NaN	NaN
142	4	51	91	kitchen	sun_ahljzhgcdpomplvg.tif	1100698.970743	1100699.229333	1100699.927963	7.925067e-01	81	none	NaN	NaN
142	4	52	85	kitchen	sun_afuyedyxivkhecmu.tif	1100700.697458	1100700.956044	1100701.654556	8.258754e-01	75	none	NaN	NaN
142	4	53	78	kitchen	sun_adgqasybjyktddhj.tif	1100702.424165	1100702.682759	1100703.381305	6.757163e-01	68	none	NaN	NaN
142	4	54	92	kitchen	sun_ahpczsiumwwocjkv.tif	1100704.150879	1100704.409468	1100705.108031	6.590319e-01	82	none	NaN	NaN
142	4	55	87	kitchen	sun_agorklincwxrdtga.tif	1100705.877593	1100706.136182	1100706.834615	8.258754e-01	77	none	NaN	NaN
142	4	56	102	kitchen	sun_auaiucuqpdausiva.tif	1100707.604306	1100707.862891	1100708.561388	7.257693e-01	92	none	NaN	NaN
142	4	57	66	kitchen	sun_aapllqyqlykszopd.tif	1100709.331012	1100709.589605	1100710.288162	8.008489e-01	56	37	1100710.877470	0
142	4	58	106	kitchen	sun_awcpdzzznmweyyhv.tif	1100711.649980	1100711.908572	1100712.607130	7.090850e-01	96	none	NaN	NaN
142	4	59	64	kitchen	sun_aadbddgrdsjugojn.tif	1100713.376692	1100713.635283	1100714.333833	7.090850e-01	54	none	NaN	NaN
142	4	60	80	kitchen	sun_aegoxogugdkwpmpj.tif	1100715.103406	1100715.361997	1100716.060658	6.673741e-01	70	none	NaN	NaN
142	4	61	73	kitchen	sun_abrcnpqqhmjwekyf.tif	1100716.830116	1100717.088708	1100717.787237	7.674802e-01	63	none	NaN	NaN
142	4	62	105	kitchen	sun_avszsnwsbuqfgzbn.tif	1100718.556833	1100718.815421	1100719.513981	7.424537e-01	95	none	NaN	NaN
142	4	63	62	kitchen	labelme_kxvouciolcpqplr.tif	1100720.283546	1100720.542129	1100721.240755	7.174271e-01	52	none	NaN	NaN
142	4	64	89	kitchen	sun_agzzivivdpnawacl.tif	1100722.010258	1100722.268844	1100722.967414	6.673741e-01	79	none	NaN	NaN
142	4	65	103	kitchen	sun_aunzlwrbjumxhwdj.tif	1100723.736964	1100723.995551	1100724.694015	8.258754e-01	93	37	1100725.437412	1
142	4	66	108	kitchen	sun_aymvwlarqodbwuoc.tif	1100726.214421	1100726.473008	1100727.171582	8.425598e-01	98	none	NaN	NaN
142	4	67	72	kitchen	sun_abpwyqmlzafvklqo.tif	1100727.941137	1100728.199728	1100728.898336	7.591380e-01	62	none	NaN	NaN
142	4	68	70	kitchen	sun_abdxkyyxwfskuaqb.tif	1100729.667847	1100729.926439	1100730.625082	6.924006e-01	60	none	NaN	NaN
142	4	69	68	kitchen	sun_aaxxjlsuzvqlgylf.tif	1100731.394562	1100731.653147	1100732.351737	6.757163e-01	58	37	1100733.165287	1
142	4	70	110	kitchen	sun_azmutvzbxypaceni.tif	1100733.938749	1100734.197336	1100734.895868	7.507958e-01	100	none	NaN	NaN
142	4	71	107	kitchen	sun_axyyrmzcupyhlivc.tif	1100735.665463	1100735.924046	1100736.622556	6.924006e-01	97	none	NaN	NaN
142	4	72	97	kitchen	sun_ajkqhtgcbgpcwrwn.tif	1100737.392177	1100737.650759	1100738.349261	7.341115e-01	87	none	NaN	NaN
142	4	73	65	kitchen	sun_aamedkxepzlwuxes.tif	1100739.118882	1100739.377469	1100740.076075	7.591380e-01	55	39	1100741.085269	1
142	4	74	99	kitchen	sun_akcjzhbbjlbogpdi.tif	1100741.863271	1100742.121860	1100742.820369	6.840584e-01	89	none	NaN	NaN
142	4	75	94	kitchen	sun_ahywdevtimnqcsln.tif	1100743.589983	1100743.848574	1100744.547232	7.841645e-01	84	none	NaN	NaN
142	4	76	83	kitchen	sun_aeqdocilnnpuvuhx.tif	1100745.316698	1100745.575281	1100746.273800	8.342176e-01	73	none	NaN	NaN
142	4	77	86	kitchen	sun_aggjlwcdjsjcaemh.tif	1100747.043410	1100747.301995	1100748.000620	6.673741e-01	76	none	NaN	NaN
142	4	78	95	kitchen	sun_aixorpehvfykdynp.tif	1100748.770123	1100749.028710	1100749.727276	7.591380e-01	85	none	NaN	NaN
142	4	79	74	kitchen	sun_acfmftudsenhrfhy.tif	1100750.496829	1100750.755421	1100751.453897	7.591380e-01	64	none	NaN	NaN
142	4	80	77	kitchen	sun_acxkpeoqbwcxfvip.tif	1100752.223541	1100752.482140	1100753.180673	7.758224e-01	67	none	NaN	NaN
142	4	81	79	kitchen	sun_admlmbcdswaszruo.tif	1100753.950257	1100754.208843	1100754.907421	7.925067e-01	69	none	NaN	NaN
142	4	82	84	kitchen	sun_aexklacwqwezaorf.tif	1100755.676968	1100755.935553	1100756.634058	8.509020e-01	74	none	NaN	NaN
142	4	83	88	kitchen	sun_agubuxuukhzyzpdp.tif	1100757.403679	1100757.662270	1100758.360892	7.925067e-01	78	none	NaN	NaN
142	4	84	109	kitchen	sun_aypmqwcualkenuoe.tif	1100759.130392	1100759.388982	1100760.087614	8.425598e-01	99	none	NaN	NaN
142	4	85	63	kitchen	labelme_rykdqxenmhulbdn.tif	1100760.857105	1100761.115692	1100761.814278	6.590319e-01	53	none	NaN	NaN
142	4	86	101	kitchen	sun_aqeaevwwwjoqhzvl.tif	1100762.583816	1100762.842407	1100763.540847	8.342176e-01	91	none	NaN	NaN
142	4	87	93	kitchen	sun_ahspylgoovwmwvgk.tif	1100764.310529	1100764.569116	1100765.267702	7.841645e-01	83	none	NaN	NaN
142	4	88	81	kitchen	sun_aehawpgmrlhlvcow.tif	1100766.037242	1100766.295829	1100766.994329	7.341115e-01	71	none	NaN	NaN
142	4	89	90	kitchen	sun_ahdycvpopffkzzsu.tif	1100767.763956	1100768.022542	1100768.721157	8.258754e-01	80	none	NaN	NaN
142	4	90	98	kitchen	sun_akchetnepxlcxhsu.tif	1100769.490655	1100769.749256	1100770.447807	7.758224e-01	88	none	NaN	NaN
142	4	91	69	kitchen	sun_abdenxonkemggwsq.tif	1100771.217376	1100771.475964	1100772.174594	6.924006e-01	59	none	NaN	NaN
142	4	92	96	kitchen	sun_ajcbwwvdlsvjyzje.tif	1100772.944087	1100773.202683	1100773.901266	6.840584e-01	86	none	NaN	NaN
142	4	93	75	kitchen	sun_acgtpgfybqjmzeyw.tif	1100774.670799	1100774.929388	1100775.628035	8.175332e-01	65	none	NaN	NaN
142	4	94	76	kitchen	sun_acwjdupvyjsugpay.tif	1100776.397511	1100776.656098	1100777.354526	7.174271e-01	66	none	NaN	NaN
142	4	95	104	kitchen	sun_auticobqsbwgoppi.tif	1100778.124224	1100778.382813	1100779.081312	8.008489e-01	94	none	NaN	NaN
142	4	96	82	kitchen	sun_aenotlpyftoioydp.tif	1100779.850937	1100780.109528	1100780.808174	7.841645e-01	72	none	NaN	NaN
142	4	97	61	kitchen	labelme_brsyyvweiuaazfr.tif	1100781.577649	1100781.836235	1100782.534805	7.007428e-01	51	none	NaN	NaN
142	4	98	71	kitchen	sun_abftihopvusyfakt.tif	1100783.304360	1100783.562947	1100784.261422	6.590319e-01	61	none	NaN	NaN
142	4	99	67	kitchen	sun_aarfiyshqohlwkmo.tif	1100785.031076	1100785.289657	1100785.988115	6.924006e-01	57	none	NaN	NaN
142	4	100	100	kitchen	sun_amjjdeyrggfqgmom.tif	1100786.757787	1100787.016378	1100787.715005	7.507958e-01	90	none	NaN	NaN
142	5	1	47	bathroom	sun_apynckhmoftszqoq.tif	1100793.189163	1100793.447754	1100794.154739	7.591380e-01	37	none	NaN	NaN
142	5	2	55	bathroom	sun_avhrdrntsqrjzccq.tif	1100794.924219	1100795.182806	1100795.889565	6.506897e-01	45	39	1100799.029518	1
142	5	3	45	bathroom	sun_apkxzenqapsujocq.tif	1100799.804050	1100800.062636	1100800.769483	7.424537e-01	35	none	NaN	NaN
142	5	4	41	bathroom	sun_aoybiabnpadelefl.tif	1100801.539105	1100801.797698	1100802.504611	7.090850e-01	31	none	NaN	NaN
142	5	5	21	bathroom	sun_aggnnqpdorgxpvce.tif	1100803.274164	1100803.532750	1100804.239730	7.174271e-01	11	none	NaN	NaN
142	5	6	36	bathroom	sun_ambriybtogmepttm.tif	1100805.009218	1100805.267806	1100805.974601	8.509020e-01	26	none	NaN	NaN
142	5	7	24	bathroom	sun_agrwbmhcpmfuwmsg.tif	1100806.744268	1100807.002857	1100807.709631	6.757163e-01	14	none	NaN	NaN
142	5	8	37	bathroom	sun_amzlamotzwfkwjco.tif	1100808.479325	1100808.737910	1100809.444890	7.007428e-01	27	none	NaN	NaN
142	5	9	20	bathroom	sun_afcoljnjfoxjtgja.tif	1100810.214379	1100810.472968	1100811.179725	7.257693e-01	10	none	NaN	NaN
142	5	10	40	bathroom	sun_aofnryafpsjimzsb.tif	1100811.949431	1100812.208023	1100812.914876	7.507958e-01	30	none	NaN	NaN
142	5	11	42	bathroom	sun_apeeialkgkuxddgh.tif	1100813.684479	1100813.943075	1100814.649887	8.091911e-01	32	none	NaN	NaN
142	5	12	13	bathroom	sun_aavhrsfjbserjtht.tif	1100815.419538	1100815.678126	1100816.385110	8.175332e-01	3	none	NaN	NaN
142	5	13	11	bathroom	labelme_sfxiulhjbhlyiyt.tif	1100817.154590	1100817.413183	1100818.119997	7.257693e-01	1	none	NaN	NaN
142	5	14	34	bathroom	sun_alkosphxlxwjwgjd.tif	1100818.889643	1100819.148231	1100819.855033	6.590319e-01	24	37	1100820.701519	1
142	5	15	51	bathroom	sun_atstyziqcmkahyxk.tif	1100821.475545	1100821.734133	1100822.441093	7.257693e-01	41	39	1100823.165326	1
142	5	16	32	bathroom	sun_aleqenyvunhactkl.tif	1100823.936317	1100824.194901	1100824.901883	7.841645e-01	22	none	NaN	NaN
142	5	17	26	bathroom	sun_ahaulkltgpkeeemi.tif	1100825.671369	1100825.929958	1100826.636853	7.925067e-01	16	none	NaN	NaN
142	5	18	33	bathroom	sun_aljolscmmzydegqp.tif	1100827.406422	1100827.665015	1100828.371866	7.007428e-01	23	37	1100829.213498	1
142	5	19	28	bathroom	sun_ahijqszoswveeyji.tif	1100829.983983	1100830.242567	1100830.949508	7.007428e-01	18	none	NaN	NaN
142	5	20	19	bathroom	sun_aclfzgynxzxlbepz.tif	1100831.719032	1100831.977616	1100832.684503	7.591380e-01	9	none	NaN	NaN
142	5	21	35	bathroom	sun_alotolagknyrgtsk.tif	1100833.454082	1100833.712678	1100834.419561	7.174271e-01	25	none	NaN	NaN
142	5	22	58	bathroom	sun_axxbkopsgyouuebh.tif	1100835.189135	1100835.447726	1100836.154726	8.509020e-01	48	none	NaN	NaN
142	5	23	27	bathroom	sun_ahcvzmoyaycdoftf.tif	1100836.924192	1100837.182782	1100837.889733	7.174271e-01	17	none	NaN	NaN
142	5	24	23	bathroom	sun_aghyqhbptboemmoq.tif	1100838.659242	1100838.917831	1100839.624599	8.091911e-01	13	none	NaN	NaN
142	5	25	56	bathroom	sun_awnqiikzaispgmwo.tif	1100840.394298	1100840.652887	1100841.359810	8.175332e-01	46	none	NaN	NaN
142	5	26	15	bathroom	sun_abjtwfukuwddzted.tif	1100842.129355	1100842.387941	1100843.094770	7.424537e-01	5	none	NaN	NaN
142	5	27	48	bathroom	sun_aqrpegblszgcoujh.tif	1100843.864407	1100844.122996	1100844.829792	8.425598e-01	38	none	NaN	NaN
142	5	28	18	bathroom	sun_acgyywnybuveqsro.tif	1100845.599459	1100845.858047	1100846.565038	8.175332e-01	8	none	NaN	NaN
142	5	29	60	bathroom	sun_azqyogdvyhahyram.tif	1100847.334514	1100847.593099	1100848.299874	8.008489e-01	50	none	NaN	NaN
142	5	30	46	bathroom	sun_apmqjbnwghzuhhzh.tif	1100849.069568	1100849.328154	1100850.035059	6.757163e-01	36	none	NaN	NaN
142	5	31	30	bathroom	sun_ajlawzvmubibwbpy.tif	1100850.804620	1100851.063214	1100851.770203	6.590319e-01	20	none	NaN	NaN
142	5	32	31	bathroom	sun_akiytfaagpdsphgz.tif	1100852.539672	1100852.798265	1100853.505037	8.425598e-01	21	none	NaN	NaN
142	5	33	16	bathroom	sun_acduarbnmmoglmiv.tif	1100854.274730	1100854.533318	1100855.240230	6.673741e-01	6	none	NaN	NaN
142	5	34	29	bathroom	sun_ahqjwnzgolcaoidx.tif	1100856.009781	1100856.268371	1100856.975208	7.090850e-01	19	37	1100858.589481	0
142	5	35	49	bathroom	sun_asfwthctfqerjvxr.tif	1100859.363105	1100859.621695	1100860.328584	7.674802e-01	39	none	NaN	NaN
142	5	36	43	bathroom	sun_apjevzvycyhuqghb.tif	1100861.098164	1100861.356752	1100862.063575	8.008489e-01	33	none	NaN	NaN
142	5	37	22	bathroom	sun_agguqiubmwhqqunb.tif	1100862.833214	1100863.091802	1100863.798802	7.007428e-01	12	none	NaN	NaN
142	5	38	17	bathroom	sun_acegryoqftbzowsg.tif	1100864.568265	1100864.826857	1100865.533723	6.673741e-01	7	none	NaN	NaN
142	5	39	44	bathroom	sun_apkruvsevgegsdwp.tif	1100866.303325	1100866.561912	1100867.268880	7.758224e-01	34	39	1100867.893594	1
142	5	40	52	bathroom	sun_aunuadmjocsddsrl.tif	1100868.663993	1100868.922586	1100869.629432	8.008489e-01	42	none	NaN	NaN
142	5	41	59	bathroom	sun_axyrejkiiaqiurjk.tif	1100870.399049	1100870.657638	1100871.364598	8.008489e-01	49	none	NaN	NaN
142	5	42	53	bathroom	sun_ausgutylgojavyoq.tif	1100872.134102	1100872.392693	1100873.099615	7.090850e-01	43	none	NaN	NaN
142	5	43	12	bathroom	sun_aapitsgbtktqubfy.tif	1100873.869157	1100874.127749	1100874.834518	6.590319e-01	2	none	NaN	NaN
142	5	44	25	bathroom	sun_agyqfjcfkdcydepw.tif	1100875.604209	1100875.862800	1100876.569604	7.674802e-01	15	none	NaN	NaN
142	5	45	14	bathroom	sun_abapwbhyhkfixyex.tif	1100877.339261	1100877.597853	1100878.304725	7.591380e-01	4	none	NaN	NaN
142	5	46	54	bathroom	sun_auzqhkafidnkrwmo.tif	1100879.074317	1100879.332909	1100880.039851	8.091911e-01	44	none	NaN	NaN
142	5	47	39	bathroom	sun_anryaplzeujmzfkd.tif	1100880.809374	1100881.067959	1100881.774841	7.841645e-01	29	none	NaN	NaN
142	5	48	38	bathroom	sun_anhioqovhscjqqwb.tif	1100882.544430	1100882.803020	1100883.509888	6.757163e-01	28	none	NaN	NaN
142	5	49	57	bathroom	sun_axldvoqbuvuggfmq.tif	1100884.279476	1100884.538071	1100885.245066	7.758224e-01	47	none	NaN	NaN
142	5	50	50	bathroom	sun_aspsyogrekjtfozg.tif	1100886.014532	1100886.273120	1100886.980117	8.091911e-01	40	none	NaN	NaN
142	5	51	50	bathroom	sun_aspsyogrekjtfozg.tif	1100887.749585	1100888.008176	1100888.715164	7.674802e-01	40	none	NaN	NaN
142	5	52	58	bathroom	sun_axxbkopsgyouuebh.tif	1100889.484636	1100889.743227	1100890.450189	8.258754e-01	48	none	NaN	NaN
142	5	53	13	bathroom	sun_aavhrsfjbserjtht.tif	1100891.219692	1100891.478283	1100892.185263	8.258754e-01	3	none	NaN	NaN
142	5	54	28	bathroom	sun_ahijqszoswveeyji.tif	1100892.954749	1100893.213340	1100893.920303	7.424537e-01	18	none	NaN	NaN
142	5	55	31	bathroom	sun_akiytfaagpdsphgz.tif	1100894.689798	1100894.948390	1100895.655171	7.591380e-01	21	none	NaN	NaN
142	5	56	14	bathroom	sun_abapwbhyhkfixyex.tif	1100896.424853	1100896.683446	1100897.390289	8.342176e-01	4	none	NaN	NaN
142	5	57	26	bathroom	sun_ahaulkltgpkeeemi.tif	1100898.159910	1100898.418497	1100899.125440	7.341115e-01	16	none	NaN	NaN
142	5	58	45	bathroom	sun_apkxzenqapsujocq.tif	1100899.894968	1100900.153547	1100900.860532	8.258754e-01	35	none	NaN	NaN
142	5	59	52	bathroom	sun_aunuadmjocsddsrl.tif	1100901.630016	1100901.888603	1100902.595587	7.841645e-01	42	none	NaN	NaN
142	5	60	15	bathroom	sun_abjtwfukuwddzted.tif	1100903.365069	1100903.623660	1100904.330643	8.425598e-01	5	none	NaN	NaN
142	5	61	42	bathroom	sun_apeeialkgkuxddgh.tif	1100905.100123	1100905.358710	1100906.065649	8.342176e-01	32	none	NaN	NaN
142	5	62	32	bathroom	sun_aleqenyvunhactkl.tif	1100906.835178	1100907.093767	1100907.800767	8.342176e-01	22	none	NaN	NaN
142	5	63	34	bathroom	sun_alkosphxlxwjwgjd.tif	1100908.570230	1100908.828820	1100909.535712	7.758224e-01	24	none	NaN	NaN
142	5	64	16	bathroom	sun_acduarbnmmoglmiv.tif	1100910.305285	1100910.563870	1100911.270733	8.258754e-01	6	none	NaN	NaN
142	5	65	44	bathroom	sun_apkruvsevgegsdwp.tif	1100912.040335	1100912.298928	1100913.005808	7.591380e-01	34	none	NaN	NaN
142	5	66	36	bathroom	sun_ambriybtogmepttm.tif	1100913.775390	1100914.033977	1100914.740975	7.507958e-01	26	none	NaN	NaN
142	5	67	27	bathroom	sun_ahcvzmoyaycdoftf.tif	1100915.510448	1100915.769037	1100916.475802	6.840584e-01	17	none	NaN	NaN
142	5	68	33	bathroom	sun_aljolscmmzydegqp.tif	1100917.245495	1100917.504085	1100918.210965	8.175332e-01	23	39	1100919.013452	1
142	5	69	49	bathroom	sun_asfwthctfqerjvxr.tif	1100919.789686	1100920.048281	1100920.755207	6.924006e-01	39	none	NaN	NaN
142	5	70	46	bathroom	sun_apmqjbnwghzuhhzh.tif	1100921.524740	1100921.783331	1100922.490161	6.590319e-01	36	39	1100923.245784	1
142	5	71	60	bathroom	sun_azqyogdvyhahyram.tif	1100924.018887	1100924.277476	1100924.984458	6.924006e-01	50	37	1100925.693514	1
142	5	72	56	bathroom	sun_awnqiikzaispgmwo.tif	1100926.471310	1100926.729899	1100927.436768	8.342176e-01	46	none	NaN	NaN
142	5	73	53	bathroom	sun_ausgutylgojavyoq.tif	1100928.206365	1100928.464958	1100929.171929	7.925067e-01	43	none	NaN	NaN
142	5	74	12	bathroom	sun_aapitsgbtktqubfy.tif	1100929.941424	1100930.200007	1100930.906957	7.925067e-01	2	none	NaN	NaN
142	5	75	38	bathroom	sun_anhioqovhscjqqwb.tif	1100931.676472	1100931.935065	1100932.641933	6.924006e-01	28	none	NaN	NaN
142	5	76	47	bathroom	sun_apynckhmoftszqoq.tif	1100933.411524	1100933.670115	1100934.377060	6.924006e-01	37	none	NaN	NaN
142	5	77	55	bathroom	sun_avhrdrntsqrjzccq.tif	1100935.146578	1100935.405170	1100936.112121	6.840584e-01	45	none	NaN	NaN
142	5	78	29	bathroom	sun_ahqjwnzgolcaoidx.tif	1100936.881638	1100937.140228	1100937.847193	8.425598e-01	19	none	NaN	NaN
142	5	79	20	bathroom	sun_afcoljnjfoxjtgja.tif	1100938.616687	1100938.875276	1100939.582059	7.841645e-01	10	37	1100940.389572	1
142	5	80	59	bathroom	sun_axyrejkiiaqiurjk.tif	1100941.160879	1100941.419465	1100942.126463	6.506897e-01	49	none	NaN	NaN
142	5	81	39	bathroom	sun_anryaplzeujmzfkd.tif	1100942.895930	1100943.154519	1100943.861481	7.257693e-01	29	none	NaN	NaN
142	5	82	18	bathroom	sun_acgyywnybuveqsro.tif	1100944.630982	1100944.889570	1100945.596378	7.341115e-01	8	none	NaN	NaN
142	5	83	21	bathroom	sun_aggnnqpdorgxpvce.tif	1100946.366038	1100946.624628	1100947.331458	7.090850e-01	11	none	NaN	NaN
142	5	84	37	bathroom	sun_amzlamotzwfkwjco.tif	1100948.101091	1100948.359684	1100949.066594	7.174271e-01	27	37	1100949.845563	0
142	5	85	11	bathroom	labelme_sfxiulhjbhlyiyt.tif	1100950.620255	1100950.878845	1100951.585733	7.341115e-01	1	39	1100952.413659	0
142	5	86	35	bathroom	sun_alotolagknyrgtsk.tif	1100953.189470	1100953.448059	1100954.154831	7.507958e-01	25	37	1100954.813396	1
142	5	87	30	bathroom	sun_ajlawzvmubibwbpy.tif	1100955.591850	1100955.850444	1100956.557425	7.674802e-01	20	none	NaN	NaN
142	5	88	57	bathroom	sun_axldvoqbuvuggfmq.tif	1100957.326907	1100957.585490	1100958.292345	6.840584e-01	47	none	NaN	NaN
142	5	89	22	bathroom	sun_agguqiubmwhqqunb.tif	1100959.061963	1100959.320550	1100960.027453	6.757163e-01	12	none	NaN	NaN
142	5	90	19	bathroom	sun_aclfzgynxzxlbepz.tif	1100960.797012	1100961.055600	1100961.762361	7.341115e-01	9	none	NaN	NaN
142	5	91	25	bathroom	sun_agyqfjcfkdcydepw.tif	1100962.532072	1100962.790658	1100963.497425	6.673741e-01	15	37	1100964.285681	1
142	5	92	43	bathroom	sun_apjevzvycyhuqghb.tif	1100965.059568	1100965.318165	1100966.025021	6.673741e-01	33	none	NaN	NaN
142	5	93	54	bathroom	sun_auzqhkafidnkrwmo.tif	1100966.794629	1100967.053214	1100967.760174	7.758224e-01	44	none	NaN	NaN
142	5	94	51	bathroom	sun_atstyziqcmkahyxk.tif	1100968.529679	1100968.788267	1100969.495246	7.424537e-01	41	none	NaN	NaN
142	5	95	24	bathroom	sun_agrwbmhcpmfuwmsg.tif	1100970.264734	1100970.523323	1100971.230310	6.840584e-01	14	none	NaN	NaN
142	5	96	23	bathroom	sun_aghyqhbptboemmoq.tif	1100971.999788	1100972.258376	1100972.965296	6.924006e-01	13	37	1100974.957569	0
142	5	97	40	bathroom	sun_aofnryafpsjimzsb.tif	1100975.728482	1100975.987075	1100976.693960	6.506897e-01	30	none	NaN	NaN
142	5	98	41	bathroom	sun_aoybiabnpadelefl.tif	1100977.463540	1100977.722126	1100978.428989	7.507958e-01	31	none	NaN	NaN
142	5	99	48	bathroom	sun_aqrpegblszgcoujh.tif	1100979.198592	1100979.457185	1100980.164025	7.925067e-01	38	none	NaN	NaN
142	5	100	17	bathroom	sun_acegryoqftbzowsg.tif	1100980.933649	1100981.192236	1100981.898996	8.258754e-01	7	none	NaN	NaN
142	6	1	64	kitchen	sun_aadbddgrdsjugojn.tif	1100999.693918	1100999.952503	1101000.692742	8.425598e-01	54	none	NaN	NaN
142	6	2	81	kitchen	sun_aehawpgmrlhlvcow.tif	1101001.462333	1101001.720920	1101002.461177	7.090850e-01	71	none	NaN	NaN
142	6	3	108	kitchen	sun_aymvwlarqodbwuoc.tif	1101003.230751	1101003.489343	1101004.229661	6.840584e-01	98	none	NaN	NaN
142	6	4	65	kitchen	sun_aamedkxepzlwuxes.tif	1101004.999174	1101005.257766	1101005.997937	8.258754e-01	55	none	NaN	NaN
142	6	5	87	kitchen	sun_agorklincwxrdtga.tif	1101006.767593	1101007.026179	1101007.766543	8.175332e-01	77	none	NaN	NaN
142	6	6	90	kitchen	sun_ahdycvpopffkzzsu.tif	1101008.536013	1101008.794601	1101009.534852	7.507958e-01	80	none	NaN	NaN
142	6	7	99	kitchen	sun_akcjzhbbjlbogpdi.tif	1101010.304434	1101010.563020	1101011.303274	7.674802e-01	89	37	1101012.501529	0
142	6	8	93	kitchen	sun_ahspylgoovwmwvgk.tif	1101013.274044	1101013.532635	1101014.272852	7.007428e-01	83	none	NaN	NaN
142	6	9	62	kitchen	labelme_kxvouciolcpqplr.tif	1101015.042466	1101015.301058	1101016.041218	6.673741e-01	52	none	NaN	NaN
142	6	10	69	kitchen	sun_abdenxonkemggwsq.tif	1101016.810884	1101017.069473	1101017.809628	6.840584e-01	59	none	NaN	NaN
142	6	11	98	kitchen	sun_akchetnepxlcxhsu.tif	1101018.579304	1101018.837895	1101019.578233	7.841645e-01	88	none	NaN	NaN
142	6	12	106	kitchen	sun_awcpdzzznmweyyhv.tif	1101020.347724	1101020.606313	1101021.346544	7.925067e-01	96	none	NaN	NaN
142	6	13	109	kitchen	sun_aypmqwcualkenuoe.tif	1101022.116148	1101022.374736	1101023.114982	6.924006e-01	99	none	NaN	NaN
142	6	14	100	kitchen	sun_amjjdeyrggfqgmom.tif	1101023.884568	1101024.143158	1101024.883419	7.174271e-01	90	none	NaN	NaN
142	6	15	89	kitchen	sun_agzzivivdpnawacl.tif	1101025.652986	1101025.911574	1101026.651805	8.258754e-01	79	none	NaN	NaN
142	6	16	103	kitchen	sun_aunzlwrbjumxhwdj.tif	1101027.421402	1101027.679994	1101028.420323	6.924006e-01	93	none	NaN	NaN
142	6	17	78	kitchen	sun_adgqasybjyktddhj.tif	1101029.189826	1101029.448410	1101030.188605	8.342176e-01	68	none	NaN	NaN
142	6	18	68	kitchen	sun_aaxxjlsuzvqlgylf.tif	1101030.958247	1101031.216836	1101031.957030	8.258754e-01	58	none	NaN	NaN
142	6	19	71	kitchen	sun_abftihopvusyfakt.tif	1101032.726666	1101032.985255	1101033.725614	7.090850e-01	61	none	NaN	NaN
142	6	20	105	kitchen	sun_avszsnwsbuqfgzbn.tif	1101034.495087	1101034.753682	1101035.493935	6.506897e-01	95	37	1101035.973781	0
142	6	21	73	kitchen	sun_abrcnpqqhmjwekyf.tif	1101036.747320	1101037.005907	1101037.746151	7.591380e-01	63	none	NaN	NaN
142	6	22	67	kitchen	sun_aarfiyshqohlwkmo.tif	1101038.515737	1101038.774328	1101039.514591	7.758224e-01	57	none	NaN	NaN
142	6	23	86	kitchen	sun_aggjlwcdjsjcaemh.tif	1101040.284158	1101040.542750	1101041.282906	8.008489e-01	76	none	NaN	NaN
142	6	24	74	kitchen	sun_acfmftudsenhrfhy.tif	1101042.052578	1101042.311169	1101043.051431	6.590319e-01	64	none	NaN	NaN
142	6	25	66	kitchen	sun_aapllqyqlykszopd.tif	1101043.820999	1101044.079589	1101044.819846	7.174271e-01	56	none	NaN	NaN
142	6	26	95	kitchen	sun_aixorpehvfykdynp.tif	1101045.589419	1101045.848006	1101046.588374	7.591380e-01	85	none	NaN	NaN
142	6	27	70	kitchen	sun_abdxkyyxwfskuaqb.tif	1101047.357841	1101047.616431	1101048.357115	8.342176e-01	60	39	1101050.285350	1
142	6	28	75	kitchen	sun_acgtpgfybqjmzeyw.tif	1101051.061513	1101051.320100	1101052.060276	8.425598e-01	65	none	NaN	NaN
142	6	29	94	kitchen	sun_ahywdevtimnqcsln.tif	1101052.829931	1101053.088523	1101053.828700	7.424537e-01	84	none	NaN	NaN
142	6	30	85	kitchen	sun_afuyedyxivkhecmu.tif	1101054.598357	1101054.856945	1101055.597168	7.841645e-01	75	none	NaN	NaN
142	6	31	107	kitchen	sun_axyyrmzcupyhlivc.tif	1101056.366776	1101056.625362	1101057.365593	8.175332e-01	97	none	NaN	NaN
142	6	32	91	kitchen	sun_ahljzhgcdpomplvg.tif	1101058.135193	1101058.393774	1101059.133930	7.257693e-01	81	none	NaN	NaN
142	6	33	96	kitchen	sun_ajcbwwvdlsvjyzje.tif	1101059.903613	1101060.162201	1101060.902397	7.758224e-01	86	39	1101064.453800	1
142	6	34	82	kitchen	sun_aenotlpyftoioydp.tif	1101065.225556	1101065.484144	1101066.224506	7.591380e-01	72	37	1101067.333802	1
142	6	35	102	kitchen	sun_auaiucuqpdausiva.tif	1101068.111747	1101068.370341	1101069.110463	8.008489e-01	92	37	1101069.613649	1
142	6	36	72	kitchen	sun_abpwyqmlzafvklqo.tif	1101070.389009	1101070.647601	1101071.387889	7.257693e-01	62	none	NaN	NaN
142	6	37	84	kitchen	sun_aexklacwqwezaorf.tif	1101072.157430	1101072.416019	1101073.156360	7.674802e-01	74	39	1101073.821766	1
142	6	38	101	kitchen	sun_aqeaevwwwjoqhzvl.tif	1101074.593181	1101074.851764	1101075.592075	7.674802e-01	91	none	NaN	NaN
142	6	39	110	kitchen	sun_azmutvzbxypaceni.tif	1101076.361597	1101076.620188	1101077.360324	6.590319e-01	100	none	NaN	NaN
142	6	40	83	kitchen	sun_aeqdocilnnpuvuhx.tif	1101078.130017	1101078.388607	1101079.128802	8.008489e-01	73	none	NaN	NaN
142	6	41	77	kitchen	sun_acxkpeoqbwcxfvip.tif	1101079.898440	1101080.157025	1101080.897204	8.258754e-01	67	none	NaN	NaN
142	6	42	63	kitchen	labelme_rykdqxenmhulbdn.tif	1101081.666856	1101081.925445	1101082.665768	6.506897e-01	53	none	NaN	NaN
142	6	43	80	kitchen	sun_aegoxogugdkwpmpj.tif	1101083.435278	1101083.693872	1101084.434235	7.090850e-01	70	none	NaN	NaN
142	6	44	79	kitchen	sun_admlmbcdswaszruo.tif	1101085.203697	1101085.462287	1101086.202504	7.925067e-01	69	37	1101087.477679	1
142	6	45	61	kitchen	labelme_brsyyvweiuaazfr.tif	1101088.248379	1101088.506975	1101089.247116	7.007428e-01	51	none	NaN	NaN
142	6	46	97	kitchen	sun_ajkqhtgcbgpcwrwn.tif	1101090.016808	1101090.275391	1101091.015742	7.090850e-01	87	none	NaN	NaN
142	6	47	88	kitchen	sun_agubuxuukhzyzpdp.tif	1101091.785226	1101092.043810	1101092.783967	7.341115e-01	78	none	NaN	NaN
142	6	48	104	kitchen	sun_auticobqsbwgoppi.tif	1101093.553645	1101093.812234	1101094.552415	7.758224e-01	94	none	NaN	NaN
142	6	49	76	kitchen	sun_acwjdupvyjsugpay.tif	1101095.322064	1101095.580659	1101096.320901	7.591380e-01	66	none	NaN	NaN
142	6	50	92	kitchen	sun_ahpczsiumwwocjkv.tif	1101097.090484	1101097.349074	1101098.089331	7.174271e-01	82	none	NaN	NaN
142	6	51	105	kitchen	sun_avszsnwsbuqfgzbn.tif	1101098.858901	1101099.117496	1101099.857795	8.258754e-01	95	none	NaN	NaN
142	6	52	92	kitchen	sun_ahpczsiumwwocjkv.tif	1101100.627328	1101100.885911	1101101.626172	8.342176e-01	82	none	NaN	NaN
142	6	53	83	kitchen	sun_aeqdocilnnpuvuhx.tif	1101102.395745	1101102.654334	1101103.394682	7.341115e-01	73	none	NaN	NaN
142	6	54	94	kitchen	sun_ahywdevtimnqcsln.tif	1101104.164164	1101104.422752	1101105.162935	8.091911e-01	84	none	NaN	NaN
142	6	55	101	kitchen	sun_aqeaevwwwjoqhzvl.tif	1101105.932588	1101106.191175	1101106.931461	7.007428e-01	91	none	NaN	NaN
142	6	56	81	kitchen	sun_aehawpgmrlhlvcow.tif	1101107.701004	1101107.959597	1101108.699764	6.840584e-01	71	none	NaN	NaN
142	6	57	87	kitchen	sun_agorklincwxrdtga.tif	1101109.469423	1101109.728012	1101110.468179	8.091911e-01	77	none	NaN	NaN
142	6	58	89	kitchen	sun_agzzivivdpnawacl.tif	1101111.237845	1101111.496431	1101112.236767	7.257693e-01	79	none	NaN	NaN
142	6	59	74	kitchen	sun_acfmftudsenhrfhy.tif	1101113.006268	1101113.264853	1101114.005156	8.008489e-01	64	none	NaN	NaN
142	6	60	67	kitchen	sun_aarfiyshqohlwkmo.tif	1101114.774688	1101115.033274	1101115.773403	6.924006e-01	57	none	NaN	NaN
142	6	61	63	kitchen	labelme_rykdqxenmhulbdn.tif	1101116.543107	1101116.801694	1101117.542035	6.673741e-01	53	none	NaN	NaN
142	6	62	84	kitchen	sun_aexklacwqwezaorf.tif	1101118.311527	1101118.570116	1101119.310327	6.590319e-01	74	none	NaN	NaN
142	6	63	103	kitchen	sun_aunzlwrbjumxhwdj.tif	1101120.079944	1101120.338537	1101121.078658	6.924006e-01	93	37	1101121.765608	1
142	6	64	91	kitchen	sun_ahljzhgcdpomplvg.tif	1101122.540721	1101122.799304	1101123.539535	6.924006e-01	81	none	NaN	NaN
142	6	65	62	kitchen	labelme_kxvouciolcpqplr.tif	1101124.309141	1101124.567728	1101125.307945	7.424537e-01	52	39	1101126.109675	1
142	6	66	106	kitchen	sun_awcpdzzznmweyyhv.tif	1101126.886691	1101127.145282	1101127.885566	6.673741e-01	96	none	NaN	NaN
142	6	67	68	kitchen	sun_aaxxjlsuzvqlgylf.tif	1101128.655118	1101128.913706	1101129.653939	7.507958e-01	58	none	NaN	NaN
142	6	68	65	kitchen	sun_aamedkxepzlwuxes.tif	1101130.423537	1101130.682125	1101131.422445	7.341115e-01	55	none	NaN	NaN
142	6	69	96	kitchen	sun_ajcbwwvdlsvjyzje.tif	1101132.191954	1101132.450547	1101133.190846	7.007428e-01	86	none	NaN	NaN
142	6	70	110	kitchen	sun_azmutvzbxypaceni.tif	1101133.960375	1101134.218963	1101134.959298	8.425598e-01	100	none	NaN	NaN
142	6	71	77	kitchen	sun_acxkpeoqbwcxfvip.tif	1101135.728795	1101135.987387	1101136.727699	8.509020e-01	67	39	1101137.357874	1
142	6	72	86	kitchen	sun_aggjlwcdjsjcaemh.tif	1101138.131172	1101138.389769	1101139.130109	7.925067e-01	76	none	NaN	NaN
142	6	73	64	kitchen	sun_aadbddgrdsjugojn.tif	1101139.899601	1101140.158219	1101140.898509	6.757163e-01	54	none	NaN	NaN
142	6	74	76	kitchen	sun_acwjdupvyjsugpay.tif	1101141.668022	1101141.926607	1101142.666916	8.175332e-01	66	none	NaN	NaN
142	6	75	104	kitchen	sun_auticobqsbwgoppi.tif	1101143.436439	1101143.695029	1101144.435377	8.509020e-01	94	none	NaN	NaN
142	6	76	95	kitchen	sun_aixorpehvfykdynp.tif	1101145.204859	1101145.463447	1101146.203800	7.507958e-01	85	none	NaN	NaN
142	6	77	109	kitchen	sun_aypmqwcualkenuoe.tif	1101146.973279	1101147.231868	1101147.972052	8.342176e-01	99	none	NaN	NaN
142	6	78	108	kitchen	sun_aymvwlarqodbwuoc.tif	1101148.741697	1101149.000290	1101149.740490	6.757163e-01	98	37	1101150.677867	1
142	6	79	100	kitchen	sun_amjjdeyrggfqgmom.tif	1101151.452719	1101151.711310	1101152.451666	7.591380e-01	90	none	NaN	NaN
142	6	80	99	kitchen	sun_akcjzhbbjlbogpdi.tif	1101153.221139	1101153.479727	1101154.219980	6.590319e-01	89	none	NaN	NaN
142	6	81	70	kitchen	sun_abdxkyyxwfskuaqb.tif	1101154.989563	1101155.248147	1101155.988323	7.174271e-01	60	none	NaN	NaN
142	6	82	75	kitchen	sun_acgtpgfybqjmzeyw.tif	1101156.757981	1101157.016562	1101157.756927	6.673741e-01	65	37	1101158.565874	1
142	6	83	90	kitchen	sun_ahdycvpopffkzzsu.tif	1101159.343872	1101159.602464	1101160.342822	6.757163e-01	80	none	NaN	NaN
142	6	84	97	kitchen	sun_ajkqhtgcbgpcwrwn.tif	1101161.112299	1101161.370888	1101162.111103	6.840584e-01	87	none	NaN	NaN
142	6	85	88	kitchen	sun_agubuxuukhzyzpdp.tif	1101162.880715	1101163.139310	1101163.879482	6.506897e-01	78	none	NaN	NaN
142	6	86	80	kitchen	sun_aegoxogugdkwpmpj.tif	1101164.649139	1101164.907726	1101165.647921	8.091911e-01	70	none	NaN	NaN
142	6	87	82	kitchen	sun_aenotlpyftoioydp.tif	1101166.417556	1101166.676144	1101167.416526	7.257693e-01	72	none	NaN	NaN
142	6	88	102	kitchen	sun_auaiucuqpdausiva.tif	1101168.185976	1101168.444564	1101169.184889	7.925067e-01	92	39	1101170.341655	1
142	6	89	66	kitchen	sun_aapllqyqlykszopd.tif	1101171.113881	1101171.372471	1101172.112744	7.841645e-01	56	none	NaN	NaN
142	6	90	78	kitchen	sun_adgqasybjyktddhj.tif	1101172.882297	1101173.140886	1101173.881018	8.091911e-01	68	none	NaN	NaN
142	6	91	61	kitchen	labelme_brsyyvweiuaazfr.tif	1101174.650722	1101174.909312	1101175.649633	8.175332e-01	51	none	NaN	NaN
142	6	92	79	kitchen	sun_admlmbcdswaszruo.tif	1101176.419142	1101176.677726	1101177.418072	8.425598e-01	69	37	1101178.101700	1
142	6	93	73	kitchen	sun_abrcnpqqhmjwekyf.tif	1101178.879913	1101179.138500	1101179.878641	7.674802e-01	63	none	NaN	NaN
142	6	94	69	kitchen	sun_abdenxonkemggwsq.tif	1101180.648336	1101180.906922	1101181.647125	6.757163e-01	59	none	NaN	NaN
142	6	95	98	kitchen	sun_akchetnepxlcxhsu.tif	1101182.416753	1101182.675346	1101183.415578	7.758224e-01	88	none	NaN	NaN
142	6	96	107	kitchen	sun_axyyrmzcupyhlivc.tif	1101184.185124	1101184.443761	1101185.183943	7.841645e-01	97	none	NaN	NaN
142	6	97	71	kitchen	sun_abftihopvusyfakt.tif	1101185.953596	1101186.212184	1101186.952523	7.507958e-01	61	none	NaN	NaN
142	6	98	85	kitchen	sun_afuyedyxivkhecmu.tif	1101187.722018	1101187.980608	1101188.720735	7.341115e-01	75	none	NaN	NaN
142	6	99	93	kitchen	sun_ahspylgoovwmwvgk.tif	1101189.490435	1101189.749025	1101190.489208	7.424537e-01	83	none	NaN	NaN
142	6	100	72	kitchen	sun_abpwyqmlzafvklqo.tif	1101191.258858	1101191.517444	1101192.257606	7.424537e-01	62	none	NaN	NaN
142	7	1	30	bathroom	sun_ajlawzvmubibwbpy.tif	1101223.482494	1101223.741059	1101224.431219	6.673741e-01	20	37	1101225.765536	1
142	7	2	24	bathroom	sun_agrwbmhcpmfuwmsg.tif	1101226.543842	1101226.802427	1101227.492545	7.424537e-01	14	none	NaN	NaN
142	7	3	18	bathroom	sun_acgyywnybuveqsro.tif	1101228.262210	1101228.520803	1101229.210958	7.674802e-01	8	none	NaN	NaN
142	7	4	11	bathroom	labelme_sfxiulhjbhlyiyt.tif	1101229.980581	1101230.239173	1101230.929481	7.507958e-01	1	none	NaN	NaN
142	7	5	36	bathroom	sun_ambriybtogmepttm.tif	1101231.698953	1101231.957538	1101232.647782	7.841645e-01	26	none	NaN	NaN
142	7	6	59	bathroom	sun_axyrejkiiaqiurjk.tif	1101233.417325	1101233.675914	1101234.366218	8.008489e-01	49	37	1101235.141856	0
142	7	7	41	bathroom	sun_aoybiabnpadelefl.tif	1101235.919803	1101236.178396	1101236.868536	7.007428e-01	31	none	NaN	NaN
142	7	8	27	bathroom	sun_ahcvzmoyaycdoftf.tif	1101237.638177	1101237.896766	1101238.586901	7.341115e-01	17	none	NaN	NaN
142	7	9	33	bathroom	sun_aljolscmmzydegqp.tif	1101239.356543	1101239.615136	1101240.305297	7.424537e-01	23	none	NaN	NaN
142	7	10	19	bathroom	sun_aclfzgynxzxlbepz.tif	1101241.074920	1101241.333506	1101242.023745	6.757163e-01	9	none	NaN	NaN
142	7	11	50	bathroom	sun_aspsyogrekjtfozg.tif	1101242.793285	1101243.051875	1101243.742187	7.507958e-01	40	none	NaN	NaN
142	7	12	25	bathroom	sun_agyqfjcfkdcydepw.tif	1101244.511656	1101244.770242	1101245.460553	6.506897e-01	15	37	1101246.101769	1
142	7	13	48	bathroom	sun_aqrpegblszgcoujh.tif	1101246.872329	1101247.130921	1101247.821110	8.008489e-01	38	none	NaN	NaN
142	7	14	52	bathroom	sun_aunuadmjocsddsrl.tif	1101248.590702	1101248.849287	1101249.539385	8.342176e-01	42	none	NaN	NaN
142	7	15	45	bathroom	sun_apkxzenqapsujocq.tif	1101250.309073	1101250.567659	1101251.257777	7.925067e-01	35	none	NaN	NaN
142	7	16	54	bathroom	sun_auzqhkafidnkrwmo.tif	1101252.027444	1101252.286028	1101252.976246	6.840584e-01	44	none	NaN	NaN
142	7	17	43	bathroom	sun_apjevzvycyhuqghb.tif	1101253.745810	1101254.004401	1101254.694504	6.924006e-01	33	37	1101255.221712	1
142	7	18	23	bathroom	sun_aghyqhbptboemmoq.tif	1101255.998043	1101256.256631	1101256.946754	7.591380e-01	13	none	NaN	NaN
142	7	19	57	bathroom	sun_axldvoqbuvuggfmq.tif	1101257.716415	1101257.975005	1101258.665244	7.507958e-01	47	none	NaN	NaN
142	7	20	13	bathroom	sun_aavhrsfjbserjtht.tif	1101259.434785	1101259.693377	1101260.383562	8.175332e-01	3	none	NaN	NaN
142	7	21	28	bathroom	sun_ahijqszoswveeyji.tif	1101261.153158	1101261.411744	1101262.102051	7.341115e-01	18	39	1101262.725854	1
142	7	22	51	bathroom	sun_atstyziqcmkahyxk.tif	1101263.497150	1101263.755737	1101264.445843	7.257693e-01	41	none	NaN	NaN
142	7	23	55	bathroom	sun_avhrdrntsqrjzccq.tif	1101265.215517	1101265.474108	1101266.164264	7.090850e-01	45	none	NaN	NaN
142	7	24	40	bathroom	sun_aofnryafpsjimzsb.tif	1101266.933888	1101267.192475	1101267.882743	6.924006e-01	30	none	NaN	NaN
142	7	25	44	bathroom	sun_apkruvsevgegsdwp.tif	1101268.652260	1101268.910849	1101269.600991	8.091911e-01	34	none	NaN	NaN
142	7	26	42	bathroom	sun_apeeialkgkuxddgh.tif	1101270.370632	1101270.629209	1101271.319457	8.175332e-01	32	none	NaN	NaN
142	7	27	20	bathroom	sun_afcoljnjfoxjtgja.tif	1101272.089000	1101272.347592	1101273.037730	7.174271e-01	10	none	NaN	NaN
142	7	28	17	bathroom	sun_acegryoqftbzowsg.tif	1101273.807372	1101274.065959	1101274.756267	8.258754e-01	7	none	NaN	NaN
142	7	29	37	bathroom	sun_amzlamotzwfkwjco.tif	1101275.525743	1101275.784334	1101276.474612	6.924006e-01	27	none	NaN	NaN
142	7	30	16	bathroom	sun_acduarbnmmoglmiv.tif	1101277.244112	1101277.502704	1101278.192873	6.840584e-01	6	none	NaN	NaN
142	7	31	34	bathroom	sun_alkosphxlxwjwgjd.tif	1101278.962482	1101279.221069	1101279.911297	8.342176e-01	24	none	NaN	NaN
142	7	32	49	bathroom	sun_asfwthctfqerjvxr.tif	1101280.680857	1101280.939442	1101281.629684	7.674802e-01	39	none	NaN	NaN
142	7	33	31	bathroom	sun_akiytfaagpdsphgz.tif	1101282.399225	1101282.657809	1101283.347970	7.925067e-01	21	none	NaN	NaN
142	7	34	53	bathroom	sun_ausgutylgojavyoq.tif	1101284.117594	1101284.376187	1101285.066451	7.090850e-01	43	39	1101285.829878	1
142	7	35	39	bathroom	sun_anryaplzeujmzfkd.tif	1101286.603392	1101286.861983	1101287.552193	8.425598e-01	29	none	NaN	NaN
142	7	36	21	bathroom	sun_aggnnqpdorgxpvce.tif	1101288.321764	1101288.580351	1101289.270478	7.925067e-01	11	39	1101289.965953	1
142	7	37	56	bathroom	sun_awnqiikzaispgmwo.tif	1101290.740830	1101290.999418	1101291.689561	7.341115e-01	46	none	NaN	NaN
142	7	38	14	bathroom	sun_abapwbhyhkfixyex.tif	1101292.459200	1101292.717787	1101293.407984	8.175332e-01	4	none	NaN	NaN
142	7	39	60	bathroom	sun_azqyogdvyhahyram.tif	1101294.177572	1101294.436159	1101295.126297	7.591380e-01	50	none	NaN	NaN
142	7	40	38	bathroom	sun_anhioqovhscjqqwb.tif	1101295.895939	1101296.154524	1101296.844774	8.258754e-01	28	none	NaN	NaN
142	7	41	47	bathroom	sun_apynckhmoftszqoq.tif	1101297.614310	1101297.872899	1101298.563008	6.506897e-01	37	none	NaN	NaN
142	7	42	12	bathroom	sun_aapitsgbtktqubfy.tif	1101299.332680	1101299.591271	1101300.281355	8.008489e-01	2	none	NaN	NaN
142	7	43	22	bathroom	sun_agguqiubmwhqqunb.tif	1101301.051052	1101301.309640	1101301.999783	7.424537e-01	12	37	1101302.645955	1
142	7	44	46	bathroom	sun_apmqjbnwghzuhhzh.tif	1101303.420066	1101303.678654	1101304.369015	8.342176e-01	36	none	NaN	NaN
142	7	45	58	bathroom	sun_axxbkopsgyouuebh.tif	1101305.138436	1101305.397026	1101306.087243	8.258754e-01	48	none	NaN	NaN
142	7	46	35	bathroom	sun_alotolagknyrgtsk.tif	1101306.856807	1101307.115399	1101307.805704	8.425598e-01	25	none	NaN	NaN
142	7	47	26	bathroom	sun_ahaulkltgpkeeemi.tif	1101308.575182	1101308.833769	1101309.524051	8.091911e-01	16	none	NaN	NaN
142	7	48	29	bathroom	sun_ahqjwnzgolcaoidx.tif	1101310.293546	1101310.552138	1101311.242381	6.673741e-01	19	none	NaN	NaN
142	7	49	32	bathroom	sun_aleqenyvunhactkl.tif	1101312.011915	1101312.270507	1101312.960598	7.591380e-01	22	none	NaN	NaN
142	7	50	15	bathroom	sun_abjtwfukuwddzted.tif	1101313.730286	1101313.988881	1101314.679167	6.590319e-01	5	none	NaN	NaN
142	7	51	16	bathroom	sun_acduarbnmmoglmiv.tif	1101315.448657	1101315.707247	1101316.397448	7.174271e-01	6	none	NaN	NaN
142	7	52	53	bathroom	sun_ausgutylgojavyoq.tif	1101317.167034	1101317.425618	1101318.115792	8.342176e-01	43	none	NaN	NaN
142	7	53	23	bathroom	sun_aghyqhbptboemmoq.tif	1101318.885399	1101319.143990	1101319.834107	7.758224e-01	13	none	NaN	NaN
142	7	54	17	bathroom	sun_acegryoqftbzowsg.tif	1101320.603774	1101320.862362	1101321.552486	6.673741e-01	7	none	NaN	NaN
142	7	55	32	bathroom	sun_aleqenyvunhactkl.tif	1101322.322138	1101322.580727	1101323.271028	8.425598e-01	22	37	1101323.894128	1
142	7	56	37	bathroom	sun_amzlamotzwfkwjco.tif	1101324.666132	1101324.924718	1101325.614924	8.091911e-01	27	none	NaN	NaN
142	7	57	59	bathroom	sun_axyrejkiiaqiurjk.tif	1101326.384505	1101326.643096	1101327.333308	7.507958e-01	49	39	1101330.357929	1
142	7	58	41	bathroom	sun_aoybiabnpadelefl.tif	1101331.130878	1101331.389467	1101332.079591	7.007428e-01	31	none	NaN	NaN
142	7	59	26	bathroom	sun_ahaulkltgpkeeemi.tif	1101332.849249	1101333.107838	1101333.798055	8.091911e-01	16	none	NaN	NaN
142	7	60	55	bathroom	sun_avhrdrntsqrjzccq.tif	1101334.567615	1101334.826206	1101335.516432	6.757163e-01	45	none	NaN	NaN
142	7	61	40	bathroom	sun_aofnryafpsjimzsb.tif	1101336.285985	1101336.544579	1101337.234677	7.341115e-01	30	none	NaN	NaN
142	7	62	33	bathroom	sun_aljolscmmzydegqp.tif	1101338.004358	1101338.262947	1101338.953076	6.924006e-01	23	none	NaN	NaN
142	7	63	24	bathroom	sun_agrwbmhcpmfuwmsg.tif	1101339.722726	1101339.981316	1101340.671592	7.591380e-01	14	none	NaN	NaN
142	7	64	39	bathroom	sun_anryaplzeujmzfkd.tif	1101341.441097	1101341.699691	1101342.389873	8.509020e-01	29	none	NaN	NaN
142	7	65	38	bathroom	sun_anhioqovhscjqqwb.tif	1101343.159468	1101343.418062	1101344.108337	6.590319e-01	28	none	NaN	NaN
142	7	66	15	bathroom	sun_abjtwfukuwddzted.tif	1101344.877840	1101345.136427	1101345.826615	6.757163e-01	5	none	NaN	NaN
142	7	67	42	bathroom	sun_apeeialkgkuxddgh.tif	1101346.596208	1101346.854802	1101347.545060	7.841645e-01	32	none	NaN	NaN
142	7	68	11	bathroom	labelme_sfxiulhjbhlyiyt.tif	1101348.314582	1101348.573171	1101349.263412	8.509020e-01	1	none	NaN	NaN
142	7	69	12	bathroom	sun_aapitsgbtktqubfy.tif	1101350.032951	1101350.291539	1101350.981745	6.840584e-01	2	none	NaN	NaN
142	7	70	43	bathroom	sun_apjevzvycyhuqghb.tif	1101351.751319	1101352.009914	1101352.700217	7.257693e-01	33	none	NaN	NaN
142	7	71	47	bathroom	sun_apynckhmoftszqoq.tif	1101353.469695	1101353.728281	1101354.418515	8.008489e-01	37	37	1101355.061683	1
142	7	72	34	bathroom	sun_alkosphxlxwjwgjd.tif	1101355.838707	1101356.097296	1101356.787451	7.591380e-01	24	none	NaN	NaN
142	7	73	30	bathroom	sun_ajlawzvmubibwbpy.tif	1101357.557075	1101357.815669	1101358.505881	7.174271e-01	20	none	NaN	NaN
142	7	74	56	bathroom	sun_awnqiikzaispgmwo.tif	1101359.275452	1101359.534040	1101360.224257	6.590319e-01	46	none	NaN	NaN
142	7	75	36	bathroom	sun_ambriybtogmepttm.tif	1101360.993822	1101361.252411	1101361.942638	8.175332e-01	26	none	NaN	NaN
142	7	76	46	bathroom	sun_apmqjbnwghzuhhzh.tif	1101362.712191	1101362.970782	1101363.660943	6.673741e-01	36	none	NaN	NaN
142	7	77	14	bathroom	sun_abapwbhyhkfixyex.tif	1101364.430561	1101364.689149	1101365.379250	7.758224e-01	4	none	NaN	NaN
142	7	78	19	bathroom	sun_aclfzgynxzxlbepz.tif	1101366.148929	1101366.407522	1101367.097669	6.924006e-01	9	none	NaN	NaN
142	7	79	25	bathroom	sun_agyqfjcfkdcydepw.tif	1101367.867299	1101368.125891	1101368.816088	7.007428e-01	15	none	NaN	NaN
142	7	80	13	bathroom	sun_aavhrsfjbserjtht.tif	1101369.585670	1101369.844263	1101370.534373	7.257693e-01	3	none	NaN	NaN
142	7	81	60	bathroom	sun_azqyogdvyhahyram.tif	1101371.304042	1101371.562632	1101372.252847	7.424537e-01	50	none	NaN	NaN
142	7	82	50	bathroom	sun_aspsyogrekjtfozg.tif	1101373.022417	1101373.280999	1101373.971295	6.506897e-01	40	39	1101374.677704	1
142	7	83	22	bathroom	sun_agguqiubmwhqqunb.tif	1101375.449825	1101375.708412	1101376.398547	6.590319e-01	12	none	NaN	NaN
142	7	84	20	bathroom	sun_afcoljnjfoxjtgja.tif	1101377.168189	1101377.426784	1101378.117096	8.258754e-01	10	none	NaN	NaN
142	7	85	18	bathroom	sun_acgyywnybuveqsro.tif	1101378.886557	1101379.145148	1101379.835251	6.757163e-01	8	none	NaN	NaN
142	7	86	58	bathroom	sun_axxbkopsgyouuebh.tif	1101380.604931	1101380.863519	1101381.553691	7.758224e-01	48	none	NaN	NaN
142	7	87	35	bathroom	sun_alotolagknyrgtsk.tif	1101382.323303	1101382.581895	1101383.272153	7.257693e-01	25	none	NaN	NaN
142	7	88	44	bathroom	sun_apkruvsevgegsdwp.tif	1101384.041673	1101384.300263	1101384.990565	7.007428e-01	34	none	NaN	NaN
142	7	89	48	bathroom	sun_aqrpegblszgcoujh.tif	1101385.760040	1101386.018636	1101386.708742	7.841645e-01	38	none	NaN	NaN
142	7	90	45	bathroom	sun_apkxzenqapsujocq.tif	1101387.478409	1101387.737001	1101388.427073	7.841645e-01	35	none	NaN	NaN
142	7	91	57	bathroom	sun_axldvoqbuvuggfmq.tif	1101389.196787	1101389.455370	1101390.145638	7.090850e-01	47	37	1101391.070059	0
142	7	92	51	bathroom	sun_atstyziqcmkahyxk.tif	1101391.841072	1101392.099660	1101392.789852	7.174271e-01	41	none	NaN	NaN
142	7	93	31	bathroom	sun_akiytfaagpdsphgz.tif	1101393.559441	1101393.818030	1101394.508191	7.925067e-01	21	none	NaN	NaN
142	7	94	29	bathroom	sun_ahqjwnzgolcaoidx.tif	1101395.277812	1101395.536406	1101396.226522	8.258754e-01	19	none	NaN	NaN
142	7	95	54	bathroom	sun_auzqhkafidnkrwmo.tif	1101396.987842	1101397.246431	1101397.936715	8.425598e-01	44	37	1101398.478098	1
142	7	96	49	bathroom	sun_asfwthctfqerjvxr.tif	1101399.248415	1101399.507006	1101400.197250	7.758224e-01	39	none	NaN	NaN
142	7	97	52	bathroom	sun_aunuadmjocsddsrl.tif	1101400.966786	1101401.225374	1101401.915523	7.674802e-01	42	none	NaN	NaN
142	7	98	28	bathroom	sun_ahijqszoswveeyji.tif	1101402.685153	1101402.943745	1101403.633979	6.840584e-01	18	none	NaN	NaN
142	7	99	21	bathroom	sun_aggnnqpdorgxpvce.tif	1101404.403527	1101404.662118	1101405.352214	7.090850e-01	11	37	1101405.973703	1
142	7	100	27	bathroom	sun_ahcvzmoyaycdoftf.tif	1101406.747517	1101407.006110	1101407.696425	7.674802e-01	17	none	NaN	NaN
142	8	1	66	kitchen	sun_aapllqyqlykszopd.tif	1101412.820208	1101413.078796	1101413.760616	6.757163e-01	56	none	NaN	NaN
142	8	2	91	kitchen	sun_ahljzhgcdpomplvg.tif	1101414.530236	1101414.788824	1101415.470638	7.591380e-01	81	37	1101416.070047	1
142	8	3	104	kitchen	sun_auticobqsbwgoppi.tif	1101416.840858	1101417.099449	1101417.781299	8.509020e-01	94	none	NaN	NaN
142	8	4	109	kitchen	sun_aypmqwcualkenuoe.tif	1101418.550891	1101418.809479	1101419.491438	7.758224e-01	99	none	NaN	NaN
142	8	5	81	kitchen	sun_aehawpgmrlhlvcow.tif	1101420.260918	1101420.519502	1101421.201311	7.090850e-01	71	37	1101421.662178	1
142	8	6	101	kitchen	sun_aqeaevwwwjoqhzvl.tif	1101422.438079	1101422.696668	1101423.378490	7.257693e-01	91	none	NaN	NaN
142	8	7	85	kitchen	sun_afuyedyxivkhecmu.tif	1101424.148104	1101424.406696	1101425.088470	8.258754e-01	75	none	NaN	NaN
142	8	8	83	kitchen	sun_aeqdocilnnpuvuhx.tif	1101425.858136	1101426.116725	1101426.798530	6.924006e-01	73	none	NaN	NaN
142	8	9	80	kitchen	sun_aegoxogugdkwpmpj.tif	1101427.568164	1101427.826754	1101428.508614	8.091911e-01	70	none	NaN	NaN
142	8	10	86	kitchen	sun_aggjlwcdjsjcaemh.tif	1101429.278190	1101429.536781	1101430.218622	6.673741e-01	76	39	1101431.118049	1
142	8	11	65	kitchen	sun_aamedkxepzlwuxes.tif	1101431.889113	1101432.147700	1101432.829444	7.007428e-01	55	none	NaN	NaN
142	8	12	98	kitchen	sun_akchetnepxlcxhsu.tif	1101433.599142	1101433.857735	1101434.539668	7.007428e-01	88	none	NaN	NaN
142	8	13	77	kitchen	sun_acxkpeoqbwcxfvip.tif	1101435.309173	1101435.567762	1101436.249702	8.008489e-01	67	none	NaN	NaN
142	8	14	96	kitchen	sun_ajcbwwvdlsvjyzje.tif	1101437.019203	1101437.277792	1101437.959719	8.258754e-01	86	none	NaN	NaN
142	8	15	84	kitchen	sun_aexklacwqwezaorf.tif	1101438.729232	1101438.987819	1101439.669629	7.257693e-01	74	39	1101440.629937	1
142	8	16	79	kitchen	sun_admlmbcdswaszruo.tif	1101441.406888	1101441.665474	1101442.347301	7.507958e-01	69	none	NaN	NaN
142	8	17	89	kitchen	sun_agzzivivdpnawacl.tif	1101443.116911	1101443.375505	1101444.057430	8.425598e-01	79	39	1101445.262012	0
142	8	18	92	kitchen	sun_ahpczsiumwwocjkv.tif	1101446.036476	1101446.295064	1101446.977005	8.425598e-01	82	none	NaN	NaN
142	8	19	93	kitchen	sun_ahspylgoovwmwvgk.tif	1101447.746506	1101448.005095	1101448.686861	7.758224e-01	83	37	1101449.246097	0
142	8	20	87	kitchen	sun_agorklincwxrdtga.tif	1101450.023758	1101450.282351	1101450.964185	7.841645e-01	77	39	1101452.622144	0
142	8	21	68	kitchen	sun_aaxxjlsuzvqlgylf.tif	1101453.393770	1101453.652359	1101454.334288	6.840584e-01	58	none	NaN	NaN
142	8	22	76	kitchen	sun_acwjdupvyjsugpay.tif	1101455.103798	1101455.362387	1101456.044357	6.590319e-01	66	none	NaN	NaN
142	8	23	67	kitchen	sun_aarfiyshqohlwkmo.tif	1101456.813826	1101457.072412	1101457.754332	6.590319e-01	57	none	NaN	NaN
142	8	24	97	kitchen	sun_ajkqhtgcbgpcwrwn.tif	1101458.523857	1101458.782445	1101459.464375	7.507958e-01	87	none	NaN	NaN
142	8	25	110	kitchen	sun_azmutvzbxypaceni.tif	1101460.233887	1101460.492475	1101461.174218	7.174271e-01	100	none	NaN	NaN
142	8	26	105	kitchen	sun_avszsnwsbuqfgzbn.tif	1101461.943915	1101462.202505	1101462.884266	7.841645e-01	95	none	NaN	NaN
142	8	27	70	kitchen	sun_abdxkyyxwfskuaqb.tif	1101463.653940	1101463.912534	1101464.594346	8.509020e-01	60	none	NaN	NaN
142	8	28	69	kitchen	sun_abdenxonkemggwsq.tif	1101465.363975	1101465.622562	1101466.304323	7.507958e-01	59	none	NaN	NaN
142	8	29	64	kitchen	sun_aadbddgrdsjugojn.tif	1101467.074004	1101467.332592	1101468.014570	8.425598e-01	54	none	NaN	NaN
142	8	30	72	kitchen	sun_abpwyqmlzafvklqo.tif	1101468.784031	1101469.042618	1101469.724493	7.674802e-01	62	none	NaN	NaN
142	8	31	71	kitchen	sun_abftihopvusyfakt.tif	1101470.494060	1101470.752652	1101471.434491	7.591380e-01	61	none	NaN	NaN
142	8	32	108	kitchen	sun_aymvwlarqodbwuoc.tif	1101472.204085	1101472.462680	1101473.144511	8.342176e-01	98	none	NaN	NaN
142	8	33	102	kitchen	sun_auaiucuqpdausiva.tif	1101473.914115	1101474.172704	1101474.854468	7.341115e-01	92	none	NaN	NaN
142	8	34	75	kitchen	sun_acgtpgfybqjmzeyw.tif	1101475.624146	1101475.882735	1101476.564621	7.925067e-01	65	none	NaN	NaN
142	8	35	100	kitchen	sun_amjjdeyrggfqgmom.tif	1101477.334171	1101477.592761	1101478.274643	8.258754e-01	90	none	NaN	NaN
142	8	36	74	kitchen	sun_acfmftudsenhrfhy.tif	1101479.044206	1101479.302795	1101479.984626	7.674802e-01	64	none	NaN	NaN
142	8	37	73	kitchen	sun_abrcnpqqhmjwekyf.tif	1101480.754234	1101481.012827	1101481.694559	8.008489e-01	63	none	NaN	NaN
142	8	38	94	kitchen	sun_ahywdevtimnqcsln.tif	1101482.464264	1101482.722849	1101483.404690	8.175332e-01	84	none	NaN	NaN
142	8	39	106	kitchen	sun_awcpdzzznmweyyhv.tif	1101484.174289	1101484.432878	1101485.114745	6.924006e-01	96	none	NaN	NaN
142	8	40	103	kitchen	sun_aunzlwrbjumxhwdj.tif	1101485.884318	1101486.142906	1101486.824674	7.174271e-01	93	none	NaN	NaN
142	8	41	99	kitchen	sun_akcjzhbbjlbogpdi.tif	1101487.594350	1101487.852932	1101488.534726	7.424537e-01	89	none	NaN	NaN
142	8	42	63	kitchen	labelme_rykdqxenmhulbdn.tif	1101489.304375	1101489.562963	1101490.244756	8.258754e-01	53	none	NaN	NaN
142	8	43	61	kitchen	labelme_brsyyvweiuaazfr.tif	1101491.014408	1101491.272995	1101491.954903	7.507958e-01	51	none	NaN	NaN
142	8	44	88	kitchen	sun_agubuxuukhzyzpdp.tif	1101492.724436	1101492.983027	1101493.664805	7.591380e-01	78	none	NaN	NaN
142	8	45	95	kitchen	sun_aixorpehvfykdynp.tif	1101494.434464	1101494.693052	1101495.374785	7.090850e-01	85	none	NaN	NaN
142	8	46	62	kitchen	labelme_kxvouciolcpqplr.tif	1101496.144494	1101496.403085	1101497.085027	7.841645e-01	52	none	NaN	NaN
142	8	47	78	kitchen	sun_adgqasybjyktddhj.tif	1101497.854516	1101498.113109	1101498.795033	8.425598e-01	68	none	NaN	NaN
142	8	48	82	kitchen	sun_aenotlpyftoioydp.tif	1101499.564552	1101499.823138	1101500.504952	6.757163e-01	72	37	1101501.070291	1
142	8	49	90	kitchen	sun_ahdycvpopffkzzsu.tif	1101501.841810	1101502.100398	1101502.782163	7.424537e-01	80	none	NaN	NaN
142	8	50	107	kitchen	sun_axyyrmzcupyhlivc.tif	1101503.551839	1101503.810430	1101504.492370	6.840584e-01	97	none	NaN	NaN
142	8	51	109	kitchen	sun_aypmqwcualkenuoe.tif	1101505.261862	1101505.520455	1101506.202367	7.758224e-01	99	none	NaN	NaN
142	8	52	75	kitchen	sun_acgtpgfybqjmzeyw.tif	1101506.971895	1101507.230484	1101507.912306	7.174271e-01	65	none	NaN	NaN
142	8	53	76	kitchen	sun_acwjdupvyjsugpay.tif	1101508.681919	1101508.940508	1101509.622460	6.757163e-01	66	none	NaN	NaN
142	8	54	66	kitchen	sun_aapllqyqlykszopd.tif	1101510.391953	1101510.650541	1101511.332383	6.506897e-01	56	none	NaN	NaN
142	8	55	107	kitchen	sun_axyyrmzcupyhlivc.tif	1101512.101982	1101512.360577	1101513.042354	7.007428e-01	97	37	1101514.094031	1
142	8	56	64	kitchen	sun_aadbddgrdsjugojn.tif	1101514.871396	1101515.129984	1101515.811878	8.258754e-01	54	37	1101518.782037	1
142	8	57	101	kitchen	sun_aqeaevwwwjoqhzvl.tif	1101519.559376	1101519.817957	1101520.499787	6.924006e-01	91	none	NaN	NaN
142	8	58	79	kitchen	sun_admlmbcdswaszruo.tif	1101521.269405	1101521.527989	1101522.209750	7.257693e-01	69	none	NaN	NaN
142	8	59	61	kitchen	labelme_brsyyvweiuaazfr.tif	1101522.979434	1101523.238026	1101523.919853	7.591380e-01	51	none	NaN	NaN
142	8	60	92	kitchen	sun_ahpczsiumwwocjkv.tif	1101524.689464	1101524.948051	1101525.629869	7.591380e-01	82	none	NaN	NaN
142	8	61	63	kitchen	labelme_rykdqxenmhulbdn.tif	1101526.399491	1101526.658079	1101527.339953	7.341115e-01	53	none	NaN	NaN
142	8	62	93	kitchen	sun_ahspylgoovwmwvgk.tif	1101528.109520	1101528.368108	1101529.049913	7.257693e-01	83	none	NaN	NaN
142	8	63	106	kitchen	sun_awcpdzzznmweyyhv.tif	1101529.819552	1101530.078139	1101530.760136	6.924006e-01	96	none	NaN	NaN
142	8	64	83	kitchen	sun_aeqdocilnnpuvuhx.tif	1101531.529578	1101531.788171	1101532.470035	6.840584e-01	73	none	NaN	NaN
142	8	65	70	kitchen	sun_abdxkyyxwfskuaqb.tif	1101533.239606	1101533.498198	1101534.180000	7.007428e-01	60	none	NaN	NaN
142	8	66	84	kitchen	sun_aexklacwqwezaorf.tif	1101534.949637	1101535.208225	1101535.890003	7.758224e-01	74	none	NaN	NaN
142	8	67	78	kitchen	sun_adgqasybjyktddhj.tif	1101536.659664	1101536.918254	1101537.600021	7.925067e-01	68	none	NaN	NaN
142	8	68	77	kitchen	sun_acxkpeoqbwcxfvip.tif	1101538.369695	1101538.628283	1101539.310262	7.841645e-01	67	none	NaN	NaN
142	8	69	74	kitchen	sun_acfmftudsenhrfhy.tif	1101540.079724	1101540.338315	1101541.020277	8.091911e-01	64	none	NaN	NaN
142	8	70	94	kitchen	sun_ahywdevtimnqcsln.tif	1101541.789748	1101542.048340	1101542.730243	7.090850e-01	84	39	1101544.326284	1
142	8	71	95	kitchen	sun_aixorpehvfykdynp.tif	1101545.101370	1101545.359960	1101546.041924	6.673741e-01	85	39	1101546.702103	1
142	8	72	73	kitchen	sun_abrcnpqqhmjwekyf.tif	1101547.478725	1101547.737312	1101548.419265	8.008489e-01	63	37	1101549.078187	1
142	8	73	88	kitchen	sun_agubuxuukhzyzpdp.tif	1101549.856079	1101550.114670	1101550.796397	8.175332e-01	78	none	NaN	NaN
142	8	74	98	kitchen	sun_akchetnepxlcxhsu.tif	1101551.566110	1101551.824705	1101552.506583	8.008489e-01	88	none	NaN	NaN
142	8	75	80	kitchen	sun_aegoxogugdkwpmpj.tif	1101553.276137	1101553.534732	1101554.216619	6.673741e-01	70	39	1101554.941813	1
142	8	76	65	kitchen	sun_aamedkxepzlwuxes.tif	1101555.720227	1101555.978817	1101556.660564	7.674802e-01	55	none	NaN	NaN
142	8	77	103	kitchen	sun_aunzlwrbjumxhwdj.tif	1101557.430259	1101557.688844	1101558.370808	7.424537e-01	93	none	NaN	NaN
142	8	78	86	kitchen	sun_aggjlwcdjsjcaemh.tif	1101559.140292	1101559.398876	1101560.080746	8.091911e-01	76	none	NaN	NaN
142	8	79	71	kitchen	sun_abftihopvusyfakt.tif	1101560.850314	1101561.108904	1101561.790656	7.424537e-01	61	none	NaN	NaN
142	8	80	81	kitchen	sun_aehawpgmrlhlvcow.tif	1101562.560345	1101562.818938	1101563.500690	8.342176e-01	71	none	NaN	NaN
142	8	81	96	kitchen	sun_ajcbwwvdlsvjyzje.tif	1101564.270376	1101564.528965	1101565.210939	6.590319e-01	86	none	NaN	NaN
142	8	82	102	kitchen	sun_auaiucuqpdausiva.tif	1101565.980397	1101566.238991	1101566.920871	6.924006e-01	92	none	NaN	NaN
142	8	83	62	kitchen	labelme_kxvouciolcpqplr.tif	1101567.690433	1101567.949026	1101568.630811	7.341115e-01	52	none	NaN	NaN
142	8	84	108	kitchen	sun_aymvwlarqodbwuoc.tif	1101569.400464	1101569.659053	1101570.340814	6.590319e-01	98	none	NaN	NaN
142	8	85	72	kitchen	sun_abpwyqmlzafvklqo.tif	1101571.110495	1101571.369076	1101572.050947	8.175332e-01	62	none	NaN	NaN
142	8	86	87	kitchen	sun_agorklincwxrdtga.tif	1101572.820521	1101573.079108	1101573.761068	7.341115e-01	77	none	NaN	NaN
142	8	87	90	kitchen	sun_ahdycvpopffkzzsu.tif	1101574.530551	1101574.789138	1101575.470950	7.925067e-01	80	none	NaN	NaN
142	8	88	82	kitchen	sun_aenotlpyftoioydp.tif	1101576.240576	1101576.499169	1101577.181113	6.840584e-01	72	none	NaN	NaN
142	8	89	100	kitchen	sun_amjjdeyrggfqgmom.tif	1101577.950607	1101578.209197	1101578.890991	7.174271e-01	90	39	1101579.534322	1
142	8	90	67	kitchen	sun_aarfiyshqohlwkmo.tif	1101580.311279	1101580.569871	1101581.251821	7.090850e-01	57	none	NaN	NaN
142	8	91	104	kitchen	sun_auticobqsbwgoppi.tif	1101582.021314	1101582.279896	1101582.961677	8.091911e-01	94	none	NaN	NaN
142	8	92	110	kitchen	sun_azmutvzbxypaceni.tif	1101583.731336	1101583.989928	1101584.671752	7.674802e-01	100	none	NaN	NaN
142	8	93	105	kitchen	sun_avszsnwsbuqfgzbn.tif	1101585.441370	1101585.699958	1101586.381935	8.175332e-01	95	none	NaN	NaN
142	8	94	97	kitchen	sun_ajkqhtgcbgpcwrwn.tif	1101587.151394	1101587.409987	1101588.091913	8.342176e-01	87	none	NaN	NaN
142	8	95	85	kitchen	sun_afuyedyxivkhecmu.tif	1101588.861421	1101589.120014	1101589.801888	8.342176e-01	75	none	NaN	NaN
142	8	96	89	kitchen	sun_agzzivivdpnawacl.tif	1101590.571453	1101590.830041	1101591.511771	7.925067e-01	79	none	NaN	NaN
142	8	97	91	kitchen	sun_ahljzhgcdpomplvg.tif	1101592.281482	1101592.540068	1101593.221850	6.673741e-01	81	none	NaN	NaN
142	8	98	99	kitchen	sun_akcjzhbbjlbogpdi.tif	1101593.991509	1101594.250097	1101594.931894	6.506897e-01	89	none	NaN	NaN
142	8	99	68	kitchen	sun_aaxxjlsuzvqlgylf.tif	1101595.701540	1101595.960135	1101596.641958	6.757163e-01	58	none	NaN	NaN
142	8	100	69	kitchen	sun_abdenxonkemggwsq.tif	1101597.411573	1101597.670155	1101598.352101	6.506897e-01	59	none	NaN	NaN
142	9	1	11	bathroom	labelme_sfxiulhjbhlyiyt.tif	1101603.208984	1101603.467570	1101604.116032	7.758224e-01	1	none	NaN	NaN
142	9	2	24	bathroom	sun_agrwbmhcpmfuwmsg.tif	1101604.885641	1101605.144231	1101605.792611	8.509020e-01	14	none	NaN	NaN
142	9	3	60	bathroom	sun_azqyogdvyhahyram.tif	1101606.562312	1101606.820893	1101607.469326	7.007428e-01	50	none	NaN	NaN
142	9	4	19	bathroom	sun_aclfzgynxzxlbepz.tif	1101608.238970	1101608.497559	1101609.146087	7.925067e-01	9	none	NaN	NaN
142	9	5	14	bathroom	sun_abapwbhyhkfixyex.tif	1101609.915629	1101610.174222	1101610.822754	8.175332e-01	4	none	NaN	NaN
142	9	6	15	bathroom	sun_abjtwfukuwddzted.tif	1101611.592296	1101611.850885	1101612.499424	6.924006e-01	5	39	1101613.134364	1
142	9	7	21	bathroom	sun_aggnnqpdorgxpvce.tif	1101613.911262	1101614.169853	1101614.818250	7.507958e-01	11	none	NaN	NaN
142	9	8	38	bathroom	sun_anhioqovhscjqqwb.tif	1101615.587928	1101615.846517	1101616.494977	6.506897e-01	28	none	NaN	NaN
142	9	9	44	bathroom	sun_apkruvsevgegsdwp.tif	1101617.264584	1101617.523171	1101618.171606	6.590319e-01	34	none	NaN	NaN
142	9	10	56	bathroom	sun_awnqiikzaispgmwo.tif	1101618.941245	1101619.199843	1101619.848385	6.590319e-01	46	none	NaN	NaN
142	9	11	16	bathroom	sun_acduarbnmmoglmiv.tif	1101620.617911	1101620.876500	1101621.524997	8.258754e-01	6	none	NaN	NaN
142	9	12	45	bathroom	sun_apkxzenqapsujocq.tif	1101622.294578	1101622.553160	1101623.201641	8.008489e-01	35	none	NaN	NaN
142	9	13	18	bathroom	sun_acgyywnybuveqsro.tif	1101623.971235	1101624.229823	1101624.878420	8.425598e-01	8	none	NaN	NaN
142	9	14	20	bathroom	sun_afcoljnjfoxjtgja.tif	1101625.647900	1101625.906483	1101626.554906	7.758224e-01	10	37	1101627.558159	1
142	9	15	49	bathroom	sun_asfwthctfqerjvxr.tif	1101628.333897	1101628.592471	1101629.240898	8.091911e-01	39	none	NaN	NaN
142	9	16	31	bathroom	sun_akiytfaagpdsphgz.tif	1101630.010560	1101630.269150	1101630.917717	7.591380e-01	21	none	NaN	NaN
142	9	17	17	bathroom	sun_acegryoqftbzowsg.tif	1101631.687222	1101631.945810	1101632.594348	7.424537e-01	7	none	NaN	NaN
142	9	18	54	bathroom	sun_auzqhkafidnkrwmo.tif	1101633.363883	1101633.622476	1101634.270849	8.509020e-01	44	none	NaN	NaN
142	9	19	50	bathroom	sun_aspsyogrekjtfozg.tif	1101635.040546	1101635.299138	1101635.947620	8.175332e-01	40	none	NaN	NaN
142	9	20	34	bathroom	sun_alkosphxlxwjwgjd.tif	1101636.717211	1101636.975796	1101637.624347	7.341115e-01	24	37	1101638.350038	1
142	9	21	53	bathroom	sun_ausgutylgojavyoq.tif	1101639.127928	1101639.386517	1101640.034966	6.840584e-01	43	none	NaN	NaN
142	9	22	13	bathroom	sun_aavhrsfjbserjtht.tif	1101640.804595	1101641.063183	1101641.711600	6.673741e-01	3	none	NaN	NaN
142	9	23	52	bathroom	sun_aunuadmjocsddsrl.tif	1101642.481254	1101642.739845	1101643.388297	6.506897e-01	42	none	NaN	NaN
142	9	24	12	bathroom	sun_aapitsgbtktqubfy.tif	1101644.157920	1101644.416506	1101645.065083	7.591380e-01	2	none	NaN	NaN
142	9	25	39	bathroom	sun_anryaplzeujmzfkd.tif	1101645.834580	1101646.093170	1101646.741559	7.341115e-01	29	none	NaN	NaN
142	9	26	29	bathroom	sun_ahqjwnzgolcaoidx.tif	1101647.511247	1101647.769837	1101648.418293	7.090850e-01	19	none	NaN	NaN
142	9	27	26	bathroom	sun_ahaulkltgpkeeemi.tif	1101649.187906	1101649.446497	1101650.094871	6.673741e-01	16	37	1101650.646317	1
142	9	28	51	bathroom	sun_atstyziqcmkahyxk.tif	1101651.423456	1101651.682044	1101652.330596	7.090850e-01	41	none	NaN	NaN
142	9	29	41	bathroom	sun_aoybiabnpadelefl.tif	1101653.100122	1101653.358709	1101654.007187	7.841645e-01	31	none	NaN	NaN
142	9	30	28	bathroom	sun_ahijqszoswveeyji.tif	1101654.776781	1101655.035363	1101655.683945	7.424537e-01	18	none	NaN	NaN
142	9	31	57	bathroom	sun_axldvoqbuvuggfmq.tif	1101656.453441	1101656.712034	1101657.360618	7.925067e-01	47	none	NaN	NaN
142	9	32	32	bathroom	sun_aleqenyvunhactkl.tif	1101658.130110	1101658.388694	1101659.037147	6.924006e-01	22	39	1101660.014343	1
142	9	33	25	bathroom	sun_agyqfjcfkdcydepw.tif	1101660.791078	1101661.049666	1101661.698276	8.008489e-01	15	none	NaN	NaN
142	9	34	30	bathroom	sun_ajlawzvmubibwbpy.tif	1101662.467739	1101662.726333	1101663.374738	8.258754e-01	20	none	NaN	NaN
142	9	35	58	bathroom	sun_axxbkopsgyouuebh.tif	1101664.144401	1101664.402992	1101665.051538	7.507958e-01	48	none	NaN	NaN
142	9	36	48	bathroom	sun_aqrpegblszgcoujh.tif	1101665.821061	1101666.079654	1101666.728014	7.674802e-01	38	none	NaN	NaN
142	9	37	36	bathroom	sun_ambriybtogmepttm.tif	1101667.497725	1101667.756321	1101668.404798	8.258754e-01	26	none	NaN	NaN
142	9	38	33	bathroom	sun_aljolscmmzydegqp.tif	1101669.174389	1101669.432978	1101670.081557	7.674802e-01	23	none	NaN	NaN
142	9	39	42	bathroom	sun_apeeialkgkuxddgh.tif	1101670.851053	1101671.109643	1101671.758072	7.841645e-01	32	none	NaN	NaN
142	9	40	55	bathroom	sun_avhrdrntsqrjzccq.tif	1101672.527713	1101672.786302	1101673.434958	6.757163e-01	45	37	1101673.982412	1
142	9	41	46	bathroom	sun_apmqjbnwghzuhhzh.tif	1101674.754924	1101675.013514	1101675.661922	6.840584e-01	36	none	NaN	NaN
142	9	42	22	bathroom	sun_agguqiubmwhqqunb.tif	1101676.431579	1101676.690172	1101677.338762	6.590319e-01	12	none	NaN	NaN
142	9	43	27	bathroom	sun_ahcvzmoyaycdoftf.tif	1101678.108244	1101678.366837	1101679.015292	6.757163e-01	17	none	NaN	NaN
142	9	44	47	bathroom	sun_apynckhmoftszqoq.tif	1101679.784911	1101680.043503	1101680.691914	6.840584e-01	37	none	NaN	NaN
142	9	45	59	bathroom	sun_axyrejkiiaqiurjk.tif	1101681.461569	1101681.720159	1101682.368638	7.424537e-01	49	none	NaN	NaN
142	9	46	35	bathroom	sun_alotolagknyrgtsk.tif	1101683.138231	1101683.396822	1101684.045350	6.673741e-01	25	37	1101684.862493	1
142	9	47	40	bathroom	sun_aofnryafpsjimzsb.tif	1101685.640714	1101685.899304	1101686.547832	7.090850e-01	30	39	1101688.454250	1
142	9	48	23	bathroom	sun_aghyqhbptboemmoq.tif	1101689.227606	1101689.486192	1101690.134605	7.841645e-01	13	none	NaN	NaN
142	9	49	43	bathroom	sun_apjevzvycyhuqghb.tif	1101690.904270	1101691.162859	1101691.811554	6.673741e-01	33	none	NaN	NaN
142	9	50	37	bathroom	sun_amzlamotzwfkwjco.tif	1101692.580932	1101692.839518	1101693.488027	8.091911e-01	27	none	NaN	NaN
142	9	51	26	bathroom	sun_ahaulkltgpkeeemi.tif	1101694.257595	1101694.516183	1101695.164779	7.591380e-01	16	none	NaN	NaN
142	9	52	56	bathroom	sun_awnqiikzaispgmwo.tif	1101695.934258	1101696.192841	1101696.841211	8.008489e-01	46	none	NaN	NaN
142	9	53	15	bathroom	sun_abjtwfukuwddzted.tif	1101697.610920	1101697.869506	1101698.517952	8.091911e-01	5	39	1101699.110304	1
142	9	54	14	bathroom	sun_abapwbhyhkfixyex.tif	1101699.888177	1101700.146764	1101700.795174	7.925067e-01	4	none	NaN	NaN
142	9	55	58	bathroom	sun_axxbkopsgyouuebh.tif	1101701.564833	1101701.823430	1101702.471879	7.257693e-01	48	none	NaN	NaN
142	9	56	53	bathroom	sun_ausgutylgojavyoq.tif	1101703.241501	1101703.500087	1101704.148608	7.591380e-01	43	none	NaN	NaN
142	9	57	50	bathroom	sun_aspsyogrekjtfozg.tif	1101704.918163	1101705.176753	1101705.825247	8.425598e-01	40	none	NaN	NaN
142	9	58	19	bathroom	sun_aclfzgynxzxlbepz.tif	1101706.594822	1101706.853412	1101707.501967	8.342176e-01	9	none	NaN	NaN
142	9	59	46	bathroom	sun_apmqjbnwghzuhhzh.tif	1101708.271485	1101708.530075	1101709.178450	7.674802e-01	36	none	NaN	NaN
142	9	60	18	bathroom	sun_acgyywnybuveqsro.tif	1101709.948151	1101710.206739	1101710.855324	7.007428e-01	8	none	NaN	NaN
142	9	61	16	bathroom	sun_acduarbnmmoglmiv.tif	1101711.624813	1101711.883402	1101712.531894	7.925067e-01	6	none	NaN	NaN
142	9	62	49	bathroom	sun_asfwthctfqerjvxr.tif	1101713.301475	1101713.560063	1101714.208500	7.257693e-01	39	none	NaN	NaN
142	9	63	28	bathroom	sun_ahijqszoswveeyji.tif	1101714.978137	1101715.236726	1101715.885223	7.507958e-01	18	none	NaN	NaN
142	9	64	33	bathroom	sun_aljolscmmzydegqp.tif	1101716.654801	1101716.913389	1101717.561808	8.342176e-01	23	none	NaN	NaN
142	9	65	34	bathroom	sun_alkosphxlxwjwgjd.tif	1101718.331462	1101718.590049	1101719.238582	7.174271e-01	24	none	NaN	NaN
142	9	66	45	bathroom	sun_apkxzenqapsujocq.tif	1101720.008127	1101720.266711	1101720.915251	7.341115e-01	35	none	NaN	NaN
142	9	67	35	bathroom	sun_alotolagknyrgtsk.tif	1101721.684785	1101721.943377	1101722.591975	8.342176e-01	25	none	NaN	NaN
142	9	68	24	bathroom	sun_agrwbmhcpmfuwmsg.tif	1101723.361449	1101723.620037	1101724.268505	8.425598e-01	14	none	NaN	NaN
142	9	69	52	bathroom	sun_aunuadmjocsddsrl.tif	1101725.038114	1101725.296700	1101725.945168	7.257693e-01	42	none	NaN	NaN
142	9	70	43	bathroom	sun_apjevzvycyhuqghb.tif	1101726.714777	1101726.973356	1101727.621877	7.174271e-01	33	none	NaN	NaN
142	9	71	29	bathroom	sun_ahqjwnzgolcaoidx.tif	1101728.391439	1101728.650028	1101729.298421	7.174271e-01	19	none	NaN	NaN
142	9	72	20	bathroom	sun_afcoljnjfoxjtgja.tif	1101730.068101	1101730.326690	1101730.975163	7.841645e-01	10	39	1101731.838288	1
142	9	73	27	bathroom	sun_ahcvzmoyaycdoftf.tif	1101732.612292	1101732.870881	1101733.519272	8.008489e-01	17	none	NaN	NaN
142	9	74	32	bathroom	sun_aleqenyvunhactkl.tif	1101734.288950	1101734.547574	1101735.195925	8.175332e-01	22	none	NaN	NaN
142	9	75	37	bathroom	sun_amzlamotzwfkwjco.tif	1101735.965610	1101736.224202	1101736.872760	8.342176e-01	27	none	NaN	NaN
142	9	76	40	bathroom	sun_aofnryafpsjimzsb.tif	1101737.642275	1101737.900866	1101738.549472	7.007428e-01	30	none	NaN	NaN
142	9	77	30	bathroom	sun_ajlawzvmubibwbpy.tif	1101739.318934	1101739.577530	1101740.226024	6.757163e-01	20	none	NaN	NaN
142	9	78	13	bathroom	sun_aavhrsfjbserjtht.tif	1101740.995598	1101741.254190	1101741.902693	7.507958e-01	3	none	NaN	NaN
142	9	79	21	bathroom	sun_aggnnqpdorgxpvce.tif	1101742.672263	1101742.930853	1101743.579359	6.924006e-01	11	none	NaN	NaN
142	9	80	54	bathroom	sun_auzqhkafidnkrwmo.tif	1101744.348926	1101744.607515	1101745.255883	8.258754e-01	44	37	1101746.278155	1
142	9	81	48	bathroom	sun_aqrpegblszgcoujh.tif	1101747.051604	1101747.310195	1101747.958627	6.924006e-01	38	none	NaN	NaN
142	9	82	39	bathroom	sun_anryaplzeujmzfkd.tif	1101748.728268	1101748.986856	1101749.635321	7.341115e-01	29	none	NaN	NaN
142	9	83	31	bathroom	sun_akiytfaagpdsphgz.tif	1101750.404932	1101750.663516	1101751.311987	6.924006e-01	21	none	NaN	NaN
142	9	84	57	bathroom	sun_axldvoqbuvuggfmq.tif	1101752.081589	1101752.340182	1101752.988753	6.590319e-01	47	none	NaN	NaN
142	9	85	51	bathroom	sun_atstyziqcmkahyxk.tif	1101753.758254	1101754.016843	1101754.665346	7.257693e-01	41	none	NaN	NaN
142	9	86	42	bathroom	sun_apeeialkgkuxddgh.tif	1101755.434914	1101755.693500	1101756.341974	7.758224e-01	32	37	1101757.446334	0
142	9	87	38	bathroom	sun_anhioqovhscjqqwb.tif	1101758.221014	1101758.479600	1101759.127976	7.591380e-01	28	none	NaN	NaN
142	9	88	47	bathroom	sun_apynckhmoftszqoq.tif	1101759.897679	1101760.156264	1101760.804722	8.091911e-01	37	37	1101761.934427	1
142	9	89	55	bathroom	sun_avhrdrntsqrjzccq.tif	1101762.708791	1101762.967388	1101763.615806	7.424537e-01	45	none	NaN	NaN
142	9	90	12	bathroom	sun_aapitsgbtktqubfy.tif	1101764.385457	1101764.644048	1101765.292625	7.174271e-01	2	none	NaN	NaN
142	9	91	11	bathroom	labelme_sfxiulhjbhlyiyt.tif	1101766.062123	1101766.320709	1101766.969329	7.758224e-01	1	none	NaN	NaN
142	9	92	22	bathroom	sun_agguqiubmwhqqunb.tif	1101767.738782	1101767.997371	1101768.645803	6.840584e-01	12	none	NaN	NaN
142	9	93	36	bathroom	sun_ambriybtogmepttm.tif	1101769.415445	1101769.674034	1101770.322503	8.175332e-01	26	none	NaN	NaN
142	9	94	41	bathroom	sun_aoybiabnpadelefl.tif	1101771.092109	1101771.350700	1101771.999245	8.425598e-01	31	none	NaN	NaN
142	9	95	60	bathroom	sun_azqyogdvyhahyram.tif	1101772.768769	1101773.027362	1101773.675818	8.258754e-01	50	none	NaN	NaN
142	9	96	59	bathroom	sun_axyrejkiiaqiurjk.tif	1101774.445433	1101774.704023	1101775.352607	6.506897e-01	49	39	1101775.990385	1
142	9	97	17	bathroom	sun_acegryoqftbzowsg.tif	1101776.764400	1101777.022988	1101777.671486	7.007428e-01	7	none	NaN	NaN
142	9	98	23	bathroom	sun_aghyqhbptboemmoq.tif	1101778.441065	1101778.699648	1101779.348228	7.674802e-01	13	none	NaN	NaN
142	9	99	25	bathroom	sun_agyqfjcfkdcydepw.tif	1101780.117723	1101780.376314	1101781.024675	6.757163e-01	15	none	NaN	NaN
142	9	100	44	bathroom	sun_apkruvsevgegsdwp.tif	1101781.794388	1101782.052972	1101782.701548	7.090850e-01	34	39	1101783.278336	1
142	10	1	73	kitchen	sun_abrcnpqqhmjwekyf.tif	1101788.242451	1101788.501033	1101789.324723	8.175332e-01	63	none	NaN	NaN
142	10	2	62	kitchen	labelme_kxvouciolcpqplr.tif	1101790.094280	1101790.352873	1101791.176438	7.257693e-01	52	none	NaN	NaN
142	10	3	99	kitchen	sun_akcjzhbbjlbogpdi.tif	1101791.946115	1101792.204707	1101793.028355	8.008489e-01	89	none	NaN	NaN
142	10	4	70	kitchen	sun_abdxkyyxwfskuaqb.tif	1101793.797958	1101794.056547	1101794.880257	7.758224e-01	60	39	1101795.390453	0
142	10	5	95	kitchen	sun_aixorpehvfykdynp.tif	1101796.166966	1101796.425556	1101797.249295	6.673741e-01	85	39	1101800.558284	1
142	10	6	97	kitchen	sun_ajkqhtgcbgpcwrwn.tif	1101801.330420	1101801.589012	1101802.412655	7.758224e-01	87	none	NaN	NaN
142	10	7	82	kitchen	sun_aenotlpyftoioydp.tif	1101803.182259	1101803.440847	1101804.264455	7.090850e-01	72	none	NaN	NaN
142	10	8	110	kitchen	sun_azmutvzbxypaceni.tif	1101805.034099	1101805.292681	1101806.116453	6.757163e-01	100	none	NaN	NaN
142	10	9	69	kitchen	sun_abdenxonkemggwsq.tif	1101806.885932	1101807.144521	1101807.968282	6.506897e-01	59	none	NaN	NaN
142	10	10	67	kitchen	sun_aarfiyshqohlwkmo.tif	1101808.737765	1101808.996354	1101809.819973	8.342176e-01	57	none	NaN	NaN
142	10	11	103	kitchen	sun_aunzlwrbjumxhwdj.tif	1101810.589608	1101810.848197	1101811.671855	7.591380e-01	93	none	NaN	NaN
142	10	12	66	kitchen	sun_aapllqyqlykszopd.tif	1101812.441440	1101812.700031	1101813.523932	8.509020e-01	56	none	NaN	NaN
142	10	13	78	kitchen	sun_adgqasybjyktddhj.tif	1101814.293277	1101814.551863	1101815.375496	8.342176e-01	68	none	NaN	NaN
142	10	14	107	kitchen	sun_axyyrmzcupyhlivc.tif	1101816.145113	1101816.403701	1101817.227423	7.507958e-01	97	39	1101817.870451	1
142	10	15	96	kitchen	sun_ajcbwwvdlsvjyzje.tif	1101818.647591	1101818.906186	1101819.729887	6.924006e-01	86	none	NaN	NaN
142	10	16	94	kitchen	sun_ahywdevtimnqcsln.tif	1101820.499431	1101820.758016	1101821.581734	6.840584e-01	84	none	NaN	NaN
142	10	17	109	kitchen	sun_aypmqwcualkenuoe.tif	1101822.351270	1101822.609855	1101823.433595	8.258754e-01	99	none	NaN	NaN
142	10	18	105	kitchen	sun_avszsnwsbuqfgzbn.tif	1101824.203100	1101824.461693	1101825.286382	7.007428e-01	95	none	NaN	NaN
142	10	19	83	kitchen	sun_aeqdocilnnpuvuhx.tif	1101826.054942	1101826.313528	1101827.137258	7.424537e-01	73	none	NaN	NaN
142	10	20	86	kitchen	sun_aggjlwcdjsjcaemh.tif	1101827.906771	1101828.165366	1101828.988970	6.757163e-01	76	none	NaN	NaN
142	10	21	85	kitchen	sun_afuyedyxivkhecmu.tif	1101829.758610	1101830.017198	1101830.840934	7.507958e-01	75	39	1101831.670135	1
142	10	22	65	kitchen	sun_aamedkxepzlwuxes.tif	1101832.444605	1101832.703197	1101833.526753	7.841645e-01	55	none	NaN	NaN
142	10	23	74	kitchen	sun_acfmftudsenhrfhy.tif	1101834.296440	1101834.555032	1101835.378618	8.175332e-01	64	39	1101836.382509	1
142	10	24	88	kitchen	sun_agubuxuukhzyzpdp.tif	1101837.157610	1101837.416203	1101838.239925	8.091911e-01	78	none	NaN	NaN
142	10	25	92	kitchen	sun_ahpczsiumwwocjkv.tif	1101839.009447	1101839.268038	1101840.091816	6.840584e-01	82	none	NaN	NaN
142	10	26	81	kitchen	sun_aehawpgmrlhlvcow.tif	1101840.861286	1101841.119879	1101841.943459	7.007428e-01	71	none	NaN	NaN
142	10	27	101	kitchen	sun_aqeaevwwwjoqhzvl.tif	1101842.713121	1101842.971714	1101843.795285	7.674802e-01	91	none	NaN	NaN
142	10	28	90	kitchen	sun_ahdycvpopffkzzsu.tif	1101844.564957	1101844.823549	1101845.647209	8.342176e-01	80	none	NaN	NaN
142	10	29	76	kitchen	sun_acwjdupvyjsugpay.tif	1101846.416798	1101846.675384	1101847.499112	6.924006e-01	66	none	NaN	NaN
142	10	30	87	kitchen	sun_agorklincwxrdtga.tif	1101848.268630	1101848.527220	1101849.350784	7.174271e-01	77	none	NaN	NaN
142	10	31	100	kitchen	sun_amjjdeyrggfqgmom.tif	1101850.120465	1101850.379055	1101851.202606	7.090850e-01	90	39	1101851.886134	1
142	10	32	63	kitchen	labelme_rykdqxenmhulbdn.tif	1101852.664652	1101852.923248	1101853.746996	8.425598e-01	53	39	1101856.790418	0
142	10	33	89	kitchen	sun_agzzivivdpnawacl.tif	1101857.561171	1101857.819759	1101858.643324	7.674802e-01	79	none	NaN	NaN
142	10	34	84	kitchen	sun_aexklacwqwezaorf.tif	1101859.413018	1101859.671606	1101860.495256	6.673741e-01	74	none	NaN	NaN
142	10	35	71	kitchen	sun_abftihopvusyfakt.tif	1101861.264851	1101861.523439	1101862.347227	6.840584e-01	61	37	1101863.166718	1
142	10	36	80	kitchen	sun_aegoxogugdkwpmpj.tif	1101863.942506	1101864.201098	1101865.024887	8.258754e-01	70	none	NaN	NaN
142	10	37	77	kitchen	sun_acxkpeoqbwcxfvip.tif	1101865.794343	1101866.052927	1101866.876517	6.673741e-01	67	none	NaN	NaN
142	10	38	64	kitchen	sun_aadbddgrdsjugojn.tif	1101867.646175	1101867.904770	1101868.728553	8.509020e-01	54	none	NaN	NaN
142	10	39	106	kitchen	sun_awcpdzzznmweyyhv.tif	1101869.498004	1101869.756607	1101870.580292	6.924006e-01	96	none	NaN	NaN
142	10	40	68	kitchen	sun_aaxxjlsuzvqlgylf.tif	1101871.349855	1101871.608437	1101872.432071	7.174271e-01	58	none	NaN	NaN
142	10	41	61	kitchen	labelme_brsyyvweiuaazfr.tif	1101873.201684	1101873.460276	1101874.283934	7.841645e-01	51	none	NaN	NaN
142	10	42	91	kitchen	sun_ahljzhgcdpomplvg.tif	1101875.053522	1101875.312111	1101876.135739	8.258754e-01	81	none	NaN	NaN
142	10	43	75	kitchen	sun_acgtpgfybqjmzeyw.tif	1101876.905363	1101877.163938	1101877.987713	7.424537e-01	65	37	1101878.766281	1
142	10	44	102	kitchen	sun_auaiucuqpdausiva.tif	1101879.541306	1101879.799889	1101880.623557	7.674802e-01	92	none	NaN	NaN
142	10	45	98	kitchen	sun_akchetnepxlcxhsu.tif	1101881.393139	1101881.651729	1101882.475436	7.507958e-01	88	none	NaN	NaN
142	10	46	104	kitchen	sun_auticobqsbwgoppi.tif	1101883.244976	1101883.503572	1101884.327194	7.758224e-01	94	none	NaN	NaN
142	10	47	108	kitchen	sun_aymvwlarqodbwuoc.tif	1101885.096815	1101885.355400	1101886.179029	8.258754e-01	98	none	NaN	NaN
142	10	48	93	kitchen	sun_ahspylgoovwmwvgk.tif	1101886.940309	1101887.198900	1101888.022569	8.091911e-01	83	none	NaN	NaN
142	10	49	79	kitchen	sun_admlmbcdswaszruo.tif	1101888.792146	1101889.050728	1101889.874452	6.590319e-01	69	37	1101890.598152	1
142	10	50	72	kitchen	sun_abpwyqmlzafvklqo.tif	1101891.369698	1101891.628286	1101892.451975	7.007428e-01	62	none	NaN	NaN
142	10	51	96	kitchen	sun_ajcbwwvdlsvjyzje.tif	1101893.221535	1101893.480123	1101894.303684	8.091911e-01	86	none	NaN	NaN
142	10	52	75	kitchen	sun_acgtpgfybqjmzeyw.tif	1101895.073370	1101895.331962	1101896.155525	7.591380e-01	65	none	NaN	NaN
142	10	53	81	kitchen	sun_aehawpgmrlhlvcow.tif	1101896.925207	1101897.183799	1101898.007515	6.757163e-01	71	37	1101898.702481	1
142	10	54	86	kitchen	sun_aggjlwcdjsjcaemh.tif	1101899.477735	1101899.736327	1101900.559946	8.091911e-01	76	none	NaN	NaN
142	10	55	103	kitchen	sun_aunzlwrbjumxhwdj.tif	1101901.329579	1101901.588165	1101902.411792	7.257693e-01	93	none	NaN	NaN
142	10	56	77	kitchen	sun_acxkpeoqbwcxfvip.tif	1101903.181409	1101903.440002	1101904.263719	7.090850e-01	67	none	NaN	NaN
142	10	57	62	kitchen	labelme_kxvouciolcpqplr.tif	1101905.033249	1101905.291833	1101906.115570	7.841645e-01	52	none	NaN	NaN
142	10	58	64	kitchen	sun_aadbddgrdsjugojn.tif	1101906.885083	1101907.143674	1101907.967331	7.341115e-01	54	none	NaN	NaN
142	10	59	98	kitchen	sun_akchetnepxlcxhsu.tif	1101908.736917	1101908.995510	1101909.819085	6.673741e-01	88	none	NaN	NaN
142	10	60	70	kitchen	sun_abdxkyyxwfskuaqb.tif	1101910.588756	1101910.847345	1101911.670936	7.591380e-01	60	none	NaN	NaN
142	10	61	94	kitchen	sun_ahywdevtimnqcsln.tif	1101912.440594	1101912.699182	1101913.522762	7.257693e-01	84	37	1101914.094617	1
142	10	62	102	kitchen	sun_auaiucuqpdausiva.tif	1101914.868002	1101915.126588	1101915.950233	7.341115e-01	92	none	NaN	NaN
142	10	63	95	kitchen	sun_aixorpehvfykdynp.tif	1101916.719837	1101916.978424	1101917.802220	8.425598e-01	85	none	NaN	NaN
142	10	64	97	kitchen	sun_ajkqhtgcbgpcwrwn.tif	1101918.571672	1101918.830258	1101919.653939	6.506897e-01	87	none	NaN	NaN
142	10	65	78	kitchen	sun_adgqasybjyktddhj.tif	1101920.423508	1101920.682095	1101921.505797	7.424537e-01	68	none	NaN	NaN
142	10	66	83	kitchen	sun_aeqdocilnnpuvuhx.tif	1101922.275348	1101922.533937	1101923.357696	6.590319e-01	73	none	NaN	NaN
142	10	67	109	kitchen	sun_aypmqwcualkenuoe.tif	1101924.127178	1101924.385772	1101925.209483	7.674802e-01	99	none	NaN	NaN
142	10	68	79	kitchen	sun_admlmbcdswaszruo.tif	1101925.979016	1101926.237605	1101927.061264	7.007428e-01	69	none	NaN	NaN
142	10	69	105	kitchen	sun_avszsnwsbuqfgzbn.tif	1101927.830851	1101928.089443	1101928.913224	7.925067e-01	95	none	NaN	NaN
142	10	70	85	kitchen	sun_afuyedyxivkhecmu.tif	1101929.682685	1101929.941278	1101930.765012	7.925067e-01	75	none	NaN	NaN
142	10	71	76	kitchen	sun_acwjdupvyjsugpay.tif	1101931.534528	1101931.793110	1101932.616903	8.008489e-01	66	none	NaN	NaN
142	10	72	65	kitchen	sun_aamedkxepzlwuxes.tif	1101933.386362	1101933.644952	1101934.468638	7.090850e-01	55	none	NaN	NaN
142	10	73	61	kitchen	labelme_brsyyvweiuaazfr.tif	1101935.238197	1101935.496791	1101936.320540	8.425598e-01	51	none	NaN	NaN
142	10	74	90	kitchen	sun_ahdycvpopffkzzsu.tif	1101937.090031	1101937.348619	1101938.172257	6.757163e-01	80	none	NaN	NaN
142	10	75	82	kitchen	sun_aenotlpyftoioydp.tif	1101938.941868	1101939.200458	1101940.024114	7.507958e-01	72	none	NaN	NaN
142	10	76	108	kitchen	sun_aymvwlarqodbwuoc.tif	1101940.793707	1101941.052294	1101941.875952	7.424537e-01	98	none	NaN	NaN
142	10	77	68	kitchen	sun_aaxxjlsuzvqlgylf.tif	1101942.645540	1101942.904131	1101943.727723	8.342176e-01	58	none	NaN	NaN
142	10	78	101	kitchen	sun_aqeaevwwwjoqhzvl.tif	1101944.497379	1101944.755968	1101945.579576	6.590319e-01	91	none	NaN	NaN
142	10	79	106	kitchen	sun_awcpdzzznmweyyhv.tif	1101946.349209	1101946.607805	1101947.431516	8.258754e-01	96	none	NaN	NaN
142	10	80	92	kitchen	sun_ahpczsiumwwocjkv.tif	1101948.201049	1101948.459637	1101949.283357	6.924006e-01	82	none	NaN	NaN
142	10	81	110	kitchen	sun_azmutvzbxypaceni.tif	1101950.052882	1101950.311475	1101951.135314	7.758224e-01	100	none	NaN	NaN
142	10	82	73	kitchen	sun_abrcnpqqhmjwekyf.tif	1101951.904724	1101952.163312	1101952.986950	8.008489e-01	63	none	NaN	NaN
142	10	83	99	kitchen	sun_akcjzhbbjlbogpdi.tif	1101953.756558	1101954.015152	1101954.838829	6.924006e-01	89	none	NaN	NaN
142	10	84	100	kitchen	sun_amjjdeyrggfqgmom.tif	1101955.608385	1101955.866984	1101956.690720	8.008489e-01	90	none	NaN	NaN
142	10	85	74	kitchen	sun_acfmftudsenhrfhy.tif	1101957.460230	1101957.718817	1101958.542384	6.590319e-01	64	none	NaN	NaN
142	10	86	71	kitchen	sun_abftihopvusyfakt.tif	1101959.312064	1101959.570653	1101960.394220	7.925067e-01	61	37	1101960.862515	1
142	10	87	93	kitchen	sun_ahspylgoovwmwvgk.tif	1101961.639373	1101961.897964	1101962.721563	7.341115e-01	83	none	NaN	NaN
142	10	88	91	kitchen	sun_ahljzhgcdpomplvg.tif	1101963.491212	1101963.749812	1101964.573448	7.591380e-01	81	none	NaN	NaN
142	10	89	84	kitchen	sun_aexklacwqwezaorf.tif	1101965.343048	1101965.601636	1101966.425296	8.425598e-01	74	none	NaN	NaN
142	10	90	88	kitchen	sun_agubuxuukhzyzpdp.tif	1101967.194877	1101967.453476	1101968.277112	7.591380e-01	78	37	1101969.726389	0
142	10	91	80	kitchen	sun_aegoxogugdkwpmpj.tif	1101970.498158	1101970.756749	1101971.580398	7.841645e-01	70	none	NaN	NaN
142	10	92	63	kitchen	labelme_rykdqxenmhulbdn.tif	1101972.349993	1101972.608605	1101973.432319	8.175332e-01	53	none	NaN	NaN
142	10	93	69	kitchen	sun_abdenxonkemggwsq.tif	1101974.201834	1101974.460416	1101975.284171	7.925067e-01	59	none	NaN	NaN
142	10	94	89	kitchen	sun_agzzivivdpnawacl.tif	1101976.053666	1101976.312257	1101977.135831	8.175332e-01	79	none	NaN	NaN
142	10	95	87	kitchen	sun_agorklincwxrdtga.tif	1101977.905506	1101978.164096	1101978.987647	6.506897e-01	77	39	1101979.734590	1
142	10	96	72	kitchen	sun_abpwyqmlzafvklqo.tif	1101980.508084	1101980.766676	1101981.590288	7.341115e-01	62	none	NaN	NaN
142	10	97	66	kitchen	sun_aapllqyqlykszopd.tif	1101982.359924	1101982.618507	1101983.442083	6.840584e-01	56	none	NaN	NaN
142	10	98	107	kitchen	sun_axyyrmzcupyhlivc.tif	1101984.211760	1101984.470343	1101985.294075	7.174271e-01	97	none	NaN	NaN
142	10	99	104	kitchen	sun_auticobqsbwgoppi.tif	1101986.063592	1101986.322180	1101987.145755	7.174271e-01	94	none	NaN	NaN
142	10	100	67	kitchen	sun_aarfiyshqohlwkmo.tif	1101987.915428	1101988.174016	1101988.997863	7.257693e-01	57	none	NaN	NaN
142	11	1	17	bathroom	sun_acegryoqftbzowsg.tif	1102117.418842	1102117.677428	1102118.376025	8.509020e-01	7	none	NaN	NaN
142	11	2	12	bathroom	sun_aapitsgbtktqubfy.tif	1102119.145548	1102119.404135	1102120.102558	7.591380e-01	2	none	NaN	NaN
142	11	3	27	bathroom	sun_ahcvzmoyaycdoftf.tif	1102120.872267	1102121.130858	1102121.829329	7.674802e-01	17	none	NaN	NaN
142	11	4	39	bathroom	sun_anryaplzeujmzfkd.tif	1102122.598979	1102122.857562	1102123.556205	8.091911e-01	29	39	1102125.038647	1
142	11	5	51	bathroom	sun_atstyziqcmkahyxk.tif	1102125.810487	1102126.069086	1102126.767571	7.925067e-01	41	none	NaN	NaN
142	11	6	53	bathroom	sun_ausgutylgojavyoq.tif	1102127.537205	1102127.795797	1102128.494411	7.758224e-01	43	none	NaN	NaN
142	11	7	55	bathroom	sun_avhrdrntsqrjzccq.tif	1102129.263919	1102129.522507	1102130.221125	7.674802e-01	45	none	NaN	NaN
142	11	8	36	bathroom	sun_ambriybtogmepttm.tif	1102130.990631	1102131.249217	1102131.947638	8.091911e-01	26	none	NaN	NaN
142	11	9	22	bathroom	sun_agguqiubmwhqqunb.tif	1102132.717338	1102132.975934	1102133.674340	6.673741e-01	12	37	1102136.766783	0
142	11	10	35	bathroom	sun_alotolagknyrgtsk.tif	1102137.538788	1102137.797375	1102138.495880	6.590319e-01	25	none	NaN	NaN
142	11	11	28	bathroom	sun_ahijqszoswveeyji.tif	1102139.265505	1102139.524092	1102140.222711	7.090850e-01	18	none	NaN	NaN
142	11	12	30	bathroom	sun_ajlawzvmubibwbpy.tif	1102140.992215	1102141.250808	1102141.949339	7.424537e-01	20	none	NaN	NaN
142	11	13	25	bathroom	sun_agyqfjcfkdcydepw.tif	1102142.718927	1102142.977518	1102143.675986	7.507958e-01	15	none	NaN	NaN
142	11	14	11	bathroom	labelme_sfxiulhjbhlyiyt.tif	1102144.445643	1102144.704231	1102145.402744	8.342176e-01	1	none	NaN	NaN
142	11	15	49	bathroom	sun_asfwthctfqerjvxr.tif	1102146.172348	1102146.430938	1102147.129596	8.258754e-01	39	none	NaN	NaN
142	11	16	56	bathroom	sun_awnqiikzaispgmwo.tif	1102147.899062	1102148.157651	1102148.856275	8.258754e-01	46	none	NaN	NaN
142	11	17	29	bathroom	sun_ahqjwnzgolcaoidx.tif	1102149.625775	1102149.884364	1102150.582868	6.506897e-01	19	none	NaN	NaN
142	11	18	34	bathroom	sun_alkosphxlxwjwgjd.tif	1102151.352489	1102151.611078	1102152.309638	7.341115e-01	24	none	NaN	NaN
142	11	19	54	bathroom	sun_auzqhkafidnkrwmo.tif	1102153.079199	1102153.337788	1102154.036421	7.674802e-01	44	none	NaN	NaN
142	11	20	48	bathroom	sun_aqrpegblszgcoujh.tif	1102154.805914	1102155.064499	1102155.763049	7.257693e-01	38	none	NaN	NaN
142	11	21	33	bathroom	sun_aljolscmmzydegqp.tif	1102156.532624	1102156.791219	1102157.489782	8.091911e-01	23	none	NaN	NaN
142	11	22	52	bathroom	sun_aunuadmjocsddsrl.tif	1102158.259336	1102158.517931	1102159.216387	7.758224e-01	42	none	NaN	NaN
142	11	23	41	bathroom	sun_aoybiabnpadelefl.tif	1102159.986046	1102160.244640	1102160.943210	8.342176e-01	31	none	NaN	NaN
142	11	24	15	bathroom	sun_abjtwfukuwddzted.tif	1102161.712765	1102161.971350	1102162.669948	6.757163e-01	5	none	NaN	NaN
142	11	25	13	bathroom	sun_aavhrsfjbserjtht.tif	1102163.439476	1102163.698065	1102164.396673	6.924006e-01	3	39	1102166.630429	0
142	11	26	40	bathroom	sun_aofnryafpsjimzsb.tif	1102167.401737	1102167.660327	1102168.358746	8.258754e-01	30	37	1102169.006838	1
142	11	27	16	bathroom	sun_acduarbnmmoglmiv.tif	1102169.779093	1102170.037685	1102170.736195	8.425598e-01	6	none	NaN	NaN
142	11	28	18	bathroom	sun_acgyywnybuveqsro.tif	1102171.505806	1102171.764396	1102172.463058	8.342176e-01	8	none	NaN	NaN
142	11	29	45	bathroom	sun_apkxzenqapsujocq.tif	1102173.232521	1102173.491105	1102174.189530	6.590319e-01	35	37	1102174.766645	1
142	11	30	60	bathroom	sun_azqyogdvyhahyram.tif	1102175.543142	1102175.801735	1102176.500154	6.590319e-01	50	37	1102177.078645	1
142	11	31	38	bathroom	sun_anhioqovhscjqqwb.tif	1102177.853768	1102178.112355	1102178.810859	8.008489e-01	28	none	NaN	NaN
142	11	32	44	bathroom	sun_apkruvsevgegsdwp.tif	1102179.580478	1102179.839069	1102180.537691	7.174271e-01	34	none	NaN	NaN
142	11	33	26	bathroom	sun_ahaulkltgpkeeemi.tif	1102181.307191	1102181.565776	1102182.264221	6.506897e-01	16	none	NaN	NaN
142	11	34	37	bathroom	sun_amzlamotzwfkwjco.tif	1102183.033907	1102183.292496	1102183.991041	8.425598e-01	27	none	NaN	NaN
142	11	35	43	bathroom	sun_apjevzvycyhuqghb.tif	1102184.760618	1102185.019205	1102185.717730	6.673741e-01	33	none	NaN	NaN
142	11	36	14	bathroom	sun_abapwbhyhkfixyex.tif	1102186.487322	1102186.745922	1102187.444404	7.925067e-01	4	37	1102187.942684	1
142	11	37	21	bathroom	sun_aggnnqpdorgxpvce.tif	1102188.714540	1102188.973131	1102189.671562	7.591380e-01	11	none	NaN	NaN
142	11	38	31	bathroom	sun_akiytfaagpdsphgz.tif	1102190.441251	1102190.699838	1102191.398282	8.008489e-01	21	none	NaN	NaN
142	11	39	57	bathroom	sun_axldvoqbuvuggfmq.tif	1102192.167963	1102192.426550	1102193.125025	7.174271e-01	47	none	NaN	NaN
142	11	40	59	bathroom	sun_axyrejkiiaqiurjk.tif	1102193.894673	1102194.153264	1102194.851827	6.840584e-01	49	39	1102198.071076	1
142	11	41	50	bathroom	sun_aspsyogrekjtfozg.tif	1102198.849593	1102199.108178	1102199.806778	7.257693e-01	40	none	NaN	NaN
142	11	42	32	bathroom	sun_aleqenyvunhactkl.tif	1102200.576298	1102200.834891	1102201.533355	8.509020e-01	22	none	NaN	NaN
142	11	43	42	bathroom	sun_apeeialkgkuxddgh.tif	1102202.303011	1102202.561606	1102203.260129	6.590319e-01	32	37	1102203.750742	1
142	11	44	20	bathroom	sun_afcoljnjfoxjtgja.tif	1102204.521878	1102204.780473	1102205.479065	7.007428e-01	10	none	NaN	NaN
142	11	45	24	bathroom	sun_agrwbmhcpmfuwmsg.tif	1102206.248595	1102206.507178	1102207.205750	7.841645e-01	14	37	1102207.646779	1
142	11	46	23	bathroom	sun_aghyqhbptboemmoq.tif	1102208.417412	1102208.675998	1102209.374458	7.841645e-01	13	none	NaN	NaN
142	11	47	58	bathroom	sun_axxbkopsgyouuebh.tif	1102210.144090	1102210.402704	1102211.101277	6.924006e-01	48	none	NaN	NaN
142	11	48	19	bathroom	sun_aclfzgynxzxlbepz.tif	1102211.870833	1102212.129415	1102212.827962	7.007428e-01	9	none	NaN	NaN
142	11	49	46	bathroom	sun_apmqjbnwghzuhhzh.tif	1102213.597540	1102213.856130	1102214.554778	7.424537e-01	36	none	NaN	NaN
142	11	50	47	bathroom	sun_apynckhmoftszqoq.tif	1102215.324256	1102215.582850	1102216.281282	6.924006e-01	37	none	NaN	NaN
142	11	51	39	bathroom	sun_anryaplzeujmzfkd.tif	1102217.050971	1102217.309560	1102218.008202	7.424537e-01	29	none	NaN	NaN
142	11	52	17	bathroom	sun_acegryoqftbzowsg.tif	1102218.777685	1102219.036275	1102219.734932	6.840584e-01	7	37	1102220.318780	1
142	11	53	16	bathroom	sun_acduarbnmmoglmiv.tif	1102221.096648	1102221.355235	1102222.053726	7.341115e-01	6	none	NaN	NaN
142	11	54	38	bathroom	sun_anhioqovhscjqqwb.tif	1102222.823357	1102223.081952	1102223.780535	7.007428e-01	28	none	NaN	NaN
142	11	55	13	bathroom	sun_aavhrsfjbserjtht.tif	1102224.550072	1102224.808664	1102225.507201	7.591380e-01	3	none	NaN	NaN
142	11	56	46	bathroom	sun_apmqjbnwghzuhhzh.tif	1102226.276788	1102226.535380	1102227.233995	7.174271e-01	36	none	NaN	NaN
142	11	57	53	bathroom	sun_ausgutylgojavyoq.tif	1102228.003501	1102228.262091	1102228.960569	7.341115e-01	43	none	NaN	NaN
142	11	58	19	bathroom	sun_aclfzgynxzxlbepz.tif	1102229.730206	1102229.988801	1102230.687263	7.925067e-01	9	none	NaN	NaN
142	11	59	57	bathroom	sun_axldvoqbuvuggfmq.tif	1102231.456920	1102231.715506	1102232.413940	6.757163e-01	47	39	1102233.030851	1
142	11	60	31	bathroom	sun_akiytfaagpdsphgz.tif	1102233.809254	1102234.067845	1102234.766450	6.757163e-01	21	none	NaN	NaN
142	11	61	55	bathroom	sun_avhrdrntsqrjzccq.tif	1102235.535965	1102235.794555	1102236.493006	7.591380e-01	45	none	NaN	NaN
142	11	62	34	bathroom	sun_alkosphxlxwjwgjd.tif	1102237.262683	1102237.521271	1102238.219895	7.007428e-01	24	none	NaN	NaN
142	11	63	24	bathroom	sun_agrwbmhcpmfuwmsg.tif	1102238.989396	1102239.247985	1102239.946594	6.757163e-01	14	none	NaN	NaN
142	11	64	12	bathroom	sun_aapitsgbtktqubfy.tif	1102240.716099	1102240.974693	1102241.673123	8.342176e-01	2	none	NaN	NaN
142	11	65	36	bathroom	sun_ambriybtogmepttm.tif	1102242.442820	1102242.701407	1102243.400027	8.008489e-01	26	none	NaN	NaN
142	11	66	45	bathroom	sun_apkxzenqapsujocq.tif	1102244.169522	1102244.428116	1102245.126745	7.674802e-01	35	none	NaN	NaN
142	11	67	23	bathroom	sun_aghyqhbptboemmoq.tif	1102245.896237	1102246.154826	1102246.853359	8.175332e-01	13	none	NaN	NaN
142	11	68	44	bathroom	sun_apkruvsevgegsdwp.tif	1102247.622957	1102247.881544	1102248.579984	6.673741e-01	34	none	NaN	NaN
142	11	69	14	bathroom	sun_abapwbhyhkfixyex.tif	1102249.349656	1102249.608257	1102250.306885	7.424537e-01	4	none	NaN	NaN
142	11	70	56	bathroom	sun_awnqiikzaispgmwo.tif	1102251.076378	1102251.334969	1102252.033475	6.924006e-01	46	none	NaN	NaN
142	11	71	41	bathroom	sun_aoybiabnpadelefl.tif	1102252.803087	1102253.061681	1102253.760122	7.591380e-01	31	none	NaN	NaN
142	11	72	37	bathroom	sun_amzlamotzwfkwjco.tif	1102254.529797	1102254.788391	1102255.487012	8.425598e-01	27	none	NaN	NaN
142	11	73	58	bathroom	sun_axxbkopsgyouuebh.tif	1102256.256515	1102256.515101	1102257.213567	7.841645e-01	48	none	NaN	NaN
142	11	74	60	bathroom	sun_azqyogdvyhahyram.tif	1102257.983227	1102258.241812	1102258.940291	8.258754e-01	50	none	NaN	NaN
142	11	75	35	bathroom	sun_alotolagknyrgtsk.tif	1102259.709936	1102259.968530	1102260.667007	8.175332e-01	25	none	NaN	NaN
142	11	76	11	bathroom	labelme_sfxiulhjbhlyiyt.tif	1102261.436648	1102261.695244	1102262.393657	6.840584e-01	1	none	NaN	NaN
142	11	77	42	bathroom	sun_apeeialkgkuxddgh.tif	1102263.163368	1102263.421955	1102264.120435	8.091911e-01	32	none	NaN	NaN
142	11	78	29	bathroom	sun_ahqjwnzgolcaoidx.tif	1102264.890077	1102265.148667	1102265.847171	7.090850e-01	19	none	NaN	NaN
142	11	79	51	bathroom	sun_atstyziqcmkahyxk.tif	1102266.616789	1102266.875380	1102267.573820	6.506897e-01	41	none	NaN	NaN
142	11	80	27	bathroom	sun_ahcvzmoyaycdoftf.tif	1102268.343502	1102268.602086	1102269.300613	7.758224e-01	17	none	NaN	NaN
142	11	81	59	bathroom	sun_axyrejkiiaqiurjk.tif	1102270.070211	1102270.328805	1102271.027309	8.425598e-01	49	none	NaN	NaN
142	11	82	52	bathroom	sun_aunuadmjocsddsrl.tif	1102271.796923	1102272.055508	1102272.754090	6.840584e-01	42	none	NaN	NaN
142	11	83	20	bathroom	sun_afcoljnjfoxjtgja.tif	1102273.523641	1102273.782225	1102274.480854	8.175332e-01	10	39	1102275.086844	1
142	11	84	15	bathroom	sun_abjtwfukuwddzted.tif	1102275.859290	1102276.117873	1102276.816323	7.174271e-01	5	none	NaN	NaN
142	11	85	49	bathroom	sun_asfwthctfqerjvxr.tif	1102277.585996	1102277.844585	1102278.543250	7.925067e-01	39	39	1102279.310503	1
142	11	86	21	bathroom	sun_aggnnqpdorgxpvce.tif	1102280.088477	1102280.347071	1102281.045611	6.924006e-01	11	none	NaN	NaN
142	11	87	32	bathroom	sun_aleqenyvunhactkl.tif	1102281.815194	1102282.073785	1102282.772428	7.507958e-01	22	none	NaN	NaN
142	11	88	43	bathroom	sun_apjevzvycyhuqghb.tif	1102283.541903	1102283.800496	1102284.498976	7.257693e-01	33	none	NaN	NaN
142	11	89	40	bathroom	sun_aofnryafpsjimzsb.tif	1102285.268617	1102285.527208	1102286.225839	7.341115e-01	30	none	NaN	NaN
142	11	90	26	bathroom	sun_ahaulkltgpkeeemi.tif	1102286.995329	1102287.253919	1102287.952464	7.090850e-01	16	none	NaN	NaN
142	11	91	54	bathroom	sun_auzqhkafidnkrwmo.tif	1102288.722042	1102288.980629	1102289.679247	8.008489e-01	44	none	NaN	NaN
142	11	92	18	bathroom	sun_acgyywnybuveqsro.tif	1102290.448747	1102290.707345	1102291.405986	8.175332e-01	8	none	NaN	NaN
142	11	93	47	bathroom	sun_apynckhmoftszqoq.tif	1102292.175465	1102292.434053	1102293.132613	7.507958e-01	37	none	NaN	NaN
142	11	94	25	bathroom	sun_agyqfjcfkdcydepw.tif	1102293.902174	1102294.160765	1102294.859307	7.257693e-01	15	none	NaN	NaN
142	11	95	28	bathroom	sun_ahijqszoswveeyji.tif	1102295.628887	1102295.887481	1102296.585996	8.258754e-01	18	none	NaN	NaN
142	11	96	48	bathroom	sun_aqrpegblszgcoujh.tif	1102297.355601	1102297.614190	1102298.312630	7.507958e-01	38	none	NaN	NaN
142	11	97	50	bathroom	sun_aspsyogrekjtfozg.tif	1102299.082316	1102299.340904	1102300.039518	7.090850e-01	40	none	NaN	NaN
142	11	98	22	bathroom	sun_agguqiubmwhqqunb.tif	1102300.809024	1102301.067618	1102301.766243	6.673741e-01	12	none	NaN	NaN
142	11	99	33	bathroom	sun_aljolscmmzydegqp.tif	1102302.535737	1102302.794330	1102303.492763	7.841645e-01	23	39	1102304.214560	1
142	11	100	30	bathroom	sun_ajlawzvmubibwbpy.tif	1102304.988170	1102305.246758	1102305.945210	7.758224e-01	20	none	NaN	NaN
142	12	1	75	kitchen	sun_acgtpgfybqjmzeyw.tif	1102310.785591	1102311.044177	1102311.734430	7.174271e-01	65	none	NaN	NaN
142	12	2	65	kitchen	sun_aamedkxepzlwuxes.tif	1102312.503959	1102312.762545	1102313.452858	7.257693e-01	55	none	NaN	NaN
142	12	3	82	kitchen	sun_aenotlpyftoioydp.tif	1102314.222329	1102314.480918	1102315.171123	7.758224e-01	72	none	NaN	NaN
142	12	4	68	kitchen	sun_aaxxjlsuzvqlgylf.tif	1102315.940700	1102316.199286	1102316.889402	8.175332e-01	58	39	1102317.590571	1
142	12	5	110	kitchen	sun_azmutvzbxypaceni.tif	1102318.368102	1102318.626694	1102319.316881	7.090850e-01	100	39	1102319.942876	1
142	12	6	84	kitchen	sun_aexklacwqwezaorf.tif	1102320.720439	1102320.979024	1102321.669199	6.590319e-01	74	none	NaN	NaN
142	12	7	83	kitchen	sun_aeqdocilnnpuvuhx.tif	1102322.438805	1102322.697395	1102323.387683	7.257693e-01	73	none	NaN	NaN
142	12	8	70	kitchen	sun_abdxkyyxwfskuaqb.tif	1102324.157179	1102324.415768	1102325.105988	7.925067e-01	60	none	NaN	NaN
142	12	9	61	kitchen	labelme_brsyyvweiuaazfr.tif	1102325.875548	1102326.134141	1102326.824327	8.175332e-01	51	none	NaN	NaN
142	12	10	80	kitchen	sun_aegoxogugdkwpmpj.tif	1102327.593917	1102327.852510	1102328.542709	7.007428e-01	70	none	NaN	NaN
142	12	11	103	kitchen	sun_aunzlwrbjumxhwdj.tif	1102329.312291	1102329.570877	1102330.261077	7.841645e-01	93	none	NaN	NaN
142	12	12	63	kitchen	labelme_rykdqxenmhulbdn.tif	1102331.030660	1102331.289247	1102331.979322	7.007428e-01	53	none	NaN	NaN
142	12	13	71	kitchen	sun_abftihopvusyfakt.tif	1102332.749031	1102333.007622	1102333.697907	6.924006e-01	61	none	NaN	NaN
142	12	14	89	kitchen	sun_agzzivivdpnawacl.tif	1102334.467400	1102334.725991	1102335.416270	7.591380e-01	79	37	1102336.086744	1
142	12	15	85	kitchen	sun_afuyedyxivkhecmu.tif	1102336.861440	1102337.120029	1102337.810328	8.091911e-01	75	39	1102338.686872	0
142	12	16	92	kitchen	sun_ahpczsiumwwocjkv.tif	1102339.464023	1102339.722611	1102340.412769	7.341115e-01	82	none	NaN	NaN
142	12	17	93	kitchen	sun_ahspylgoovwmwvgk.tif	1102341.182392	1102341.440985	1102342.131058	7.174271e-01	83	none	NaN	NaN
142	12	18	108	kitchen	sun_aymvwlarqodbwuoc.tif	1102342.900762	1102343.159350	1102343.849516	6.924006e-01	98	none	NaN	NaN
142	12	19	101	kitchen	sun_aqeaevwwwjoqhzvl.tif	1102344.619133	1102344.877728	1102345.567796	6.673741e-01	91	none	NaN	NaN
142	12	20	99	kitchen	sun_akcjzhbbjlbogpdi.tif	1102346.329165	1102346.587758	1102347.278004	6.757163e-01	89	none	NaN	NaN
142	12	21	105	kitchen	sun_avszsnwsbuqfgzbn.tif	1102348.047531	1102348.306123	1102348.996235	6.673741e-01	95	none	NaN	NaN
142	12	22	106	kitchen	sun_awcpdzzznmweyyhv.tif	1102349.765903	1102350.024494	1102350.714659	7.424537e-01	96	none	NaN	NaN
142	12	23	100	kitchen	sun_amjjdeyrggfqgmom.tif	1102351.484276	1102351.742860	1102352.433140	7.841645e-01	90	39	1102353.038595	1
142	12	24	107	kitchen	sun_axyyrmzcupyhlivc.tif	1102353.811585	1102354.070170	1102354.760272	6.924006e-01	97	none	NaN	NaN
142	12	25	109	kitchen	sun_aypmqwcualkenuoe.tif	1102355.529952	1102355.788542	1102356.478666	8.342176e-01	99	none	NaN	NaN
142	12	26	87	kitchen	sun_agorklincwxrdtga.tif	1102357.248326	1102357.506914	1102358.197130	7.090850e-01	77	none	NaN	NaN
142	12	27	78	kitchen	sun_adgqasybjyktddhj.tif	1102358.966697	1102359.225291	1102359.915562	7.591380e-01	68	none	NaN	NaN
142	12	28	76	kitchen	sun_acwjdupvyjsugpay.tif	1102360.685066	1102360.943651	1102361.633894	6.590319e-01	66	none	NaN	NaN
142	12	29	64	kitchen	sun_aadbddgrdsjugojn.tif	1102362.403434	1102362.662024	1102363.352228	7.257693e-01	54	none	NaN	NaN
142	12	30	77	kitchen	sun_acxkpeoqbwcxfvip.tif	1102364.121811	1102364.380397	1102365.070562	7.424537e-01	67	none	NaN	NaN
142	12	31	72	kitchen	sun_abpwyqmlzafvklqo.tif	1102365.840176	1102366.098766	1102366.789052	8.008489e-01	62	none	NaN	NaN
142	12	32	95	kitchen	sun_aixorpehvfykdynp.tif	1102367.558546	1102367.817136	1102368.507262	6.840584e-01	85	none	NaN	NaN
142	12	33	86	kitchen	sun_aggjlwcdjsjcaemh.tif	1102369.276920	1102369.535512	1102370.225722	7.174271e-01	76	none	NaN	NaN
142	12	34	91	kitchen	sun_ahljzhgcdpomplvg.tif	1102370.995290	1102371.253879	1102371.944178	7.674802e-01	81	37	1102373.246796	0
142	12	35	90	kitchen	sun_ahdycvpopffkzzsu.tif	1102374.023293	1102374.281884	1102374.972182	7.674802e-01	80	none	NaN	NaN
142	12	36	62	kitchen	labelme_kxvouciolcpqplr.tif	1102375.741659	1102376.000247	1102376.690517	7.174271e-01	52	none	NaN	NaN
142	12	37	81	kitchen	sun_aehawpgmrlhlvcow.tif	1102377.460032	1102377.718624	1102378.408819	7.591380e-01	71	none	NaN	NaN
142	12	38	97	kitchen	sun_ajkqhtgcbgpcwrwn.tif	1102379.178407	1102379.436991	1102380.127276	6.673741e-01	87	none	NaN	NaN
142	12	39	79	kitchen	sun_admlmbcdswaszruo.tif	1102380.896779	1102381.155366	1102381.845674	6.506897e-01	69	none	NaN	NaN
142	12	40	88	kitchen	sun_agubuxuukhzyzpdp.tif	1102382.615144	1102382.873733	1102383.563966	7.925067e-01	78	none	NaN	NaN
142	12	41	98	kitchen	sun_akchetnepxlcxhsu.tif	1102384.333514	1102384.592103	1102385.282401	6.924006e-01	88	none	NaN	NaN
142	12	42	74	kitchen	sun_acfmftudsenhrfhy.tif	1102386.051881	1102386.310480	1102387.000625	6.757163e-01	64	none	NaN	NaN
142	12	43	67	kitchen	sun_aarfiyshqohlwkmo.tif	1102387.770255	1102388.028848	1102388.719019	7.507958e-01	57	37	1102390.335047	0
142	12	44	66	kitchen	sun_aapllqyqlykszopd.tif	1102391.106896	1102391.365486	1102392.055640	7.925067e-01	56	none	NaN	NaN
142	12	45	73	kitchen	sun_abrcnpqqhmjwekyf.tif	1102392.825269	1102393.083861	1102393.774006	6.757163e-01	63	37	1102394.606824	1
142	12	46	96	kitchen	sun_ajcbwwvdlsvjyzje.tif	1102395.377805	1102395.636390	1102396.326549	8.425598e-01	86	none	NaN	NaN
142	12	47	69	kitchen	sun_abdenxonkemggwsq.tif	1102397.096171	1102397.354762	1102398.045074	8.258754e-01	59	none	NaN	NaN
142	12	48	104	kitchen	sun_auticobqsbwgoppi.tif	1102398.814543	1102399.073133	1102399.763453	7.424537e-01	94	none	NaN	NaN
142	12	49	94	kitchen	sun_ahywdevtimnqcsln.tif	1102400.532917	1102400.791505	1102401.481623	6.840584e-01	84	none	NaN	NaN
142	12	50	102	kitchen	sun_auaiucuqpdausiva.tif	1102402.251285	1102402.509876	1102403.199992	8.091911e-01	92	none	NaN	NaN
142	12	51	106	kitchen	sun_awcpdzzznmweyyhv.tif	1102403.969653	1102404.228250	1102404.918469	8.425598e-01	96	none	NaN	NaN
142	12	52	109	kitchen	sun_aypmqwcualkenuoe.tif	1102405.688021	1102405.946614	1102406.636733	8.425598e-01	99	39	1102407.279137	1
142	12	53	64	kitchen	sun_aadbddgrdsjugojn.tif	1102408.057039	1102408.315629	1102409.005836	7.424537e-01	54	none	NaN	NaN
142	12	54	89	kitchen	sun_agzzivivdpnawacl.tif	1102409.775414	1102410.033995	1102410.724234	7.758224e-01	79	none	NaN	NaN
142	12	55	70	kitchen	sun_abdxkyyxwfskuaqb.tif	1102411.493780	1102411.752371	1102412.442537	8.258754e-01	60	none	NaN	NaN
142	12	56	67	kitchen	sun_aarfiyshqohlwkmo.tif	1102413.212151	1102413.470740	1102414.160814	6.506897e-01	57	37	1102415.158953	1
142	12	57	87	kitchen	sun_agorklincwxrdtga.tif	1102415.931513	1102416.190097	1102416.880190	7.257693e-01	77	none	NaN	NaN
142	12	58	61	kitchen	labelme_brsyyvweiuaazfr.tif	1102417.649885	1102417.908472	1102418.598701	6.590319e-01	51	none	NaN	NaN
142	12	59	73	kitchen	sun_abrcnpqqhmjwekyf.tif	1102419.368256	1102419.626846	1102420.317111	7.007428e-01	63	none	NaN	NaN
142	12	60	85	kitchen	sun_afuyedyxivkhecmu.tif	1102421.086625	1102421.345217	1102422.035430	6.506897e-01	75	none	NaN	NaN
142	12	61	66	kitchen	sun_aapllqyqlykszopd.tif	1102422.804995	1102423.063586	1102423.753860	7.674802e-01	56	none	NaN	NaN
142	12	62	74	kitchen	sun_acfmftudsenhrfhy.tif	1102424.523369	1102424.781955	1102425.472103	7.758224e-01	64	none	NaN	NaN
142	12	63	100	kitchen	sun_amjjdeyrggfqgmom.tif	1102426.233400	1102426.491987	1102427.182289	7.090850e-01	90	none	NaN	NaN
142	12	64	65	kitchen	sun_aamedkxepzlwuxes.tif	1102427.951770	1102428.210358	1102428.900665	8.258754e-01	55	none	NaN	NaN
142	12	65	99	kitchen	sun_akcjzhbbjlbogpdi.tif	1102429.670138	1102429.928726	1102430.618993	7.925067e-01	89	none	NaN	NaN
142	12	66	98	kitchen	sun_akchetnepxlcxhsu.tif	1102431.388511	1102431.647097	1102432.337323	8.342176e-01	88	37	1102432.831097	1
142	12	67	102	kitchen	sun_auaiucuqpdausiva.tif	1102433.607374	1102433.865963	1102434.556172	7.591380e-01	92	none	NaN	NaN
142	12	68	69	kitchen	sun_abdenxonkemggwsq.tif	1102435.325746	1102435.584336	1102436.274576	7.507958e-01	59	none	NaN	NaN
142	12	69	82	kitchen	sun_aenotlpyftoioydp.tif	1102437.044117	1102437.302702	1102437.992830	6.840584e-01	72	37	1102438.639026	1
142	12	70	94	kitchen	sun_ahywdevtimnqcsln.tif	1102439.413131	1102439.671724	1102440.361946	7.507958e-01	84	none	NaN	NaN
142	12	71	78	kitchen	sun_adgqasybjyktddhj.tif	1102441.131502	1102441.390095	1102442.080226	7.090850e-01	68	none	NaN	NaN
142	12	72	83	kitchen	sun_aeqdocilnnpuvuhx.tif	1102442.849873	1102443.108466	1102443.798784	8.509020e-01	73	none	NaN	NaN
142	12	73	76	kitchen	sun_acwjdupvyjsugpay.tif	1102444.568241	1102444.826834	1102445.517013	7.841645e-01	66	none	NaN	NaN
142	12	74	77	kitchen	sun_acxkpeoqbwcxfvip.tif	1102446.286614	1102446.545209	1102447.235502	7.507958e-01	67	none	NaN	NaN
142	12	75	68	kitchen	sun_aaxxjlsuzvqlgylf.tif	1102448.004975	1102448.263575	1102448.953830	8.008489e-01	58	39	1102449.535145	1
142	12	76	71	kitchen	sun_abftihopvusyfakt.tif	1102450.307268	1102450.565857	1102451.256118	7.591380e-01	61	none	NaN	NaN
142	12	77	88	kitchen	sun_agubuxuukhzyzpdp.tif	1102452.025642	1102452.284233	1102452.974307	8.175332e-01	78	37	1102453.695000	1
142	12	78	81	kitchen	sun_aehawpgmrlhlvcow.tif	1102454.469724	1102454.728320	1102455.418410	8.342176e-01	71	none	NaN	NaN
142	12	79	80	kitchen	sun_aegoxogugdkwpmpj.tif	1102456.188097	1102456.446690	1102457.136941	7.758224e-01	70	none	NaN	NaN
142	12	80	97	kitchen	sun_ajkqhtgcbgpcwrwn.tif	1102457.906471	1102458.165060	1102458.855143	6.840584e-01	87	none	NaN	NaN
142	12	81	63	kitchen	labelme_rykdqxenmhulbdn.tif	1102459.624843	1102459.883429	1102460.573595	6.924006e-01	53	none	NaN	NaN
142	12	82	91	kitchen	sun_ahljzhgcdpomplvg.tif	1102461.343214	1102461.601802	1102462.292046	6.590319e-01	81	none	NaN	NaN
142	12	83	75	kitchen	sun_acgtpgfybqjmzeyw.tif	1102463.061584	1102463.320173	1102464.010365	8.342176e-01	65	none	NaN	NaN
142	12	84	110	kitchen	sun_azmutvzbxypaceni.tif	1102464.779956	1102465.038545	1102465.728692	7.341115e-01	100	none	NaN	NaN
142	12	85	90	kitchen	sun_ahdycvpopffkzzsu.tif	1102466.498320	1102466.756914	1102467.447038	8.175332e-01	80	none	NaN	NaN
142	12	86	95	kitchen	sun_aixorpehvfykdynp.tif	1102468.216694	1102468.475283	1102469.165453	6.757163e-01	85	none	NaN	NaN
142	12	87	105	kitchen	sun_avszsnwsbuqfgzbn.tif	1102469.935063	1102470.193656	1102470.883826	8.258754e-01	95	39	1102474.542996	1
142	12	88	62	kitchen	labelme_kxvouciolcpqplr.tif	1102475.315402	1102475.573989	1102476.264211	6.673741e-01	52	none	NaN	NaN
142	12	89	72	kitchen	sun_abpwyqmlzafvklqo.tif	1102477.033770	1102477.292358	1102477.982515	7.341115e-01	62	none	NaN	NaN
142	12	90	104	kitchen	sun_auticobqsbwgoppi.tif	1102478.752137	1102479.010726	1102479.701001	8.091911e-01	94	none	NaN	NaN
142	12	91	92	kitchen	sun_ahpczsiumwwocjkv.tif	1102480.470513	1102480.729103	1102481.419329	7.007428e-01	82	none	NaN	NaN
142	12	92	84	kitchen	sun_aexklacwqwezaorf.tif	1102482.188884	1102482.447473	1102483.137587	8.425598e-01	74	none	NaN	NaN
142	12	93	79	kitchen	sun_admlmbcdswaszruo.tif	1102483.907251	1102484.165841	1102484.855973	8.091911e-01	69	none	NaN	NaN
142	12	94	107	kitchen	sun_axyyrmzcupyhlivc.tif	1102485.617280	1102485.875876	1102486.566005	7.841645e-01	97	none	NaN	NaN
142	12	95	108	kitchen	sun_aymvwlarqodbwuoc.tif	1102487.335654	1102487.594246	1102488.284344	7.341115e-01	98	none	NaN	NaN
142	12	96	96	kitchen	sun_ajcbwwvdlsvjyzje.tif	1102489.045679	1102489.304275	1102489.994563	8.008489e-01	86	none	NaN	NaN
142	12	97	93	kitchen	sun_ahspylgoovwmwvgk.tif	1102490.764048	1102491.022645	1102491.712834	8.008489e-01	83	none	NaN	NaN
142	12	98	86	kitchen	sun_aggjlwcdjsjcaemh.tif	1102492.482423	1102492.741012	1102493.431297	8.258754e-01	76	none	NaN	NaN
142	12	99	103	kitchen	sun_aunzlwrbjumxhwdj.tif	1102494.200794	1102494.459383	1102495.149468	7.674802e-01	93	none	NaN	NaN
142	12	100	101	kitchen	sun_aqeaevwwwjoqhzvl.tif	1102495.919160	1102496.177752	1102496.868052	8.509020e-01	91	none	NaN	NaN
142	13	1	47	bathroom	sun_apynckhmoftszqoq.tif	1102501.674875	1102501.933459	1102502.690453	7.925067e-01	37	37	1102503.311102	1
142	13	2	39	bathroom	sun_anryaplzeujmzfkd.tif	1102504.085591	1102504.344185	1102505.101214	7.007428e-01	29	none	NaN	NaN
142	13	3	29	bathroom	sun_ahqjwnzgolcaoidx.tif	1102505.870694	1102506.129289	1102506.886104	6.840584e-01	19	none	NaN	NaN
142	13	4	35	bathroom	sun_alotolagknyrgtsk.tif	1102507.655797	1102507.914392	1102508.671437	7.341115e-01	25	none	NaN	NaN
142	13	5	21	bathroom	sun_aggnnqpdorgxpvce.tif	1102509.440903	1102509.699493	1102510.456482	7.507958e-01	11	none	NaN	NaN
142	13	6	23	bathroom	sun_aghyqhbptboemmoq.tif	1102511.226006	1102511.484591	1102512.241609	6.673741e-01	13	39	1102512.902759	1
142	13	7	36	bathroom	sun_ambriybtogmepttm.tif	1102513.678439	1102513.937030	1102514.693902	7.341115e-01	26	none	NaN	NaN
142	13	8	60	bathroom	sun_azqyogdvyhahyram.tif	1102515.463542	1102515.722129	1102516.479080	7.007428e-01	50	none	NaN	NaN
142	13	9	42	bathroom	sun_apeeialkgkuxddgh.tif	1102517.248646	1102517.507234	1102518.264139	8.425598e-01	32	none	NaN	NaN
142	13	10	32	bathroom	sun_aleqenyvunhactkl.tif	1102519.033752	1102519.292340	1102520.049391	7.174271e-01	22	none	NaN	NaN
142	13	11	12	bathroom	sun_aapitsgbtktqubfy.tif	1102520.818856	1102521.077441	1102521.834355	7.841645e-01	2	none	NaN	NaN
142	13	12	54	bathroom	sun_auzqhkafidnkrwmo.tif	1102522.603958	1102522.862554	1102523.619553	8.175332e-01	44	none	NaN	NaN
142	13	13	48	bathroom	sun_aqrpegblszgcoujh.tif	1102524.389062	1102524.647647	1102525.404595	7.674802e-01	38	none	NaN	NaN
142	13	14	56	bathroom	sun_awnqiikzaispgmwo.tif	1102526.174164	1102526.432756	1102527.189614	6.757163e-01	46	none	NaN	NaN
142	13	15	27	bathroom	sun_ahcvzmoyaycdoftf.tif	1102527.959269	1102528.217858	1102528.974670	7.674802e-01	17	39	1102529.719075	1
142	13	16	51	bathroom	sun_atstyziqcmkahyxk.tif	1102530.495114	1102530.753707	1102531.510520	8.008489e-01	41	none	NaN	NaN
142	13	17	22	bathroom	sun_agguqiubmwhqqunb.tif	1102532.280222	1102532.538808	1102533.295731	7.507958e-01	12	none	NaN	NaN
142	13	18	33	bathroom	sun_aljolscmmzydegqp.tif	1102534.065324	1102534.323912	1102535.080897	8.091911e-01	23	none	NaN	NaN
142	13	19	50	bathroom	sun_aspsyogrekjtfozg.tif	1102535.850428	1102536.109017	1102536.865918	7.174271e-01	40	none	NaN	NaN
142	13	20	28	bathroom	sun_ahijqszoswveeyji.tif	1102537.635528	1102537.894119	1102538.651031	6.673741e-01	18	none	NaN	NaN
142	13	21	30	bathroom	sun_ajlawzvmubibwbpy.tif	1102539.420631	1102539.679221	1102540.436232	7.424537e-01	20	none	NaN	NaN
142	13	22	25	bathroom	sun_agyqfjcfkdcydepw.tif	1102541.205736	1102541.464330	1102542.221342	8.258754e-01	15	none	NaN	NaN
142	13	23	57	bathroom	sun_axldvoqbuvuggfmq.tif	1102542.990842	1102543.249434	1102544.006322	8.509020e-01	47	none	NaN	NaN
142	13	24	16	bathroom	sun_acduarbnmmoglmiv.tif	1102544.775939	1102545.034533	1102545.791513	7.758224e-01	6	none	NaN	NaN
142	13	25	55	bathroom	sun_avhrdrntsqrjzccq.tif	1102546.561046	1102546.819634	1102547.576507	7.090850e-01	45	39	1102548.470957	1
142	13	26	45	bathroom	sun_apkxzenqapsujocq.tif	1102549.247046	1102549.505638	1102550.262558	7.591380e-01	35	none	NaN	NaN
142	13	27	44	bathroom	sun_apkruvsevgegsdwp.tif	1102551.032141	1102551.290734	1102552.047555	6.757163e-01	34	none	NaN	NaN
142	13	28	58	bathroom	sun_axxbkopsgyouuebh.tif	1102552.817255	1102553.075845	1102553.832675	8.091911e-01	48	none	NaN	NaN
142	13	29	17	bathroom	sun_acegryoqftbzowsg.tif	1102554.602355	1102554.860945	1102555.617827	8.175332e-01	7	none	NaN	NaN
142	13	30	37	bathroom	sun_amzlamotzwfkwjco.tif	1102556.387456	1102556.646047	1102557.403072	6.673741e-01	27	none	NaN	NaN
142	13	31	19	bathroom	sun_aclfzgynxzxlbepz.tif	1102558.172561	1102558.431148	1102559.187993	8.342176e-01	9	none	NaN	NaN
142	13	32	43	bathroom	sun_apjevzvycyhuqghb.tif	1102559.957665	1102560.216249	1102560.973219	6.590319e-01	33	none	NaN	NaN
142	13	33	26	bathroom	sun_ahaulkltgpkeeemi.tif	1102561.742768	1102562.001359	1102562.758209	6.757163e-01	16	37	1102563.863087	1
142	13	34	52	bathroom	sun_aunuadmjocsddsrl.tif	1102564.637310	1102564.895894	1102565.652735	6.924006e-01	42	none	NaN	NaN
142	13	35	49	bathroom	sun_asfwthctfqerjvxr.tif	1102566.422409	1102566.680995	1102567.437906	7.424537e-01	39	none	NaN	NaN
142	13	36	20	bathroom	sun_afcoljnjfoxjtgja.tif	1102568.207509	1102568.466097	1102569.222970	6.590319e-01	10	none	NaN	NaN
142	13	37	40	bathroom	sun_aofnryafpsjimzsb.tif	1102569.992611	1102570.251200	1102571.008057	6.840584e-01	30	none	NaN	NaN
142	13	38	59	bathroom	sun_axyrejkiiaqiurjk.tif	1102571.777719	1102572.036313	1102572.793136	7.424537e-01	49	none	NaN	NaN
142	13	39	18	bathroom	sun_acgyywnybuveqsro.tif	1102573.562823	1102573.821402	1102574.578413	6.506897e-01	8	none	NaN	NaN
142	13	40	11	bathroom	labelme_sfxiulhjbhlyiyt.tif	1102575.347922	1102575.606516	1102576.363413	8.342176e-01	1	none	NaN	NaN
142	13	41	41	bathroom	sun_aoybiabnpadelefl.tif	1102577.133027	1102577.391616	1102578.148568	6.757163e-01	31	37	1102578.943011	1
142	13	42	13	bathroom	sun_aavhrsfjbserjtht.tif	1102579.718951	1102579.977518	1102580.734403	7.591380e-01	3	none	NaN	NaN
142	13	43	24	bathroom	sun_agrwbmhcpmfuwmsg.tif	1102581.504028	1102581.762617	1102582.519586	8.509020e-01	14	none	NaN	NaN
142	13	44	38	bathroom	sun_anhioqovhscjqqwb.tif	1102583.289132	1102583.547722	1102584.304620	8.091911e-01	28	none	NaN	NaN
142	13	45	34	bathroom	sun_alkosphxlxwjwgjd.tif	1102585.074231	1102585.332784	1102586.089644	7.507958e-01	24	none	NaN	NaN
142	13	46	53	bathroom	sun_ausgutylgojavyoq.tif	1102586.859335	1102587.117929	1102587.874870	8.342176e-01	43	none	NaN	NaN
142	13	47	31	bathroom	sun_akiytfaagpdsphgz.tif	1102588.644440	1102588.903033	1102589.660014	8.008489e-01	21	none	NaN	NaN
142	13	48	46	bathroom	sun_apmqjbnwghzuhhzh.tif	1102590.429548	1102590.688138	1102591.444983	7.090850e-01	36	none	NaN	NaN
142	13	49	14	bathroom	sun_abapwbhyhkfixyex.tif	1102592.214649	1102592.473239	1102593.230193	7.591380e-01	4	none	NaN	NaN
142	13	50	15	bathroom	sun_abjtwfukuwddzted.tif	1102593.999752	1102594.258342	1102595.015151	7.257693e-01	5	37	1102597.223143	0
142	13	51	22	bathroom	sun_agguqiubmwhqqunb.tif	1102597.995378	1102598.253972	1102599.010947	6.924006e-01	12	none	NaN	NaN
142	13	52	57	bathroom	sun_axldvoqbuvuggfmq.tif	1102599.780484	1102600.039077	1102600.796035	8.258754e-01	47	none	NaN	NaN
142	13	53	54	bathroom	sun_auzqhkafidnkrwmo.tif	1102601.565588	1102601.824176	1102602.581152	7.758224e-01	44	none	NaN	NaN
142	13	54	14	bathroom	sun_abapwbhyhkfixyex.tif	1102603.350692	1102603.609278	1102604.366283	7.424537e-01	4	none	NaN	NaN
142	13	55	32	bathroom	sun_aleqenyvunhactkl.tif	1102605.135799	1102605.394386	1102606.151268	8.258754e-01	22	none	NaN	NaN
142	13	56	53	bathroom	sun_ausgutylgojavyoq.tif	1102606.920900	1102607.179489	1102607.936470	7.674802e-01	43	39	1102609.903019	0
142	13	57	43	bathroom	sun_apjevzvycyhuqghb.tif	1102610.674625	1102610.933212	1102611.690062	7.591380e-01	33	none	NaN	NaN
142	13	58	37	bathroom	sun_amzlamotzwfkwjco.tif	1102612.459724	1102612.718311	1102613.475173	6.924006e-01	27	none	NaN	NaN
142	13	59	13	bathroom	sun_aavhrsfjbserjtht.tif	1102614.244829	1102614.503418	1102615.260352	7.174271e-01	3	none	NaN	NaN
142	13	60	50	bathroom	sun_aspsyogrekjtfozg.tif	1102616.029934	1102616.288521	1102617.045415	7.925067e-01	40	none	NaN	NaN
142	13	61	25	bathroom	sun_agyqfjcfkdcydepw.tif	1102617.815039	1102618.073627	1102618.830485	7.090850e-01	15	none	NaN	NaN
142	13	62	16	bathroom	sun_acduarbnmmoglmiv.tif	1102619.600138	1102619.858733	1102620.615730	7.925067e-01	6	none	NaN	NaN
142	13	63	46	bathroom	sun_apmqjbnwghzuhhzh.tif	1102621.385243	1102621.643837	1102622.400828	7.591380e-01	36	none	NaN	NaN
142	13	64	26	bathroom	sun_ahaulkltgpkeeemi.tif	1102623.170346	1102623.428939	1102624.185756	6.924006e-01	16	none	NaN	NaN
142	13	65	56	bathroom	sun_awnqiikzaispgmwo.tif	1102624.955447	1102625.214036	1102625.970979	8.175332e-01	46	none	NaN	NaN
142	13	66	45	bathroom	sun_apkxzenqapsujocq.tif	1102626.740556	1102626.999143	1102627.755983	7.341115e-01	35	37	1102628.351088	1
142	13	67	35	bathroom	sun_alotolagknyrgtsk.tif	1102629.126255	1102629.384840	1102630.141906	6.840584e-01	25	37	1102631.423157	0
142	13	68	38	bathroom	sun_anhioqovhscjqqwb.tif	1102632.195957	1102632.454554	1102633.211503	8.091911e-01	28	none	NaN	NaN
142	13	69	19	bathroom	sun_aclfzgynxzxlbepz.tif	1102633.981064	1102634.239656	1102634.996692	8.425598e-01	9	37	1102635.575207	1
142	13	70	15	bathroom	sun_abjtwfukuwddzted.tif	1102636.350079	1102636.608674	1102637.365492	6.590319e-01	5	none	NaN	NaN
142	13	71	58	bathroom	sun_axxbkopsgyouuebh.tif	1102638.135190	1102638.393772	1102639.150705	8.008489e-01	48	none	NaN	NaN
142	13	72	48	bathroom	sun_aqrpegblszgcoujh.tif	1102639.920288	1102640.178879	1102640.935859	7.507958e-01	38	none	NaN	NaN
142	13	73	34	bathroom	sun_alkosphxlxwjwgjd.tif	1102641.705391	1102641.963977	1102642.720894	8.258754e-01	24	none	NaN	NaN
142	13	74	24	bathroom	sun_agrwbmhcpmfuwmsg.tif	1102643.490498	1102643.749081	1102644.505989	6.506897e-01	14	37	1102645.095049	1
142	13	75	47	bathroom	sun_apynckhmoftszqoq.tif	1102645.867852	1102646.126444	1102646.883394	7.174271e-01	37	none	NaN	NaN
142	13	76	42	bathroom	sun_apeeialkgkuxddgh.tif	1102647.652953	1102647.911544	1102648.668497	7.841645e-01	32	none	NaN	NaN
142	13	77	27	bathroom	sun_ahcvzmoyaycdoftf.tif	1102649.438060	1102649.696650	1102650.453604	7.341115e-01	17	none	NaN	NaN
142	13	78	31	bathroom	sun_akiytfaagpdsphgz.tif	1102651.223161	1102651.481751	1102652.238770	7.257693e-01	21	39	1102652.927094	1
142	13	79	60	bathroom	sun_azqyogdvyhahyram.tif	1102653.700619	1102653.959211	1102654.716160	6.673741e-01	50	none	NaN	NaN
142	13	80	12	bathroom	sun_aapitsgbtktqubfy.tif	1102655.485722	1102655.744314	1102656.501144	7.257693e-01	2	none	NaN	NaN
142	13	81	21	bathroom	sun_aggnnqpdorgxpvce.tif	1102657.270827	1102657.529413	1102658.286408	6.840584e-01	11	none	NaN	NaN
142	13	82	40	bathroom	sun_aofnryafpsjimzsb.tif	1102659.055932	1102659.314522	1102660.071538	8.342176e-01	30	none	NaN	NaN
142	13	83	20	bathroom	sun_afcoljnjfoxjtgja.tif	1102660.841029	1102661.099625	1102661.856558	7.758224e-01	10	none	NaN	NaN
142	13	84	39	bathroom	sun_anryaplzeujmzfkd.tif	1102662.626138	1102662.884744	1102663.641780	7.007428e-01	29	none	NaN	NaN
142	13	85	59	bathroom	sun_axyrejkiiaqiurjk.tif	1102664.411236	1102664.669835	1102665.426878	7.007428e-01	49	none	NaN	NaN
142	13	86	52	bathroom	sun_aunuadmjocsddsrl.tif	1102666.196342	1102666.454932	1102667.211958	7.841645e-01	42	none	NaN	NaN
142	13	87	18	bathroom	sun_acgyywnybuveqsro.tif	1102667.981450	1102668.240039	1102668.996857	8.425598e-01	8	none	NaN	NaN
142	13	88	11	bathroom	labelme_sfxiulhjbhlyiyt.tif	1102669.766554	1102670.025145	1102670.782191	7.090850e-01	1	none	NaN	NaN
142	13	89	28	bathroom	sun_ahijqszoswveeyji.tif	1102671.551654	1102671.810249	1102672.567209	7.674802e-01	18	none	NaN	NaN
142	13	90	44	bathroom	sun_apkruvsevgegsdwp.tif	1102673.336756	1102673.595345	1102674.352357	6.590319e-01	34	none	NaN	NaN
142	13	91	23	bathroom	sun_aghyqhbptboemmoq.tif	1102675.121865	1102675.380450	1102676.137511	8.425598e-01	13	39	1102676.839295	1
142	13	92	51	bathroom	sun_atstyziqcmkahyxk.tif	1102677.616004	1102677.874587	1102678.631408	7.925067e-01	41	none	NaN	NaN
142	13	93	36	bathroom	sun_ambriybtogmepttm.tif	1102679.401103	1102679.659700	1102680.416595	7.758224e-01	26	none	NaN	NaN
142	13	94	30	bathroom	sun_ajlawzvmubibwbpy.tif	1102681.186208	1102681.444799	1102682.201809	6.924006e-01	20	37	1102683.199138	0
142	13	95	33	bathroom	sun_aljolscmmzydegqp.tif	1102683.972300	1102684.230888	1102684.987791	7.841645e-01	23	none	NaN	NaN
142	13	96	17	bathroom	sun_acegryoqftbzowsg.tif	1102685.757404	1102686.015994	1102686.772953	8.175332e-01	7	none	NaN	NaN
142	13	97	41	bathroom	sun_aoybiabnpadelefl.tif	1102687.542520	1102687.801100	1102688.558080	8.258754e-01	31	none	NaN	NaN
142	13	98	55	bathroom	sun_avhrdrntsqrjzccq.tif	1102689.327616	1102689.586202	1102690.343139	7.257693e-01	45	none	NaN	NaN
142	13	99	49	bathroom	sun_asfwthctfqerjvxr.tif	1102691.112716	1102691.371305	1102692.128145	6.506897e-01	39	none	NaN	NaN
142	13	100	29	bathroom	sun_ahqjwnzgolcaoidx.tif	1102692.897822	1102693.156412	1102693.913442	8.008489e-01	19	none	NaN	NaN
142	14	1	74	kitchen	sun_acfmftudsenhrfhy.tif	1102699.237442	1102699.496031	1102700.144514	6.673741e-01	64	none	NaN	NaN
142	14	2	64	kitchen	sun_aadbddgrdsjugojn.tif	1102700.914103	1102701.172691	1102701.821074	7.841645e-01	54	none	NaN	NaN
142	14	3	104	kitchen	sun_auticobqsbwgoppi.tif	1102702.582424	1102702.841010	1102703.489449	8.425598e-01	94	none	NaN	NaN
142	14	4	94	kitchen	sun_ahywdevtimnqcsln.tif	1102704.259086	1102704.517680	1102705.166156	8.509020e-01	84	none	NaN	NaN
142	14	5	92	kitchen	sun_ahpczsiumwwocjkv.tif	1102705.935753	1102706.194337	1102706.842819	6.924006e-01	82	none	NaN	NaN
142	14	6	82	kitchen	sun_aenotlpyftoioydp.tif	1102707.612413	1102707.871001	1102708.519498	7.424537e-01	72	none	NaN	NaN
142	14	7	89	kitchen	sun_agzzivivdpnawacl.tif	1102709.289071	1102709.547666	1102710.196273	6.506897e-01	79	none	NaN	NaN
142	14	8	100	kitchen	sun_amjjdeyrggfqgmom.tif	1102710.965760	1102711.224327	1102711.872884	7.925067e-01	90	none	NaN	NaN
142	14	9	76	kitchen	sun_acwjdupvyjsugpay.tif	1102712.642403	1102712.900992	1102713.549703	7.174271e-01	66	39	1102714.663362	1
142	14	10	70	kitchen	sun_abdxkyyxwfskuaqb.tif	1102715.436837	1102715.695425	1102716.343818	7.090850e-01	60	none	NaN	NaN
142	14	11	86	kitchen	sun_aggjlwcdjsjcaemh.tif	1102717.113496	1102717.372088	1102718.020608	8.425598e-01	76	none	NaN	NaN
142	14	12	107	kitchen	sun_axyyrmzcupyhlivc.tif	1102718.790164	1102719.048753	1102719.697261	7.257693e-01	97	none	NaN	NaN
142	14	13	83	kitchen	sun_aeqdocilnnpuvuhx.tif	1102720.466826	1102720.725412	1102721.373814	6.590319e-01	73	none	NaN	NaN
142	14	14	65	kitchen	sun_aamedkxepzlwuxes.tif	1102722.143489	1102722.402080	1102723.050479	6.590319e-01	55	none	NaN	NaN
142	14	15	105	kitchen	sun_avszsnwsbuqfgzbn.tif	1102723.820148	1102724.078739	1102724.727206	7.341115e-01	95	none	NaN	NaN
142	14	16	68	kitchen	sun_aaxxjlsuzvqlgylf.tif	1102725.496817	1102725.755401	1102726.403821	7.007428e-01	58	39	1102727.399352	0
142	14	17	90	kitchen	sun_ahdycvpopffkzzsu.tif	1102728.174473	1102728.433057	1102729.081489	7.591380e-01	80	none	NaN	NaN
142	14	18	72	kitchen	sun_abpwyqmlzafvklqo.tif	1102729.851131	1102730.109726	1102730.758287	6.924006e-01	62	none	NaN	NaN
142	14	19	101	kitchen	sun_aqeaevwwwjoqhzvl.tif	1102731.527791	1102731.786381	1102732.434949	7.591380e-01	91	none	NaN	NaN
142	14	20	103	kitchen	sun_aunzlwrbjumxhwdj.tif	1102733.204455	1102733.463053	1102734.111434	8.342176e-01	93	none	NaN	NaN
142	14	21	78	kitchen	sun_adgqasybjyktddhj.tif	1102734.881117	1102735.139730	1102735.788100	8.258754e-01	68	none	NaN	NaN
142	14	22	97	kitchen	sun_ajkqhtgcbgpcwrwn.tif	1102736.557781	1102736.816369	1102737.464872	6.506897e-01	87	none	NaN	NaN
142	14	23	99	kitchen	sun_akcjzhbbjlbogpdi.tif	1102738.234439	1102738.493035	1102739.141545	8.425598e-01	89	none	NaN	NaN
142	14	24	108	kitchen	sun_aymvwlarqodbwuoc.tif	1102739.911109	1102740.169688	1102740.818075	7.841645e-01	98	none	NaN	NaN
142	14	25	84	kitchen	sun_aexklacwqwezaorf.tif	1102741.587769	1102741.846362	1102742.494822	8.008489e-01	74	none	NaN	NaN
142	14	26	67	kitchen	sun_aarfiyshqohlwkmo.tif	1102743.264429	1102743.523024	1102744.171442	6.840584e-01	57	37	1102744.743394	1
142	14	27	61	kitchen	labelme_brsyyvweiuaazfr.tif	1102745.516666	1102745.775253	1102746.423717	7.174271e-01	51	none	NaN	NaN
142	14	28	73	kitchen	sun_abrcnpqqhmjwekyf.tif	1102747.193329	1102747.451917	1102748.100309	6.673741e-01	63	none	NaN	NaN
142	14	29	69	kitchen	sun_abdenxonkemggwsq.tif	1102748.869993	1102749.128581	1102749.777178	7.424537e-01	59	none	NaN	NaN
142	14	30	88	kitchen	sun_agubuxuukhzyzpdp.tif	1102750.546648	1102750.805245	1102751.453814	6.590319e-01	78	none	NaN	NaN
142	14	31	85	kitchen	sun_afuyedyxivkhecmu.tif	1102752.223313	1102752.481905	1102753.130341	7.507958e-01	75	none	NaN	NaN
142	14	32	75	kitchen	sun_acgtpgfybqjmzeyw.tif	1102753.899981	1102754.158567	1102754.807122	6.757163e-01	65	none	NaN	NaN
142	14	33	87	kitchen	sun_agorklincwxrdtga.tif	1102755.576638	1102755.835230	1102756.483705	8.091911e-01	77	none	NaN	NaN
142	14	34	102	kitchen	sun_auaiucuqpdausiva.tif	1102757.253298	1102757.511893	1102758.160256	7.007428e-01	92	none	NaN	NaN
142	14	35	95	kitchen	sun_aixorpehvfykdynp.tif	1102758.929964	1102759.188557	1102759.836927	8.091911e-01	85	none	NaN	NaN
142	14	36	109	kitchen	sun_aypmqwcualkenuoe.tif	1102760.606631	1102760.865219	1102761.513599	7.090850e-01	99	none	NaN	NaN
142	14	37	96	kitchen	sun_ajcbwwvdlsvjyzje.tif	1102762.283290	1102762.541882	1102763.190453	6.840584e-01	86	none	NaN	NaN
142	14	38	93	kitchen	sun_ahspylgoovwmwvgk.tif	1102763.959950	1102764.218542	1102764.867127	6.506897e-01	83	none	NaN	NaN
142	14	39	79	kitchen	sun_admlmbcdswaszruo.tif	1102765.636612	1102765.895209	1102766.543646	8.425598e-01	69	39	1102767.367409	1
142	14	40	80	kitchen	sun_aegoxogugdkwpmpj.tif	1102768.139095	1102768.397688	1102769.046153	7.424537e-01	70	none	NaN	NaN
142	14	41	62	kitchen	labelme_kxvouciolcpqplr.tif	1102769.815762	1102770.074348	1102770.722844	7.674802e-01	52	39	1102771.655243	1
142	14	42	71	kitchen	sun_abftihopvusyfakt.tif	1102772.426682	1102772.685270	1102773.333842	8.342176e-01	61	none	NaN	NaN
142	14	43	63	kitchen	labelme_rykdqxenmhulbdn.tif	1102774.103338	1102774.361939	1102775.010393	7.007428e-01	53	37	1102777.095451	1
142	14	44	81	kitchen	sun_aehawpgmrlhlvcow.tif	1102777.873753	1102778.132336	1102778.780920	6.924006e-01	71	none	NaN	NaN
142	14	45	91	kitchen	sun_ahljzhgcdpomplvg.tif	1102779.550409	1102779.809006	1102780.457439	8.175332e-01	81	none	NaN	NaN
142	14	46	77	kitchen	sun_acxkpeoqbwcxfvip.tif	1102781.227074	1102781.485661	1102782.134070	7.341115e-01	67	none	NaN	NaN
142	14	47	110	kitchen	sun_azmutvzbxypaceni.tif	1102782.903739	1102783.162329	1102783.810910	8.258754e-01	100	37	1102784.463021	1
142	14	48	66	kitchen	sun_aapllqyqlykszopd.tif	1102785.239388	1102785.497972	1102786.146371	7.674802e-01	56	none	NaN	NaN
142	14	49	98	kitchen	sun_akchetnepxlcxhsu.tif	1102786.916048	1102787.174642	1102787.823144	8.091911e-01	88	none	NaN	NaN
142	14	50	106	kitchen	sun_awcpdzzznmweyyhv.tif	1102788.592712	1102788.851305	1102789.499782	7.591380e-01	96	none	NaN	NaN
142	14	51	92	kitchen	sun_ahpczsiumwwocjkv.tif	1102790.269378	1102790.527961	1102791.176365	8.258754e-01	82	none	NaN	NaN
142	14	52	80	kitchen	sun_aegoxogugdkwpmpj.tif	1102791.946038	1102792.204627	1102792.853097	7.507958e-01	70	none	NaN	NaN
142	14	53	94	kitchen	sun_ahywdevtimnqcsln.tif	1102793.622697	1102793.881291	1102794.529695	8.175332e-01	84	none	NaN	NaN
142	14	54	89	kitchen	sun_agzzivivdpnawacl.tif	1102795.299364	1102795.557954	1102796.206384	6.757163e-01	79	none	NaN	NaN
142	14	55	97	kitchen	sun_ajkqhtgcbgpcwrwn.tif	1102796.976025	1102797.234615	1102797.883140	7.174271e-01	87	none	NaN	NaN
142	14	56	108	kitchen	sun_aymvwlarqodbwuoc.tif	1102798.652685	1102798.911281	1102799.559727	7.758224e-01	98	37	1102800.391178	1
142	14	57	67	kitchen	sun_aarfiyshqohlwkmo.tif	1102801.163511	1102801.422103	1102802.070473	7.090850e-01	57	none	NaN	NaN
142	14	58	75	kitchen	sun_acgtpgfybqjmzeyw.tif	1102802.840176	1102803.098763	1102803.747334	7.758224e-01	65	none	NaN	NaN
142	14	59	63	kitchen	labelme_rykdqxenmhulbdn.tif	1102804.516832	1102804.775429	1102805.423914	7.507958e-01	53	none	NaN	NaN
142	14	60	73	kitchen	sun_abrcnpqqhmjwekyf.tif	1102806.193497	1102806.452090	1102807.100520	7.341115e-01	63	none	NaN	NaN
142	14	61	76	kitchen	sun_acwjdupvyjsugpay.tif	1102807.870153	1102808.128754	1102808.777351	7.925067e-01	66	none	NaN	NaN
142	14	62	82	kitchen	sun_aenotlpyftoioydp.tif	1102809.546818	1102809.805417	1102810.453891	8.008489e-01	72	none	NaN	NaN
142	14	63	61	kitchen	labelme_brsyyvweiuaazfr.tif	1102811.223485	1102811.482072	1102812.130545	8.008489e-01	51	none	NaN	NaN
142	14	64	64	kitchen	sun_aadbddgrdsjugojn.tif	1102812.900150	1102813.158732	1102813.807291	7.257693e-01	54	none	NaN	NaN
142	14	65	62	kitchen	labelme_kxvouciolcpqplr.tif	1102814.576813	1102814.835397	1102815.483992	8.091911e-01	52	37	1102816.407409	0
142	14	66	86	kitchen	sun_aggjlwcdjsjcaemh.tif	1102817.179393	1102817.437983	1102818.086553	7.841645e-01	76	none	NaN	NaN
142	14	67	91	kitchen	sun_ahljzhgcdpomplvg.tif	1102818.856047	1102819.114637	1102819.763108	8.342176e-01	81	none	NaN	NaN
142	14	68	66	kitchen	sun_aapllqyqlykszopd.tif	1102820.532711	1102820.791310	1102821.439797	8.175332e-01	56	none	NaN	NaN
142	14	69	81	kitchen	sun_aehawpgmrlhlvcow.tif	1102822.209378	1102822.467969	1102823.116359	7.925067e-01	71	none	NaN	NaN
142	14	70	104	kitchen	sun_auticobqsbwgoppi.tif	1102823.886042	1102824.144633	1102824.792991	7.424537e-01	94	none	NaN	NaN
142	14	71	87	kitchen	sun_agorklincwxrdtga.tif	1102825.562703	1102825.821298	1102826.469756	7.841645e-01	77	none	NaN	NaN
142	14	72	78	kitchen	sun_adgqasybjyktddhj.tif	1102827.239369	1102827.497956	1102828.146443	7.257693e-01	68	none	NaN	NaN
142	14	73	99	kitchen	sun_akcjzhbbjlbogpdi.tif	1102828.916029	1102829.174617	1102829.823104	8.008489e-01	89	none	NaN	NaN
142	14	74	105	kitchen	sun_avszsnwsbuqfgzbn.tif	1102830.592687	1102830.851283	1102831.499688	6.840584e-01	95	none	NaN	NaN
142	14	75	77	kitchen	sun_acxkpeoqbwcxfvip.tif	1102832.269359	1102832.527944	1102833.176366	7.674802e-01	67	none	NaN	NaN
142	14	76	69	kitchen	sun_abdenxonkemggwsq.tif	1102833.946021	1102834.204624	1102834.853014	8.342176e-01	59	none	NaN	NaN
142	14	77	88	kitchen	sun_agubuxuukhzyzpdp.tif	1102835.622687	1102835.881272	1102836.529727	6.924006e-01	78	none	NaN	NaN
142	14	78	68	kitchen	sun_aaxxjlsuzvqlgylf.tif	1102837.299344	1102837.557933	1102838.206423	7.507958e-01	58	none	NaN	NaN
142	14	79	96	kitchen	sun_ajcbwwvdlsvjyzje.tif	1102838.976007	1102839.234602	1102839.883058	6.757163e-01	86	none	NaN	NaN
142	14	80	83	kitchen	sun_aeqdocilnnpuvuhx.tif	1102840.652664	1102840.911260	1102841.559753	6.673741e-01	73	37	1102842.151450	0
142	14	81	98	kitchen	sun_akchetnepxlcxhsu.tif	1102842.929930	1102843.188518	1102843.837056	7.007428e-01	88	none	NaN	NaN
142	14	82	74	kitchen	sun_acfmftudsenhrfhy.tif	1102844.606588	1102844.865181	1102845.513632	8.258754e-01	64	none	NaN	NaN
142	14	83	100	kitchen	sun_amjjdeyrggfqgmom.tif	1102846.283253	1102846.541842	1102847.190441	7.925067e-01	90	none	NaN	NaN
142	14	84	90	kitchen	sun_ahdycvpopffkzzsu.tif	1102847.959913	1102848.218505	1102848.867051	8.509020e-01	80	none	NaN	NaN
142	14	85	84	kitchen	sun_aexklacwqwezaorf.tif	1102849.636576	1102849.895169	1102850.543697	7.758224e-01	74	37	1102851.279360	1
142	14	86	71	kitchen	sun_abftihopvusyfakt.tif	1102852.055645	1102852.314234	1102852.962808	6.590319e-01	61	39	1102853.935446	0
142	14	87	72	kitchen	sun_abpwyqmlzafvklqo.tif	1102854.708274	1102854.966863	1102855.615257	7.257693e-01	62	none	NaN	NaN
142	14	88	107	kitchen	sun_axyyrmzcupyhlivc.tif	1102856.384933	1102856.643525	1102857.292092	6.673741e-01	97	37	1102857.951222	1
142	14	89	85	kitchen	sun_afuyedyxivkhecmu.tif	1102858.728925	1102858.987519	1102859.636004	7.090850e-01	75	none	NaN	NaN
142	14	90	109	kitchen	sun_aypmqwcualkenuoe.tif	1102860.405590	1102860.664176	1102861.312699	6.924006e-01	99	none	NaN	NaN
142	14	91	103	kitchen	sun_aunzlwrbjumxhwdj.tif	1102862.082253	1102862.340840	1102862.989257	7.674802e-01	93	none	NaN	NaN
142	14	92	95	kitchen	sun_aixorpehvfykdynp.tif	1102863.758917	1102864.017501	1102864.665969	6.840584e-01	85	none	NaN	NaN
142	14	93	79	kitchen	sun_admlmbcdswaszruo.tif	1102865.435575	1102865.694165	1102866.342707	6.757163e-01	69	37	1102868.287102	0
142	14	94	70	kitchen	sun_abdxkyyxwfskuaqb.tif	1102869.064171	1102869.322763	1102869.971308	7.758224e-01	60	none	NaN	NaN
142	14	95	106	kitchen	sun_awcpdzzznmweyyhv.tif	1102870.740840	1102870.999430	1102871.647813	7.174271e-01	96	37	1102872.487406	0
142	14	96	101	kitchen	sun_aqeaevwwwjoqhzvl.tif	1102873.260002	1102873.518594	1102874.167071	8.175332e-01	91	none	NaN	NaN
142	14	97	93	kitchen	sun_ahspylgoovwmwvgk.tif	1102874.936666	1102875.195257	1102875.843752	7.341115e-01	83	none	NaN	NaN
142	14	98	110	kitchen	sun_azmutvzbxypaceni.tif	1102876.613324	1102876.871919	1102877.520515	7.591380e-01	100	none	NaN	NaN
142	14	99	102	kitchen	sun_auaiucuqpdausiva.tif	1102878.289990	1102878.548585	1102879.197053	7.591380e-01	92	none	NaN	NaN
142	14	100	65	kitchen	sun_aamedkxepzlwuxes.tif	1102879.966657	1102880.225243	1102880.873824	8.258754e-01	55	none	NaN	NaN
142	15	1	55	bathroom	sun_avhrdrntsqrjzccq.tif	1102886.247884	1102886.506469	1102887.196681	6.673741e-01	45	none	NaN	NaN
142	15	2	58	bathroom	sun_axxbkopsgyouuebh.tif	1102887.966254	1102888.224841	1102888.915134	6.506897e-01	48	none	NaN	NaN
142	15	3	29	bathroom	sun_ahqjwnzgolcaoidx.tif	1102889.684621	1102889.943208	1102890.633417	8.091911e-01	19	none	NaN	NaN
142	15	4	28	bathroom	sun_ahijqszoswveeyji.tif	1102891.402935	1102891.661585	1102892.351789	7.674802e-01	18	none	NaN	NaN
142	15	5	13	bathroom	sun_aavhrsfjbserjtht.tif	1102893.121366	1102893.379954	1102894.070034	8.091911e-01	3	none	NaN	NaN
142	15	6	52	bathroom	sun_aunuadmjocsddsrl.tif	1102894.839734	1102895.098324	1102895.788423	7.424537e-01	42	none	NaN	NaN
142	15	7	53	bathroom	sun_ausgutylgojavyoq.tif	1102896.558103	1102896.816694	1102897.506876	7.758224e-01	43	none	NaN	NaN
142	15	8	51	bathroom	sun_atstyziqcmkahyxk.tif	1102898.276471	1102898.535058	1102899.225341	7.007428e-01	41	none	NaN	NaN
142	15	9	37	bathroom	sun_amzlamotzwfkwjco.tif	1102899.994842	1102900.253441	1102900.943631	7.591380e-01	27	none	NaN	NaN
142	15	10	19	bathroom	sun_aclfzgynxzxlbepz.tif	1102901.713219	1102901.971806	1102902.662105	7.925067e-01	9	none	NaN	NaN
142	15	11	57	bathroom	sun_axldvoqbuvuggfmq.tif	1102903.431588	1102903.690175	1102904.380314	7.341115e-01	47	none	NaN	NaN
142	15	12	39	bathroom	sun_anryaplzeujmzfkd.tif	1102905.149956	1102905.408547	1102906.098813	6.757163e-01	29	none	NaN	NaN
142	15	13	27	bathroom	sun_ahcvzmoyaycdoftf.tif	1102906.868331	1102907.126919	1102907.817161	7.591380e-01	17	none	NaN	NaN
142	15	14	12	bathroom	sun_aapitsgbtktqubfy.tif	1102908.586690	1102908.845287	1102909.535518	6.840584e-01	2	none	NaN	NaN
142	15	15	30	bathroom	sun_ajlawzvmubibwbpy.tif	1102910.305084	1102910.563659	1102911.253875	7.007428e-01	20	none	NaN	NaN
142	15	16	26	bathroom	sun_ahaulkltgpkeeemi.tif	1102912.023442	1102912.282026	1102912.972332	8.258754e-01	16	none	NaN	NaN
142	15	17	20	bathroom	sun_afcoljnjfoxjtgja.tif	1102913.741810	1102914.000404	1102914.690673	6.673741e-01	10	37	1102915.295460	1
142	15	18	22	bathroom	sun_agguqiubmwhqqunb.tif	1102916.069115	1102916.327710	1102917.017885	8.342176e-01	12	none	NaN	NaN
142	15	19	15	bathroom	sun_abjtwfukuwddzted.tif	1102917.787484	1102918.046076	1102918.736324	8.425598e-01	5	none	NaN	NaN
142	15	20	41	bathroom	sun_aoybiabnpadelefl.tif	1102919.505860	1102919.764448	1102920.454553	7.341115e-01	31	none	NaN	NaN
142	15	21	18	bathroom	sun_acgyywnybuveqsro.tif	1102921.224233	1102921.482822	1102922.172985	7.841645e-01	8	none	NaN	NaN
142	15	22	17	bathroom	sun_acegryoqftbzowsg.tif	1102922.942605	1102923.201194	1102923.891317	8.342176e-01	7	none	NaN	NaN
142	15	23	14	bathroom	sun_abapwbhyhkfixyex.tif	1102924.660967	1102924.919560	1102925.609658	7.758224e-01	4	39	1102926.295550	1
142	15	24	44	bathroom	sun_apkruvsevgegsdwp.tif	1102927.071694	1102927.330286	1102928.020378	8.175332e-01	34	none	NaN	NaN
142	15	25	32	bathroom	sun_aleqenyvunhactkl.tif	1102928.790070	1102929.048657	1102929.738979	6.840584e-01	22	39	1102930.655468	1
142	15	26	49	bathroom	sun_asfwthctfqerjvxr.tif	1102931.426018	1102931.684603	1102932.374900	7.090850e-01	39	none	NaN	NaN
142	15	27	48	bathroom	sun_aqrpegblszgcoujh.tif	1102933.144385	1102933.402974	1102934.093164	7.925067e-01	38	none	NaN	NaN
142	15	28	50	bathroom	sun_aspsyogrekjtfozg.tif	1102934.862758	1102935.121346	1102935.811548	7.090850e-01	40	none	NaN	NaN
142	15	29	47	bathroom	sun_apynckhmoftszqoq.tif	1102936.581128	1102936.839714	1102937.529796	7.925067e-01	37	none	NaN	NaN
142	15	30	60	bathroom	sun_azqyogdvyhahyram.tif	1102938.299498	1102938.558082	1102939.248342	8.258754e-01	50	none	NaN	NaN
142	15	31	38	bathroom	sun_anhioqovhscjqqwb.tif	1102940.017865	1102940.276448	1102940.966761	8.258754e-01	28	none	NaN	NaN
142	15	32	34	bathroom	sun_alkosphxlxwjwgjd.tif	1102941.736242	1102941.994832	1102942.685046	7.424537e-01	24	none	NaN	NaN
142	15	33	56	bathroom	sun_awnqiikzaispgmwo.tif	1102943.454608	1102943.713198	1102944.403444	8.509020e-01	46	none	NaN	NaN
142	15	34	35	bathroom	sun_alotolagknyrgtsk.tif	1102945.172979	1102945.431566	1102946.121640	7.674802e-01	25	none	NaN	NaN
142	15	35	16	bathroom	sun_acduarbnmmoglmiv.tif	1102946.891352	1102947.149939	1102947.840236	7.257693e-01	6	none	NaN	NaN
142	15	36	42	bathroom	sun_apeeialkgkuxddgh.tif	1102948.609720	1102948.868310	1102949.558587	6.924006e-01	32	none	NaN	NaN
142	15	37	40	bathroom	sun_aofnryafpsjimzsb.tif	1102950.328092	1102950.586681	1102951.276797	8.425598e-01	30	none	NaN	NaN
142	15	38	45	bathroom	sun_apkxzenqapsujocq.tif	1102952.046462	1102952.305055	1102952.995230	7.090850e-01	35	37	1102953.703506	1
142	15	39	59	bathroom	sun_axyrejkiiaqiurjk.tif	1102954.473867	1102954.732462	1102955.422744	7.174271e-01	49	none	NaN	NaN
142	15	40	46	bathroom	sun_apmqjbnwghzuhhzh.tif	1102956.192237	1102956.450827	1102957.140993	6.924006e-01	36	39	1102957.695555	1
142	15	41	43	bathroom	sun_apjevzvycyhuqghb.tif	1102958.469500	1102958.728087	1102959.418203	8.342176e-01	33	none	NaN	NaN
142	15	42	54	bathroom	sun_auzqhkafidnkrwmo.tif	1102960.187869	1102960.446452	1102961.136557	7.007428e-01	44	37	1102961.575672	1
142	15	43	23	bathroom	sun_aghyqhbptboemmoq.tif	1102962.348346	1102962.606933	1102963.297020	8.008489e-01	13	none	NaN	NaN
142	15	44	33	bathroom	sun_aljolscmmzydegqp.tif	1102964.066717	1102964.325303	1102965.015456	7.841645e-01	23	none	NaN	NaN
142	15	45	25	bathroom	sun_agyqfjcfkdcydepw.tif	1102965.785087	1102966.043676	1102966.733880	8.175332e-01	15	none	NaN	NaN
142	15	46	11	bathroom	labelme_sfxiulhjbhlyiyt.tif	1102967.503453	1102967.762040	1102968.452143	7.174271e-01	1	none	NaN	NaN
142	15	47	24	bathroom	sun_agrwbmhcpmfuwmsg.tif	1102969.221827	1102969.480416	1102970.170489	7.341115e-01	14	none	NaN	NaN
142	15	48	21	bathroom	sun_aggnnqpdorgxpvce.tif	1102970.940194	1102971.198783	1102971.888962	8.342176e-01	11	none	NaN	NaN
142	15	49	36	bathroom	sun_ambriybtogmepttm.tif	1102972.658565	1102972.917155	1102973.607312	7.507958e-01	26	39	1102974.199633	1
142	15	50	31	bathroom	sun_akiytfaagpdsphgz.tif	1102974.977535	1102975.236122	1102975.926239	7.925067e-01	21	none	NaN	NaN
142	15	51	51	bathroom	sun_atstyziqcmkahyxk.tif	1102976.695906	1102976.954497	1102977.644661	6.757163e-01	41	none	NaN	NaN
142	15	52	34	bathroom	sun_alkosphxlxwjwgjd.tif	1102978.414278	1102978.672863	1102979.363013	6.673741e-01	24	39	1102979.999503	0
142	15	53	20	bathroom	sun_afcoljnjfoxjtgja.tif	1102980.774950	1102981.033539	1102981.723689	7.257693e-01	10	39	1102982.327664	1
142	15	54	52	bathroom	sun_aunuadmjocsddsrl.tif	1102983.102255	1102983.360847	1102984.051158	7.257693e-01	42	39	1102984.623432	1
142	15	55	22	bathroom	sun_agguqiubmwhqqunb.tif	1102985.396191	1102985.654802	1102986.344872	7.674802e-01	12	none	NaN	NaN
142	15	56	33	bathroom	sun_aljolscmmzydegqp.tif	1102987.114571	1102987.373160	1102988.063466	6.924006e-01	23	none	NaN	NaN
142	15	57	41	bathroom	sun_aoybiabnpadelefl.tif	1102988.832932	1102989.091531	1102989.781696	8.175332e-01	31	none	NaN	NaN
142	15	58	13	bathroom	sun_aavhrsfjbserjtht.tif	1102990.551307	1102990.809899	1102991.500165	6.590319e-01	3	none	NaN	NaN
142	15	59	57	bathroom	sun_axldvoqbuvuggfmq.tif	1102992.269685	1102992.528272	1102993.218449	8.425598e-01	47	none	NaN	NaN
142	15	60	50	bathroom	sun_aspsyogrekjtfozg.tif	1102993.988048	1102994.246638	1102994.936825	6.924006e-01	40	none	NaN	NaN
142	15	61	37	bathroom	sun_amzlamotzwfkwjco.tif	1102995.706420	1102995.965009	1102996.655107	6.506897e-01	27	none	NaN	NaN
142	15	62	32	bathroom	sun_aleqenyvunhactkl.tif	1102997.424791	1102997.683380	1102998.373643	6.590319e-01	22	none	NaN	NaN
142	15	63	19	bathroom	sun_aclfzgynxzxlbepz.tif	1102999.143165	1102999.401754	1103000.091919	7.507958e-01	9	none	NaN	NaN
142	15	64	43	bathroom	sun_apjevzvycyhuqghb.tif	1103000.861533	1103001.120128	1103001.810301	7.424537e-01	33	none	NaN	NaN
142	15	65	42	bathroom	sun_apeeialkgkuxddgh.tif	1103002.579900	1103002.838491	1103003.528743	6.757163e-01	32	none	NaN	NaN
142	15	66	12	bathroom	sun_aapitsgbtktqubfy.tif	1103004.298273	1103004.556863	1103005.247132	7.174271e-01	2	none	NaN	NaN
142	15	67	46	bathroom	sun_apmqjbnwghzuhhzh.tif	1103006.016647	1103006.275235	1103006.965538	6.673741e-01	36	none	NaN	NaN
142	15	68	15	bathroom	sun_abjtwfukuwddzted.tif	1103007.735012	1103007.993606	1103008.683680	7.007428e-01	5	none	NaN	NaN
142	15	69	60	bathroom	sun_azqyogdvyhahyram.tif	1103009.453386	1103009.711974	1103010.402266	7.257693e-01	50	none	NaN	NaN
142	15	70	21	bathroom	sun_aggnnqpdorgxpvce.tif	1103011.171758	1103011.430349	1103012.120443	8.425598e-01	11	none	NaN	NaN
142	15	71	53	bathroom	sun_ausgutylgojavyoq.tif	1103012.890129	1103013.148717	1103013.838885	7.841645e-01	43	39	1103015.135538	0
142	15	72	58	bathroom	sun_axxbkopsgyouuebh.tif	1103015.909781	1103016.168376	1103016.858494	7.341115e-01	48	none	NaN	NaN
142	15	73	27	bathroom	sun_ahcvzmoyaycdoftf.tif	1103017.628157	1103017.886751	1103018.577056	8.175332e-01	17	none	NaN	NaN
142	15	74	18	bathroom	sun_acgyywnybuveqsro.tif	1103019.346529	1103019.605118	1103020.295385	7.591380e-01	8	none	NaN	NaN
142	15	75	30	bathroom	sun_ajlawzvmubibwbpy.tif	1103021.064896	1103021.323492	1103022.013789	6.840584e-01	20	none	NaN	NaN
142	15	76	24	bathroom	sun_agrwbmhcpmfuwmsg.tif	1103022.783271	1103023.041860	1103023.732114	8.091911e-01	14	none	NaN	NaN
142	15	77	54	bathroom	sun_auzqhkafidnkrwmo.tif	1103024.501644	1103024.760228	1103025.450514	6.757163e-01	44	none	NaN	NaN
142	15	78	48	bathroom	sun_aqrpegblszgcoujh.tif	1103026.220010	1103026.478606	1103027.168792	7.507958e-01	38	none	NaN	NaN
142	15	79	25	bathroom	sun_agyqfjcfkdcydepw.tif	1103027.938386	1103028.196970	1103028.887149	7.674802e-01	15	none	NaN	NaN
142	15	80	38	bathroom	sun_anhioqovhscjqqwb.tif	1103029.656754	1103029.915342	1103030.605440	7.424537e-01	28	none	NaN	NaN
142	15	81	44	bathroom	sun_apkruvsevgegsdwp.tif	1103031.375119	1103031.633714	1103032.323948	8.258754e-01	34	none	NaN	NaN
142	15	82	55	bathroom	sun_avhrdrntsqrjzccq.tif	1103033.093493	1103033.352082	1103034.042260	8.008489e-01	45	none	NaN	NaN
142	15	83	28	bathroom	sun_ahijqszoswveeyji.tif	1103034.811865	1103035.070455	1103035.760768	8.008489e-01	18	none	NaN	NaN
142	15	84	47	bathroom	sun_apynckhmoftszqoq.tif	1103036.530236	1103036.788827	1103037.478953	7.507958e-01	37	none	NaN	NaN
142	15	85	36	bathroom	sun_ambriybtogmepttm.tif	1103038.248605	1103038.507196	1103039.197455	7.090850e-01	26	none	NaN	NaN
142	15	86	14	bathroom	sun_abapwbhyhkfixyex.tif	1103039.966977	1103040.225562	1103040.915769	7.174271e-01	4	37	1103041.607499	1
142	15	87	26	bathroom	sun_ahaulkltgpkeeemi.tif	1103042.377698	1103042.636291	1103043.326425	7.591380e-01	16	39	1103043.943440	1
142	15	88	23	bathroom	sun_aghyqhbptboemmoq.tif	1103044.721688	1103044.980279	1103045.670522	7.841645e-01	13	none	NaN	NaN
142	15	89	45	bathroom	sun_apkxzenqapsujocq.tif	1103046.440063	1103046.698657	1103047.388899	6.506897e-01	35	none	NaN	NaN
142	15	90	16	bathroom	sun_acduarbnmmoglmiv.tif	1103048.158429	1103048.417025	1103049.107214	8.509020e-01	6	39	1103049.703418	1
142	15	91	17	bathroom	sun_acegryoqftbzowsg.tif	1103050.477399	1103050.735983	1103051.426187	6.590319e-01	7	none	NaN	NaN
142	15	92	29	bathroom	sun_ahqjwnzgolcaoidx.tif	1103052.195768	1103052.454357	1103053.144446	6.840584e-01	19	none	NaN	NaN
142	15	93	40	bathroom	sun_aofnryafpsjimzsb.tif	1103053.914140	1103054.172730	1103054.862832	8.258754e-01	30	none	NaN	NaN
142	15	94	56	bathroom	sun_awnqiikzaispgmwo.tif	1103055.632510	1103055.891100	1103056.581324	8.091911e-01	46	none	NaN	NaN
142	15	95	31	bathroom	sun_akiytfaagpdsphgz.tif	1103057.350880	1103057.609469	1103058.299646	8.008489e-01	21	none	NaN	NaN
142	15	96	35	bathroom	sun_alotolagknyrgtsk.tif	1103059.069250	1103059.327844	1103060.017962	7.758224e-01	25	37	1103060.575527	1
142	15	97	49	bathroom	sun_asfwthctfqerjvxr.tif	1103061.346515	1103061.605106	1103062.295331	7.758224e-01	39	none	NaN	NaN
142	15	98	39	bathroom	sun_anryaplzeujmzfkd.tif	1103063.064881	1103063.323466	1103064.013727	7.591380e-01	29	none	NaN	NaN
142	15	99	59	bathroom	sun_axyrejkiiaqiurjk.tif	1103064.783255	1103065.041840	1103065.732093	6.590319e-01	49	none	NaN	NaN
142	15	100	11	bathroom	labelme_sfxiulhjbhlyiyt.tif	1103066.501624	1103066.760213	1103067.450297	6.924006e-01	1	none	NaN	NaN
142	16	1	100	kitchen	sun_amjjdeyrggfqgmom.tif	1103072.257331	1103072.515917	1103073.239521	6.757163e-01	90	37	1103075.087459	0
142	16	2	86	kitchen	sun_aggjlwcdjsjcaemh.tif	1103075.860906	1103076.119494	1103076.843143	8.342176e-01	76	none	NaN	NaN
142	16	3	64	kitchen	sun_aadbddgrdsjugojn.tif	1103077.612640	1103077.871230	1103078.594782	8.091911e-01	54	none	NaN	NaN
142	16	4	93	kitchen	sun_ahspylgoovwmwvgk.tif	1103079.364376	1103079.622962	1103080.346423	8.342176e-01	83	none	NaN	NaN
142	16	5	69	kitchen	sun_abdenxonkemggwsq.tif	1103081.116115	1103081.374705	1103082.098274	7.007428e-01	59	none	NaN	NaN
142	16	6	91	kitchen	sun_ahljzhgcdpomplvg.tif	1103082.867853	1103083.126440	1103083.849883	8.175332e-01	81	none	NaN	NaN
142	16	7	72	kitchen	sun_abpwyqmlzafvklqo.tif	1103084.619585	1103084.878181	1103085.601795	7.507958e-01	62	none	NaN	NaN
142	16	8	81	kitchen	sun_aehawpgmrlhlvcow.tif	1103086.371323	1103086.629915	1103087.353569	8.258754e-01	71	none	NaN	NaN
142	16	9	103	kitchen	sun_aunzlwrbjumxhwdj.tif	1103088.123065	1103088.381655	1103089.105236	7.591380e-01	93	none	NaN	NaN
142	16	10	74	kitchen	sun_acfmftudsenhrfhy.tif	1103089.874798	1103090.133405	1103090.856835	7.007428e-01	64	none	NaN	NaN
142	16	11	68	kitchen	sun_aaxxjlsuzvqlgylf.tif	1103091.626530	1103091.885127	1103092.608599	7.424537e-01	58	none	NaN	NaN
142	16	12	107	kitchen	sun_axyyrmzcupyhlivc.tif	1103093.378274	1103093.636868	1103094.360339	7.007428e-01	97	none	NaN	NaN
142	16	13	79	kitchen	sun_admlmbcdswaszruo.tif	1103095.130013	1103095.388602	1103096.112139	6.757163e-01	69	none	NaN	NaN
142	16	14	110	kitchen	sun_azmutvzbxypaceni.tif	1103096.881745	1103097.140335	1103097.863823	7.591380e-01	100	none	NaN	NaN
142	16	15	66	kitchen	sun_aapllqyqlykszopd.tif	1103098.633484	1103098.892069	1103099.615513	7.758224e-01	56	none	NaN	NaN
142	16	16	61	kitchen	labelme_brsyyvweiuaazfr.tif	1103100.385222	1103100.643811	1103101.367280	7.341115e-01	51	none	NaN	NaN
142	16	17	106	kitchen	sun_awcpdzzznmweyyhv.tif	1103102.136954	1103102.395547	1103103.119013	7.507958e-01	96	none	NaN	NaN
142	16	18	75	kitchen	sun_acgtpgfybqjmzeyw.tif	1103103.888689	1103104.147280	1103104.870867	7.341115e-01	65	none	NaN	NaN
142	16	19	99	kitchen	sun_akcjzhbbjlbogpdi.tif	1103105.640434	1103105.899018	1103106.622494	6.673741e-01	89	none	NaN	NaN
142	16	20	108	kitchen	sun_aymvwlarqodbwuoc.tif	1103107.392165	1103107.650762	1103108.374308	6.590319e-01	98	none	NaN	NaN
142	16	21	76	kitchen	sun_acwjdupvyjsugpay.tif	1103109.143903	1103109.402497	1103110.126110	7.925067e-01	66	none	NaN	NaN
142	16	22	85	kitchen	sun_afuyedyxivkhecmu.tif	1103110.895641	1103111.154229	1103111.877780	8.258754e-01	75	none	NaN	NaN
142	16	23	105	kitchen	sun_avszsnwsbuqfgzbn.tif	1103112.647376	1103112.905994	1103113.629485	8.008489e-01	95	none	NaN	NaN
142	16	24	65	kitchen	sun_aamedkxepzlwuxes.tif	1103114.399116	1103114.657707	1103115.381226	7.174271e-01	55	none	NaN	NaN
142	16	25	95	kitchen	sun_aixorpehvfykdynp.tif	1103116.150855	1103116.409438	1103117.133016	8.425598e-01	85	none	NaN	NaN
142	16	26	80	kitchen	sun_aegoxogugdkwpmpj.tif	1103117.902589	1103118.161181	1103118.884756	8.175332e-01	70	none	NaN	NaN
142	16	27	78	kitchen	sun_adgqasybjyktddhj.tif	1103119.654331	1103119.912923	1103120.636452	8.342176e-01	68	37	1103121.391693	1
142	16	28	96	kitchen	sun_ajcbwwvdlsvjyzje.tif	1103122.165152	1103122.423741	1103123.147226	7.341115e-01	86	none	NaN	NaN
142	16	29	84	kitchen	sun_aexklacwqwezaorf.tif	1103123.916888	1103124.175477	1103124.899122	7.674802e-01	74	none	NaN	NaN
142	16	30	62	kitchen	labelme_kxvouciolcpqplr.tif	1103125.668628	1103125.927217	1103126.650900	6.590319e-01	52	none	NaN	NaN
142	16	31	88	kitchen	sun_agubuxuukhzyzpdp.tif	1103127.420360	1103127.678953	1103128.402497	6.757163e-01	78	none	NaN	NaN
142	16	32	63	kitchen	labelme_rykdqxenmhulbdn.tif	1103129.172098	1103129.430693	1103130.154204	6.673741e-01	53	none	NaN	NaN
142	16	33	71	kitchen	sun_abftihopvusyfakt.tif	1103130.915496	1103131.174084	1103131.897546	8.258754e-01	61	none	NaN	NaN
142	16	34	83	kitchen	sun_aeqdocilnnpuvuhx.tif	1103132.667232	1103132.925821	1103133.649375	6.840584e-01	73	none	NaN	NaN
142	16	35	104	kitchen	sun_auticobqsbwgoppi.tif	1103134.418967	1103134.677562	1103135.401278	7.257693e-01	94	none	NaN	NaN
142	16	36	92	kitchen	sun_ahpczsiumwwocjkv.tif	1103136.170702	1103136.429296	1103137.152789	7.758224e-01	82	none	NaN	NaN
142	16	37	97	kitchen	sun_ajkqhtgcbgpcwrwn.tif	1103137.922442	1103138.181031	1103138.904654	7.257693e-01	87	37	1103139.671789	1
142	16	38	94	kitchen	sun_ahywdevtimnqcsln.tif	1103140.449946	1103140.708534	1103141.432006	8.175332e-01	84	none	NaN	NaN
142	16	39	67	kitchen	sun_aarfiyshqohlwkmo.tif	1103142.201687	1103142.460274	1103143.183786	7.925067e-01	57	37	1103143.935707	1
142	16	40	98	kitchen	sun_akchetnepxlcxhsu.tif	1103144.712505	1103144.971096	1103145.694722	7.507958e-01	88	none	NaN	NaN
142	16	41	77	kitchen	sun_acxkpeoqbwcxfvip.tif	1103146.464248	1103146.722835	1103147.446383	8.008489e-01	67	none	NaN	NaN
142	16	42	73	kitchen	sun_abrcnpqqhmjwekyf.tif	1103148.215980	1103148.474573	1103149.198214	6.840584e-01	63	39	1103149.687563	0
142	16	43	87	kitchen	sun_agorklincwxrdtga.tif	1103150.459876	1103150.718464	1103151.442123	6.506897e-01	77	none	NaN	NaN
142	16	44	89	kitchen	sun_agzzivivdpnawacl.tif	1103152.211609	1103152.470200	1103153.193814	8.509020e-01	79	none	NaN	NaN
142	16	45	101	kitchen	sun_aqeaevwwwjoqhzvl.tif	1103153.963350	1103154.221941	1103154.945502	7.841645e-01	91	none	NaN	NaN
142	16	46	90	kitchen	sun_ahdycvpopffkzzsu.tif	1103155.715084	1103155.973672	1103156.697254	6.924006e-01	80	none	NaN	NaN
142	16	47	102	kitchen	sun_auaiucuqpdausiva.tif	1103157.466821	1103157.725411	1103158.448914	7.507958e-01	92	none	NaN	NaN
142	16	48	82	kitchen	sun_aenotlpyftoioydp.tif	1103159.218563	1103159.477148	1103160.200822	7.674802e-01	72	none	NaN	NaN
142	16	49	70	kitchen	sun_abdxkyyxwfskuaqb.tif	1103160.970301	1103161.228887	1103161.952446	7.758224e-01	60	none	NaN	NaN
142	16	50	109	kitchen	sun_aypmqwcualkenuoe.tif	1103162.722034	1103162.980623	1103163.704301	7.090850e-01	99	none	NaN	NaN
142	16	51	62	kitchen	labelme_kxvouciolcpqplr.tif	1103164.473772	1103164.732360	1103165.455827	7.841645e-01	52	none	NaN	NaN
142	16	52	73	kitchen	sun_abrcnpqqhmjwekyf.tif	1103166.225506	1103166.484101	1103167.207581	7.758224e-01	63	39	1103167.863560	1
142	16	53	99	kitchen	sun_akcjzhbbjlbogpdi.tif	1103168.636232	1103168.894824	1103169.618377	7.925067e-01	89	none	NaN	NaN
142	16	54	87	kitchen	sun_agorklincwxrdtga.tif	1103170.387968	1103170.646562	1103171.370184	7.674802e-01	77	none	NaN	NaN
142	16	55	102	kitchen	sun_auaiucuqpdausiva.tif	1103172.139707	1103172.398293	1103173.121810	7.424537e-01	92	none	NaN	NaN
142	16	56	81	kitchen	sun_aehawpgmrlhlvcow.tif	1103173.891441	1103174.150032	1103174.873661	6.757163e-01	71	37	1103175.487596	1
142	16	57	106	kitchen	sun_awcpdzzznmweyyhv.tif	1103176.260459	1103176.519046	1103177.242582	6.924006e-01	96	39	1103177.863572	1
142	16	58	86	kitchen	sun_aggjlwcdjsjcaemh.tif	1103178.637816	1103178.896406	1103179.620073	7.090850e-01	76	none	NaN	NaN
142	16	59	82	kitchen	sun_aenotlpyftoioydp.tif	1103180.389552	1103180.648142	1103181.371719	6.673741e-01	72	none	NaN	NaN
142	16	60	64	kitchen	sun_aadbddgrdsjugojn.tif	1103182.141295	1103182.399875	1103183.123468	7.841645e-01	54	37	1103183.567396	1
142	16	61	95	kitchen	sun_aixorpehvfykdynp.tif	1103184.343476	1103184.602061	1103185.325709	6.924006e-01	85	none	NaN	NaN
142	16	62	85	kitchen	sun_afuyedyxivkhecmu.tif	1103186.095210	1103186.353795	1103187.077385	8.091911e-01	75	none	NaN	NaN
142	16	63	61	kitchen	labelme_brsyyvweiuaazfr.tif	1103187.846947	1103188.105534	1103188.828991	7.341115e-01	51	none	NaN	NaN
142	16	64	104	kitchen	sun_auticobqsbwgoppi.tif	1103189.598685	1103189.857278	1103190.580773	7.174271e-01	94	none	NaN	NaN
142	16	65	84	kitchen	sun_aexklacwqwezaorf.tif	1103191.350421	1103191.608976	1103192.332458	8.175332e-01	74	none	NaN	NaN
142	16	66	94	kitchen	sun_ahywdevtimnqcsln.tif	1103193.102158	1103193.360747	1103194.084257	7.424537e-01	84	none	NaN	NaN
142	16	67	88	kitchen	sun_agubuxuukhzyzpdp.tif	1103194.845552	1103195.104144	1103195.827675	6.590319e-01	78	none	NaN	NaN
142	16	68	67	kitchen	sun_aarfiyshqohlwkmo.tif	1103196.597293	1103196.855884	1103197.579328	8.258754e-01	57	none	NaN	NaN
142	16	69	71	kitchen	sun_abftihopvusyfakt.tif	1103198.349028	1103198.607622	1103199.331204	6.924006e-01	61	none	NaN	NaN
142	16	70	93	kitchen	sun_ahspylgoovwmwvgk.tif	1103200.100768	1103200.359358	1103201.083001	6.924006e-01	83	none	NaN	NaN
142	16	71	76	kitchen	sun_acwjdupvyjsugpay.tif	1103201.852505	1103202.111091	1103202.834615	8.008489e-01	66	39	1103204.335750	1
142	16	72	77	kitchen	sun_acxkpeoqbwcxfvip.tif	1103205.114073	1103205.372654	1103206.096310	8.425598e-01	67	none	NaN	NaN
142	16	73	89	kitchen	sun_agzzivivdpnawacl.tif	1103206.865810	1103207.124398	1103207.848036	7.090850e-01	79	39	1103208.423703	1
142	16	74	66	kitchen	sun_aapllqyqlykszopd.tif	1103209.201459	1103209.460044	1103210.183661	6.506897e-01	56	none	NaN	NaN
142	16	75	100	kitchen	sun_amjjdeyrggfqgmom.tif	1103210.953195	1103211.211787	1103211.935456	7.424537e-01	90	39	1103212.463810	1
142	16	76	63	kitchen	labelme_rykdqxenmhulbdn.tif	1103213.238794	1103213.497384	1103214.220870	7.925067e-01	53	none	NaN	NaN
142	16	77	108	kitchen	sun_aymvwlarqodbwuoc.tif	1103214.990534	1103215.249120	1103215.972616	8.091911e-01	98	none	NaN	NaN
142	16	78	105	kitchen	sun_avszsnwsbuqfgzbn.tif	1103216.742270	1103217.000857	1103217.724404	7.591380e-01	95	39	1103218.423586	1
142	16	79	75	kitchen	sun_acgtpgfybqjmzeyw.tif	1103219.194696	1103219.453293	1103220.176921	7.174271e-01	65	37	1103221.303467	1
142	16	80	79	kitchen	sun_admlmbcdswaszruo.tif	1103222.080892	1103222.339488	1103223.063070	8.342176e-01	69	none	NaN	NaN
142	16	81	68	kitchen	sun_aaxxjlsuzvqlgylf.tif	1103223.832629	1103224.091222	1103224.814752	8.425598e-01	58	none	NaN	NaN
142	16	82	83	kitchen	sun_aeqdocilnnpuvuhx.tif	1103225.584368	1103225.842958	1103226.566403	7.174271e-01	73	none	NaN	NaN
142	16	83	78	kitchen	sun_adgqasybjyktddhj.tif	1103227.336120	1103227.594697	1103228.318171	6.590319e-01	68	none	NaN	NaN
142	16	84	74	kitchen	sun_acfmftudsenhrfhy.tif	1103229.087839	1103229.346435	1103230.070090	8.091911e-01	64	39	1103230.711700	1
142	16	85	90	kitchen	sun_ahdycvpopffkzzsu.tif	1103231.490229	1103231.748814	1103232.472391	8.425598e-01	80	none	NaN	NaN
142	16	86	65	kitchen	sun_aamedkxepzlwuxes.tif	1103233.241968	1103233.500550	1103234.224143	8.258754e-01	55	none	NaN	NaN
142	16	87	98	kitchen	sun_akchetnepxlcxhsu.tif	1103234.993702	1103235.252290	1103235.975853	7.090850e-01	88	none	NaN	NaN
142	16	88	80	kitchen	sun_aegoxogugdkwpmpj.tif	1103236.745435	1103237.004027	1103237.727670	7.257693e-01	70	none	NaN	NaN
142	16	89	70	kitchen	sun_abdxkyyxwfskuaqb.tif	1103238.497177	1103238.755767	1103239.479297	7.591380e-01	60	none	NaN	NaN
142	16	90	96	kitchen	sun_ajcbwwvdlsvjyzje.tif	1103240.248910	1103240.507501	1103241.231021	6.840584e-01	86	none	NaN	NaN
142	16	91	91	kitchen	sun_ahljzhgcdpomplvg.tif	1103242.000649	1103242.259237	1103242.982683	7.591380e-01	81	none	NaN	NaN
142	16	92	110	kitchen	sun_azmutvzbxypaceni.tif	1103243.752384	1103244.010978	1103244.734575	6.673741e-01	100	none	NaN	NaN
142	16	93	97	kitchen	sun_ajkqhtgcbgpcwrwn.tif	1103245.504121	1103245.762713	1103246.486242	7.841645e-01	87	none	NaN	NaN
142	16	94	109	kitchen	sun_aypmqwcualkenuoe.tif	1103247.255857	1103247.514446	1103248.237939	6.840584e-01	99	none	NaN	NaN
142	16	95	101	kitchen	sun_aqeaevwwwjoqhzvl.tif	1103249.007594	1103249.266183	1103249.989802	6.506897e-01	91	none	NaN	NaN
142	16	96	72	kitchen	sun_abpwyqmlzafvklqo.tif	1103250.759332	1103251.017923	1103251.741411	8.509020e-01	62	none	NaN	NaN
142	16	97	107	kitchen	sun_axyyrmzcupyhlivc.tif	1103252.511071	1103252.769657	1103253.493296	7.007428e-01	97	none	NaN	NaN
142	16	98	92	kitchen	sun_ahpczsiumwwocjkv.tif	1103254.262806	1103254.521399	1103255.245045	7.674802e-01	82	none	NaN	NaN
142	16	99	69	kitchen	sun_abdenxonkemggwsq.tif	1103256.014541	1103256.273133	1103256.996621	7.257693e-01	59	none	NaN	NaN
142	16	100	103	kitchen	sun_aunzlwrbjumxhwdj.tif	1103257.766284	1103258.024869	1103258.748450	8.008489e-01	93	none	NaN	NaN
142	17	1	19	bathroom	sun_aclfzgynxzxlbepz.tif	1103263.555359	1103263.813949	1103264.629175	8.175332e-01	9	none	NaN	NaN
142	17	2	25	bathroom	sun_agyqfjcfkdcydepw.tif	1103265.398847	1103265.657441	1103266.472807	8.258754e-01	15	none	NaN	NaN
142	17	3	38	bathroom	sun_anhioqovhscjqqwb.tif	1103267.242340	1103267.500932	1103268.316278	7.007428e-01	28	none	NaN	NaN
142	17	4	22	bathroom	sun_agguqiubmwhqqunb.tif	1103269.085840	1103269.344432	1103270.159766	7.507958e-01	12	none	NaN	NaN
142	17	5	14	bathroom	sun_abapwbhyhkfixyex.tif	1103270.929336	1103271.187925	1103272.003300	7.925067e-01	4	none	NaN	NaN
142	17	6	52	bathroom	sun_aunuadmjocsddsrl.tif	1103272.772825	1103273.031420	1103273.846627	7.925067e-01	42	none	NaN	NaN
142	17	7	44	bathroom	sun_apkruvsevgegsdwp.tif	1103274.616322	1103274.874920	1103275.690145	6.590319e-01	34	none	NaN	NaN
142	17	8	48	bathroom	sun_aqrpegblszgcoujh.tif	1103276.459815	1103276.718409	1103277.533780	6.840584e-01	38	none	NaN	NaN
142	17	9	58	bathroom	sun_axxbkopsgyouuebh.tif	1103278.303312	1103278.561936	1103279.377307	8.091911e-01	48	none	NaN	NaN
142	17	10	36	bathroom	sun_ambriybtogmepttm.tif	1103280.146810	1103280.405395	1103281.220680	7.257693e-01	26	none	NaN	NaN
142	17	11	37	bathroom	sun_amzlamotzwfkwjco.tif	1103281.990301	1103282.248889	1103283.064168	6.840584e-01	27	37	1103283.591867	1
142	17	12	46	bathroom	sun_apmqjbnwghzuhhzh.tif	1103284.367656	1103284.626254	1103285.441487	7.507958e-01	36	39	1103286.063717	1
142	17	13	13	bathroom	sun_aavhrsfjbserjtht.tif	1103286.836773	1103287.095365	1103287.910770	7.341115e-01	3	none	NaN	NaN
142	17	14	41	bathroom	sun_aoybiabnpadelefl.tif	1103288.680261	1103288.938860	1103289.754227	8.342176e-01	31	none	NaN	NaN
142	17	15	30	bathroom	sun_ajlawzvmubibwbpy.tif	1103290.523765	1103290.782353	1103291.597714	8.175332e-01	20	none	NaN	NaN
142	17	16	40	bathroom	sun_aofnryafpsjimzsb.tif	1103292.367259	1103292.625851	1103293.441237	7.007428e-01	30	none	NaN	NaN
142	17	17	11	bathroom	labelme_sfxiulhjbhlyiyt.tif	1103294.210755	1103294.469342	1103295.284591	8.258754e-01	1	none	NaN	NaN
142	17	18	31	bathroom	sun_akiytfaagpdsphgz.tif	1103296.054250	1103296.312838	1103297.128156	7.925067e-01	21	none	NaN	NaN
142	17	19	20	bathroom	sun_afcoljnjfoxjtgja.tif	1103297.897744	1103298.156335	1103298.971583	7.758224e-01	10	none	NaN	NaN
142	17	20	33	bathroom	sun_aljolscmmzydegqp.tif	1103299.741239	1103299.999829	1103300.815065	7.424537e-01	23	none	NaN	NaN
142	17	21	35	bathroom	sun_alotolagknyrgtsk.tif	1103301.584729	1103301.843321	1103302.658559	8.258754e-01	25	none	NaN	NaN
142	17	22	49	bathroom	sun_asfwthctfqerjvxr.tif	1103303.428227	1103303.686814	1103304.502100	7.507958e-01	39	37	1103305.247980	1
142	17	23	29	bathroom	sun_ahqjwnzgolcaoidx.tif	1103306.022466	1103306.281058	1103307.096449	7.341115e-01	19	none	NaN	NaN
142	17	24	12	bathroom	sun_aapitsgbtktqubfy.tif	1103307.865963	1103308.124547	1103308.939861	7.174271e-01	2	none	NaN	NaN
142	17	25	45	bathroom	sun_apkxzenqapsujocq.tif	1103309.709458	1103309.968051	1103310.783390	8.425598e-01	35	none	NaN	NaN
142	17	26	27	bathroom	sun_ahcvzmoyaycdoftf.tif	1103311.552946	1103311.811544	1103312.626817	8.008489e-01	17	none	NaN	NaN
142	17	27	32	bathroom	sun_aleqenyvunhactkl.tif	1103313.396448	1103313.655035	1103314.470329	7.090850e-01	22	none	NaN	NaN
142	17	28	43	bathroom	sun_apjevzvycyhuqghb.tif	1103315.239942	1103315.498529	1103316.313886	6.840584e-01	33	39	1103317.463974	1
142	17	29	18	bathroom	sun_acgyywnybuveqsro.tif	1103318.234577	1103318.493165	1103319.308372	6.590319e-01	8	none	NaN	NaN
142	17	30	28	bathroom	sun_ahijqszoswveeyji.tif	1103320.078069	1103320.336653	1103321.151904	7.925067e-01	18	none	NaN	NaN
142	17	31	17	bathroom	sun_acegryoqftbzowsg.tif	1103321.921570	1103322.180156	1103322.995618	8.008489e-01	7	none	NaN	NaN
142	17	32	26	bathroom	sun_ahaulkltgpkeeemi.tif	1103323.765058	1103324.023642	1103324.838924	7.591380e-01	16	none	NaN	NaN
142	17	33	16	bathroom	sun_acduarbnmmoglmiv.tif	1103325.608550	1103325.867144	1103326.682473	7.424537e-01	6	none	NaN	NaN
142	17	34	54	bathroom	sun_auzqhkafidnkrwmo.tif	1103327.452046	1103327.710641	1103328.525921	7.341115e-01	44	none	NaN	NaN
142	17	35	47	bathroom	sun_apynckhmoftszqoq.tif	1103329.295546	1103329.554132	1103330.369410	6.757163e-01	37	none	NaN	NaN
142	17	36	39	bathroom	sun_anryaplzeujmzfkd.tif	1103331.139035	1103331.397631	1103332.212865	7.591380e-01	29	none	NaN	NaN
142	17	37	55	bathroom	sun_avhrdrntsqrjzccq.tif	1103332.982531	1103333.241123	1103334.056407	8.091911e-01	45	39	1103334.615504	1
142	17	38	56	bathroom	sun_awnqiikzaispgmwo.tif	1103335.393256	1103335.651848	1103336.467141	8.258754e-01	46	none	NaN	NaN
142	17	39	59	bathroom	sun_axyrejkiiaqiurjk.tif	1103337.236754	1103337.495342	1103338.310774	6.506897e-01	49	none	NaN	NaN
142	17	40	15	bathroom	sun_abjtwfukuwddzted.tif	1103339.080247	1103339.338836	1103340.154289	7.257693e-01	5	none	NaN	NaN
142	17	41	34	bathroom	sun_alkosphxlxwjwgjd.tif	1103340.923741	1103341.182330	1103341.997559	6.673741e-01	24	none	NaN	NaN
142	17	42	51	bathroom	sun_atstyziqcmkahyxk.tif	1103342.767239	1103343.025829	1103343.841222	7.591380e-01	41	none	NaN	NaN
142	17	43	42	bathroom	sun_apeeialkgkuxddgh.tif	1103344.610722	1103344.869318	1103345.684698	6.924006e-01	32	37	1103346.327992	1
142	17	44	60	bathroom	sun_azqyogdvyhahyram.tif	1103347.104872	1103347.363461	1103348.178689	7.090850e-01	50	none	NaN	NaN
142	17	45	23	bathroom	sun_aghyqhbptboemmoq.tif	1103348.948370	1103349.206956	1103350.022217	7.758224e-01	13	none	NaN	NaN
142	17	46	24	bathroom	sun_agrwbmhcpmfuwmsg.tif	1103350.791860	1103351.050452	1103351.865731	6.673741e-01	14	none	NaN	NaN
142	17	47	57	bathroom	sun_axldvoqbuvuggfmq.tif	1103352.635352	1103352.893946	1103353.709152	8.008489e-01	47	none	NaN	NaN
142	17	48	50	bathroom	sun_aspsyogrekjtfozg.tif	1103354.478847	1103354.737443	1103355.552701	6.757163e-01	40	none	NaN	NaN
142	17	49	21	bathroom	sun_aggnnqpdorgxpvce.tif	1103356.322341	1103356.580933	1103357.396246	7.674802e-01	11	none	NaN	NaN
142	17	50	53	bathroom	sun_ausgutylgojavyoq.tif	1103358.165838	1103358.424430	1103359.239673	6.506897e-01	43	none	NaN	NaN
142	17	51	26	bathroom	sun_ahaulkltgpkeeemi.tif	1103360.009335	1103360.267921	1103361.083298	6.673741e-01	16	none	NaN	NaN
142	17	52	12	bathroom	sun_aapitsgbtktqubfy.tif	1103361.852831	1103362.111417	1103362.926853	8.091911e-01	2	none	NaN	NaN
142	17	53	44	bathroom	sun_apkruvsevgegsdwp.tif	1103363.696324	1103363.954913	1103364.770294	7.841645e-01	34	none	NaN	NaN
142	17	54	19	bathroom	sun_aclfzgynxzxlbepz.tif	1103365.539819	1103365.798408	1103366.613625	8.509020e-01	9	none	NaN	NaN
142	17	55	56	bathroom	sun_awnqiikzaispgmwo.tif	1103367.383312	1103367.641903	1103368.457121	6.924006e-01	46	none	NaN	NaN
142	17	56	35	bathroom	sun_alotolagknyrgtsk.tif	1103369.226806	1103369.485395	1103370.300668	8.175332e-01	25	none	NaN	NaN
142	17	57	24	bathroom	sun_agrwbmhcpmfuwmsg.tif	1103371.070299	1103371.328897	1103372.144204	7.257693e-01	14	37	1103372.599844	1
142	17	58	48	bathroom	sun_aqrpegblszgcoujh.tif	1103373.372583	1103373.631172	1103374.446408	7.257693e-01	38	none	NaN	NaN
142	17	59	17	bathroom	sun_acegryoqftbzowsg.tif	1103375.216078	1103375.474669	1103376.290110	8.258754e-01	7	none	NaN	NaN
142	17	60	23	bathroom	sun_aghyqhbptboemmoq.tif	1103377.059566	1103377.318159	1103378.133427	8.342176e-01	13	none	NaN	NaN
142	17	61	41	bathroom	sun_aoybiabnpadelefl.tif	1103378.903063	1103379.161657	1103379.977071	8.175332e-01	31	37	1103381.896001	0
142	17	62	32	bathroom	sun_aleqenyvunhactkl.tif	1103382.673472	1103382.932061	1103383.747354	7.341115e-01	22	none	NaN	NaN
142	17	63	42	bathroom	sun_apeeialkgkuxddgh.tif	1103384.516967	1103384.775556	1103385.590883	7.758224e-01	32	none	NaN	NaN
142	17	64	31	bathroom	sun_akiytfaagpdsphgz.tif	1103386.360460	1103386.619050	1103387.434294	7.090850e-01	21	none	NaN	NaN
142	17	65	33	bathroom	sun_aljolscmmzydegqp.tif	1103388.203955	1103388.462546	1103389.277862	7.591380e-01	23	none	NaN	NaN
142	17	66	40	bathroom	sun_aofnryafpsjimzsb.tif	1103390.047450	1103390.306045	1103391.121288	6.840584e-01	30	39	1103391.639882	1
142	17	67	13	bathroom	sun_aavhrsfjbserjtht.tif	1103392.416470	1103392.675057	1103393.490281	8.425598e-01	3	none	NaN	NaN
142	17	68	14	bathroom	sun_abapwbhyhkfixyex.tif	1103394.259964	1103394.518554	1103395.333970	6.924006e-01	4	none	NaN	NaN
142	17	69	45	bathroom	sun_apkxzenqapsujocq.tif	1103396.103455	1103396.362048	1103397.177260	7.174271e-01	35	none	NaN	NaN
142	17	70	46	bathroom	sun_apmqjbnwghzuhhzh.tif	1103397.946955	1103398.205543	1103399.020863	6.924006e-01	36	none	NaN	NaN
142	17	71	16	bathroom	sun_acduarbnmmoglmiv.tif	1103399.790450	1103400.049036	1103400.864490	8.342176e-01	6	none	NaN	NaN
142	17	72	55	bathroom	sun_avhrdrntsqrjzccq.tif	1103401.633940	1103401.892533	1103402.707824	7.591380e-01	45	none	NaN	NaN
142	17	73	51	bathroom	sun_atstyziqcmkahyxk.tif	1103403.477438	1103403.736026	1103404.551471	8.425598e-01	41	none	NaN	NaN
142	17	74	15	bathroom	sun_abjtwfukuwddzted.tif	1103405.320932	1103405.579523	1103406.394822	6.506897e-01	5	none	NaN	NaN
142	17	75	52	bathroom	sun_aunuadmjocsddsrl.tif	1103407.164429	1103407.423016	1103408.238271	7.507958e-01	42	none	NaN	NaN
142	17	76	49	bathroom	sun_asfwthctfqerjvxr.tif	1103409.007921	1103409.266509	1103410.081801	7.007428e-01	39	none	NaN	NaN
142	17	77	20	bathroom	sun_afcoljnjfoxjtgja.tif	1103410.851413	1103411.110010	1103411.925291	6.757163e-01	10	none	NaN	NaN
142	17	78	21	bathroom	sun_aggnnqpdorgxpvce.tif	1103412.694911	1103412.953495	1103413.768916	7.424537e-01	11	none	NaN	NaN
142	17	79	47	bathroom	sun_apynckhmoftszqoq.tif	1103414.538403	1103414.796993	1103415.612414	7.424537e-01	37	none	NaN	NaN
142	17	80	36	bathroom	sun_ambriybtogmepttm.tif	1103416.381898	1103416.640489	1103417.455790	7.174271e-01	26	37	1103418.127948	1
142	17	81	38	bathroom	sun_anhioqovhscjqqwb.tif	1103418.901064	1103419.159657	1103419.974989	7.841645e-01	28	none	NaN	NaN
142	17	82	58	bathroom	sun_axxbkopsgyouuebh.tif	1103420.744556	1103421.003147	1103421.818370	8.091911e-01	48	37	1103422.335835	1
142	17	83	34	bathroom	sun_alkosphxlxwjwgjd.tif	1103423.113576	1103423.372172	1103424.187431	6.590319e-01	24	none	NaN	NaN
142	17	84	43	bathroom	sun_apjevzvycyhuqghb.tif	1103424.957070	1103425.215662	1103426.030982	7.674802e-01	33	none	NaN	NaN
142	17	85	59	bathroom	sun_axyrejkiiaqiurjk.tif	1103426.800566	1103427.059156	1103427.874581	6.590319e-01	49	37	1103428.511996	0
142	17	86	28	bathroom	sun_ahijqszoswveeyji.tif	1103429.286364	1103429.544950	1103430.360189	7.674802e-01	18	none	NaN	NaN
142	17	87	39	bathroom	sun_anryaplzeujmzfkd.tif	1103431.129860	1103431.388447	1103432.203748	8.008489e-01	29	37	1103432.847964	1
142	17	88	27	bathroom	sun_ahcvzmoyaycdoftf.tif	1103433.624001	1103433.882588	1103434.697825	7.007428e-01	17	none	NaN	NaN
142	17	89	60	bathroom	sun_azqyogdvyhahyram.tif	1103435.467496	1103435.726084	1103436.541383	6.673741e-01	50	none	NaN	NaN
142	17	90	11	bathroom	labelme_sfxiulhjbhlyiyt.tif	1103437.310986	1103437.569576	1103438.385014	8.342176e-01	1	none	NaN	NaN
142	17	91	54	bathroom	sun_auzqhkafidnkrwmo.tif	1103439.154482	1103439.413073	1103440.228410	8.425598e-01	44	none	NaN	NaN
142	17	92	37	bathroom	sun_amzlamotzwfkwjco.tif	1103440.997973	1103441.256566	1103442.071854	7.090850e-01	27	none	NaN	NaN
142	17	93	57	bathroom	sun_axldvoqbuvuggfmq.tif	1103442.841469	1103443.100058	1103443.915353	7.758224e-01	47	none	NaN	NaN
142	17	94	29	bathroom	sun_ahqjwnzgolcaoidx.tif	1103444.684969	1103444.943553	1103445.758885	7.674802e-01	19	none	NaN	NaN
142	17	95	25	bathroom	sun_agyqfjcfkdcydepw.tif	1103446.528460	1103446.787051	1103447.602337	6.757163e-01	15	39	1103448.199650	1
142	17	96	30	bathroom	sun_ajlawzvmubibwbpy.tif	1103448.972556	1103449.231141	1103450.046634	7.174271e-01	20	none	NaN	NaN
142	17	97	22	bathroom	sun_agguqiubmwhqqunb.tif	1103450.816046	1103451.074637	1103451.890089	7.841645e-01	12	37	1103452.343695	1
142	17	98	50	bathroom	sun_aspsyogrekjtfozg.tif	1103453.118325	1103453.376923	1103454.192134	6.924006e-01	40	none	NaN	NaN
142	17	99	18	bathroom	sun_acgyywnybuveqsro.tif	1103454.961824	1103455.220412	1103456.035721	7.841645e-01	8	none	NaN	NaN
142	17	100	53	bathroom	sun_ausgutylgojavyoq.tif	1103456.805319	1103457.063911	1103457.879266	8.509020e-01	43	none	NaN	NaN
142	18	1	101	kitchen	sun_aqeaevwwwjoqhzvl.tif	1103462.686149	1103462.944739	1103463.618151	7.674802e-01	91	none	NaN	NaN
142	18	2	105	kitchen	sun_avszsnwsbuqfgzbn.tif	1103464.387838	1103464.646428	1103465.319851	6.840584e-01	95	none	NaN	NaN
142	18	3	110	kitchen	sun_azmutvzbxypaceni.tif	1103466.089522	1103466.348112	1103467.021741	6.924006e-01	100	none	NaN	NaN
142	18	4	74	kitchen	sun_acfmftudsenhrfhy.tif	1103467.791212	1103468.049801	1103468.723259	7.174271e-01	64	39	1103469.384041	1
142	18	5	70	kitchen	sun_abdxkyyxwfskuaqb.tif	1103470.160228	1103470.418818	1103471.092312	8.175332e-01	60	none	NaN	NaN
142	18	6	104	kitchen	sun_auticobqsbwgoppi.tif	1103471.861917	1103472.120505	1103472.794060	7.674802e-01	94	39	1103473.367858	1
142	18	7	109	kitchen	sun_aypmqwcualkenuoe.tif	1103474.139171	1103474.397761	1103475.071170	6.924006e-01	99	none	NaN	NaN
142	18	8	75	kitchen	sun_acgtpgfybqjmzeyw.tif	1103475.840858	1103476.099452	1103476.772939	8.342176e-01	65	none	NaN	NaN
142	18	9	64	kitchen	sun_aadbddgrdsjugojn.tif	1103477.542548	1103477.801137	1103478.474677	7.341115e-01	54	none	NaN	NaN
142	18	10	96	kitchen	sun_ajcbwwvdlsvjyzje.tif	1103479.244226	1103479.502821	1103480.176277	7.007428e-01	86	39	1103481.184010	1
142	18	11	85	kitchen	sun_afuyedyxivkhecmu.tif	1103481.955257	1103482.213845	1103482.887373	8.425598e-01	75	none	NaN	NaN
142	18	12	79	kitchen	sun_admlmbcdswaszruo.tif	1103483.656945	1103483.915536	1103484.589094	7.257693e-01	69	none	NaN	NaN
142	18	13	89	kitchen	sun_agzzivivdpnawacl.tif	1103485.358634	1103485.617224	1103486.290735	6.673741e-01	79	none	NaN	NaN
142	18	14	108	kitchen	sun_aymvwlarqodbwuoc.tif	1103487.060314	1103487.318911	1103487.992426	7.174271e-01	98	none	NaN	NaN
142	18	15	69	kitchen	sun_abdenxonkemggwsq.tif	1103488.762005	1103489.020599	1103489.694046	8.008489e-01	59	none	NaN	NaN
142	18	16	106	kitchen	sun_awcpdzzznmweyyhv.tif	1103490.463693	1103490.722283	1103491.395816	8.425598e-01	96	none	NaN	NaN
142	18	17	92	kitchen	sun_ahpczsiumwwocjkv.tif	1103492.165377	1103492.423973	1103493.097418	6.757163e-01	82	none	NaN	NaN
142	18	18	76	kitchen	sun_acwjdupvyjsugpay.tif	1103493.867066	1103494.125659	1103494.799152	6.840584e-01	66	none	NaN	NaN
142	18	19	93	kitchen	sun_ahspylgoovwmwvgk.tif	1103495.568756	1103495.827349	1103496.500792	7.758224e-01	83	37	1103497.199901	1
142	18	20	91	kitchen	sun_ahljzhgcdpomplvg.tif	1103497.971137	1103498.229730	1103498.903332	8.258754e-01	81	none	NaN	NaN
142	18	21	82	kitchen	sun_aenotlpyftoioydp.tif	1103499.672826	1103499.931415	1103500.604890	8.425598e-01	72	none	NaN	NaN
142	18	22	87	kitchen	sun_agorklincwxrdtga.tif	1103501.374517	1103501.633108	1103502.306633	7.341115e-01	77	none	NaN	NaN
142	18	23	62	kitchen	labelme_kxvouciolcpqplr.tif	1103503.076202	1103503.334788	1103504.008205	7.507958e-01	52	none	NaN	NaN
142	18	24	99	kitchen	sun_akcjzhbbjlbogpdi.tif	1103504.777888	1103505.036477	1103505.710043	7.925067e-01	89	none	NaN	NaN
142	18	25	103	kitchen	sun_aunzlwrbjumxhwdj.tif	1103506.479571	1103506.738166	1103507.411605	7.591380e-01	93	none	NaN	NaN
142	18	26	95	kitchen	sun_aixorpehvfykdynp.tif	1103508.181263	1103508.439851	1103509.113252	7.591380e-01	85	37	1103510.015858	1
142	18	27	100	kitchen	sun_amjjdeyrggfqgmom.tif	1103510.792189	1103511.050774	1103511.724308	8.008489e-01	90	none	NaN	NaN
142	18	28	71	kitchen	sun_abftihopvusyfakt.tif	1103512.493840	1103512.752465	1103513.425831	8.342176e-01	61	none	NaN	NaN
142	18	29	98	kitchen	sun_akchetnepxlcxhsu.tif	1103514.195552	1103514.454149	1103515.127712	8.258754e-01	88	39	1103515.816108	1
142	18	30	61	kitchen	labelme_brsyyvweiuaazfr.tif	1103516.589606	1103516.848190	1103517.521664	7.758224e-01	51	none	NaN	NaN
142	18	31	80	kitchen	sun_aegoxogugdkwpmpj.tif	1103518.291287	1103518.549877	1103519.223509	7.007428e-01	70	39	1103521.040178	1
142	18	32	67	kitchen	sun_aarfiyshqohlwkmo.tif	1103521.811450	1103522.070037	1103522.743650	7.174271e-01	57	37	1103523.359891	0
142	18	33	88	kitchen	sun_agubuxuukhzyzpdp.tif	1103524.130412	1103524.389003	1103525.062399	7.507958e-01	78	none	NaN	NaN
142	18	34	77	kitchen	sun_acxkpeoqbwcxfvip.tif	1103525.832096	1103526.090689	1103526.764127	8.509020e-01	67	none	NaN	NaN
142	18	35	102	kitchen	sun_auaiucuqpdausiva.tif	1103527.533783	1103527.792375	1103528.465833	8.342176e-01	92	none	NaN	NaN
142	18	36	81	kitchen	sun_aehawpgmrlhlvcow.tif	1103529.235475	1103529.494064	1103530.167680	6.673741e-01	71	none	NaN	NaN
142	18	37	97	kitchen	sun_ajkqhtgcbgpcwrwn.tif	1103530.937163	1103531.195754	1103531.869342	7.090850e-01	87	none	NaN	NaN
142	18	38	73	kitchen	sun_abrcnpqqhmjwekyf.tif	1103532.638846	1103532.897440	1103533.571031	6.506897e-01	63	none	NaN	NaN
142	18	39	66	kitchen	sun_aapllqyqlykszopd.tif	1103534.340533	1103534.599131	1103535.272539	6.840584e-01	56	none	NaN	NaN
142	18	40	83	kitchen	sun_aeqdocilnnpuvuhx.tif	1103536.033885	1103536.292474	1103536.965985	8.425598e-01	73	37	1103537.647895	1
142	18	41	90	kitchen	sun_ahdycvpopffkzzsu.tif	1103538.419582	1103538.678167	1103539.351772	6.590319e-01	80	none	NaN	NaN
142	18	42	84	kitchen	sun_aexklacwqwezaorf.tif	1103540.121265	1103540.379859	1103541.053373	7.424537e-01	74	none	NaN	NaN
142	18	43	94	kitchen	sun_ahywdevtimnqcsln.tif	1103541.822956	1103542.081541	1103542.755014	8.008489e-01	84	none	NaN	NaN
142	18	44	72	kitchen	sun_abpwyqmlzafvklqo.tif	1103543.524641	1103543.783235	1103544.456739	7.341115e-01	62	none	NaN	NaN
142	18	45	65	kitchen	sun_aamedkxepzlwuxes.tif	1103545.226329	1103545.484923	1103546.158446	7.507958e-01	55	none	NaN	NaN
142	18	46	78	kitchen	sun_adgqasybjyktddhj.tif	1103546.928024	1103547.186610	1103547.860236	6.506897e-01	68	none	NaN	NaN
142	18	47	63	kitchen	labelme_rykdqxenmhulbdn.tif	1103548.629708	1103548.888299	1103549.561818	8.258754e-01	53	none	NaN	NaN
142	18	48	86	kitchen	sun_aggjlwcdjsjcaemh.tif	1103550.331395	1103550.589982	1103551.263467	7.090850e-01	76	none	NaN	NaN
142	18	49	68	kitchen	sun_aaxxjlsuzvqlgylf.tif	1103552.033073	1103552.291671	1103552.965200	6.590319e-01	58	none	NaN	NaN
142	18	50	107	kitchen	sun_axyyrmzcupyhlivc.tif	1103553.734766	1103553.993361	1103554.666867	6.757163e-01	97	none	NaN	NaN
142	18	51	66	kitchen	sun_aapllqyqlykszopd.tif	1103555.436453	1103555.695041	1103556.368532	7.007428e-01	56	none	NaN	NaN
142	18	52	82	kitchen	sun_aenotlpyftoioydp.tif	1103557.138146	1103557.396731	1103558.070137	8.175332e-01	72	none	NaN	NaN
142	18	53	103	kitchen	sun_aunzlwrbjumxhwdj.tif	1103558.839828	1103559.098423	1103559.772034	7.090850e-01	93	none	NaN	NaN
142	18	54	95	kitchen	sun_aixorpehvfykdynp.tif	1103560.541511	1103560.800109	1103561.473609	6.924006e-01	85	37	1103561.935905	1
142	18	55	99	kitchen	sun_akcjzhbbjlbogpdi.tif	1103562.710331	1103562.968923	1103563.642392	6.673741e-01	89	none	NaN	NaN
142	18	56	86	kitchen	sun_aggjlwcdjsjcaemh.tif	1103564.412022	1103564.670610	1103565.344132	8.258754e-01	76	none	NaN	NaN
142	18	57	89	kitchen	sun_agzzivivdpnawacl.tif	1103566.113711	1103566.372300	1103567.045751	8.175332e-01	79	none	NaN	NaN
142	18	58	100	kitchen	sun_amjjdeyrggfqgmom.tif	1103567.815395	1103568.073989	1103568.747556	6.924006e-01	90	none	NaN	NaN
142	18	59	110	kitchen	sun_azmutvzbxypaceni.tif	1103569.517081	1103569.775677	1103570.449115	6.673741e-01	100	37	1103571.168000	1
142	18	60	105	kitchen	sun_avszsnwsbuqfgzbn.tif	1103571.944491	1103572.203084	1103572.876550	7.758224e-01	95	none	NaN	NaN
142	18	61	63	kitchen	labelme_rykdqxenmhulbdn.tif	1103573.646179	1103573.904764	1103574.578255	6.590319e-01	53	37	1103575.184182	1
142	18	62	104	kitchen	sun_auticobqsbwgoppi.tif	1103575.956807	1103576.215390	1103576.888787	6.506897e-01	94	none	NaN	NaN
142	18	63	78	kitchen	sun_adgqasybjyktddhj.tif	1103577.658491	1103577.917086	1103578.590581	7.257693e-01	68	none	NaN	NaN
142	18	64	70	kitchen	sun_abdxkyyxwfskuaqb.tif	1103579.360178	1103579.618769	1103580.292391	7.257693e-01	60	none	NaN	NaN
142	18	65	88	kitchen	sun_agubuxuukhzyzpdp.tif	1103581.061862	1103581.320458	1103581.993992	8.091911e-01	78	none	NaN	NaN
142	18	66	61	kitchen	labelme_brsyyvweiuaazfr.tif	1103582.763555	1103583.022145	1103583.695617	7.674802e-01	51	none	NaN	NaN
142	18	67	102	kitchen	sun_auaiucuqpdausiva.tif	1103584.465241	1103584.723833	1103585.397275	8.091911e-01	92	none	NaN	NaN
142	18	68	87	kitchen	sun_agorklincwxrdtga.tif	1103586.166928	1103586.425519	1103587.099048	7.925067e-01	77	none	NaN	NaN
142	18	69	101	kitchen	sun_aqeaevwwwjoqhzvl.tif	1103587.868614	1103588.127206	1103588.800615	7.674802e-01	91	none	NaN	NaN
142	18	70	97	kitchen	sun_ajkqhtgcbgpcwrwn.tif	1103589.570304	1103589.828894	1103590.502305	7.090850e-01	87	none	NaN	NaN
142	18	71	106	kitchen	sun_awcpdzzznmweyyhv.tif	1103591.271992	1103591.530576	1103592.204069	6.757163e-01	96	none	NaN	NaN
142	18	72	84	kitchen	sun_aexklacwqwezaorf.tif	1103592.973679	1103593.232273	1103593.905832	7.841645e-01	74	none	NaN	NaN
142	18	73	77	kitchen	sun_acxkpeoqbwcxfvip.tif	1103594.675366	1103594.933956	1103595.607384	7.257693e-01	67	none	NaN	NaN
142	18	74	98	kitchen	sun_akchetnepxlcxhsu.tif	1103596.377053	1103596.635645	1103597.309132	7.424537e-01	88	none	NaN	NaN
142	18	75	73	kitchen	sun_abrcnpqqhmjwekyf.tif	1103598.078737	1103598.337330	1103599.010888	8.175332e-01	63	none	NaN	NaN
142	18	76	85	kitchen	sun_afuyedyxivkhecmu.tif	1103599.780428	1103600.039016	1103600.712543	7.591380e-01	75	none	NaN	NaN
142	18	77	75	kitchen	sun_acgtpgfybqjmzeyw.tif	1103601.482110	1103601.740700	1103602.414281	7.174271e-01	65	none	NaN	NaN
142	18	78	69	kitchen	sun_abdenxonkemggwsq.tif	1103603.183800	1103603.442392	1103604.115866	7.424537e-01	59	none	NaN	NaN
142	18	79	91	kitchen	sun_ahljzhgcdpomplvg.tif	1103604.885489	1103605.144099	1103605.817637	7.341115e-01	81	39	1103606.672005	1
142	18	80	94	kitchen	sun_ahywdevtimnqcsln.tif	1103607.446362	1103607.704954	1103608.378534	7.925067e-01	84	none	NaN	NaN
142	18	81	81	kitchen	sun_aehawpgmrlhlvcow.tif	1103609.148054	1103609.406643	1103610.080168	6.757163e-01	71	none	NaN	NaN
142	18	82	71	kitchen	sun_abftihopvusyfakt.tif	1103610.849739	1103611.108324	1103611.781723	8.008489e-01	61	none	NaN	NaN
142	18	83	76	kitchen	sun_acwjdupvyjsugpay.tif	1103612.551416	1103612.809979	1103613.483563	7.591380e-01	66	none	NaN	NaN
142	18	84	68	kitchen	sun_aaxxjlsuzvqlgylf.tif	1103614.253112	1103614.511702	1103615.185106	7.841645e-01	58	none	NaN	NaN
142	18	85	80	kitchen	sun_aegoxogugdkwpmpj.tif	1103615.954799	1103616.213393	1103616.887537	7.424537e-01	70	none	NaN	NaN
142	18	86	108	kitchen	sun_aymvwlarqodbwuoc.tif	1103617.656486	1103617.915072	1103618.588637	7.007428e-01	98	none	NaN	NaN
142	18	87	72	kitchen	sun_abpwyqmlzafvklqo.tif	1103619.358174	1103619.616768	1103620.290397	6.924006e-01	62	37	1103621.015822	1
142	18	88	67	kitchen	sun_aarfiyshqohlwkmo.tif	1103621.793923	1103622.052515	1103622.726125	7.758224e-01	57	none	NaN	NaN
142	18	89	96	kitchen	sun_ajcbwwvdlsvjyzje.tif	1103623.495610	1103623.754195	1103624.427756	8.342176e-01	86	none	NaN	NaN
142	18	90	93	kitchen	sun_ahspylgoovwmwvgk.tif	1103625.197296	1103625.455886	1103626.129422	6.590319e-01	83	none	NaN	NaN
142	18	91	90	kitchen	sun_ahdycvpopffkzzsu.tif	1103626.898987	1103627.157575	1103627.831081	7.591380e-01	80	none	NaN	NaN
142	18	92	109	kitchen	sun_aypmqwcualkenuoe.tif	1103628.600674	1103628.859258	1103629.532768	8.091911e-01	99	none	NaN	NaN
142	18	93	62	kitchen	labelme_kxvouciolcpqplr.tif	1103630.302352	1103630.560945	1103631.234372	7.925067e-01	52	none	NaN	NaN
142	18	94	107	kitchen	sun_axyyrmzcupyhlivc.tif	1103632.004044	1103632.262639	1103632.936086	8.509020e-01	97	none	NaN	NaN
142	18	95	92	kitchen	sun_ahpczsiumwwocjkv.tif	1103633.705731	1103633.964324	1103634.637829	7.507958e-01	82	none	NaN	NaN
142	18	96	83	kitchen	sun_aeqdocilnnpuvuhx.tif	1103635.407422	1103635.666011	1103636.339498	7.841645e-01	73	none	NaN	NaN
142	18	97	64	kitchen	sun_aadbddgrdsjugojn.tif	1103637.109104	1103637.367699	1103638.041084	6.840584e-01	54	none	NaN	NaN
142	18	98	79	kitchen	sun_admlmbcdswaszruo.tif	1103638.810793	1103639.069386	1103639.742869	7.841645e-01	69	none	NaN	NaN
142	18	99	74	kitchen	sun_acfmftudsenhrfhy.tif	1103640.512484	1103640.771075	1103641.444699	8.258754e-01	64	37	1103642.055881	1
142	18	100	65	kitchen	sun_aamedkxepzlwuxes.tif	1103642.831450	1103643.090043	1103643.763659	8.091911e-01	55	none	NaN	NaN
142	19	1	53	bathroom	sun_ausgutylgojavyoq.tif	1103648.570478	1103648.829068	1103649.644378	6.840584e-01	43	39	1103650.400080	1
142	19	2	51	bathroom	sun_atstyziqcmkahyxk.tif	1103651.173057	1103651.431648	1103652.246875	8.342176e-01	41	none	NaN	NaN
142	19	3	48	bathroom	sun_aqrpegblszgcoujh.tif	1103653.016551	1103653.275140	1103654.090484	8.342176e-01	38	none	NaN	NaN
142	19	4	41	bathroom	sun_aoybiabnpadelefl.tif	1103654.860047	1103655.118636	1103655.933952	7.174271e-01	31	none	NaN	NaN
142	19	5	52	bathroom	sun_aunuadmjocsddsrl.tif	1103656.703543	1103656.962133	1103657.777547	7.674802e-01	42	none	NaN	NaN
142	19	6	16	bathroom	sun_acduarbnmmoglmiv.tif	1103658.547032	1103658.805617	1103659.621015	8.008489e-01	6	none	NaN	NaN
142	19	7	11	bathroom	labelme_sfxiulhjbhlyiyt.tif	1103660.390531	1103660.649118	1103661.464330	7.090850e-01	1	none	NaN	NaN
142	19	8	25	bathroom	sun_agyqfjcfkdcydepw.tif	1103662.234025	1103662.492611	1103663.308068	7.174271e-01	15	none	NaN	NaN
142	19	9	14	bathroom	sun_abapwbhyhkfixyex.tif	1103664.077511	1103664.336108	1103665.151407	7.674802e-01	4	none	NaN	NaN
142	19	10	27	bathroom	sun_ahcvzmoyaycdoftf.tif	1103665.921008	1103666.179601	1103666.995000	7.758224e-01	17	none	NaN	NaN
142	19	11	46	bathroom	sun_apmqjbnwghzuhhzh.tif	1103667.764508	1103668.023094	1103668.838463	7.341115e-01	36	none	NaN	NaN
142	19	12	56	bathroom	sun_awnqiikzaispgmwo.tif	1103669.608004	1103669.866596	1103670.681903	7.507958e-01	46	none	NaN	NaN
142	19	13	21	bathroom	sun_aggnnqpdorgxpvce.tif	1103671.451498	1103671.710089	1103672.525327	8.091911e-01	11	none	NaN	NaN
142	19	14	24	bathroom	sun_agrwbmhcpmfuwmsg.tif	1103673.294984	1103673.553579	1103674.368783	8.425598e-01	14	none	NaN	NaN
142	19	15	13	bathroom	sun_aavhrsfjbserjtht.tif	1103675.138484	1103675.397073	1103676.212340	6.924006e-01	3	none	NaN	NaN
142	19	16	37	bathroom	sun_amzlamotzwfkwjco.tif	1103676.981980	1103677.240568	1103678.055970	8.258754e-01	27	none	NaN	NaN
142	19	17	39	bathroom	sun_anryaplzeujmzfkd.tif	1103678.825470	1103679.084056	1103679.899491	7.174271e-01	29	none	NaN	NaN
142	19	18	15	bathroom	sun_abjtwfukuwddzted.tif	1103680.668973	1103680.927560	1103681.742775	8.175332e-01	5	none	NaN	NaN
142	19	19	45	bathroom	sun_apkxzenqapsujocq.tif	1103682.512458	1103682.771054	1103683.586483	8.258754e-01	35	37	1103683.984177	1
142	19	20	57	bathroom	sun_axldvoqbuvuggfmq.tif	1103684.756351	1103685.014946	1103685.830181	8.258754e-01	47	none	NaN	NaN
142	19	21	31	bathroom	sun_akiytfaagpdsphgz.tif	1103686.599849	1103686.858439	1103687.673726	8.342176e-01	21	none	NaN	NaN
142	19	22	29	bathroom	sun_ahqjwnzgolcaoidx.tif	1103688.443342	1103688.701937	1103689.517358	7.841645e-01	19	none	NaN	NaN
142	19	23	59	bathroom	sun_axyrejkiiaqiurjk.tif	1103690.286842	1103690.545427	1103691.360684	7.174271e-01	49	none	NaN	NaN
142	19	24	26	bathroom	sun_ahaulkltgpkeeemi.tif	1103692.130335	1103692.388926	1103693.204142	6.840584e-01	16	none	NaN	NaN
142	19	25	28	bathroom	sun_ahijqszoswveeyji.tif	1103693.973830	1103694.232422	1103695.047844	7.257693e-01	18	37	1103695.544162	1
142	19	26	47	bathroom	sun_apynckhmoftszqoq.tif	1103696.317819	1103696.576404	1103697.391620	7.257693e-01	37	none	NaN	NaN
142	19	27	23	bathroom	sun_aghyqhbptboemmoq.tif	1103698.161316	1103698.419904	1103699.235270	7.591380e-01	13	none	NaN	NaN
142	19	28	22	bathroom	sun_agguqiubmwhqqunb.tif	1103700.004810	1103700.263396	1103701.078733	6.673741e-01	12	none	NaN	NaN
142	19	29	43	bathroom	sun_apjevzvycyhuqghb.tif	1103701.848300	1103702.106894	1103702.922159	8.509020e-01	33	none	NaN	NaN
142	19	30	44	bathroom	sun_apkruvsevgegsdwp.tif	1103703.691799	1103703.950389	1103704.765778	7.591380e-01	34	none	NaN	NaN
142	19	31	55	bathroom	sun_avhrdrntsqrjzccq.tif	1103705.535290	1103705.793878	1103706.609238	8.425598e-01	45	none	NaN	NaN
142	19	32	34	bathroom	sun_alkosphxlxwjwgjd.tif	1103707.378787	1103707.637379	1103708.452717	7.841645e-01	24	37	1103708.944099	1
142	19	33	35	bathroom	sun_alotolagknyrgtsk.tif	1103709.714440	1103709.973029	1103710.788307	8.008489e-01	25	none	NaN	NaN
142	19	34	20	bathroom	sun_afcoljnjfoxjtgja.tif	1103711.557931	1103711.816522	1103712.631730	7.424537e-01	10	none	NaN	NaN
142	19	35	36	bathroom	sun_ambriybtogmepttm.tif	1103713.393090	1103713.651674	1103714.467091	7.925067e-01	26	none	NaN	NaN
142	19	36	17	bathroom	sun_acegryoqftbzowsg.tif	1103715.236579	1103715.495171	1103716.310550	7.007428e-01	7	none	NaN	NaN
142	19	37	30	bathroom	sun_ajlawzvmubibwbpy.tif	1103717.080075	1103717.338664	1103718.153987	7.841645e-01	20	none	NaN	NaN
142	19	38	42	bathroom	sun_apeeialkgkuxddgh.tif	1103718.923564	1103719.182156	1103719.997465	7.090850e-01	32	none	NaN	NaN
142	19	39	40	bathroom	sun_aofnryafpsjimzsb.tif	1103720.767065	1103721.025656	1103721.841264	7.424537e-01	30	none	NaN	NaN
142	19	40	50	bathroom	sun_aspsyogrekjtfozg.tif	1103722.610552	1103722.869148	1103723.684416	7.257693e-01	40	none	NaN	NaN
142	19	41	38	bathroom	sun_anhioqovhscjqqwb.tif	1103724.454054	1103724.712648	1103725.528018	7.007428e-01	28	none	NaN	NaN
142	19	42	12	bathroom	sun_aapitsgbtktqubfy.tif	1103726.297545	1103726.556137	1103727.371458	7.090850e-01	2	none	NaN	NaN
142	19	43	33	bathroom	sun_aljolscmmzydegqp.tif	1103728.141047	1103728.399633	1103729.215055	6.506897e-01	23	none	NaN	NaN
142	19	44	18	bathroom	sun_acgyywnybuveqsro.tif	1103729.984538	1103730.243125	1103731.058534	8.091911e-01	8	none	NaN	NaN
142	19	45	49	bathroom	sun_asfwthctfqerjvxr.tif	1103731.828034	1103732.086623	1103732.901950	6.673741e-01	39	none	NaN	NaN
142	19	46	58	bathroom	sun_axxbkopsgyouuebh.tif	1103733.671523	1103733.930121	1103734.745490	7.341115e-01	48	none	NaN	NaN
142	19	47	32	bathroom	sun_aleqenyvunhactkl.tif	1103735.515018	1103735.773610	1103736.588823	6.757163e-01	22	none	NaN	NaN
142	19	48	60	bathroom	sun_azqyogdvyhahyram.tif	1103737.350174	1103737.608763	1103738.424209	7.341115e-01	50	none	NaN	NaN
142	19	49	19	bathroom	sun_aclfzgynxzxlbepz.tif	1103739.193663	1103739.452257	1103740.267508	8.175332e-01	9	none	NaN	NaN
142	19	50	54	bathroom	sun_auzqhkafidnkrwmo.tif	1103741.037162	1103741.295756	1103742.110981	7.591380e-01	44	37	1103742.768305	1
142	19	51	20	bathroom	sun_afcoljnjfoxjtgja.tif	1103743.539643	1103743.798237	1103744.613644	7.591380e-01	10	none	NaN	NaN
142	19	52	45	bathroom	sun_apkxzenqapsujocq.tif	1103745.383140	1103745.641731	1103746.457019	8.342176e-01	35	39	1103747.080072	1
142	19	53	54	bathroom	sun_auzqhkafidnkrwmo.tif	1103747.852255	1103748.110844	1103748.926250	8.258754e-01	44	none	NaN	NaN
142	19	54	55	bathroom	sun_avhrdrntsqrjzccq.tif	1103749.695750	1103749.954338	1103750.769550	8.509020e-01	45	none	NaN	NaN
142	19	55	60	bathroom	sun_azqyogdvyhahyram.tif	1103751.539247	1103751.797835	1103752.613044	8.425598e-01	50	none	NaN	NaN
142	19	56	33	bathroom	sun_aljolscmmzydegqp.tif	1103753.382734	1103753.641329	1103754.456646	6.924006e-01	23	none	NaN	NaN
142	19	57	11	bathroom	labelme_sfxiulhjbhlyiyt.tif	1103755.226231	1103755.484818	1103756.300145	8.008489e-01	1	none	NaN	NaN
142	19	58	38	bathroom	sun_anhioqovhscjqqwb.tif	1103757.069728	1103757.328320	1103758.143759	7.674802e-01	28	none	NaN	NaN
142	19	59	29	bathroom	sun_ahqjwnzgolcaoidx.tif	1103758.913222	1103759.171811	1103759.987254	7.841645e-01	19	none	NaN	NaN
142	19	60	34	bathroom	sun_alkosphxlxwjwgjd.tif	1103760.756719	1103761.015306	1103761.830530	8.008489e-01	24	none	NaN	NaN
142	19	61	22	bathroom	sun_agguqiubmwhqqunb.tif	1103762.600207	1103762.858803	1103763.674165	7.424537e-01	12	none	NaN	NaN
142	19	62	56	bathroom	sun_awnqiikzaispgmwo.tif	1103764.443701	1103764.702292	1103765.517574	7.507958e-01	46	none	NaN	NaN
142	19	63	47	bathroom	sun_apynckhmoftszqoq.tif	1103766.287204	1103766.545791	1103767.361498	7.591380e-01	37	none	NaN	NaN
142	19	64	36	bathroom	sun_ambriybtogmepttm.tif	1103768.130699	1103768.389282	1103769.204593	7.257693e-01	26	39	1103770.088318	1
142	19	65	57	bathroom	sun_axldvoqbuvuggfmq.tif	1103770.866738	1103771.125334	1103771.940629	7.007428e-01	47	none	NaN	NaN
142	19	66	48	bathroom	sun_aqrpegblszgcoujh.tif	1103772.710238	1103772.968830	1103773.784037	7.758224e-01	38	none	NaN	NaN
142	19	67	50	bathroom	sun_aspsyogrekjtfozg.tif	1103774.553732	1103774.812321	1103775.627731	7.507958e-01	40	none	NaN	NaN
142	19	68	28	bathroom	sun_ahijqszoswveeyji.tif	1103776.397229	1103776.655821	1103777.471232	7.424537e-01	18	none	NaN	NaN
142	19	69	58	bathroom	sun_axxbkopsgyouuebh.tif	1103778.240721	1103778.499314	1103779.314712	7.507958e-01	48	none	NaN	NaN
142	19	70	40	bathroom	sun_aofnryafpsjimzsb.tif	1103780.084215	1103780.342804	1103781.158185	7.341115e-01	30	none	NaN	NaN
142	19	71	43	bathroom	sun_apjevzvycyhuqghb.tif	1103781.927710	1103782.186301	1103783.001569	6.673741e-01	33	none	NaN	NaN
142	19	72	53	bathroom	sun_ausgutylgojavyoq.tif	1103783.771205	1103784.029797	1103784.845087	7.007428e-01	43	none	NaN	NaN
142	19	73	30	bathroom	sun_ajlawzvmubibwbpy.tif	1103785.614698	1103785.873291	1103786.688662	7.674802e-01	20	none	NaN	NaN
142	19	74	32	bathroom	sun_aleqenyvunhactkl.tif	1103787.458195	1103787.716781	1103788.532153	6.590319e-01	22	39	1103789.416276	1
142	19	75	19	bathroom	sun_aclfzgynxzxlbepz.tif	1103790.194243	1103790.452829	1103791.268103	6.590319e-01	9	none	NaN	NaN
142	19	76	46	bathroom	sun_apmqjbnwghzuhhzh.tif	1103792.037736	1103792.296331	1103793.111742	6.840584e-01	36	none	NaN	NaN
142	19	77	18	bathroom	sun_acgyywnybuveqsro.tif	1103793.881227	1103794.139821	1103794.955092	7.758224e-01	8	none	NaN	NaN
142	19	78	27	bathroom	sun_ahcvzmoyaycdoftf.tif	1103795.724723	1103795.983318	1103796.798522	6.757163e-01	17	none	NaN	NaN
142	19	79	51	bathroom	sun_atstyziqcmkahyxk.tif	1103797.568219	1103797.826810	1103798.642081	8.425598e-01	41	none	NaN	NaN
142	19	80	41	bathroom	sun_aoybiabnpadelefl.tif	1103799.411708	1103799.670306	1103800.485870	7.925067e-01	31	none	NaN	NaN
142	19	81	16	bathroom	sun_acduarbnmmoglmiv.tif	1103801.255205	1103801.513803	1103802.329220	8.175332e-01	6	39	1103803.232276	1
142	19	82	42	bathroom	sun_apeeialkgkuxddgh.tif	1103804.007937	1103804.266528	1103805.081755	6.924006e-01	32	none	NaN	NaN
142	19	83	12	bathroom	sun_aapitsgbtktqubfy.tif	1103805.851437	1103806.110023	1103806.925336	6.506897e-01	2	none	NaN	NaN
142	19	84	23	bathroom	sun_aghyqhbptboemmoq.tif	1103807.694926	1103807.953517	1103808.768727	6.506897e-01	13	39	1103809.440304	1
142	19	85	49	bathroom	sun_asfwthctfqerjvxr.tif	1103810.214097	1103810.472680	1103811.288058	6.757163e-01	39	none	NaN	NaN
142	19	86	31	bathroom	sun_akiytfaagpdsphgz.tif	1103812.057590	1103812.316174	1103813.131638	7.925067e-01	21	none	NaN	NaN
142	19	87	26	bathroom	sun_ahaulkltgpkeeemi.tif	1103813.901078	1103814.159669	1103814.974923	7.758224e-01	16	none	NaN	NaN
142	19	88	59	bathroom	sun_axyrejkiiaqiurjk.tif	1103815.744573	1103816.003167	1103816.818534	8.091911e-01	49	none	NaN	NaN
142	19	89	21	bathroom	sun_aggnnqpdorgxpvce.tif	1103817.588069	1103817.846657	1103818.661985	6.924006e-01	11	37	1103820.136219	1
142	19	90	37	bathroom	sun_amzlamotzwfkwjco.tif	1103820.908029	1103821.166621	1103821.982004	6.840584e-01	27	37	1103822.936163	1
142	19	91	25	bathroom	sun_agyqfjcfkdcydepw.tif	1103823.710810	1103823.969399	1103824.784668	8.258754e-01	15	none	NaN	NaN
142	19	92	44	bathroom	sun_apkruvsevgegsdwp.tif	1103825.554304	1103825.812898	1103826.628296	6.924006e-01	34	37	1103827.912293	1
142	19	93	13	bathroom	sun_aavhrsfjbserjtht.tif	1103828.690748	1103828.949337	1103829.764565	8.175332e-01	3	none	NaN	NaN
142	19	94	14	bathroom	sun_abapwbhyhkfixyex.tif	1103830.534242	1103830.792833	1103831.608217	7.925067e-01	4	none	NaN	NaN
142	19	95	15	bathroom	sun_abjtwfukuwddzted.tif	1103832.377739	1103832.636329	1103833.451695	6.673741e-01	5	none	NaN	NaN
142	19	96	17	bathroom	sun_acegryoqftbzowsg.tif	1103834.221234	1103834.479817	1103835.295195	8.091911e-01	7	none	NaN	NaN
142	19	97	39	bathroom	sun_anryaplzeujmzfkd.tif	1103836.064728	1103836.323320	1103837.138555	7.090850e-01	29	39	1103837.920231	1
142	19	98	24	bathroom	sun_agrwbmhcpmfuwmsg.tif	1103838.692328	1103838.950924	1103839.766146	6.590319e-01	14	none	NaN	NaN
142	19	99	52	bathroom	sun_aunuadmjocsddsrl.tif	1103840.535827	1103840.794421	1103841.609696	6.590319e-01	42	39	1103842.232443	1
142	19	100	35	bathroom	sun_alotolagknyrgtsk.tif	1103843.004941	1103843.263533	1103844.078775	6.757163e-01	25	none	NaN	NaN
142	20	1	65	kitchen	sun_aamedkxepzlwuxes.tif	1103849.152710	1103849.411296	1103850.218177	7.257693e-01	55	none	NaN	NaN
142	20	2	76	kitchen	sun_acwjdupvyjsugpay.tif	1103850.987857	1103851.246451	1103852.053497	6.924006e-01	66	none	NaN	NaN
142	20	3	94	kitchen	sun_ahywdevtimnqcsln.tif	1103852.823010	1103853.081604	1103853.888693	8.425598e-01	84	none	NaN	NaN
142	20	4	77	kitchen	sun_acxkpeoqbwcxfvip.tif	1103854.658162	1103854.916720	1103855.723818	7.341115e-01	67	none	NaN	NaN
142	20	5	110	kitchen	sun_azmutvzbxypaceni.tif	1103856.493317	1103856.751907	1103857.558889	6.840584e-01	100	none	NaN	NaN
142	20	6	107	kitchen	sun_axyyrmzcupyhlivc.tif	1103858.328470	1103858.587065	1103859.394149	7.424537e-01	97	none	NaN	NaN
142	20	7	84	kitchen	sun_aexklacwqwezaorf.tif	1103860.163624	1103860.422215	1103861.229312	7.674802e-01	74	37	1103862.456388	1
142	20	8	70	kitchen	sun_abdxkyyxwfskuaqb.tif	1103863.233329	1103863.491921	1103864.298859	6.840584e-01	60	none	NaN	NaN
142	20	9	79	kitchen	sun_admlmbcdswaszruo.tif	1103865.068487	1103865.327078	1103866.134126	8.258754e-01	69	none	NaN	NaN
142	20	10	80	kitchen	sun_aegoxogugdkwpmpj.tif	1103866.903637	1103867.162232	1103867.969171	6.757163e-01	70	none	NaN	NaN
142	20	11	105	kitchen	sun_avszsnwsbuqfgzbn.tif	1103868.738790	1103868.997383	1103869.804463	8.175332e-01	95	none	NaN	NaN
142	20	12	99	kitchen	sun_akcjzhbbjlbogpdi.tif	1103870.573944	1103870.832537	1103871.639591	7.424537e-01	89	none	NaN	NaN
142	20	13	93	kitchen	sun_ahspylgoovwmwvgk.tif	1103872.409099	1103872.667688	1103873.474747	6.924006e-01	83	none	NaN	NaN
142	20	14	71	kitchen	sun_abftihopvusyfakt.tif	1103874.244254	1103874.502839	1103875.309810	6.757163e-01	61	39	1103876.344467	1
142	20	15	100	kitchen	sun_amjjdeyrggfqgmom.tif	1103877.122107	1103877.380695	1103878.187597	7.758224e-01	90	none	NaN	NaN
142	20	16	103	kitchen	sun_aunzlwrbjumxhwdj.tif	1103878.957256	1103879.215851	1103880.022723	7.257693e-01	93	37	1103880.616348	1
142	20	17	97	kitchen	sun_ajkqhtgcbgpcwrwn.tif	1103881.393006	1103881.651598	1103882.458692	7.925067e-01	87	none	NaN	NaN
142	20	18	67	kitchen	sun_aarfiyshqohlwkmo.tif	1103883.228158	1103883.486748	1103884.293789	7.507958e-01	57	37	1103884.880112	1
142	20	19	104	kitchen	sun_auticobqsbwgoppi.tif	1103885.655572	1103885.914153	1103886.721203	7.925067e-01	94	none	NaN	NaN
142	20	20	89	kitchen	sun_agzzivivdpnawacl.tif	1103887.490717	1103887.749311	1103888.556236	8.175332e-01	79	none	NaN	NaN
142	20	21	96	kitchen	sun_ajcbwwvdlsvjyzje.tif	1103889.325873	1103889.584463	1103890.391563	6.506897e-01	86	none	NaN	NaN
142	20	22	86	kitchen	sun_aggjlwcdjsjcaemh.tif	1103891.161022	1103891.419617	1103892.226555	6.840584e-01	76	none	NaN	NaN
142	20	23	90	kitchen	sun_ahdycvpopffkzzsu.tif	1103892.996167	1103893.254767	1103894.061712	6.673741e-01	80	37	1103894.872082	1
142	20	24	98	kitchen	sun_akchetnepxlcxhsu.tif	1103895.648808	1103895.907401	1103896.714487	6.590319e-01	88	none	NaN	NaN
142	20	25	68	kitchen	sun_aaxxjlsuzvqlgylf.tif	1103897.483965	1103897.742558	1103898.549559	7.591380e-01	58	none	NaN	NaN
142	20	26	102	kitchen	sun_auaiucuqpdausiva.tif	1103899.319115	1103899.577706	1103900.384760	7.174271e-01	92	none	NaN	NaN
142	20	27	83	kitchen	sun_aeqdocilnnpuvuhx.tif	1103901.154269	1103901.412859	1103902.219959	6.506897e-01	73	none	NaN	NaN
142	20	28	106	kitchen	sun_awcpdzzznmweyyhv.tif	1103902.989423	1103903.248007	1103904.055033	8.342176e-01	96	none	NaN	NaN
142	20	29	61	kitchen	labelme_brsyyvweiuaazfr.tif	1103904.824574	1103905.083163	1103905.890253	6.590319e-01	51	39	1103906.520151	1
142	20	30	108	kitchen	sun_aymvwlarqodbwuoc.tif	1103907.293693	1103907.552282	1103908.359155	7.674802e-01	98	none	NaN	NaN
142	20	31	101	kitchen	sun_aqeaevwwwjoqhzvl.tif	1103909.128841	1103909.387431	1103910.194376	6.673741e-01	91	none	NaN	NaN
142	20	32	87	kitchen	sun_agorklincwxrdtga.tif	1103910.963995	1103911.222582	1103912.029501	8.008489e-01	77	37	1103912.520264	1
142	20	33	92	kitchen	sun_ahpczsiumwwocjkv.tif	1103913.291305	1103913.549892	1103914.356972	6.673741e-01	82	none	NaN	NaN
142	20	34	69	kitchen	sun_abdenxonkemggwsq.tif	1103915.126461	1103915.385046	1103916.192158	6.590319e-01	59	none	NaN	NaN
142	20	35	91	kitchen	sun_ahljzhgcdpomplvg.tif	1103916.961615	1103917.220200	1103918.027267	7.090850e-01	81	none	NaN	NaN
142	20	36	66	kitchen	sun_aapllqyqlykszopd.tif	1103918.796760	1103919.055353	1103919.862407	8.091911e-01	56	none	NaN	NaN
142	20	37	72	kitchen	sun_abpwyqmlzafvklqo.tif	1103920.631919	1103920.890504	1103921.697437	7.090850e-01	62	none	NaN	NaN
142	20	38	78	kitchen	sun_adgqasybjyktddhj.tif	1103922.467069	1103922.725661	1103923.532544	6.924006e-01	68	none	NaN	NaN
142	20	39	85	kitchen	sun_afuyedyxivkhecmu.tif	1103924.302223	1103924.560813	1103925.368060	8.175332e-01	75	none	NaN	NaN
142	20	40	95	kitchen	sun_aixorpehvfykdynp.tif	1103926.137380	1103926.395968	1103927.203075	7.507958e-01	85	none	NaN	NaN
142	20	41	75	kitchen	sun_acgtpgfybqjmzeyw.tif	1103927.972530	1103928.231123	1103929.038102	7.507958e-01	65	none	NaN	NaN
142	20	42	73	kitchen	sun_abrcnpqqhmjwekyf.tif	1103929.807682	1103930.066271	1103930.873232	7.674802e-01	63	none	NaN	NaN
142	20	43	64	kitchen	sun_aadbddgrdsjugojn.tif	1103931.642836	1103931.901424	1103932.708520	7.674802e-01	54	none	NaN	NaN
142	20	44	109	kitchen	sun_aypmqwcualkenuoe.tif	1103933.477989	1103933.736578	1103934.543533	8.008489e-01	99	none	NaN	NaN
142	20	45	88	kitchen	sun_agubuxuukhzyzpdp.tif	1103935.313140	1103935.571734	1103936.378678	8.091911e-01	78	none	NaN	NaN
142	20	46	74	kitchen	sun_acfmftudsenhrfhy.tif	1103937.148299	1103937.406885	1103938.213782	8.425598e-01	64	none	NaN	NaN
142	20	47	81	kitchen	sun_aehawpgmrlhlvcow.tif	1103938.983446	1103939.242040	1103940.049077	7.841645e-01	71	none	NaN	NaN
142	20	48	63	kitchen	labelme_rykdqxenmhulbdn.tif	1103940.818594	1103941.077188	1103941.884078	7.007428e-01	53	none	NaN	NaN
142	20	49	62	kitchen	labelme_kxvouciolcpqplr.tif	1103942.653754	1103942.912347	1103943.719385	7.758224e-01	52	none	NaN	NaN
142	20	50	82	kitchen	sun_aenotlpyftoioydp.tif	1103944.488906	1103944.747499	1103945.554384	8.509020e-01	72	none	NaN	NaN
142	20	51	103	kitchen	sun_aunzlwrbjumxhwdj.tif	1103946.324057	1103946.582647	1103947.389611	7.257693e-01	93	none	NaN	NaN
142	20	52	72	kitchen	sun_abpwyqmlzafvklqo.tif	1103948.159158	1103948.417799	1103949.224653	8.008489e-01	62	none	NaN	NaN
142	20	53	91	kitchen	sun_ahljzhgcdpomplvg.tif	1103949.994363	1103950.252955	1103951.059972	7.841645e-01	81	none	NaN	NaN
142	20	54	80	kitchen	sun_aegoxogugdkwpmpj.tif	1103951.829514	1103952.088106	1103952.895088	8.258754e-01	70	none	NaN	NaN
142	20	55	99	kitchen	sun_akcjzhbbjlbogpdi.tif	1103953.664673	1103953.923262	1103954.730209	6.673741e-01	89	39	1103955.800426	1
142	20	56	100	kitchen	sun_amjjdeyrggfqgmom.tif	1103956.575885	1103956.834477	1103957.641390	7.758224e-01	90	none	NaN	NaN
142	20	57	104	kitchen	sun_auticobqsbwgoppi.tif	1103958.411045	1103958.669633	1103959.476720	7.591380e-01	94	none	NaN	NaN
142	20	58	96	kitchen	sun_ajcbwwvdlsvjyzje.tif	1103960.246198	1103960.504790	1103961.311771	7.591380e-01	86	none	NaN	NaN
142	20	59	94	kitchen	sun_ahywdevtimnqcsln.tif	1103962.081355	1103962.339934	1103963.146980	8.008489e-01	84	39	1103963.952511	1
142	20	60	89	kitchen	sun_agzzivivdpnawacl.tif	1103964.725636	1103964.984232	1103965.791232	7.090850e-01	79	37	1103966.744579	1
142	20	61	98	kitchen	sun_akchetnepxlcxhsu.tif	1103967.520080	1103967.778665	1103968.585690	8.258754e-01	88	none	NaN	NaN
142	20	62	78	kitchen	sun_adgqasybjyktddhj.tif	1103969.355229	1103969.613824	1103970.420725	6.757163e-01	68	none	NaN	NaN
142	20	63	93	kitchen	sun_ahspylgoovwmwvgk.tif	1103971.190383	1103971.448969	1103972.255979	7.090850e-01	83	none	NaN	NaN
142	20	64	95	kitchen	sun_aixorpehvfykdynp.tif	1103973.025538	1103973.284127	1103974.091073	8.258754e-01	85	none	NaN	NaN
142	20	65	85	kitchen	sun_afuyedyxivkhecmu.tif	1103974.860691	1103975.119276	1103975.926250	6.924006e-01	75	none	NaN	NaN
142	20	66	77	kitchen	sun_acxkpeoqbwcxfvip.tif	1103976.695842	1103976.954434	1103977.761463	7.174271e-01	67	none	NaN	NaN
142	20	67	62	kitchen	labelme_kxvouciolcpqplr.tif	1103978.530997	1103978.789584	1103979.596653	8.258754e-01	52	39	1103980.360866	1
142	20	68	110	kitchen	sun_azmutvzbxypaceni.tif	1103981.133580	1103981.392168	1103982.199253	7.591380e-01	100	none	NaN	NaN
142	20	69	69	kitchen	sun_abdenxonkemggwsq.tif	1103982.968732	1103983.227316	1103984.034229	7.341115e-01	59	none	NaN	NaN
142	20	70	76	kitchen	sun_acwjdupvyjsugpay.tif	1103984.803880	1103985.062470	1103985.869519	7.424537e-01	66	none	NaN	NaN
142	20	71	71	kitchen	sun_abftihopvusyfakt.tif	1103986.639039	1103986.897624	1103987.704568	7.507958e-01	61	none	NaN	NaN
142	20	72	70	kitchen	sun_abdxkyyxwfskuaqb.tif	1103988.474187	1103988.732783	1103989.539659	7.007428e-01	60	39	1103990.464473	0
142	20	73	106	kitchen	sun_awcpdzzznmweyyhv.tif	1103991.235263	1103991.493848	1103992.300837	8.091911e-01	96	none	NaN	NaN
142	20	74	87	kitchen	sun_agorklincwxrdtga.tif	1103993.070413	1103993.329007	1103994.136087	7.925067e-01	77	none	NaN	NaN
142	20	75	79	kitchen	sun_admlmbcdswaszruo.tif	1103994.905567	1103995.164161	1103995.971141	7.341115e-01	69	none	NaN	NaN
142	20	76	108	kitchen	sun_aymvwlarqodbwuoc.tif	1103996.740717	1103996.999305	1103997.806296	8.342176e-01	98	none	NaN	NaN
142	20	77	66	kitchen	sun_aapllqyqlykszopd.tif	1103998.575870	1103998.834467	1103999.641488	7.174271e-01	56	none	NaN	NaN
142	20	78	90	kitchen	sun_ahdycvpopffkzzsu.tif	1104000.411025	1104000.669617	1104001.476502	8.425598e-01	80	none	NaN	NaN
142	20	79	74	kitchen	sun_acfmftudsenhrfhy.tif	1104002.246179	1104002.504768	1104003.311866	6.840584e-01	64	none	NaN	NaN
142	20	80	81	kitchen	sun_aehawpgmrlhlvcow.tif	1104004.081337	1104004.339927	1104005.146886	6.506897e-01	71	none	NaN	NaN
142	20	81	68	kitchen	sun_aaxxjlsuzvqlgylf.tif	1104005.916481	1104006.175074	1104006.981991	8.425598e-01	58	none	NaN	NaN
142	20	82	88	kitchen	sun_agubuxuukhzyzpdp.tif	1104007.751641	1104008.010229	1104008.817100	6.590319e-01	78	none	NaN	NaN
142	20	83	67	kitchen	sun_aarfiyshqohlwkmo.tif	1104009.586784	1104009.845381	1104010.652395	7.257693e-01	57	none	NaN	NaN
142	20	84	92	kitchen	sun_ahpczsiumwwocjkv.tif	1104011.421948	1104011.680536	1104012.487620	7.841645e-01	82	none	NaN	NaN
142	20	85	86	kitchen	sun_aggjlwcdjsjcaemh.tif	1104013.257101	1104013.515690	1104014.322778	7.424537e-01	76	none	NaN	NaN
142	20	86	73	kitchen	sun_abrcnpqqhmjwekyf.tif	1104015.092252	1104015.350841	1104016.157803	7.758224e-01	63	39	1104016.712463	1
142	20	87	61	kitchen	labelme_brsyyvweiuaazfr.tif	1104017.486293	1104017.744880	1104018.551908	8.342176e-01	51	none	NaN	NaN
142	20	88	101	kitchen	sun_aqeaevwwwjoqhzvl.tif	1104019.321444	1104019.580035	1104020.386908	7.007428e-01	91	none	NaN	NaN
142	20	89	109	kitchen	sun_aypmqwcualkenuoe.tif	1104021.156595	1104021.415187	1104022.222062	8.342176e-01	99	none	NaN	NaN
142	20	90	75	kitchen	sun_acgtpgfybqjmzeyw.tif	1104022.991748	1104023.250340	1104024.057427	7.174271e-01	65	39	1104024.616283	1
142	20	91	63	kitchen	labelme_rykdqxenmhulbdn.tif	1104025.394128	1104025.652723	1104026.459764	8.091911e-01	53	none	NaN	NaN
142	20	92	65	kitchen	sun_aamedkxepzlwuxes.tif	1104027.229288	1104027.487878	1104028.294967	7.925067e-01	55	none	NaN	NaN
142	20	93	64	kitchen	sun_aadbddgrdsjugojn.tif	1104029.064441	1104029.323031	1104030.130124	7.841645e-01	54	none	NaN	NaN
142	20	94	102	kitchen	sun_auaiucuqpdausiva.tif	1104030.899592	1104031.158182	1104031.965132	6.757163e-01	92	none	NaN	NaN
142	20	95	84	kitchen	sun_aexklacwqwezaorf.tif	1104032.734750	1104032.993336	1104033.800350	7.591380e-01	74	none	NaN	NaN
142	20	96	105	kitchen	sun_avszsnwsbuqfgzbn.tif	1104034.569896	1104034.828487	1104035.635573	8.509020e-01	95	none	NaN	NaN
142	20	97	83	kitchen	sun_aeqdocilnnpuvuhx.tif	1104036.405050	1104036.663646	1104037.470645	7.007428e-01	73	none	NaN	NaN
142	20	98	97	kitchen	sun_ajkqhtgcbgpcwrwn.tif	1104038.240202	1104038.498793	1104039.305758	8.175332e-01	87	none	NaN	NaN
142	20	99	107	kitchen	sun_axyyrmzcupyhlivc.tif	1104040.075355	1104040.333947	1104041.141016	7.341115e-01	97	none	NaN	NaN
142	20	100	82	kitchen	sun_aenotlpyftoioydp.tif	1104041.910508	1104042.169104	1104042.976169	6.924006e-01	72	39	1104043.544547	0
